Info,Version=1.0.0,Template=fx_category_template_EBAY_US,,,,,,,,,,,,,,,,,,,,,,,,,,,,,,,,,,,,,,,,,,,,,,,,,,,,,,,,,,,,,,,,,,,,,,,,,,,,,,,,,
*Action(SiteID=US|Country=US|Currency=USD|Version=1193|CC=UTF-8),CustomLabel,*Category,StoreCategory,*Title,Subtitle,Relationship,*ConditionID,*C:Graded,*C:Sport,*C:Player/Athlete,*C:Parallel/Variety,*C:Manufacturer,C:Season,*C:Features,*C:Set,CD:Grade - (ID: 27502),*C:League,CD:Professional Grader - (ID: 27501),*C:Team,*C:Autographed,CD:Card Condition - (ID: 40001),*C:Card Name,*C:Card Number,CDA:Certification Number - (ID: 27503),*C:Type,C:Signed By,C:Autograph Authentication,C:Year Manufactured,C:Card Size,C:Country/Region of Manufacturer,C:Material,C:Autograph Format,C:Vintage,C:Original/Licensed Reprint,C:Event/Tournament,C:Language,C:Autograph Authentication Number,C:Bundle Description,C:California Prop 65 Warning,C:Card Thickness,C:Custom Bundle,C:Insert Set,C:Print Run,PicURL,GalleryType,*Description,*Format,*Duration,*StartPrice,BuyItNowPrice,*Quantity,PayPalAccepted,PayPalEmailAddress,ImmediatePayRequired,PaymentInstructions,*Location,PostalCode,ShippingType,ShippingService-1:Option,ShippingService-1:FreeShipping,ShippingService-1:Cost,ShippingService-1:AdditionalCost,ShippingService-2:Option,ShippingService-2:Cost,*DispatchTimeMax,PromotionalShippingDiscount,ShippingDiscountProfileID,*ReturnsAcceptedOption,ReturnsWithinOption,RefundOption,ShippingCostPaidByOption,AdditionalDetails,ShippingProfileName,ReturnProfileName,PaymentProfileName,TakeBackPolicyID,ProductCompliancePolicyID,ScheduleTime,BestOfferEnabled,MinimumBestOfferPrice,BestOfferAutoAcceptPrice,*C:Rookie,*C:Memorabilia
Add,CDP-388FFD0,261328,0,2025 Bowman - Bowman SCOUTS Top 100 Marcelo Mayer #BTP-4 (RC) Rookie,,,4000,No,BASEBALL,,,,,,,,MLB,,,No,Excellent,,,,Sports Trading Card,,,,,,,,,,,,,,,,,,,,,"<div style=""background:#FDFEFE;border:1px solid #CBD4C2;color:#353535;padding:40px;line-height:1.6;font-family:Arial,sans-serif;font-size:16px;""><h1 style=""text-align:center;"">2025 Bowman - Bowman SCOUTS Top 100 Marcelo Mayer #BTP-4 (RC) Rookie</h1><table style=""width:100%;margin-top:30px;border-spacing:0;""><tr><th align=""left"">Payment</th><td>Payment is due within 4 days. Unpaid items may be canceled and relisted.</td></tr><tr><th align=""left"">Shipping</th><td>Items ship via eBay Standard Envelope. Combined shipping may apply. Usually ships within 1 business day.</td></tr><tr><th align=""left"">Disclaimer</th><td>All cards are sold as-is. Review item condition and images. No refunds or returns. Contact us before leaving negative feedback.</td></tr></table></div>",FixedPrice,GTC,1.49,,1,,ImmediatePayRequired,,United States,,Flat,USPSFirstClass,1,0.0,,,1,,,ReturnsNotAccepted,,,,,,,,,,,,,Yes,No,,,
Add,CDP-B676C2C,261328,0,2025 Bowman Chrome RECE HINDS #RR-8 (RC) Rockstar Rookies,,,4000,No,BASEBALL,,,,,,,,MLB,,,No,Excellent,,,,Sports Trading Card,,,,,,,,,,,,,,,,,,,,,"<div style=""background:#FDFEFE;border:1px solid #CBD4C2;color:#353535;padding:40px;line-height:1.6;font-family:Arial,sans-serif;font-size:16px;""><h1 style=""text-align:center;"">2025 Bowman Chrome RECE HINDS #RR-8 (RC) Rockstar Rookies</h1><table style=""width:100%;margin-top:30px;border-spacing:0;""><tr><th align=""left"">Payment</th><td>Payment is due within 4 days. Unpaid items may be canceled and relisted.</td></tr><tr><th align=""left"">Shipping</th><td>Items ship via eBay Standard Envelope. Combined shipping may apply. Usually ships within 1 business day.</td></tr><tr><th align=""left"">Disclaimer</th><td>All cards are sold as-is. Review item condition and images. No refunds or returns. Contact us before leaving negative feedback.</td></tr></table></div>",FixedPrice,GTC,2.49,,1,,ImmediatePayRequired,,United States,,Flat,USPSFirstClass,1,0.0,,,1,,,ReturnsNotAccepted,,,,,,,,,,,,,Yes,No,,,
Add,CDP-E37E4FD,261328,0,2025 Bowman 1st Chrome JHONAYKER UGARTE #BCP-123 (RC) Royals Rookie,,,4000,No,BASEBALL,,,,,,,,MLB,,,No,Excellent,,,,Sports Trading Card,,,,,,,,,,,,,,,,,,,,,"<div style=""background:#FDFEFE;border:1px solid #CBD4C2;color:#353535;padding:40px;line-height:1.6;font-family:Arial,sans-serif;font-size:16px;""><h1 style=""text-align:center;"">2025 Bowman 1st Chrome JHONAYKER UGARTE #BCP-123 (RC) Royals Rookie</h1><table style=""width:100%;margin-top:30px;border-spacing:0;""><tr><th align=""left"">Payment</th><td>Payment is due within 4 days. Unpaid items may be canceled and relisted.</td></tr><tr><th align=""left"">Shipping</th><td>Items ship via eBay Standard Envelope. Combined shipping may apply. Usually ships within 1 business day.</td></tr><tr><th align=""left"">Disclaimer</th><td>All cards are sold as-is. Review item condition and images. No refunds or returns. Contact us before leaving negative feedback.</td></tr></table></div>",FixedPrice,GTC,2.99,,1,,ImmediatePayRequired,,United States,,Flat,USPSFirstClass,1,0.0,,,1,,,ReturnsNotAccepted,,,,,,,,,,,,,Yes,No,,,
Add,CDP-067FF8D,261328,0,2025 Bowman Chrome KUMAR ROCKER ROY-5 TEXAS RANGERS,,,4000,No,BASEBALL,,,,,,,,MLB,,,No,Excellent,,,,Sports Trading Card,,,,,,,,,,,,,,,,,,,,,"<div style=""background:#FDFEFE;border:1px solid #CBD4C2;color:#353535;padding:40px;line-height:1.6;font-family:Arial,sans-serif;font-size:16px;""><h1 style=""text-align:center;"">2025 Bowman Chrome KUMAR ROCKER ROY-5 TEXAS RANGERS</h1><table style=""width:100%;margin-top:30px;border-spacing:0;""><tr><th align=""left"">Payment</th><td>Payment is due within 4 days. Unpaid items may be canceled and relisted.</td></tr><tr><th align=""left"">Shipping</th><td>Items ship via eBay Standard Envelope. Combined shipping may apply. Usually ships within 1 business day.</td></tr><tr><th align=""left"">Disclaimer</th><td>All cards are sold as-is. Review item condition and images. No refunds or returns. Contact us before leaving negative feedback.</td></tr></table></div>",FixedPrice,GTC,2.49,,1,,ImmediatePayRequired,,United States,,Flat,USPSFirstClass,1,0.0,,,1,,,ReturnsNotAccepted,,,,,,,,,,,,,No,No,,,
Add,CDP-E74F701,261328,0,2025 Topps Heritage Baseball #92 Bobby Witt Jr. 👑Kansas City Royals👑,,,4000,No,BASEBALL,,,,,,,,MLB,,,No,Excellent,,,,Sports Trading Card,,,,,,,,,,,,,,,,,,,,,"<div style=""background:#FDFEFE;border:1px solid #CBD4C2;color:#353535;padding:40px;line-height:1.6;font-family:Arial,sans-serif;font-size:16px;""><h1 style=""text-align:center;"">2025 Topps Heritage Baseball #92 Bobby Witt Jr. 👑Kansas City Royals👑</h1><table style=""width:100%;margin-top:30px;border-spacing:0;""><tr><th align=""left"">Payment</th><td>Payment is due within 4 days. Unpaid items may be canceled and relisted.</td></tr><tr><th align=""left"">Shipping</th><td>Items ship via eBay Standard Envelope. Combined shipping may apply. Usually ships within 1 business day.</td></tr><tr><th align=""left"">Disclaimer</th><td>All cards are sold as-is. Review item condition and images. No refunds or returns. Contact us before leaving negative feedback.</td></tr></table></div>",FixedPrice,GTC,1.99,,1,,ImmediatePayRequired,,United States,,Flat,USPSFirstClass,1,0.0,,,1,,,ReturnsNotAccepted,,,,,,,,,,,,,No,No,,,
Add,CDP-4895D6C,261328,0,2025 Bowman CONNOR NORBY #46 (RC) Marlins Rookie,,,4000,No,BASEBALL,,,,,,,,MLB,,,No,Excellent,,,,Sports Trading Card,,,,,,,,,,,,,,,,,,,,,"<div style=""background:#FDFEFE;border:1px solid #CBD4C2;color:#353535;padding:40px;line-height:1.6;font-family:Arial,sans-serif;font-size:16px;""><h1 style=""text-align:center;"">2025 Bowman CONNOR NORBY #46 (RC) Marlins Rookie</h1><table style=""width:100%;margin-top:30px;border-spacing:0;""><tr><th align=""left"">Payment</th><td>Payment is due within 4 days. Unpaid items may be canceled and relisted.</td></tr><tr><th align=""left"">Shipping</th><td>Items ship via eBay Standard Envelope. Combined shipping may apply. Usually ships within 1 business day.</td></tr><tr><th align=""left"">Disclaimer</th><td>All cards are sold as-is. Review item condition and images. No refunds or returns. Contact us before leaving negative feedback.</td></tr></table></div>",FixedPrice,GTC,2.49,,1,,ImmediatePayRequired,,United States,,Flat,USPSFirstClass,1,0.0,,,1,,,ReturnsNotAccepted,,,,,,,,,,,,,Yes,No,,,
Add,CDP-B954CB1,261328,0,2025 Topps Series 1 RONALD ACUÑA JR. #TG-16 Training Grounds Braves,,,4000,No,BASEBALL,,,,,,,,MLB,,,No,Excellent,,,,Sports Trading Card,,,,,,,,,,,,,,,,,,,,,"<div style=""background:#FDFEFE;border:1px solid #CBD4C2;color:#353535;padding:40px;line-height:1.6;font-family:Arial,sans-serif;font-size:16px;""><h1 style=""text-align:center;"">2025 Topps Series 1 RONALD ACUÑA JR. #TG-16 Training Grounds Braves</h1><table style=""width:100%;margin-top:30px;border-spacing:0;""><tr><th align=""left"">Payment</th><td>Payment is due within 4 days. Unpaid items may be canceled and relisted.</td></tr><tr><th align=""left"">Shipping</th><td>Items ship via eBay Standard Envelope. Combined shipping may apply. Usually ships within 1 business day.</td></tr><tr><th align=""left"">Disclaimer</th><td>All cards are sold as-is. Review item condition and images. No refunds or returns. Contact us before leaving negative feedback.</td></tr></table></div>",FixedPrice,GTC,1.49,,1,,ImmediatePayRequired,,United States,,Flat,USPSFirstClass,1,0.0,,,1,,,ReturnsNotAccepted,,,,,,,,,,,,,No,No,,,
Add,CDP-4C8AF73,261328,0,2025 Topps 2024's GREATEST HITS #GH-27 Wyatt Langford Texas Rangers,,,4000,No,BASEBALL,,,,,,,,MLB,,,No,Excellent,,,,Sports Trading Card,,,,,,,,,,,,,,,,,,,,,"<div style=""background:#FDFEFE;border:1px solid #CBD4C2;color:#353535;padding:40px;line-height:1.6;font-family:Arial,sans-serif;font-size:16px;""><h1 style=""text-align:center;"">2025 Topps 2024's GREATEST HITS #GH-27 Wyatt Langford Texas Rangers</h1><table style=""width:100%;margin-top:30px;border-spacing:0;""><tr><th align=""left"">Payment</th><td>Payment is due within 4 days. Unpaid items may be canceled and relisted.</td></tr><tr><th align=""left"">Shipping</th><td>Items ship via eBay Standard Envelope. Combined shipping may apply. Usually ships within 1 business day.</td></tr><tr><th align=""left"">Disclaimer</th><td>All cards are sold as-is. Review item condition and images. No refunds or returns. Contact us before leaving negative feedback.</td></tr></table></div>",FixedPrice,GTC,1.99,,1,,ImmediatePayRequired,,United States,,Flat,USPSFirstClass,1,0.0,,,1,,,ReturnsNotAccepted,,,,,,,,,,,,,No,No,,,
Add,CDP-2EE740C,261328,0,2025 Topps Series 1 MOOKIE BETTS 1990 Topps Baseball #T90-60 Dodgers,,,4000,No,BASEBALL,,,,,,,,MLB,,,No,Excellent,,,,Sports Trading Card,,,,,,,,,,,,,,,,,,,,,"<div style=""background:#FDFEFE;border:1px solid #CBD4C2;color:#353535;padding:40px;line-height:1.6;font-family:Arial,sans-serif;font-size:16px;""><h1 style=""text-align:center;"">2025 Topps Series 1 MOOKIE BETTS 1990 Topps Baseball #T90-60 Dodgers</h1><table style=""width:100%;margin-top:30px;border-spacing:0;""><tr><th align=""left"">Payment</th><td>Payment is due within 4 days. Unpaid items may be canceled and relisted.</td></tr><tr><th align=""left"">Shipping</th><td>Items ship via eBay Standard Envelope. Combined shipping may apply. Usually ships within 1 business day.</td></tr><tr><th align=""left"">Disclaimer</th><td>All cards are sold as-is. Review item condition and images. No refunds or returns. Contact us before leaving negative feedback.</td></tr></table></div>",FixedPrice,GTC,2.49,,1,,ImmediatePayRequired,,United States,,Flat,USPSFirstClass,1,0.0,,,1,,,ReturnsNotAccepted,,,,,,,,,,,,,No,No,,,
Add,CDP-E406302,261328,0,2025 Bowman LUISANGEL ACUNA #83 (RC) Mets Rookie,,,4000,No,BASEBALL,,,,,,,,MLB,,,No,Excellent,,,,Sports Trading Card,,,,,,,,,,,,,,,,,,,,,"<div style=""background:#FDFEFE;border:1px solid #CBD4C2;color:#353535;padding:40px;line-height:1.6;font-family:Arial,sans-serif;font-size:16px;""><h1 style=""text-align:center;"">2025 Bowman LUISANGEL ACUNA #83 (RC) Mets Rookie</h1><table style=""width:100%;margin-top:30px;border-spacing:0;""><tr><th align=""left"">Payment</th><td>Payment is due within 4 days. Unpaid items may be canceled and relisted.</td></tr><tr><th align=""left"">Shipping</th><td>Items ship via eBay Standard Envelope. Combined shipping may apply. Usually ships within 1 business day.</td></tr><tr><th align=""left"">Disclaimer</th><td>All cards are sold as-is. Review item condition and images. No refunds or returns. Contact us before leaving negative feedback.</td></tr></table></div>",FixedPrice,GTC,2.99,,1,,ImmediatePayRequired,,United States,,Flat,USPSFirstClass,1,0.0,,,1,,,ReturnsNotAccepted,,,,,,,,,,,,,Yes,No,,,
Add,CDP-BCA0188,261328,0,2025 Topps Heritage GAVIN SHEETS #464 SP High Number White Sox,,,4000,No,BASEBALL,,,,,,,,MLB,,,No,Excellent,,,,Sports Trading Card,,,,,,,,,,,,,,,,,,,,,"<div style=""background:#FDFEFE;border:1px solid #CBD4C2;color:#353535;padding:40px;line-height:1.6;font-family:Arial,sans-serif;font-size:16px;""><h1 style=""text-align:center;"">2025 Topps Heritage GAVIN SHEETS #464 SP High Number White Sox</h1><table style=""width:100%;margin-top:30px;border-spacing:0;""><tr><th align=""left"">Payment</th><td>Payment is due within 4 days. Unpaid items may be canceled and relisted.</td></tr><tr><th align=""left"">Shipping</th><td>Items ship via eBay Standard Envelope. Combined shipping may apply. Usually ships within 1 business day.</td></tr><tr><th align=""left"">Disclaimer</th><td>All cards are sold as-is. Review item condition and images. No refunds or returns. Contact us before leaving negative feedback.</td></tr></table></div>",FixedPrice,GTC,2.99,,1,,ImmediatePayRequired,,United States,,Flat,USPSFirstClass,1,0.0,,,1,,,ReturnsNotAccepted,,,,,,,,,,,,,No,No,,,
Add,CDP-5A832E6,261328,0,2025 Topps Heritage SHOTA IMANAGA #399 Cubs Trophy Topps All Star Rookie RC,,,4000,No,BASEBALL,,,,,,,,MLB,,,No,Excellent,,,,Sports Trading Card,,,,,,,,,,,,,,,,,,,,,"<div style=""background:#FDFEFE;border:1px solid #CBD4C2;color:#353535;padding:40px;line-height:1.6;font-family:Arial,sans-serif;font-size:16px;""><h1 style=""text-align:center;"">2025 Topps Heritage SHOTA IMANAGA #399 Cubs Trophy Topps All Star Rookie RC</h1><table style=""width:100%;margin-top:30px;border-spacing:0;""><tr><th align=""left"">Payment</th><td>Payment is due within 4 days. Unpaid items may be canceled and relisted.</td></tr><tr><th align=""left"">Shipping</th><td>Items ship via eBay Standard Envelope. Combined shipping may apply. Usually ships within 1 business day.</td></tr><tr><th align=""left"">Disclaimer</th><td>All cards are sold as-is. Review item condition and images. No refunds or returns. Contact us before leaving negative feedback.</td></tr></table></div>",FixedPrice,GTC,2.49,,1,,ImmediatePayRequired,,United States,,Flat,USPSFirstClass,1,0.0,,,1,,,ReturnsNotAccepted,,,,,,,,,,,,,Yes,No,,,
Add,CDP-873C3B7,261328,0,2025 Topps Hobby RIP NIGHT DYLAN CREWS #7 (RC) Nationals Rookie,,,4000,No,BASEBALL,,,,,,,,MLB,,,No,Excellent,,,,Sports Trading Card,,,,,,,,,,,,,,,,,,,,,"<div style=""background:#FDFEFE;border:1px solid #CBD4C2;color:#353535;padding:40px;line-height:1.6;font-family:Arial,sans-serif;font-size:16px;""><h1 style=""text-align:center;"">2025 Topps Hobby RIP NIGHT DYLAN CREWS #7 (RC) Nationals Rookie</h1><table style=""width:100%;margin-top:30px;border-spacing:0;""><tr><th align=""left"">Payment</th><td>Payment is due within 4 days. Unpaid items may be canceled and relisted.</td></tr><tr><th align=""left"">Shipping</th><td>Items ship via eBay Standard Envelope. Combined shipping may apply. Usually ships within 1 business day.</td></tr><tr><th align=""left"">Disclaimer</th><td>All cards are sold as-is. Review item condition and images. No refunds or returns. Contact us before leaving negative feedback.</td></tr></table></div>",FixedPrice,GTC,2.99,,1,,ImmediatePayRequired,,United States,,Flat,USPSFirstClass,1,0.0,,,1,,,ReturnsNotAccepted,,,,,,,,,,,,,Yes,No,,,
Add,BB-1088,261328,0,2025 Bowman DYLAN CREWS #42 (RC) Nationals Rookie,,,4000,No,BASEBALL,,,,,,,,MLB,,,No,Excellent,,,,Sports Trading Card,,,,,,,,,,,,,,,,,,,,,"<div style=""background:#FDFEFE;border:1px solid #CBD4C2;color:#353535;padding:40px;line-height:1.6;font-family:Arial,sans-serif;font-size:16px;""><h1 style=""text-align:center;"">2025 Bowman DYLAN CREWS #42 (RC) Nationals Rookie</h1><table style=""width:100%;margin-top:30px;border-spacing:0;""><tr><th align=""left"">Payment</th><td>Payment is due within 4 days. Unpaid items may be canceled and relisted.</td></tr><tr><th align=""left"">Shipping</th><td>Items ship via eBay Standard Envelope. Combined shipping may apply. Usually ships within 1 business day.</td></tr><tr><th align=""left"">Disclaimer</th><td>All cards are sold as-is. Review item condition and images. No refunds or returns. Contact us before leaving negative feedback.</td></tr></table></div>",FixedPrice,GTC,2.99,,1,,ImmediatePayRequired,,United States,,Flat,USPSFirstClass,1,0.0,,,1,,,ReturnsNotAccepted,,,,,,,,,,,,,Yes,No,,,
Add,CDP-0C468E9,261328,0,2025 Bowman Chrome 1st JESUS LOPEZ #BCP-88 (RC) Texas Rangers Rookie,,,4000,No,BASEBALL,,,,,,,,MLB,,,No,Excellent,,,,Sports Trading Card,,,,,,,,,,,,,,,,,,,,,"<div style=""background:#FDFEFE;border:1px solid #CBD4C2;color:#353535;padding:40px;line-height:1.6;font-family:Arial,sans-serif;font-size:16px;""><h1 style=""text-align:center;"">2025 Bowman Chrome 1st JESUS LOPEZ #BCP-88 (RC) Texas Rangers Rookie</h1><table style=""width:100%;margin-top:30px;border-spacing:0;""><tr><th align=""left"">Payment</th><td>Payment is due within 4 days. Unpaid items may be canceled and relisted.</td></tr><tr><th align=""left"">Shipping</th><td>Items ship via eBay Standard Envelope. Combined shipping may apply. Usually ships within 1 business day.</td></tr><tr><th align=""left"">Disclaimer</th><td>All cards are sold as-is. Review item condition and images. No refunds or returns. Contact us before leaving negative feedback.</td></tr></table></div>",FixedPrice,GTC,2.49,,1,,ImmediatePayRequired,,United States,,Flat,USPSFirstClass,1,0.0,,,1,,,ReturnsNotAccepted,,,,,,,,,,,,,Yes,No,,,
Add,CDP-0DF639F,261328,0,2025 Bowman - ROKI SASAKI #12 (RC) Dodgers Rookie,,,4000,No,BASEBALL,,,,,,,,MLB,,,No,Excellent,,,,Sports Trading Card,,,,,,,,,,,,,,,,,,,,,"<div style=""background:#FDFEFE;border:1px solid #CBD4C2;color:#353535;padding:40px;line-height:1.6;font-family:Arial,sans-serif;font-size:16px;""><h1 style=""text-align:center;"">2025 Bowman - ROKI SASAKI #12 (RC) Dodgers Rookie</h1><table style=""width:100%;margin-top:30px;border-spacing:0;""><tr><th align=""left"">Payment</th><td>Payment is due within 4 days. Unpaid items may be canceled and relisted.</td></tr><tr><th align=""left"">Shipping</th><td>Items ship via eBay Standard Envelope. Combined shipping may apply. Usually ships within 1 business day.</td></tr><tr><th align=""left"">Disclaimer</th><td>All cards are sold as-is. Review item condition and images. No refunds or returns. Contact us before leaving negative feedback.</td></tr></table></div>",FixedPrice,GTC,2.49,,1,,ImmediatePayRequired,,United States,,Flat,USPSFirstClass,1,0.0,,,1,,,ReturnsNotAccepted,,,,,,,,,,,,,Yes,No,,,
Add,CDP-FA1C711,261328,0,TREY BENSON 2024 Topps Chrome Youthquake Insert Rookie Card #Y23 Cardinals RC,,,4000,No,BASEBALL,,,,,,,,MLB,,,No,Excellent,,,,Sports Trading Card,,,,,,,,,,,,,,,,,,,,,"<div style=""background:#FDFEFE;border:1px solid #CBD4C2;color:#353535;padding:40px;line-height:1.6;font-family:Arial,sans-serif;font-size:16px;""><h1 style=""text-align:center;"">TREY BENSON 2024 Topps Chrome Youthquake Insert Rookie Card #Y23 Cardinals RC</h1><table style=""width:100%;margin-top:30px;border-spacing:0;""><tr><th align=""left"">Payment</th><td>Payment is due within 4 days. Unpaid items may be canceled and relisted.</td></tr><tr><th align=""left"">Shipping</th><td>Items ship via eBay Standard Envelope. Combined shipping may apply. Usually ships within 1 business day.</td></tr><tr><th align=""left"">Disclaimer</th><td>All cards are sold as-is. Review item condition and images. No refunds or returns. Contact us before leaving negative feedback.</td></tr></table></div>",FixedPrice,GTC,2.99,,1,,ImmediatePayRequired,,United States,,Flat,USPSFirstClass,1,0.0,,,1,,,ReturnsNotAccepted,,,,,,,,,,,,,Yes,No,,,
Add,CDP-6EFF6D8,261328,0,2025 Topps Heritage KRIS BRYANT #20 Chrome Rockies,,,4000,No,BASEBALL,,,,,,,,MLB,,,No,Excellent,,,,Sports Trading Card,,,,,,,,,,,,,,,,,,,,,"<div style=""background:#FDFEFE;border:1px solid #CBD4C2;color:#353535;padding:40px;line-height:1.6;font-family:Arial,sans-serif;font-size:16px;""><h1 style=""text-align:center;"">2025 Topps Heritage KRIS BRYANT #20 Chrome Rockies</h1><table style=""width:100%;margin-top:30px;border-spacing:0;""><tr><th align=""left"">Payment</th><td>Payment is due within 4 days. Unpaid items may be canceled and relisted.</td></tr><tr><th align=""left"">Shipping</th><td>Items ship via eBay Standard Envelope. Combined shipping may apply. Usually ships within 1 business day.</td></tr><tr><th align=""left"">Disclaimer</th><td>All cards are sold as-is. Review item condition and images. No refunds or returns. Contact us before leaving negative feedback.</td></tr></table></div>",FixedPrice,GTC,2.99,,1,,ImmediatePayRequired,,United States,,Flat,USPSFirstClass,1,0.0,,,1,,,ReturnsNotAccepted,,,,,,,,,,,,,No,No,,,
Add,CDP-45443B4,261328,0,2025 Topps Heritage Chrome Blue SPARKLE Refractor #450 Zac Gallen Diamondbacks,,,4000,No,BASEBALL,,,,,,,,MLB,,,No,Excellent,,,,Sports Trading Card,,,,,,,,,,,,,,,,,,,,,"<div style=""background:#FDFEFE;border:1px solid #CBD4C2;color:#353535;padding:40px;line-height:1.6;font-family:Arial,sans-serif;font-size:16px;""><h1 style=""text-align:center;"">2025 Topps Heritage Chrome Blue SPARKLE Refractor #450 Zac Gallen Diamondbacks</h1><table style=""width:100%;margin-top:30px;border-spacing:0;""><tr><th align=""left"">Payment</th><td>Payment is due within 4 days. Unpaid items may be canceled and relisted.</td></tr><tr><th align=""left"">Shipping</th><td>Items ship via eBay Standard Envelope. Combined shipping may apply. Usually ships within 1 business day.</td></tr><tr><th align=""left"">Disclaimer</th><td>All cards are sold as-is. Review item condition and images. No refunds or returns. Contact us before leaving negative feedback.</td></tr></table></div>",FixedPrice,GTC,2.25,,1,,ImmediatePayRequired,,United States,,Flat,USPSFirstClass,1,0.0,,,1,,,ReturnsNotAccepted,,,,,,,,,,,,,No,No,,,
Add,CDP-E58437A,261328,0,2024 Topps Update Series JACKSON HOLLIDAY Rookie Debut #US97 (RC),,,4000,No,BASEBALL,,,,,,,,MLB,,,No,Excellent,,,,Sports Trading Card,,,,,,,,,,,,,,,,,,,,,"<div style=""background:#FDFEFE;border:1px solid #CBD4C2;color:#353535;padding:40px;line-height:1.6;font-family:Arial,sans-serif;font-size:16px;""><h1 style=""text-align:center;"">2024 Topps Update Series JACKSON HOLLIDAY Rookie Debut #US97 (RC)</h1><table style=""width:100%;margin-top:30px;border-spacing:0;""><tr><th align=""left"">Payment</th><td>Payment is due within 4 days. Unpaid items may be canceled and relisted.</td></tr><tr><th align=""left"">Shipping</th><td>Items ship via eBay Standard Envelope. Combined shipping may apply. Usually ships within 1 business day.</td></tr><tr><th align=""left"">Disclaimer</th><td>All cards are sold as-is. Review item condition and images. No refunds or returns. Contact us before leaving negative feedback.</td></tr></table></div>",FixedPrice,GTC,2.99,,1,,ImmediatePayRequired,,United States,,Flat,USPSFirstClass,1,0.0,,,1,,,ReturnsNotAccepted,,,,,,,,,,,,,Yes,No,,,
Add,CDP-16A2272,261328,0,2025 Topps Series 1 - Stars of Mlb FERNANDO TATÍS JR. #SMLB-4,,,4000,No,BASEBALL,,,,,,,,MLB,,,No,Excellent,,,,Sports Trading Card,,,,,,,,,,,,,,,,,,,,,"<div style=""background:#FDFEFE;border:1px solid #CBD4C2;color:#353535;padding:40px;line-height:1.6;font-family:Arial,sans-serif;font-size:16px;""><h1 style=""text-align:center;"">2025 Topps Series 1 - Stars of Mlb FERNANDO TATÍS JR. #SMLB-4</h1><table style=""width:100%;margin-top:30px;border-spacing:0;""><tr><th align=""left"">Payment</th><td>Payment is due within 4 days. Unpaid items may be canceled and relisted.</td></tr><tr><th align=""left"">Shipping</th><td>Items ship via eBay Standard Envelope. Combined shipping may apply. Usually ships within 1 business day.</td></tr><tr><th align=""left"">Disclaimer</th><td>All cards are sold as-is. Review item condition and images. No refunds or returns. Contact us before leaving negative feedback.</td></tr></table></div>",FixedPrice,GTC,1.5,,1,,ImmediatePayRequired,,United States,,Flat,USPSFirstClass,1,0.0,,,1,,,ReturnsNotAccepted,,,,,,,,,,,,,No,No,,,
Add,CDP-B7ADC61,261328,0,2025 Bowman - Chrome Prospects SEBASTIAN WALCOTT #BCP-133 (RC) Rookie,,,4000,No,BASEBALL,,,,,,,,MLB,,,No,Excellent,,,,Sports Trading Card,,,,,,,,,,,,,,,,,,,,,"<div style=""background:#FDFEFE;border:1px solid #CBD4C2;color:#353535;padding:40px;line-height:1.6;font-family:Arial,sans-serif;font-size:16px;""><h1 style=""text-align:center;"">2025 Bowman - Chrome Prospects SEBASTIAN WALCOTT #BCP-133 (RC) Rookie</h1><table style=""width:100%;margin-top:30px;border-spacing:0;""><tr><th align=""left"">Payment</th><td>Payment is due within 4 days. Unpaid items may be canceled and relisted.</td></tr><tr><th align=""left"">Shipping</th><td>Items ship via eBay Standard Envelope. Combined shipping may apply. Usually ships within 1 business day.</td></tr><tr><th align=""left"">Disclaimer</th><td>All cards are sold as-is. Review item condition and images. No refunds or returns. Contact us before leaving negative feedback.</td></tr></table></div>",FixedPrice,GTC,3.49,,1,,ImmediatePayRequired,,United States,,Flat,USPSFirstClass,1,0.0,,,1,,,ReturnsNotAccepted,,,,,,,,,,,,,Yes,No,,,
Add,CDP-E1FACCB,261328,0,2025 Topps Hobby RIP NIGHT - Elly De La Cruz #11 Red,,,4000,No,BASEBALL,,,,,,,,MLB,,,No,Excellent,,,,Sports Trading Card,,,,,,,,,,,,,,,,,,,,,"<div style=""background:#FDFEFE;border:1px solid #CBD4C2;color:#353535;padding:40px;line-height:1.6;font-family:Arial,sans-serif;font-size:16px;""><h1 style=""text-align:center;"">2025 Topps Hobby RIP NIGHT - Elly De La Cruz #11 Red</h1><table style=""width:100%;margin-top:30px;border-spacing:0;""><tr><th align=""left"">Payment</th><td>Payment is due within 4 days. Unpaid items may be canceled and relisted.</td></tr><tr><th align=""left"">Shipping</th><td>Items ship via eBay Standard Envelope. Combined shipping may apply. Usually ships within 1 business day.</td></tr><tr><th align=""left"">Disclaimer</th><td>All cards are sold as-is. Review item condition and images. No refunds or returns. Contact us before leaving negative feedback.</td></tr></table></div>",FixedPrice,GTC,1.95,,1,,ImmediatePayRequired,,United States,,Flat,USPSFirstClass,1,0.0,,,1,,,ReturnsNotAccepted,,,,,,,,,,,,,No,No,,,
Add,CDP-83CFBA3,261328,0,2025 Topps Series 1 ELLY DE LA CRUZ #SMLB-13 Stars Of MLB,,,4000,No,BASEBALL,,,,,,,,MLB,,,No,Excellent,,,,Sports Trading Card,,,,,,,,,,,,,,,,,,,,,"<div style=""background:#FDFEFE;border:1px solid #CBD4C2;color:#353535;padding:40px;line-height:1.6;font-family:Arial,sans-serif;font-size:16px;""><h1 style=""text-align:center;"">2025 Topps Series 1 ELLY DE LA CRUZ #SMLB-13 Stars Of MLB</h1><table style=""width:100%;margin-top:30px;border-spacing:0;""><tr><th align=""left"">Payment</th><td>Payment is due within 4 days. Unpaid items may be canceled and relisted.</td></tr><tr><th align=""left"">Shipping</th><td>Items ship via eBay Standard Envelope. Combined shipping may apply. Usually ships within 1 business day.</td></tr><tr><th align=""left"">Disclaimer</th><td>All cards are sold as-is. Review item condition and images. No refunds or returns. Contact us before leaving negative feedback.</td></tr></table></div>",FixedPrice,GTC,2.49,,1,,ImmediatePayRequired,,United States,,Flat,USPSFirstClass,1,0.0,,,1,,,ReturnsNotAccepted,,,,,,,,,,,,,No,No,,,
Add,CDP-9239DEE,261328,0,2024 Bowman - Prospects MAX CLARK #BD-104 (RC) Tigers Rookie,,,4000,No,BASEBALL,,,,,,,,MLB,,,No,Excellent,,,,Sports Trading Card,,,,,,,,,,,,,,,,,,,,,"<div style=""background:#FDFEFE;border:1px solid #CBD4C2;color:#353535;padding:40px;line-height:1.6;font-family:Arial,sans-serif;font-size:16px;""><h1 style=""text-align:center;"">2024 Bowman - Prospects MAX CLARK #BD-104 (RC) Tigers Rookie</h1><table style=""width:100%;margin-top:30px;border-spacing:0;""><tr><th align=""left"">Payment</th><td>Payment is due within 4 days. Unpaid items may be canceled and relisted.</td></tr><tr><th align=""left"">Shipping</th><td>Items ship via eBay Standard Envelope. Combined shipping may apply. Usually ships within 1 business day.</td></tr><tr><th align=""left"">Disclaimer</th><td>All cards are sold as-is. Review item condition and images. No refunds or returns. Contact us before leaving negative feedback.</td></tr></table></div>",FixedPrice,GTC,1.49,,1,,ImmediatePayRequired,,United States,,Flat,USPSFirstClass,1,0.0,,,1,,,ReturnsNotAccepted,,,,,,,,,,,,,Yes,No,,,
Add,CDP-976C2EF,261328,0,2025 Topps Hobby RIP NIGHT - Jackson Holliday #6 Orioles,,,4000,No,BASEBALL,,,,,,,,MLB,,,No,Excellent,,,,Sports Trading Card,,,,,,,,,,,,,,,,,,,,,"<div style=""background:#FDFEFE;border:1px solid #CBD4C2;color:#353535;padding:40px;line-height:1.6;font-family:Arial,sans-serif;font-size:16px;""><h1 style=""text-align:center;"">2025 Topps Hobby RIP NIGHT - Jackson Holliday #6 Orioles</h1><table style=""width:100%;margin-top:30px;border-spacing:0;""><tr><th align=""left"">Payment</th><td>Payment is due within 4 days. Unpaid items may be canceled and relisted.</td></tr><tr><th align=""left"">Shipping</th><td>Items ship via eBay Standard Envelope. Combined shipping may apply. Usually ships within 1 business day.</td></tr><tr><th align=""left"">Disclaimer</th><td>All cards are sold as-is. Review item condition and images. No refunds or returns. Contact us before leaving negative feedback.</td></tr></table></div>",FixedPrice,GTC,1.49,,1,,ImmediatePayRequired,,United States,,Flat,USPSFirstClass,1,0.0,,,1,,,ReturnsNotAccepted,,,,,,,,,,,,,No,No,,,
Add,CDP-9B6E407,261328,0,2025 Topps Series 1 - BOBBY WITT JR. #GH-6 Royals Greatest Hits 2024,,,4000,No,BASEBALL,,,,,,,,MLB,,,No,Excellent,,,,Sports Trading Card,,,,,,,,,,,,,,,,,,,,,"<div style=""background:#FDFEFE;border:1px solid #CBD4C2;color:#353535;padding:40px;line-height:1.6;font-family:Arial,sans-serif;font-size:16px;""><h1 style=""text-align:center;"">2025 Topps Series 1 - BOBBY WITT JR. #GH-6 Royals Greatest Hits 2024</h1><table style=""width:100%;margin-top:30px;border-spacing:0;""><tr><th align=""left"">Payment</th><td>Payment is due within 4 days. Unpaid items may be canceled and relisted.</td></tr><tr><th align=""left"">Shipping</th><td>Items ship via eBay Standard Envelope. Combined shipping may apply. Usually ships within 1 business day.</td></tr><tr><th align=""left"">Disclaimer</th><td>All cards are sold as-is. Review item condition and images. No refunds or returns. Contact us before leaving negative feedback.</td></tr></table></div>",FixedPrice,GTC,2.49,,1,,ImmediatePayRequired,,United States,,Flat,USPSFirstClass,1,0.0,,,1,,,ReturnsNotAccepted,,,,,,,,,,,,,No,No,,,
Add,CDP-48F38D8,261328,0,2025 Topps Series 1 RICKEY HENDERSON #T90-46 A’s,,,4000,No,BASEBALL,,,,,,,,MLB,,,No,Excellent,,,,Sports Trading Card,,,,,,,,,,,,,,,,,,,,,"<div style=""background:#FDFEFE;border:1px solid #CBD4C2;color:#353535;padding:40px;line-height:1.6;font-family:Arial,sans-serif;font-size:16px;""><h1 style=""text-align:center;"">2025 Topps Series 1 RICKEY HENDERSON #T90-46 A’s</h1><table style=""width:100%;margin-top:30px;border-spacing:0;""><tr><th align=""left"">Payment</th><td>Payment is due within 4 days. Unpaid items may be canceled and relisted.</td></tr><tr><th align=""left"">Shipping</th><td>Items ship via eBay Standard Envelope. Combined shipping may apply. Usually ships within 1 business day.</td></tr><tr><th align=""left"">Disclaimer</th><td>All cards are sold as-is. Review item condition and images. No refunds or returns. Contact us before leaving negative feedback.</td></tr></table></div>",FixedPrice,GTC,2.49,,1,,ImmediatePayRequired,,United States,,Flat,USPSFirstClass,1,0.0,,,1,,,ReturnsNotAccepted,,,,,,,,,,,,,No,No,,,
Add,CDP-B828793,261328,0,2025 Bowman LUISANGEL ACUNA METS GREATNESS LOADING #GL-11,,,4000,No,BASEBALL,,,,,,,,MLB,,,No,Excellent,,,,Sports Trading Card,,,,,,,,,,,,,,,,,,,,,"<div style=""background:#FDFEFE;border:1px solid #CBD4C2;color:#353535;padding:40px;line-height:1.6;font-family:Arial,sans-serif;font-size:16px;""><h1 style=""text-align:center;"">2025 Bowman LUISANGEL ACUNA METS GREATNESS LOADING #GL-11</h1><table style=""width:100%;margin-top:30px;border-spacing:0;""><tr><th align=""left"">Payment</th><td>Payment is due within 4 days. Unpaid items may be canceled and relisted.</td></tr><tr><th align=""left"">Shipping</th><td>Items ship via eBay Standard Envelope. Combined shipping may apply. Usually ships within 1 business day.</td></tr><tr><th align=""left"">Disclaimer</th><td>All cards are sold as-is. Review item condition and images. No refunds or returns. Contact us before leaving negative feedback.</td></tr></table></div>",FixedPrice,GTC,2.99,,1,,ImmediatePayRequired,,United States,,Flat,USPSFirstClass,1,0.0,,,1,,,ReturnsNotAccepted,,,,,,,,,,,,,No,No,,,
Add,CDP-B171402,261328,0,2025 Bowman Chrome 1st Reptilian Refractor ESTEBAN GONZALEZ #BCP-70 Guardians,,,4000,No,BASEBALL,,,,,,,,MLB,,,No,Excellent,,,,Sports Trading Card,,,,,,,,,,,,,,,,,,,,,"<div style=""background:#FDFEFE;border:1px solid #CBD4C2;color:#353535;padding:40px;line-height:1.6;font-family:Arial,sans-serif;font-size:16px;""><h1 style=""text-align:center;"">2025 Bowman Chrome 1st Reptilian Refractor ESTEBAN GONZALEZ #BCP-70 Guardians</h1><table style=""width:100%;margin-top:30px;border-spacing:0;""><tr><th align=""left"">Payment</th><td>Payment is due within 4 days. Unpaid items may be canceled and relisted.</td></tr><tr><th align=""left"">Shipping</th><td>Items ship via eBay Standard Envelope. Combined shipping may apply. Usually ships within 1 business day.</td></tr><tr><th align=""left"">Disclaimer</th><td>All cards are sold as-is. Review item condition and images. No refunds or returns. Contact us before leaving negative feedback.</td></tr></table></div>",FixedPrice,GTC,3.49,,1,,ImmediatePayRequired,,United States,,Flat,USPSFirstClass,1,0.0,,,1,,,ReturnsNotAccepted,,,,,,,,,,,,,No,No,,,
Add,CDP-F8D7E89,261328,0,2022 Topps Chrome FORMULA 1 - F1 Racers Lewis Hamilton #6 Checker Flag Refractor,,,4000,No,BASEBALL,,,,,,,,MLB,,,No,Excellent,,,,Sports Trading Card,,,,,,,,,,,,,,,,,,,,,"<div style=""background:#FDFEFE;border:1px solid #CBD4C2;color:#353535;padding:40px;line-height:1.6;font-family:Arial,sans-serif;font-size:16px;""><h1 style=""text-align:center;"">2022 Topps Chrome FORMULA 1 - F1 Racers Lewis Hamilton #6 Checker Flag Refractor</h1><table style=""width:100%;margin-top:30px;border-spacing:0;""><tr><th align=""left"">Payment</th><td>Payment is due within 4 days. Unpaid items may be canceled and relisted.</td></tr><tr><th align=""left"">Shipping</th><td>Items ship via eBay Standard Envelope. Combined shipping may apply. Usually ships within 1 business day.</td></tr><tr><th align=""left"">Disclaimer</th><td>All cards are sold as-is. Review item condition and images. No refunds or returns. Contact us before leaving negative feedback.</td></tr></table></div>",FixedPrice,GTC,4.99,,1,,ImmediatePayRequired,,United States,,Flat,USPSFirstClass,1,0.0,,,1,,,ReturnsNotAccepted,,,,,,,,,,,,,No,No,,,
Add,CDP-82761AF,261328,0,2024 Bowman University Chrome - ERIC SINGLETON JR. #71 Fuchsia Georgia Tech,,,4000,No,BASEBALL,,,,,,,,MLB,,,No,Excellent,,,,Sports Trading Card,,,,,,,,,,,,,,,,,,,,,"<div style=""background:#FDFEFE;border:1px solid #CBD4C2;color:#353535;padding:40px;line-height:1.6;font-family:Arial,sans-serif;font-size:16px;""><h1 style=""text-align:center;"">2024 Bowman University Chrome - ERIC SINGLETON JR. #71 Fuchsia Georgia Tech</h1><table style=""width:100%;margin-top:30px;border-spacing:0;""><tr><th align=""left"">Payment</th><td>Payment is due within 4 days. Unpaid items may be canceled and relisted.</td></tr><tr><th align=""left"">Shipping</th><td>Items ship via eBay Standard Envelope. Combined shipping may apply. Usually ships within 1 business day.</td></tr><tr><th align=""left"">Disclaimer</th><td>All cards are sold as-is. Review item condition and images. No refunds or returns. Contact us before leaving negative feedback.</td></tr></table></div>",FixedPrice,GTC,3.99,,1,,ImmediatePayRequired,,United States,,Flat,USPSFirstClass,1,0.0,,,1,,,ReturnsNotAccepted,,,,,,,,,,,,,No,No,,,
Add,CDP-F8B5729,261328,0,2025 Topps Heritage - JOEY CANTILLO #104 Chrome Blue Sparkle (RC) Rookie,,,4000,No,BASEBALL,,,,,,,,MLB,,,No,Excellent,,,,Sports Trading Card,,,,,,,,,,,,,,,,,,,,,"<div style=""background:#FDFEFE;border:1px solid #CBD4C2;color:#353535;padding:40px;line-height:1.6;font-family:Arial,sans-serif;font-size:16px;""><h1 style=""text-align:center;"">2025 Topps Heritage - JOEY CANTILLO #104 Chrome Blue Sparkle (RC) Rookie</h1><table style=""width:100%;margin-top:30px;border-spacing:0;""><tr><th align=""left"">Payment</th><td>Payment is due within 4 days. Unpaid items may be canceled and relisted.</td></tr><tr><th align=""left"">Shipping</th><td>Items ship via eBay Standard Envelope. Combined shipping may apply. Usually ships within 1 business day.</td></tr><tr><th align=""left"">Disclaimer</th><td>All cards are sold as-is. Review item condition and images. No refunds or returns. Contact us before leaving negative feedback.</td></tr></table></div>",FixedPrice,GTC,1.99,,1,,ImmediatePayRequired,,United States,,Flat,USPSFirstClass,1,0.0,,,1,,,ReturnsNotAccepted,,,,,,,,,,,,,Yes,No,,,
Add,BS-1003,261328,0,2025 Bowman - Chrome Prospects JHONAYKER UGARTE #BCP-123 (RC) Royals Rookie,,,4000,No,BASEBALL,,,,,,,,MLB,,,No,Excellent,,,,Sports Trading Card,,,,,,,,,,,,,,,,,,,,,"<div style=""background:#FDFEFE;border:1px solid #CBD4C2;color:#353535;padding:40px;line-height:1.6;font-family:Arial,sans-serif;font-size:16px;""><h1 style=""text-align:center;"">2025 Bowman - Chrome Prospects JHONAYKER UGARTE #BCP-123 (RC) Royals Rookie</h1><table style=""width:100%;margin-top:30px;border-spacing:0;""><tr><th align=""left"">Payment</th><td>Payment is due within 4 days. Unpaid items may be canceled and relisted.</td></tr><tr><th align=""left"">Shipping</th><td>Items ship via eBay Standard Envelope. Combined shipping may apply. Usually ships within 1 business day.</td></tr><tr><th align=""left"">Disclaimer</th><td>All cards are sold as-is. Review item condition and images. No refunds or returns. Contact us before leaving negative feedback.</td></tr></table></div>",FixedPrice,GTC,2.49,,1,,ImmediatePayRequired,,United States,,Flat,USPSFirstClass,1,0.0,,,1,,,ReturnsNotAccepted,,,,,,,,,,,,,Yes,No,,,
Add,BS-1004,261328,0,2025 Bowman JAMES WOOD #29 (RC) Nationals Rookie,,,4000,No,BASEBALL,,,,,,,,MLB,,,No,Excellent,,,,Sports Trading Card,,,,,,,,,,,,,,,,,,,,,"<div style=""background:#FDFEFE;border:1px solid #CBD4C2;color:#353535;padding:40px;line-height:1.6;font-family:Arial,sans-serif;font-size:16px;""><h1 style=""text-align:center;"">2025 Bowman JAMES WOOD #29 (RC) Nationals Rookie</h1><table style=""width:100%;margin-top:30px;border-spacing:0;""><tr><th align=""left"">Payment</th><td>Payment is due within 4 days. Unpaid items may be canceled and relisted.</td></tr><tr><th align=""left"">Shipping</th><td>Items ship via eBay Standard Envelope. Combined shipping may apply. Usually ships within 1 business day.</td></tr><tr><th align=""left"">Disclaimer</th><td>All cards are sold as-is. Review item condition and images. No refunds or returns. Contact us before leaving negative feedback.</td></tr></table></div>",FixedPrice,GTC,2.49,,1,,ImmediatePayRequired,,United States,,Flat,USPSFirstClass,1,0.0,,,1,,,ReturnsNotAccepted,,,,,,,,,,,,,Yes,No,,,
Add,BS-1005,261328,0,2025 Bowman - Chrome Prospects COLE FONTENELLE #BCP-32 Reptilian Ref (RC) Rookie,,,4000,No,BASEBALL,,,,,,,,MLB,,,No,Excellent,,,,Sports Trading Card,,,,,,,,,,,,,,,,,,,,,"<div style=""background:#FDFEFE;border:1px solid #CBD4C2;color:#353535;padding:40px;line-height:1.6;font-family:Arial,sans-serif;font-size:16px;""><h1 style=""text-align:center;"">2025 Bowman - Chrome Prospects COLE FONTENELLE #BCP-32 Reptilian Ref (RC) Rookie</h1><table style=""width:100%;margin-top:30px;border-spacing:0;""><tr><th align=""left"">Payment</th><td>Payment is due within 4 days. Unpaid items may be canceled and relisted.</td></tr><tr><th align=""left"">Shipping</th><td>Items ship via eBay Standard Envelope. Combined shipping may apply. Usually ships within 1 business day.</td></tr><tr><th align=""left"">Disclaimer</th><td>All cards are sold as-is. Review item condition and images. No refunds or returns. Contact us before leaving negative feedback.</td></tr></table></div>",FixedPrice,GTC,2.49,,1,,ImmediatePayRequired,,United States,,Flat,USPSFirstClass,1,0.0,,,1,,,ReturnsNotAccepted,,,,,,,,,,,,,Yes,No,,,
Add,BS-1007,261328,0,2025 Topps Series 1 - TARIK SKUBAL #71 Tigers,,,4000,No,BASEBALL,,,,,,,,MLB,,,No,Excellent,,,,Sports Trading Card,,,,,,,,,,,,,,,,,,,,,"<div style=""background:#FDFEFE;border:1px solid #CBD4C2;color:#353535;padding:40px;line-height:1.6;font-family:Arial,sans-serif;font-size:16px;""><h1 style=""text-align:center;"">2025 Topps Series 1 - TARIK SKUBAL #71 Tigers</h1><table style=""width:100%;margin-top:30px;border-spacing:0;""><tr><th align=""left"">Payment</th><td>Payment is due within 4 days. Unpaid items may be canceled and relisted.</td></tr><tr><th align=""left"">Shipping</th><td>Items ship via eBay Standard Envelope. Combined shipping may apply. Usually ships within 1 business day.</td></tr><tr><th align=""left"">Disclaimer</th><td>All cards are sold as-is. Review item condition and images. No refunds or returns. Contact us before leaving negative feedback.</td></tr></table></div>",FixedPrice,GTC,2.49,,1,,ImmediatePayRequired,,United States,,Flat,USPSFirstClass,1,0.0,,,1,,,ReturnsNotAccepted,,,,,,,,,,,,,No,No,,,
Add,BS-1009,261328,0,2025 Bowman - GREATNESS LOADING KYLE TEEL #GL-15 (RC) White Sox Rookie,,,4000,No,BASEBALL,,,,,,,,MLB,,,No,Excellent,,,,Sports Trading Card,,,,,,,,,,,,,,,,,,,,,"<div style=""background:#FDFEFE;border:1px solid #CBD4C2;color:#353535;padding:40px;line-height:1.6;font-family:Arial,sans-serif;font-size:16px;""><h1 style=""text-align:center;"">2025 Bowman - GREATNESS LOADING KYLE TEEL #GL-15 (RC) White Sox Rookie</h1><table style=""width:100%;margin-top:30px;border-spacing:0;""><tr><th align=""left"">Payment</th><td>Payment is due within 4 days. Unpaid items may be canceled and relisted.</td></tr><tr><th align=""left"">Shipping</th><td>Items ship via eBay Standard Envelope. Combined shipping may apply. Usually ships within 1 business day.</td></tr><tr><th align=""left"">Disclaimer</th><td>All cards are sold as-is. Review item condition and images. No refunds or returns. Contact us before leaving negative feedback.</td></tr></table></div>",FixedPrice,GTC,2.49,,1,,ImmediatePayRequired,,United States,,Flat,USPSFirstClass,1,0.0,,,1,,,ReturnsNotAccepted,,,,,,,,,,,,,Yes,No,,,
Add,CDP-E98C3F2,261328,0,2025 Bowman - Chrome Prospects GEORGE KLASSEN #BCP-63 (RC) Rookie,,,4000,No,BASEBALL,,,,,,,,MLB,,,No,Excellent,,,,Sports Trading Card,,,,,,,,,,,,,,,,,,,,,"<div style=""background:#FDFEFE;border:1px solid #CBD4C2;color:#353535;padding:40px;line-height:1.6;font-family:Arial,sans-serif;font-size:16px;""><h1 style=""text-align:center;"">2025 Bowman - Chrome Prospects GEORGE KLASSEN #BCP-63 (RC) Rookie</h1><table style=""width:100%;margin-top:30px;border-spacing:0;""><tr><th align=""left"">Payment</th><td>Payment is due within 4 days. Unpaid items may be canceled and relisted.</td></tr><tr><th align=""left"">Shipping</th><td>Items ship via eBay Standard Envelope. Combined shipping may apply. Usually ships within 1 business day.</td></tr><tr><th align=""left"">Disclaimer</th><td>All cards are sold as-is. Review item condition and images. No refunds or returns. Contact us before leaving negative feedback.</td></tr></table></div>",FixedPrice,GTC,2.49,,1,,ImmediatePayRequired,,United States,,Flat,USPSFirstClass,1,0.0,,,1,,,ReturnsNotAccepted,,,,,,,,,,,,,Yes,No,,,
Add,FB-1375,261328,0,2024 Bowman University Chrome - JUSTUS ROSS-SIMMONS #109 Purple Mini-Diamond RC,,,4000,No,BASEBALL,,,,,,,,MLB,,,No,Excellent,,,,Sports Trading Card,,,,,,,,,,,,,,,,,,,,,"<div style=""background:#FDFEFE;border:1px solid #CBD4C2;color:#353535;padding:40px;line-height:1.6;font-family:Arial,sans-serif;font-size:16px;""><h1 style=""text-align:center;"">2024 Bowman University Chrome - JUSTUS ROSS-SIMMONS #109 Purple Mini-Diamond RC</h1><table style=""width:100%;margin-top:30px;border-spacing:0;""><tr><th align=""left"">Payment</th><td>Payment is due within 4 days. Unpaid items may be canceled and relisted.</td></tr><tr><th align=""left"">Shipping</th><td>Items ship via eBay Standard Envelope. Combined shipping may apply. Usually ships within 1 business day.</td></tr><tr><th align=""left"">Disclaimer</th><td>All cards are sold as-is. Review item condition and images. No refunds or returns. Contact us before leaving negative feedback.</td></tr></table></div>",FixedPrice,GTC,4.99,,1,,ImmediatePayRequired,,United States,,Flat,USPSFirstClass,1,0.0,,,1,,,ReturnsNotAccepted,,,,,,,,,,,,,No,No,,,
Add,CDP-24FB8FE,261328,0,2024 Bowman University Chrome - WILL PAULING #184 Pink Lava Ref (RC) Rookie,,,4000,No,BASEBALL,,,,,,,,MLB,,,No,Excellent,,,,Sports Trading Card,,,,,,,,,,,,,,,,,,,,,"<div style=""background:#FDFEFE;border:1px solid #CBD4C2;color:#353535;padding:40px;line-height:1.6;font-family:Arial,sans-serif;font-size:16px;""><h1 style=""text-align:center;"">2024 Bowman University Chrome - WILL PAULING #184 Pink Lava Ref (RC) Rookie</h1><table style=""width:100%;margin-top:30px;border-spacing:0;""><tr><th align=""left"">Payment</th><td>Payment is due within 4 days. Unpaid items may be canceled and relisted.</td></tr><tr><th align=""left"">Shipping</th><td>Items ship via eBay Standard Envelope. Combined shipping may apply. Usually ships within 1 business day.</td></tr><tr><th align=""left"">Disclaimer</th><td>All cards are sold as-is. Review item condition and images. No refunds or returns. Contact us before leaving negative feedback.</td></tr></table></div>",FixedPrice,GTC,4.99,,1,,ImmediatePayRequired,,United States,,Flat,USPSFirstClass,1,0.0,,,1,,,ReturnsNotAccepted,,,,,,,,,,,,,Yes,No,,,
Add,CDP-677AB48,261328,0,2025 Bowman - Chrome 1st COBB HIGHTOWER #BCP-104 (RC) Padres Rookie,,,4000,No,BASEBALL,,,,,,,,MLB,,,No,Excellent,,,,Sports Trading Card,,,,,,,,,,,,,,,,,,,,,"<div style=""background:#FDFEFE;border:1px solid #CBD4C2;color:#353535;padding:40px;line-height:1.6;font-family:Arial,sans-serif;font-size:16px;""><h1 style=""text-align:center;"">2025 Bowman - Chrome 1st COBB HIGHTOWER #BCP-104 (RC) Padres Rookie</h1><table style=""width:100%;margin-top:30px;border-spacing:0;""><tr><th align=""left"">Payment</th><td>Payment is due within 4 days. Unpaid items may be canceled and relisted.</td></tr><tr><th align=""left"">Shipping</th><td>Items ship via eBay Standard Envelope. Combined shipping may apply. Usually ships within 1 business day.</td></tr><tr><th align=""left"">Disclaimer</th><td>All cards are sold as-is. Review item condition and images. No refunds or returns. Contact us before leaving negative feedback.</td></tr></table></div>",FixedPrice,GTC,4.49,,1,,ImmediatePayRequired,,United States,,Flat,USPSFirstClass,1,0.0,,,1,,,ReturnsNotAccepted,,,,,,,,,,,,,Yes,No,,,
Add,CDP-FC4A3E6,261328,0,2024 Bowman Chrome U Football - CADE KLUBNIK Card 35 Clemson Basketball,,,4000,No,BASEBALL,,,,,,,,MLB,,,No,Excellent,,,,Sports Trading Card,,,,,,,,,,,,,,,,,,,,,"<div style=""background:#FDFEFE;border:1px solid #CBD4C2;color:#353535;padding:40px;line-height:1.6;font-family:Arial,sans-serif;font-size:16px;""><h1 style=""text-align:center;"">2024 Bowman Chrome U Football - CADE KLUBNIK Card 35 Clemson Basketball</h1><table style=""width:100%;margin-top:30px;border-spacing:0;""><tr><th align=""left"">Payment</th><td>Payment is due within 4 days. Unpaid items may be canceled and relisted.</td></tr><tr><th align=""left"">Shipping</th><td>Items ship via eBay Standard Envelope. Combined shipping may apply. Usually ships within 1 business day.</td></tr><tr><th align=""left"">Disclaimer</th><td>All cards are sold as-is. Review item condition and images. No refunds or returns. Contact us before leaving negative feedback.</td></tr></table></div>",FixedPrice,GTC,2.99,,1,,ImmediatePayRequired,,United States,,Flat,USPSFirstClass,1,0.0,,,1,,,ReturnsNotAccepted,,,,,,,,,,,,,No,No,,,
Add,CDP-B5386C3,261328,0,2025 Topps JACOB WILSON Rookie RC Card #314 Oakland Athletics A’s,,,4000,No,BASEBALL,,,,,,,,MLB,,,No,Excellent,,,,Sports Trading Card,,,,,,,,,,,,,,,,,,,,,"<div style=""background:#FDFEFE;border:1px solid #CBD4C2;color:#353535;padding:40px;line-height:1.6;font-family:Arial,sans-serif;font-size:16px;""><h1 style=""text-align:center;"">2025 Topps JACOB WILSON Rookie RC Card #314 Oakland Athletics A’s</h1><table style=""width:100%;margin-top:30px;border-spacing:0;""><tr><th align=""left"">Payment</th><td>Payment is due within 4 days. Unpaid items may be canceled and relisted.</td></tr><tr><th align=""left"">Shipping</th><td>Items ship via eBay Standard Envelope. Combined shipping may apply. Usually ships within 1 business day.</td></tr><tr><th align=""left"">Disclaimer</th><td>All cards are sold as-is. Review item condition and images. No refunds or returns. Contact us before leaving negative feedback.</td></tr></table></div>",FixedPrice,GTC,3.99,,1,,ImmediatePayRequired,,United States,,Flat,USPSFirstClass,1,0.0,,,1,,,ReturnsNotAccepted,,,,,,,,,,,,,Yes,No,,,
Add,FB-1018-AB22BF6,261328,0,2024 Topps SIGNATURE Class Malachi Corley Purple Auto RC /100 Jets Rookie,,,4000,No,BASEBALL,,,,,,,,MLB,,,No,Excellent,,,,Sports Trading Card,,,,,,,,,,,,,,,,,,,,,"<div style=""background:#FDFEFE;border:1px solid #CBD4C2;color:#353535;padding:40px;line-height:1.6;font-family:Arial,sans-serif;font-size:16px;""><h1 style=""text-align:center;"">2024 Topps SIGNATURE Class Malachi Corley Purple Auto RC /100 Jets Rookie</h1><table style=""width:100%;margin-top:30px;border-spacing:0;""><tr><th align=""left"">Payment</th><td>Payment is due within 4 days. Unpaid items may be canceled and relisted.</td></tr><tr><th align=""left"">Shipping</th><td>Items ship via eBay Standard Envelope. Combined shipping may apply. Usually ships within 1 business day.</td></tr><tr><th align=""left"">Disclaimer</th><td>All cards are sold as-is. Review item condition and images. No refunds or returns. Contact us before leaving negative feedback.</td></tr></table></div>",FixedPrice,GTC,7.09,,1,,ImmediatePayRequired,,United States,,Flat,USPSFirstClass,1,0.0,,,1,,,ReturnsNotAccepted,,,,,,,,,,,,,Yes,No,,,
Add,FS-1025,261328,0,2024 Topps Heritage JORDAN LAWLAR RC White Border Rookie #429 Diamondbacks,,,4000,No,BASEBALL,,,,,,,,MLB,,,No,Excellent,,,,Sports Trading Card,,,,,,,,,,,,,,,,,,,,,"<div style=""background:#FDFEFE;border:1px solid #CBD4C2;color:#353535;padding:40px;line-height:1.6;font-family:Arial,sans-serif;font-size:16px;""><h1 style=""text-align:center;"">2024 Topps Heritage JORDAN LAWLAR RC White Border Rookie #429 Diamondbacks</h1><table style=""width:100%;margin-top:30px;border-spacing:0;""><tr><th align=""left"">Payment</th><td>Payment is due within 4 days. Unpaid items may be canceled and relisted.</td></tr><tr><th align=""left"">Shipping</th><td>Items ship via eBay Standard Envelope. Combined shipping may apply. Usually ships within 1 business day.</td></tr><tr><th align=""left"">Disclaimer</th><td>All cards are sold as-is. Review item condition and images. No refunds or returns. Contact us before leaving negative feedback.</td></tr></table></div>",FixedPrice,GTC,4.99,,1,,ImmediatePayRequired,,United States,,Flat,USPSFirstClass,1,0.0,,,1,,,ReturnsNotAccepted,,,,,,,,,,,,,Yes,No,,,
Add,FS-1021,261328,0,2024 Bowman Draft Baseball CHRISTIAN MOORE 1st Prospect Chrome Refractor #BDC-13,,,4000,No,BASEBALL,,,,,,,,MLB,,,No,Excellent,,,,Sports Trading Card,,,,,,,,,,,,,,,,,,,,,"<div style=""background:#FDFEFE;border:1px solid #CBD4C2;color:#353535;padding:40px;line-height:1.6;font-family:Arial,sans-serif;font-size:16px;""><h1 style=""text-align:center;"">2024 Bowman Draft Baseball CHRISTIAN MOORE 1st Prospect Chrome Refractor #BDC-13</h1><table style=""width:100%;margin-top:30px;border-spacing:0;""><tr><th align=""left"">Payment</th><td>Payment is due within 4 days. Unpaid items may be canceled and relisted.</td></tr><tr><th align=""left"">Shipping</th><td>Items ship via eBay Standard Envelope. Combined shipping may apply. Usually ships within 1 business day.</td></tr><tr><th align=""left"">Disclaimer</th><td>All cards are sold as-is. Review item condition and images. No refunds or returns. Contact us before leaving negative feedback.</td></tr></table></div>",FixedPrice,GTC,10.0,,1,,ImmediatePayRequired,,United States,,Flat,USPSFirstClass,1,0.0,,,1,,,ReturnsNotAccepted,,,,,,,,,,,,,No,No,,,
Add,FS-1017,261328,0,2021 Bowman Chrome Sapphire MICHAEL HARRIS II RC Refractor SP Braves Rookie,,,4000,No,BASEBALL,,,,,,,,MLB,,,No,Excellent,,,,Sports Trading Card,,,,,,,,,,,,,,,,,,,,,"<div style=""background:#FDFEFE;border:1px solid #CBD4C2;color:#353535;padding:40px;line-height:1.6;font-family:Arial,sans-serif;font-size:16px;""><h1 style=""text-align:center;"">2021 Bowman Chrome Sapphire MICHAEL HARRIS II RC Refractor SP Braves Rookie</h1><table style=""width:100%;margin-top:30px;border-spacing:0;""><tr><th align=""left"">Payment</th><td>Payment is due within 4 days. Unpaid items may be canceled and relisted.</td></tr><tr><th align=""left"">Shipping</th><td>Items ship via eBay Standard Envelope. Combined shipping may apply. Usually ships within 1 business day.</td></tr><tr><th align=""left"">Disclaimer</th><td>All cards are sold as-is. Review item condition and images. No refunds or returns. Contact us before leaving negative feedback.</td></tr></table></div>",FixedPrice,GTC,20.49,,1,,ImmediatePayRequired,,United States,,Flat,USPSFirstClass,1,0.0,,,1,,,ReturnsNotAccepted,,,,,,,,,,,,,Yes,No,,,
Add,FS-1016,261328,0,2021 Bowman Draft Chrome SPENCER SCHWELLENBACH #BDC-44 1st Refractor Braves,,,4000,No,BASEBALL,,,,,,,,MLB,,,No,Excellent,,,,Sports Trading Card,,,,,,,,,,,,,,,,,,,,,"<div style=""background:#FDFEFE;border:1px solid #CBD4C2;color:#353535;padding:40px;line-height:1.6;font-family:Arial,sans-serif;font-size:16px;""><h1 style=""text-align:center;"">2021 Bowman Draft Chrome SPENCER SCHWELLENBACH #BDC-44 1st Refractor Braves</h1><table style=""width:100%;margin-top:30px;border-spacing:0;""><tr><th align=""left"">Payment</th><td>Payment is due within 4 days. Unpaid items may be canceled and relisted.</td></tr><tr><th align=""left"">Shipping</th><td>Items ship via eBay Standard Envelope. Combined shipping may apply. Usually ships within 1 business day.</td></tr><tr><th align=""left"">Disclaimer</th><td>All cards are sold as-is. Review item condition and images. No refunds or returns. Contact us before leaving negative feedback.</td></tr></table></div>",FixedPrice,GTC,7.5,,1,,ImmediatePayRequired,,United States,,Flat,USPSFirstClass,1,0.0,,,1,,,ReturnsNotAccepted,,,,,,,,,,,,,No,No,,,
Add,CDP-3718185,261328,0,2021 Bowman - MIKE TROUT #17 Angels,,,4000,No,BASEBALL,,,,,,,,MLB,,,No,Excellent,,,,Sports Trading Card,,,,,,,,,,,,,,,,,,,,,"<div style=""background:#FDFEFE;border:1px solid #CBD4C2;color:#353535;padding:40px;line-height:1.6;font-family:Arial,sans-serif;font-size:16px;""><h1 style=""text-align:center;"">2021 Bowman - MIKE TROUT #17 Angels</h1><table style=""width:100%;margin-top:30px;border-spacing:0;""><tr><th align=""left"">Payment</th><td>Payment is due within 4 days. Unpaid items may be canceled and relisted.</td></tr><tr><th align=""left"">Shipping</th><td>Items ship via eBay Standard Envelope. Combined shipping may apply. Usually ships within 1 business day.</td></tr><tr><th align=""left"">Disclaimer</th><td>All cards are sold as-is. Review item condition and images. No refunds or returns. Contact us before leaving negative feedback.</td></tr></table></div>",FixedPrice,GTC,3.49,,1,,ImmediatePayRequired,,United States,,Flat,USPSFirstClass,1,0.0,,,1,,,ReturnsNotAccepted,,,,,,,,,,,,,No,No,,,
Add,CDP-A174A6D,261328,0,2019 Topps HOLIDAY #HW126 Fernando Tatis Jr. BASEBALL San Diego Padres,,,4000,No,BASEBALL,,,,,,,,MLB,,,No,Excellent,,,,Sports Trading Card,,,,,,,,,,,,,,,,,,,,,"<div style=""background:#FDFEFE;border:1px solid #CBD4C2;color:#353535;padding:40px;line-height:1.6;font-family:Arial,sans-serif;font-size:16px;""><h1 style=""text-align:center;"">2019 Topps HOLIDAY #HW126 Fernando Tatis Jr. BASEBALL San Diego Padres</h1><table style=""width:100%;margin-top:30px;border-spacing:0;""><tr><th align=""left"">Payment</th><td>Payment is due within 4 days. Unpaid items may be canceled and relisted.</td></tr><tr><th align=""left"">Shipping</th><td>Items ship via eBay Standard Envelope. Combined shipping may apply. Usually ships within 1 business day.</td></tr><tr><th align=""left"">Disclaimer</th><td>All cards are sold as-is. Review item condition and images. No refunds or returns. Contact us before leaving negative feedback.</td></tr></table></div>",FixedPrice,GTC,4.0,,1,,ImmediatePayRequired,,United States,,Flat,USPSFirstClass,1,0.0,,,1,,,ReturnsNotAccepted,,,,,,,,,,,,,No,No,,,
Add,CDP-7D12C5A,261328,0,2014 Donruss DEREK JETER #318- New York Yankees,,,4000,No,BASEBALL,,,,,,,,MLB,,,No,Excellent,,,,Sports Trading Card,,,,,,,,,,,,,,,,,,,,,"<div style=""background:#FDFEFE;border:1px solid #CBD4C2;color:#353535;padding:40px;line-height:1.6;font-family:Arial,sans-serif;font-size:16px;""><h1 style=""text-align:center;"">2014 Donruss DEREK JETER #318- New York Yankees</h1><table style=""width:100%;margin-top:30px;border-spacing:0;""><tr><th align=""left"">Payment</th><td>Payment is due within 4 days. Unpaid items may be canceled and relisted.</td></tr><tr><th align=""left"">Shipping</th><td>Items ship via eBay Standard Envelope. Combined shipping may apply. Usually ships within 1 business day.</td></tr><tr><th align=""left"">Disclaimer</th><td>All cards are sold as-is. Review item condition and images. No refunds or returns. Contact us before leaving negative feedback.</td></tr></table></div>",FixedPrice,GTC,3.99,,1,,ImmediatePayRequired,,United States,,Flat,USPSFirstClass,1,0.0,,,1,,,ReturnsNotAccepted,,,,,,,,,,,,,No,No,,,
Add,CDP-2F6A0E0,261328,0,DEREK JETER 2002 Donruss Fan Club New York Yankees #5,,,4000,No,BASEBALL,,,,,,,,MLB,,,No,Excellent,,,,Sports Trading Card,,,,,,,,,,,,,,,,,,,,,"<div style=""background:#FDFEFE;border:1px solid #CBD4C2;color:#353535;padding:40px;line-height:1.6;font-family:Arial,sans-serif;font-size:16px;""><h1 style=""text-align:center;"">DEREK JETER 2002 Donruss Fan Club New York Yankees #5</h1><table style=""width:100%;margin-top:30px;border-spacing:0;""><tr><th align=""left"">Payment</th><td>Payment is due within 4 days. Unpaid items may be canceled and relisted.</td></tr><tr><th align=""left"">Shipping</th><td>Items ship via eBay Standard Envelope. Combined shipping may apply. Usually ships within 1 business day.</td></tr><tr><th align=""left"">Disclaimer</th><td>All cards are sold as-is. Review item condition and images. No refunds or returns. Contact us before leaving negative feedback.</td></tr></table></div>",FixedPrice,GTC,3.99,,1,,ImmediatePayRequired,,United States,,Flat,USPSFirstClass,1,0.0,,,1,,,ReturnsNotAccepted,,,,,,,,,,,,,No,No,,,
Add,CDP-91826DC,261328,0,2024 Bowman Chrome U #125 • Malaki Starks • True Aqua Refractor /299 Georgia,,,4000,No,BASEBALL,,,,,,,,MLB,,,No,Excellent,,,,Sports Trading Card,,,,,,,,,,,,,,,,,,,,,"<div style=""background:#FDFEFE;border:1px solid #CBD4C2;color:#353535;padding:40px;line-height:1.6;font-family:Arial,sans-serif;font-size:16px;""><h1 style=""text-align:center;"">2024 Bowman Chrome U #125 • Malaki Starks • True Aqua Refractor /299 Georgia</h1><table style=""width:100%;margin-top:30px;border-spacing:0;""><tr><th align=""left"">Payment</th><td>Payment is due within 4 days. Unpaid items may be canceled and relisted.</td></tr><tr><th align=""left"">Shipping</th><td>Items ship via eBay Standard Envelope. Combined shipping may apply. Usually ships within 1 business day.</td></tr><tr><th align=""left"">Disclaimer</th><td>All cards are sold as-is. Review item condition and images. No refunds or returns. Contact us before leaving negative feedback.</td></tr></table></div>",FixedPrice,GTC,3.49,,1,,ImmediatePayRequired,,United States,,Flat,USPSFirstClass,1,0.0,,,1,,,ReturnsNotAccepted,,,,,,,,,,,,,No,No,,,
Add,CDP-060AD55,261328,0,2025 Bowman - Bowman SCOUTS Top 100 Chrome Christian Moore #BTP-46,,,4000,No,BASEBALL,,,,,,,,MLB,,,No,Excellent,,,,Sports Trading Card,,,,,,,,,,,,,,,,,,,,,"<div style=""background:#FDFEFE;border:1px solid #CBD4C2;color:#353535;padding:40px;line-height:1.6;font-family:Arial,sans-serif;font-size:16px;""><h1 style=""text-align:center;"">2025 Bowman - Bowman SCOUTS Top 100 Chrome Christian Moore #BTP-46</h1><table style=""width:100%;margin-top:30px;border-spacing:0;""><tr><th align=""left"">Payment</th><td>Payment is due within 4 days. Unpaid items may be canceled and relisted.</td></tr><tr><th align=""left"">Shipping</th><td>Items ship via eBay Standard Envelope. Combined shipping may apply. Usually ships within 1 business day.</td></tr><tr><th align=""left"">Disclaimer</th><td>All cards are sold as-is. Review item condition and images. No refunds or returns. Contact us before leaving negative feedback.</td></tr></table></div>",FixedPrice,GTC,1.49,,1,,ImmediatePayRequired,,United States,,Flat,USPSFirstClass,1,0.0,,,1,,,ReturnsNotAccepted,,,,,,,,,,,,,No,No,,,
Add,FB-1149,261328,0,2024 Bowman Chrome University U 1st #91 James Pearce Jr. Tennessee Vols,,,4000,No,BASEBALL,,,,,,,,MLB,,,No,Excellent,,,,Sports Trading Card,,,,,,,,,,,,,,,,,,,,,"<div style=""background:#FDFEFE;border:1px solid #CBD4C2;color:#353535;padding:40px;line-height:1.6;font-family:Arial,sans-serif;font-size:16px;""><h1 style=""text-align:center;"">2024 Bowman Chrome University U 1st #91 James Pearce Jr. Tennessee Vols</h1><table style=""width:100%;margin-top:30px;border-spacing:0;""><tr><th align=""left"">Payment</th><td>Payment is due within 4 days. Unpaid items may be canceled and relisted.</td></tr><tr><th align=""left"">Shipping</th><td>Items ship via eBay Standard Envelope. Combined shipping may apply. Usually ships within 1 business day.</td></tr><tr><th align=""left"">Disclaimer</th><td>All cards are sold as-is. Review item condition and images. No refunds or returns. Contact us before leaving negative feedback.</td></tr></table></div>",FixedPrice,GTC,1.99,,1,,ImmediatePayRequired,,United States,,Flat,USPSFirstClass,1,0.0,,,1,,,ReturnsNotAccepted,,,,,,,,,,,,,No,No,,,
Add,FB-1121,261328,0,2024 Topps Chrome - ROOKIES JALEN MCMILLAN #242 (RC),,,4000,No,BASEBALL,,,,,,,,MLB,,,No,Excellent,,,,Sports Trading Card,,,,,,,,,,,,,,,,,,,,,"<div style=""background:#FDFEFE;border:1px solid #CBD4C2;color:#353535;padding:40px;line-height:1.6;font-family:Arial,sans-serif;font-size:16px;""><h1 style=""text-align:center;"">2024 Topps Chrome - ROOKIES JALEN MCMILLAN #242 (RC)</h1><table style=""width:100%;margin-top:30px;border-spacing:0;""><tr><th align=""left"">Payment</th><td>Payment is due within 4 days. Unpaid items may be canceled and relisted.</td></tr><tr><th align=""left"">Shipping</th><td>Items ship via eBay Standard Envelope. Combined shipping may apply. Usually ships within 1 business day.</td></tr><tr><th align=""left"">Disclaimer</th><td>All cards are sold as-is. Review item condition and images. No refunds or returns. Contact us before leaving negative feedback.</td></tr></table></div>",FixedPrice,GTC,2.99,,1,,ImmediatePayRequired,,United States,,Flat,USPSFirstClass,1,0.0,,,1,,,ReturnsNotAccepted,,,,,,,,,,,,,Yes,No,,,
Add,BB-1107,261328,0,2024 Bowman Draft - LEO DE VRIES #BD-116 (RC) Padres Rookie,,,4000,No,BASEBALL,,,,,,,,MLB,,,No,Excellent,,,,Sports Trading Card,,,,,,,,,,,,,,,,,,,,,"<div style=""background:#FDFEFE;border:1px solid #CBD4C2;color:#353535;padding:40px;line-height:1.6;font-family:Arial,sans-serif;font-size:16px;""><h1 style=""text-align:center;"">2024 Bowman Draft - LEO DE VRIES #BD-116 (RC) Padres Rookie</h1><table style=""width:100%;margin-top:30px;border-spacing:0;""><tr><th align=""left"">Payment</th><td>Payment is due within 4 days. Unpaid items may be canceled and relisted.</td></tr><tr><th align=""left"">Shipping</th><td>Items ship via eBay Standard Envelope. Combined shipping may apply. Usually ships within 1 business day.</td></tr><tr><th align=""left"">Disclaimer</th><td>All cards are sold as-is. Review item condition and images. No refunds or returns. Contact us before leaving negative feedback.</td></tr></table></div>",FixedPrice,GTC,2.99,,1,,ImmediatePayRequired,,United States,,Flat,USPSFirstClass,1,0.0,,,1,,,ReturnsNotAccepted,,,,,,,,,,,,,Yes,No,,,
Add,FB-1111,261328,0,2024 Topps Chrome - FUTURE Stars Ladd McConkey #FS-13 (RC) Rookie,,,4000,No,BASEBALL,,,,,,,,MLB,,,No,Excellent,,,,Sports Trading Card,,,,,,,,,,,,,,,,,,,,,"<div style=""background:#FDFEFE;border:1px solid #CBD4C2;color:#353535;padding:40px;line-height:1.6;font-family:Arial,sans-serif;font-size:16px;""><h1 style=""text-align:center;"">2024 Topps Chrome - FUTURE Stars Ladd McConkey #FS-13 (RC) Rookie</h1><table style=""width:100%;margin-top:30px;border-spacing:0;""><tr><th align=""left"">Payment</th><td>Payment is due within 4 days. Unpaid items may be canceled and relisted.</td></tr><tr><th align=""left"">Shipping</th><td>Items ship via eBay Standard Envelope. Combined shipping may apply. Usually ships within 1 business day.</td></tr><tr><th align=""left"">Disclaimer</th><td>All cards are sold as-is. Review item condition and images. No refunds or returns. Contact us before leaving negative feedback.</td></tr></table></div>",FixedPrice,GTC,1.25,,1,,ImmediatePayRequired,,United States,,Flat,USPSFirstClass,1,0.0,,,1,,,ReturnsNotAccepted,,,,,,,,,,,,,Yes,No,,,
Add,CDP-1B9CA9E,261328,0,2024 Topps Finest - Debut MICHAEL PRATT #D-17 (RC) Tampa Bay Bucs Rookie,,,4000,No,BASEBALL,,,,,,,,MLB,,,No,Excellent,,,,Sports Trading Card,,,,,,,,,,,,,,,,,,,,,"<div style=""background:#FDFEFE;border:1px solid #CBD4C2;color:#353535;padding:40px;line-height:1.6;font-family:Arial,sans-serif;font-size:16px;""><h1 style=""text-align:center;"">2024 Topps Finest - Debut MICHAEL PRATT #D-17 (RC) Tampa Bay Bucs Rookie</h1><table style=""width:100%;margin-top:30px;border-spacing:0;""><tr><th align=""left"">Payment</th><td>Payment is due within 4 days. Unpaid items may be canceled and relisted.</td></tr><tr><th align=""left"">Shipping</th><td>Items ship via eBay Standard Envelope. Combined shipping may apply. Usually ships within 1 business day.</td></tr><tr><th align=""left"">Disclaimer</th><td>All cards are sold as-is. Review item condition and images. No refunds or returns. Contact us before leaving negative feedback.</td></tr></table></div>",FixedPrice,GTC,2.99,,1,,ImmediatePayRequired,,United States,,Flat,USPSFirstClass,1,0.0,,,1,,,ReturnsNotAccepted,,,,,,,,,,,,,Yes,No,,,
Add,CDP-706AA40,261328,0,2024 Topps Finest - DYNAMOS BRENDEN RICE #DYN-18 Blue Refractor /150 (RC) Rookie,,,4000,No,BASEBALL,,,,,,,,MLB,,,No,Excellent,,,,Sports Trading Card,,,,,,,,,,,,,,,,,,,,,"<div style=""background:#FDFEFE;border:1px solid #CBD4C2;color:#353535;padding:40px;line-height:1.6;font-family:Arial,sans-serif;font-size:16px;""><h1 style=""text-align:center;"">2024 Topps Finest - DYNAMOS BRENDEN RICE #DYN-18 Blue Refractor /150 (RC) Rookie</h1><table style=""width:100%;margin-top:30px;border-spacing:0;""><tr><th align=""left"">Payment</th><td>Payment is due within 4 days. Unpaid items may be canceled and relisted.</td></tr><tr><th align=""left"">Shipping</th><td>Items ship via eBay Standard Envelope. Combined shipping may apply. Usually ships within 1 business day.</td></tr><tr><th align=""left"">Disclaimer</th><td>All cards are sold as-is. Review item condition and images. No refunds or returns. Contact us before leaving negative feedback.</td></tr></table></div>",FixedPrice,GTC,2.99,,1,,ImmediatePayRequired,,United States,,Flat,USPSFirstClass,1,0.0,,,1,,,ReturnsNotAccepted,,,,,,,,,,,,,Yes,No,,,
Add,BB-1095,261328,0,2025 Bowman - Chrome Prospects YOPHERY RODRIGUEZ #BCP-36 (RC) Rookie,,,4000,No,BASEBALL,,,,,,,,MLB,,,No,Excellent,,,,Sports Trading Card,,,,,,,,,,,,,,,,,,,,,"<div style=""background:#FDFEFE;border:1px solid #CBD4C2;color:#353535;padding:40px;line-height:1.6;font-family:Arial,sans-serif;font-size:16px;""><h1 style=""text-align:center;"">2025 Bowman - Chrome Prospects YOPHERY RODRIGUEZ #BCP-36 (RC) Rookie</h1><table style=""width:100%;margin-top:30px;border-spacing:0;""><tr><th align=""left"">Payment</th><td>Payment is due within 4 days. Unpaid items may be canceled and relisted.</td></tr><tr><th align=""left"">Shipping</th><td>Items ship via eBay Standard Envelope. Combined shipping may apply. Usually ships within 1 business day.</td></tr><tr><th align=""left"">Disclaimer</th><td>All cards are sold as-is. Review item condition and images. No refunds or returns. Contact us before leaving negative feedback.</td></tr></table></div>",FixedPrice,GTC,2.49,,1,,ImmediatePayRequired,,United States,,Flat,USPSFirstClass,1,0.0,,,1,,,ReturnsNotAccepted,,,,,,,,,,,,,Yes,No,,,
Add,BB-1094,261328,0,2025 Bowman - SPENCER SCHWELLENBACH #78 (RC) Braves Base Rookie,,,4000,No,BASEBALL,,,,,,,,MLB,,,No,Excellent,,,,Sports Trading Card,,,,,,,,,,,,,,,,,,,,,"<div style=""background:#FDFEFE;border:1px solid #CBD4C2;color:#353535;padding:40px;line-height:1.6;font-family:Arial,sans-serif;font-size:16px;""><h1 style=""text-align:center;"">2025 Bowman - SPENCER SCHWELLENBACH #78 (RC) Braves Base Rookie</h1><table style=""width:100%;margin-top:30px;border-spacing:0;""><tr><th align=""left"">Payment</th><td>Payment is due within 4 days. Unpaid items may be canceled and relisted.</td></tr><tr><th align=""left"">Shipping</th><td>Items ship via eBay Standard Envelope. Combined shipping may apply. Usually ships within 1 business day.</td></tr><tr><th align=""left"">Disclaimer</th><td>All cards are sold as-is. Review item condition and images. No refunds or returns. Contact us before leaving negative feedback.</td></tr></table></div>",FixedPrice,GTC,2.49,,1,,ImmediatePayRequired,,United States,,Flat,USPSFirstClass,1,0.0,,,1,,,ReturnsNotAccepted,,,,,,,,,,,,,Yes,No,,,
Add,CDP-EDBDADE,261328,0,2023 Bowman - Chrome Prospects JACKSON CHOURIO #BCP-76 (RC) Rookie,,,4000,No,BASEBALL,,,,,,,,MLB,,,No,Excellent,,,,Sports Trading Card,,,,,,,,,,,,,,,,,,,,,"<div style=""background:#FDFEFE;border:1px solid #CBD4C2;color:#353535;padding:40px;line-height:1.6;font-family:Arial,sans-serif;font-size:16px;""><h1 style=""text-align:center;"">2023 Bowman - Chrome Prospects JACKSON CHOURIO #BCP-76 (RC) Rookie</h1><table style=""width:100%;margin-top:30px;border-spacing:0;""><tr><th align=""left"">Payment</th><td>Payment is due within 4 days. Unpaid items may be canceled and relisted.</td></tr><tr><th align=""left"">Shipping</th><td>Items ship via eBay Standard Envelope. Combined shipping may apply. Usually ships within 1 business day.</td></tr><tr><th align=""left"">Disclaimer</th><td>All cards are sold as-is. Review item condition and images. No refunds or returns. Contact us before leaving negative feedback.</td></tr></table></div>",FixedPrice,GTC,3.49,,1,,ImmediatePayRequired,,United States,,Flat,USPSFirstClass,1,0.0,,,1,,,ReturnsNotAccepted,,,,,,,,,,,,,Yes,No,,,
Add,CDP-E45E684,261328,0,2025 Topps Series 2 - 1990 Topps Baseball PAUL GOLDSCHMIDT #90B2-46 Yankees,,,4000,No,BASEBALL,,,,,,,,MLB,,,No,Excellent,,,,Sports Trading Card,,,,,,,,,,,,,,,,,,,,,"<div style=""background:#FDFEFE;border:1px solid #CBD4C2;color:#353535;padding:40px;line-height:1.6;font-family:Arial,sans-serif;font-size:16px;""><h1 style=""text-align:center;"">2025 Topps Series 2 - 1990 Topps Baseball PAUL GOLDSCHMIDT #90B2-46 Yankees</h1><table style=""width:100%;margin-top:30px;border-spacing:0;""><tr><th align=""left"">Payment</th><td>Payment is due within 4 days. Unpaid items may be canceled and relisted.</td></tr><tr><th align=""left"">Shipping</th><td>Items ship via eBay Standard Envelope. Combined shipping may apply. Usually ships within 1 business day.</td></tr><tr><th align=""left"">Disclaimer</th><td>All cards are sold as-is. Review item condition and images. No refunds or returns. Contact us before leaving negative feedback.</td></tr></table></div>",FixedPrice,GTC,2.49,,1,,ImmediatePayRequired,,United States,,Flat,USPSFirstClass,1,0.0,,,1,,,ReturnsNotAccepted,,,,,,,,,,,,,No,No,,,
Add,CDP-D8DFFAE,261328,0,VLADIMIR GUERRERO JR. OPS LEADERS 2025 Topps Series 2 #OPS-6 Toronto Blue Jays,,,4000,No,BASEBALL,,,,,,,,MLB,,,No,Excellent,,,,Sports Trading Card,,,,,,,,,,,,,,,,,,,,,"<div style=""background:#FDFEFE;border:1px solid #CBD4C2;color:#353535;padding:40px;line-height:1.6;font-family:Arial,sans-serif;font-size:16px;""><h1 style=""text-align:center;"">VLADIMIR GUERRERO JR. OPS LEADERS 2025 Topps Series 2 #OPS-6 Toronto Blue Jays</h1><table style=""width:100%;margin-top:30px;border-spacing:0;""><tr><th align=""left"">Payment</th><td>Payment is due within 4 days. Unpaid items may be canceled and relisted.</td></tr><tr><th align=""left"">Shipping</th><td>Items ship via eBay Standard Envelope. Combined shipping may apply. Usually ships within 1 business day.</td></tr><tr><th align=""left"">Disclaimer</th><td>All cards are sold as-is. Review item condition and images. No refunds or returns. Contact us before leaving negative feedback.</td></tr></table></div>",FixedPrice,GTC,2.49,,1,,ImmediatePayRequired,,United States,,Flat,USPSFirstClass,1,0.0,,,1,,,ReturnsNotAccepted,,,,,,,,,,,,,No,No,,,
Add,CDP-F714EBD,261328,0,2025 Topps Series 2 SUMMER SUPERSTARS TREA TURNER #SS-32 Phillies,,,4000,No,BASEBALL,,,,,,,,MLB,,,No,Excellent,,,,Sports Trading Card,,,,,,,,,,,,,,,,,,,,,"<div style=""background:#FDFEFE;border:1px solid #CBD4C2;color:#353535;padding:40px;line-height:1.6;font-family:Arial,sans-serif;font-size:16px;""><h1 style=""text-align:center;"">2025 Topps Series 2 SUMMER SUPERSTARS TREA TURNER #SS-32 Phillies</h1><table style=""width:100%;margin-top:30px;border-spacing:0;""><tr><th align=""left"">Payment</th><td>Payment is due within 4 days. Unpaid items may be canceled and relisted.</td></tr><tr><th align=""left"">Shipping</th><td>Items ship via eBay Standard Envelope. Combined shipping may apply. Usually ships within 1 business day.</td></tr><tr><th align=""left"">Disclaimer</th><td>All cards are sold as-is. Review item condition and images. No refunds or returns. Contact us before leaving negative feedback.</td></tr></table></div>",FixedPrice,GTC,3.49,,1,,ImmediatePayRequired,,United States,,Flat,USPSFirstClass,1,0.0,,,1,,,ReturnsNotAccepted,,,,,,,,,,,,,No,No,,,
Add,BB-1057,261328,0,JARED JONES 2025 Topps Series 2 Topps -#541 Future Stars Pirates,,,4000,No,BASEBALL,,,,,,,,MLB,,,No,Excellent,,,,Sports Trading Card,,,,,,,,,,,,,,,,,,,,,"<div style=""background:#FDFEFE;border:1px solid #CBD4C2;color:#353535;padding:40px;line-height:1.6;font-family:Arial,sans-serif;font-size:16px;""><h1 style=""text-align:center;"">JARED JONES 2025 Topps Series 2 Topps -#541 Future Stars Pirates</h1><table style=""width:100%;margin-top:30px;border-spacing:0;""><tr><th align=""left"">Payment</th><td>Payment is due within 4 days. Unpaid items may be canceled and relisted.</td></tr><tr><th align=""left"">Shipping</th><td>Items ship via eBay Standard Envelope. Combined shipping may apply. Usually ships within 1 business day.</td></tr><tr><th align=""left"">Disclaimer</th><td>All cards are sold as-is. Review item condition and images. No refunds or returns. Contact us before leaving negative feedback.</td></tr></table></div>",FixedPrice,GTC,2.49,,1,,ImmediatePayRequired,,United States,,Flat,USPSFirstClass,1,0.0,,,1,,,ReturnsNotAccepted,,,,,,,,,,,,,No,No,,,
Add,BB-1060,261328,0,2025 Topps SUMMER SUPERSTARS #SS21 Freddie Freeman Los Angeles Dodgers,,,4000,No,BASEBALL,,,,,,,,MLB,,,No,Excellent,,,,Sports Trading Card,,,,,,,,,,,,,,,,,,,,,"<div style=""background:#FDFEFE;border:1px solid #CBD4C2;color:#353535;padding:40px;line-height:1.6;font-family:Arial,sans-serif;font-size:16px;""><h1 style=""text-align:center;"">2025 Topps SUMMER SUPERSTARS #SS21 Freddie Freeman Los Angeles Dodgers</h1><table style=""width:100%;margin-top:30px;border-spacing:0;""><tr><th align=""left"">Payment</th><td>Payment is due within 4 days. Unpaid items may be canceled and relisted.</td></tr><tr><th align=""left"">Shipping</th><td>Items ship via eBay Standard Envelope. Combined shipping may apply. Usually ships within 1 business day.</td></tr><tr><th align=""left"">Disclaimer</th><td>All cards are sold as-is. Review item condition and images. No refunds or returns. Contact us before leaving negative feedback.</td></tr></table></div>",FixedPrice,GTC,1.99,,1,,ImmediatePayRequired,,United States,,Flat,USPSFirstClass,1,0.0,,,1,,,ReturnsNotAccepted,,,,,,,,,,,,,No,No,,,
Add,BB-1059,261328,0,2025 Topps Series 2 J.T REALMUTO 1990 Topps Insert #90B2-15 Phillies,,,4000,No,BASEBALL,,,,,,,,MLB,,,No,Excellent,,,,Sports Trading Card,,,,,,,,,,,,,,,,,,,,,"<div style=""background:#FDFEFE;border:1px solid #CBD4C2;color:#353535;padding:40px;line-height:1.6;font-family:Arial,sans-serif;font-size:16px;""><h1 style=""text-align:center;"">2025 Topps Series 2 J.T REALMUTO 1990 Topps Insert #90B2-15 Phillies</h1><table style=""width:100%;margin-top:30px;border-spacing:0;""><tr><th align=""left"">Payment</th><td>Payment is due within 4 days. Unpaid items may be canceled and relisted.</td></tr><tr><th align=""left"">Shipping</th><td>Items ship via eBay Standard Envelope. Combined shipping may apply. Usually ships within 1 business day.</td></tr><tr><th align=""left"">Disclaimer</th><td>All cards are sold as-is. Review item condition and images. No refunds or returns. Contact us before leaving negative feedback.</td></tr></table></div>",FixedPrice,GTC,2.99,,1,,ImmediatePayRequired,,United States,,Flat,USPSFirstClass,1,0.0,,,1,,,ReturnsNotAccepted,,,,,,,,,,,,,No,No,,,
Add,BB-1091,261328,0,2024 Bowman Draft Chrome MAX CLARK DETROIT TIGERS #BDC-104,,,4000,No,BASEBALL,,,,,,,,MLB,,,No,Excellent,,,,Sports Trading Card,,,,,,,,,,,,,,,,,,,,,"<div style=""background:#FDFEFE;border:1px solid #CBD4C2;color:#353535;padding:40px;line-height:1.6;font-family:Arial,sans-serif;font-size:16px;""><h1 style=""text-align:center;"">2024 Bowman Draft Chrome MAX CLARK DETROIT TIGERS #BDC-104</h1><table style=""width:100%;margin-top:30px;border-spacing:0;""><tr><th align=""left"">Payment</th><td>Payment is due within 4 days. Unpaid items may be canceled and relisted.</td></tr><tr><th align=""left"">Shipping</th><td>Items ship via eBay Standard Envelope. Combined shipping may apply. Usually ships within 1 business day.</td></tr><tr><th align=""left"">Disclaimer</th><td>All cards are sold as-is. Review item condition and images. No refunds or returns. Contact us before leaving negative feedback.</td></tr></table></div>",FixedPrice,GTC,2.99,,1,,ImmediatePayRequired,,United States,,Flat,USPSFirstClass,1,0.0,,,1,,,ReturnsNotAccepted,,,,,,,,,,,,,No,No,,,
Add,BB-1058,261328,0,2025 Topps Series 2 DYNAMIC DUOS #DD-4 Aaron Judge/Anthony Volpe (Yankees),,,4000,No,BASEBALL,,,,,,,,MLB,,,No,Excellent,,,,Sports Trading Card,,,,,,,,,,,,,,,,,,,,,"<div style=""background:#FDFEFE;border:1px solid #CBD4C2;color:#353535;padding:40px;line-height:1.6;font-family:Arial,sans-serif;font-size:16px;""><h1 style=""text-align:center;"">2025 Topps Series 2 DYNAMIC DUOS #DD-4 Aaron Judge/Anthony Volpe (Yankees)</h1><table style=""width:100%;margin-top:30px;border-spacing:0;""><tr><th align=""left"">Payment</th><td>Payment is due within 4 days. Unpaid items may be canceled and relisted.</td></tr><tr><th align=""left"">Shipping</th><td>Items ship via eBay Standard Envelope. Combined shipping may apply. Usually ships within 1 business day.</td></tr><tr><th align=""left"">Disclaimer</th><td>All cards are sold as-is. Review item condition and images. No refunds or returns. Contact us before leaving negative feedback.</td></tr></table></div>",FixedPrice,GTC,3.49,,1,,ImmediatePayRequired,,United States,,Flat,USPSFirstClass,1,0.0,,,1,,,ReturnsNotAccepted,,,,,,,,,,,,,No,No,,,
Add,CDP-9436E07,261328,0,2024 Bowman U Chrome BRADY COOK SP Image Variations #SP-6 Missouri Tigers,,,4000,No,BASEBALL,,,,,,,,MLB,,,No,Excellent,,,,Sports Trading Card,,,,,,,,,,,,,,,,,,,,,"<div style=""background:#FDFEFE;border:1px solid #CBD4C2;color:#353535;padding:40px;line-height:1.6;font-family:Arial,sans-serif;font-size:16px;""><h1 style=""text-align:center;"">2024 Bowman U Chrome BRADY COOK SP Image Variations #SP-6 Missouri Tigers</h1><table style=""width:100%;margin-top:30px;border-spacing:0;""><tr><th align=""left"">Payment</th><td>Payment is due within 4 days. Unpaid items may be canceled and relisted.</td></tr><tr><th align=""left"">Shipping</th><td>Items ship via eBay Standard Envelope. Combined shipping may apply. Usually ships within 1 business day.</td></tr><tr><th align=""left"">Disclaimer</th><td>All cards are sold as-is. Review item condition and images. No refunds or returns. Contact us before leaving negative feedback.</td></tr></table></div>",FixedPrice,GTC,6.09,,1,,ImmediatePayRequired,,United States,,Flat,USPSFirstClass,1,0.0,,,1,,,ReturnsNotAccepted,,,,,,,,,,,,,No,No,,,
Add,FB-1151,261328,0,2024 Bowman University Chrome - #80 Jackson Arnold Pink Lava Oklahoma Sooners,,,4000,No,BASEBALL,,,,,,,,MLB,,,No,Excellent,,,,Sports Trading Card,,,,,,,,,,,,,,,,,,,,,"<div style=""background:#FDFEFE;border:1px solid #CBD4C2;color:#353535;padding:40px;line-height:1.6;font-family:Arial,sans-serif;font-size:16px;""><h1 style=""text-align:center;"">2024 Bowman University Chrome - #80 Jackson Arnold Pink Lava Oklahoma Sooners</h1><table style=""width:100%;margin-top:30px;border-spacing:0;""><tr><th align=""left"">Payment</th><td>Payment is due within 4 days. Unpaid items may be canceled and relisted.</td></tr><tr><th align=""left"">Shipping</th><td>Items ship via eBay Standard Envelope. Combined shipping may apply. Usually ships within 1 business day.</td></tr><tr><th align=""left"">Disclaimer</th><td>All cards are sold as-is. Review item condition and images. No refunds or returns. Contact us before leaving negative feedback.</td></tr></table></div>",FixedPrice,GTC,1.99,,1,,ImmediatePayRequired,,United States,,Flat,USPSFirstClass,1,0.0,,,1,,,ReturnsNotAccepted,,,,,,,,,,,,,No,No,,,
Add,CDP-8D29EA3,261328,0,2025 Topps Series 2 1990 Topps ALL Stars Chrome Silver Pack Trea Turner 90ASC-9,,,4000,No,BASEBALL,,,,,,,,MLB,,,No,Excellent,,,,Sports Trading Card,,,,,,,,,,,,,,,,,,,,,"<div style=""background:#FDFEFE;border:1px solid #CBD4C2;color:#353535;padding:40px;line-height:1.6;font-family:Arial,sans-serif;font-size:16px;""><h1 style=""text-align:center;"">2025 Topps Series 2 1990 Topps ALL Stars Chrome Silver Pack Trea Turner 90ASC-9</h1><table style=""width:100%;margin-top:30px;border-spacing:0;""><tr><th align=""left"">Payment</th><td>Payment is due within 4 days. Unpaid items may be canceled and relisted.</td></tr><tr><th align=""left"">Shipping</th><td>Items ship via eBay Standard Envelope. Combined shipping may apply. Usually ships within 1 business day.</td></tr><tr><th align=""left"">Disclaimer</th><td>All cards are sold as-is. Review item condition and images. No refunds or returns. Contact us before leaving negative feedback.</td></tr></table></div>",FixedPrice,GTC,2.99,,1,,ImmediatePayRequired,,United States,,Flat,USPSFirstClass,1,0.0,,,1,,,ReturnsNotAccepted,,,,,,,,,,,,,No,No,,,
Add,BB-1049,261328,0,2025 Topps Series 2 #SS-32 Trea Turner Summer Superstars,,,4000,No,BASEBALL,,,,,,,,MLB,,,No,Excellent,,,,Sports Trading Card,,,,,,,,,,,,,,,,,,,,,"<div style=""background:#FDFEFE;border:1px solid #CBD4C2;color:#353535;padding:40px;line-height:1.6;font-family:Arial,sans-serif;font-size:16px;""><h1 style=""text-align:center;"">2025 Topps Series 2 #SS-32 Trea Turner Summer Superstars</h1><table style=""width:100%;margin-top:30px;border-spacing:0;""><tr><th align=""left"">Payment</th><td>Payment is due within 4 days. Unpaid items may be canceled and relisted.</td></tr><tr><th align=""left"">Shipping</th><td>Items ship via eBay Standard Envelope. Combined shipping may apply. Usually ships within 1 business day.</td></tr><tr><th align=""left"">Disclaimer</th><td>All cards are sold as-is. Review item condition and images. No refunds or returns. Contact us before leaving negative feedback.</td></tr></table></div>",FixedPrice,GTC,1.99,,1,,ImmediatePayRequired,,United States,,Flat,USPSFirstClass,1,0.0,,,1,,,ReturnsNotAccepted,,,,,,,,,,,,,No,No,,,
Add,BB-1051,261328,0,2025 Topps Series 2 #524 Luisangel Acuna Mets,,,4000,No,BASEBALL,,,,,,,,MLB,,,No,Excellent,,,,Sports Trading Card,,,,,,,,,,,,,,,,,,,,,"<div style=""background:#FDFEFE;border:1px solid #CBD4C2;color:#353535;padding:40px;line-height:1.6;font-family:Arial,sans-serif;font-size:16px;""><h1 style=""text-align:center;"">2025 Topps Series 2 #524 Luisangel Acuna Mets</h1><table style=""width:100%;margin-top:30px;border-spacing:0;""><tr><th align=""left"">Payment</th><td>Payment is due within 4 days. Unpaid items may be canceled and relisted.</td></tr><tr><th align=""left"">Shipping</th><td>Items ship via eBay Standard Envelope. Combined shipping may apply. Usually ships within 1 business day.</td></tr><tr><th align=""left"">Disclaimer</th><td>All cards are sold as-is. Review item condition and images. No refunds or returns. Contact us before leaving negative feedback.</td></tr></table></div>",FixedPrice,GTC,1.99,,1,,ImmediatePayRequired,,United States,,Flat,USPSFirstClass,1,0.0,,,1,,,ReturnsNotAccepted,,,,,,,,,,,,,No,No,,,
Add,BB-1050,261328,0,2025 Topps Series 2 #367 Wilyer Abreu,,,4000,No,BASEBALL,,,,,,,,MLB,,,No,Excellent,,,,Sports Trading Card,,,,,,,,,,,,,,,,,,,,,"<div style=""background:#FDFEFE;border:1px solid #CBD4C2;color:#353535;padding:40px;line-height:1.6;font-family:Arial,sans-serif;font-size:16px;""><h1 style=""text-align:center;"">2025 Topps Series 2 #367 Wilyer Abreu</h1><table style=""width:100%;margin-top:30px;border-spacing:0;""><tr><th align=""left"">Payment</th><td>Payment is due within 4 days. Unpaid items may be canceled and relisted.</td></tr><tr><th align=""left"">Shipping</th><td>Items ship via eBay Standard Envelope. Combined shipping may apply. Usually ships within 1 business day.</td></tr><tr><th align=""left"">Disclaimer</th><td>All cards are sold as-is. Review item condition and images. No refunds or returns. Contact us before leaving negative feedback.</td></tr></table></div>",FixedPrice,GTC,1.99,,1,,ImmediatePayRequired,,United States,,Flat,USPSFirstClass,1,0.0,,,1,,,ReturnsNotAccepted,,,,,,,,,,,,,No,No,,,
Add,BB-1054,261328,0,2025 Topps Series 2 #490 Jackson Jobe,,,4000,No,BASEBALL,,,,,,,,MLB,,,No,Excellent,,,,Sports Trading Card,,,,,,,,,,,,,,,,,,,,,"<div style=""background:#FDFEFE;border:1px solid #CBD4C2;color:#353535;padding:40px;line-height:1.6;font-family:Arial,sans-serif;font-size:16px;""><h1 style=""text-align:center;"">2025 Topps Series 2 #490 Jackson Jobe</h1><table style=""width:100%;margin-top:30px;border-spacing:0;""><tr><th align=""left"">Payment</th><td>Payment is due within 4 days. Unpaid items may be canceled and relisted.</td></tr><tr><th align=""left"">Shipping</th><td>Items ship via eBay Standard Envelope. Combined shipping may apply. Usually ships within 1 business day.</td></tr><tr><th align=""left"">Disclaimer</th><td>All cards are sold as-is. Review item condition and images. No refunds or returns. Contact us before leaving negative feedback.</td></tr></table></div>",FixedPrice,GTC,1.99,,1,,ImmediatePayRequired,,United States,,Flat,USPSFirstClass,1,0.0,,,1,,,ReturnsNotAccepted,,,,,,,,,,,,,No,No,,,
Add,BB-1053,261328,0,2025 Topps Series 2 #447 Griffin Conine Purple,,,4000,No,BASEBALL,,,,,,,,MLB,,,No,Excellent,,,,Sports Trading Card,,,,,,,,,,,,,,,,,,,,,"<div style=""background:#FDFEFE;border:1px solid #CBD4C2;color:#353535;padding:40px;line-height:1.6;font-family:Arial,sans-serif;font-size:16px;""><h1 style=""text-align:center;"">2025 Topps Series 2 #447 Griffin Conine Purple</h1><table style=""width:100%;margin-top:30px;border-spacing:0;""><tr><th align=""left"">Payment</th><td>Payment is due within 4 days. Unpaid items may be canceled and relisted.</td></tr><tr><th align=""left"">Shipping</th><td>Items ship via eBay Standard Envelope. Combined shipping may apply. Usually ships within 1 business day.</td></tr><tr><th align=""left"">Disclaimer</th><td>All cards are sold as-is. Review item condition and images. No refunds or returns. Contact us before leaving negative feedback.</td></tr></table></div>",FixedPrice,GTC,3.59,,1,,ImmediatePayRequired,,United States,,Flat,USPSFirstClass,1,0.0,,,1,,,ReturnsNotAccepted,,,,,,,,,,,,,No,No,,,
Add,BB-1046,261328,0,2025 Topps Series 2 Rainbow Foil BREWERS WILLIAM CONTRERAS #433,,,4000,No,BASEBALL,,,,,,,,MLB,,,No,Excellent,,,,Sports Trading Card,,,,,,,,,,,,,,,,,,,,,"<div style=""background:#FDFEFE;border:1px solid #CBD4C2;color:#353535;padding:40px;line-height:1.6;font-family:Arial,sans-serif;font-size:16px;""><h1 style=""text-align:center;"">2025 Topps Series 2 Rainbow Foil BREWERS WILLIAM CONTRERAS #433</h1><table style=""width:100%;margin-top:30px;border-spacing:0;""><tr><th align=""left"">Payment</th><td>Payment is due within 4 days. Unpaid items may be canceled and relisted.</td></tr><tr><th align=""left"">Shipping</th><td>Items ship via eBay Standard Envelope. Combined shipping may apply. Usually ships within 1 business day.</td></tr><tr><th align=""left"">Disclaimer</th><td>All cards are sold as-is. Review item condition and images. No refunds or returns. Contact us before leaving negative feedback.</td></tr></table></div>",FixedPrice,GTC,2.99,,1,,ImmediatePayRequired,,United States,,Flat,USPSFirstClass,1,0.0,,,1,,,ReturnsNotAccepted,,,,,,,,,,,,,No,No,,,
Add,SR-1052,261328,0,MATTY WARHURST 2024-25 Topps Finest UEFA Club Competitions Auto RC #BA-MW /199,,,4000,No,BASEBALL,,,,,,,,MLB,,,No,Excellent,,,,Sports Trading Card,,,,,,,,,,,,,,,,,,,,,"<div style=""background:#FDFEFE;border:1px solid #CBD4C2;color:#353535;padding:40px;line-height:1.6;font-family:Arial,sans-serif;font-size:16px;""><h1 style=""text-align:center;"">MATTY WARHURST 2024-25 Topps Finest UEFA Club Competitions Auto RC #BA-MW /199</h1><table style=""width:100%;margin-top:30px;border-spacing:0;""><tr><th align=""left"">Payment</th><td>Payment is due within 4 days. Unpaid items may be canceled and relisted.</td></tr><tr><th align=""left"">Shipping</th><td>Items ship via eBay Standard Envelope. Combined shipping may apply. Usually ships within 1 business day.</td></tr><tr><th align=""left"">Disclaimer</th><td>All cards are sold as-is. Review item condition and images. No refunds or returns. Contact us before leaving negative feedback.</td></tr></table></div>",FixedPrice,GTC,19.39,,1,,ImmediatePayRequired,,United States,,Flat,USPSFirstClass,1,0.0,,,1,,,ReturnsNotAccepted,,,,,,,,,,,,,Yes,No,,,
Add,SR-1054,261328,0,2024/25 Topps Finest UEFA CC Xavi Simons purple Prism Refractor /299 RB Leipzig,,,4000,No,BASEBALL,,,,,,,,MLB,,,No,Excellent,,,,Sports Trading Card,,,,,,,,,,,,,,,,,,,,,"<div style=""background:#FDFEFE;border:1px solid #CBD4C2;color:#353535;padding:40px;line-height:1.6;font-family:Arial,sans-serif;font-size:16px;""><h1 style=""text-align:center;"">2024/25 Topps Finest UEFA CC Xavi Simons purple Prism Refractor /299 RB Leipzig</h1><table style=""width:100%;margin-top:30px;border-spacing:0;""><tr><th align=""left"">Payment</th><td>Payment is due within 4 days. Unpaid items may be canceled and relisted.</td></tr><tr><th align=""left"">Shipping</th><td>Items ship via eBay Standard Envelope. Combined shipping may apply. Usually ships within 1 business day.</td></tr><tr><th align=""left"">Disclaimer</th><td>All cards are sold as-is. Review item condition and images. No refunds or returns. Contact us before leaving negative feedback.</td></tr></table></div>",FixedPrice,GTC,6.49,,1,,ImmediatePayRequired,,United States,,Flat,USPSFirstClass,1,0.0,,,1,,,ReturnsNotAccepted,,,,,,,,,,,,,No,No,,,
Add,SR-1047,261328,0,2024-25 Topps Finest UEFA COLE CAMPBELL blue Raywave Ref RC /150 Dortmund Rookie,,,4000,No,BASEBALL,,,,,,,,MLB,,,No,Excellent,,,,Sports Trading Card,,,,,,,,,,,,,,,,,,,,,"<div style=""background:#FDFEFE;border:1px solid #CBD4C2;color:#353535;padding:40px;line-height:1.6;font-family:Arial,sans-serif;font-size:16px;""><h1 style=""text-align:center;"">2024-25 Topps Finest UEFA COLE CAMPBELL blue Raywave Ref RC /150 Dortmund Rookie</h1><table style=""width:100%;margin-top:30px;border-spacing:0;""><tr><th align=""left"">Payment</th><td>Payment is due within 4 days. Unpaid items may be canceled and relisted.</td></tr><tr><th align=""left"">Shipping</th><td>Items ship via eBay Standard Envelope. Combined shipping may apply. Usually ships within 1 business day.</td></tr><tr><th align=""left"">Disclaimer</th><td>All cards are sold as-is. Review item condition and images. No refunds or returns. Contact us before leaving negative feedback.</td></tr></table></div>",FixedPrice,GTC,7.59,,1,,ImmediatePayRequired,,United States,,Flat,USPSFirstClass,1,0.0,,,1,,,ReturnsNotAccepted,,,,,,,,,,,,,Yes,No,,,
Add,BB-1098,261328,0,2025 Bowman JACKSON CHOURIO #11 Brewers,,,4000,No,BASEBALL,,,,,,,,MLB,,,No,Excellent,,,,Sports Trading Card,,,,,,,,,,,,,,,,,,,,,"<div style=""background:#FDFEFE;border:1px solid #CBD4C2;color:#353535;padding:40px;line-height:1.6;font-family:Arial,sans-serif;font-size:16px;""><h1 style=""text-align:center;"">2025 Bowman JACKSON CHOURIO #11 Brewers</h1><table style=""width:100%;margin-top:30px;border-spacing:0;""><tr><th align=""left"">Payment</th><td>Payment is due within 4 days. Unpaid items may be canceled and relisted.</td></tr><tr><th align=""left"">Shipping</th><td>Items ship via eBay Standard Envelope. Combined shipping may apply. Usually ships within 1 business day.</td></tr><tr><th align=""left"">Disclaimer</th><td>All cards are sold as-is. Review item condition and images. No refunds or returns. Contact us before leaving negative feedback.</td></tr></table></div>",FixedPrice,GTC,2.99,,1,,ImmediatePayRequired,,United States,,Flat,USPSFirstClass,1,0.0,,,1,,,ReturnsNotAccepted,,,,,,,,,,,,,No,No,,,
Add,BB-1109,261328,0,2024 Topps Update #SMLB-67 Colton Cowser Stars of MLB Orioles,,,4000,No,BASEBALL,,,,,,,,MLB,,,No,Excellent,,,,Sports Trading Card,,,,,,,,,,,,,,,,,,,,,"<div style=""background:#FDFEFE;border:1px solid #CBD4C2;color:#353535;padding:40px;line-height:1.6;font-family:Arial,sans-serif;font-size:16px;""><h1 style=""text-align:center;"">2024 Topps Update #SMLB-67 Colton Cowser Stars of MLB Orioles</h1><table style=""width:100%;margin-top:30px;border-spacing:0;""><tr><th align=""left"">Payment</th><td>Payment is due within 4 days. Unpaid items may be canceled and relisted.</td></tr><tr><th align=""left"">Shipping</th><td>Items ship via eBay Standard Envelope. Combined shipping may apply. Usually ships within 1 business day.</td></tr><tr><th align=""left"">Disclaimer</th><td>All cards are sold as-is. Review item condition and images. No refunds or returns. Contact us before leaving negative feedback.</td></tr></table></div>",FixedPrice,GTC,1.99,,1,,ImmediatePayRequired,,United States,,Flat,USPSFirstClass,1,0.0,,,1,,,ReturnsNotAccepted,,,,,,,,,,,,,No,No,,,
Add,BB-1097,261328,0,2025 Bowman #BP-38 Luis Pena Prospects,,,4000,No,BASEBALL,,,,,,,,MLB,,,No,Excellent,,,,Sports Trading Card,,,,,,,,,,,,,,,,,,,,,"<div style=""background:#FDFEFE;border:1px solid #CBD4C2;color:#353535;padding:40px;line-height:1.6;font-family:Arial,sans-serif;font-size:16px;""><h1 style=""text-align:center;"">2025 Bowman #BP-38 Luis Pena Prospects</h1><table style=""width:100%;margin-top:30px;border-spacing:0;""><tr><th align=""left"">Payment</th><td>Payment is due within 4 days. Unpaid items may be canceled and relisted.</td></tr><tr><th align=""left"">Shipping</th><td>Items ship via eBay Standard Envelope. Combined shipping may apply. Usually ships within 1 business day.</td></tr><tr><th align=""left"">Disclaimer</th><td>All cards are sold as-is. Review item condition and images. No refunds or returns. Contact us before leaving negative feedback.</td></tr></table></div>",FixedPrice,GTC,1.99,,1,,ImmediatePayRequired,,United States,,Flat,USPSFirstClass,1,0.0,,,1,,,ReturnsNotAccepted,,,,,,,,,,,,,No,No,,,
Add,BB-1099,261328,0,2024 Bowman Draft #BD-1 Travis Bazzana guardians,,,4000,No,BASEBALL,,,,,,,,MLB,,,No,Excellent,,,,Sports Trading Card,,,,,,,,,,,,,,,,,,,,,"<div style=""background:#FDFEFE;border:1px solid #CBD4C2;color:#353535;padding:40px;line-height:1.6;font-family:Arial,sans-serif;font-size:16px;""><h1 style=""text-align:center;"">2024 Bowman Draft #BD-1 Travis Bazzana guardians</h1><table style=""width:100%;margin-top:30px;border-spacing:0;""><tr><th align=""left"">Payment</th><td>Payment is due within 4 days. Unpaid items may be canceled and relisted.</td></tr><tr><th align=""left"">Shipping</th><td>Items ship via eBay Standard Envelope. Combined shipping may apply. Usually ships within 1 business day.</td></tr><tr><th align=""left"">Disclaimer</th><td>All cards are sold as-is. Review item condition and images. No refunds or returns. Contact us before leaving negative feedback.</td></tr></table></div>",FixedPrice,GTC,1.99,,1,,ImmediatePayRequired,,United States,,Flat,USPSFirstClass,1,0.0,,,1,,,ReturnsNotAccepted,,,,,,,,,,,,,No,No,,,
Add,BB-1100,261328,0,2025 Topps Series 1 #220 Jackson Holliday Orioles,,,4000,No,BASEBALL,,,,,,,,MLB,,,No,Excellent,,,,Sports Trading Card,,,,,,,,,,,,,,,,,,,,,"<div style=""background:#FDFEFE;border:1px solid #CBD4C2;color:#353535;padding:40px;line-height:1.6;font-family:Arial,sans-serif;font-size:16px;""><h1 style=""text-align:center;"">2025 Topps Series 1 #220 Jackson Holliday Orioles</h1><table style=""width:100%;margin-top:30px;border-spacing:0;""><tr><th align=""left"">Payment</th><td>Payment is due within 4 days. Unpaid items may be canceled and relisted.</td></tr><tr><th align=""left"">Shipping</th><td>Items ship via eBay Standard Envelope. Combined shipping may apply. Usually ships within 1 business day.</td></tr><tr><th align=""left"">Disclaimer</th><td>All cards are sold as-is. Review item condition and images. No refunds or returns. Contact us before leaving negative feedback.</td></tr></table></div>",FixedPrice,GTC,1.99,,1,,ImmediatePayRequired,,United States,,Flat,USPSFirstClass,1,0.0,,,1,,,ReturnsNotAccepted,,,,,,,,,,,,,No,No,,,
Add,CDP-CBECC3B,261328,0,2024Topps Finest #96 Jalen McMillan Bucs,,,4000,No,BASEBALL,,,,,,,,MLB,,,No,Excellent,,,,Sports Trading Card,,,,,,,,,,,,,,,,,,,,,"<div style=""background:#FDFEFE;border:1px solid #CBD4C2;color:#353535;padding:40px;line-height:1.6;font-family:Arial,sans-serif;font-size:16px;""><h1 style=""text-align:center;"">2024Topps Finest #96 Jalen McMillan Bucs</h1><table style=""width:100%;margin-top:30px;border-spacing:0;""><tr><th align=""left"">Payment</th><td>Payment is due within 4 days. Unpaid items may be canceled and relisted.</td></tr><tr><th align=""left"">Shipping</th><td>Items ship via eBay Standard Envelope. Combined shipping may apply. Usually ships within 1 business day.</td></tr><tr><th align=""left"">Disclaimer</th><td>All cards are sold as-is. Review item condition and images. No refunds or returns. Contact us before leaving negative feedback.</td></tr></table></div>",FixedPrice,GTC,1.99,,1,,ImmediatePayRequired,,United States,,Flat,USPSFirstClass,1,0.0,,,1,,,ReturnsNotAccepted,,,,,,,,,,,,,No,No,,,
Add,BB-1086,261328,0,2025 Topps Series 1 #7 Alec Bohm Gold/2025 Phillies,,,4000,No,BASEBALL,,,,,,,,MLB,,,No,Excellent,,,,Sports Trading Card,,,,,,,,,,,,,,,,,,,,,"<div style=""background:#FDFEFE;border:1px solid #CBD4C2;color:#353535;padding:40px;line-height:1.6;font-family:Arial,sans-serif;font-size:16px;""><h1 style=""text-align:center;"">2025 Topps Series 1 #7 Alec Bohm Gold/2025 Phillies</h1><table style=""width:100%;margin-top:30px;border-spacing:0;""><tr><th align=""left"">Payment</th><td>Payment is due within 4 days. Unpaid items may be canceled and relisted.</td></tr><tr><th align=""left"">Shipping</th><td>Items ship via eBay Standard Envelope. Combined shipping may apply. Usually ships within 1 business day.</td></tr><tr><th align=""left"">Disclaimer</th><td>All cards are sold as-is. Review item condition and images. No refunds or returns. Contact us before leaving negative feedback.</td></tr></table></div>",FixedPrice,GTC,3.89,,1,,ImmediatePayRequired,,United States,,Flat,USPSFirstClass,1,0.0,,,1,,,ReturnsNotAccepted,,,,,,,,,,,,,No,No,,,
Add,BB-1104,261328,0,2025 ELLY DE LA CRUZ - Topps Series One #150 - Future Stars Reds,,,4000,No,BASEBALL,,,,,,,,MLB,,,No,Excellent,,,,Sports Trading Card,,,,,,,,,,,,,,,,,,,,,"<div style=""background:#FDFEFE;border:1px solid #CBD4C2;color:#353535;padding:40px;line-height:1.6;font-family:Arial,sans-serif;font-size:16px;""><h1 style=""text-align:center;"">2025 ELLY DE LA CRUZ - Topps Series One #150 - Future Stars Reds</h1><table style=""width:100%;margin-top:30px;border-spacing:0;""><tr><th align=""left"">Payment</th><td>Payment is due within 4 days. Unpaid items may be canceled and relisted.</td></tr><tr><th align=""left"">Shipping</th><td>Items ship via eBay Standard Envelope. Combined shipping may apply. Usually ships within 1 business day.</td></tr><tr><th align=""left"">Disclaimer</th><td>All cards are sold as-is. Review item condition and images. No refunds or returns. Contact us before leaving negative feedback.</td></tr></table></div>",FixedPrice,GTC,2.99,,1,,ImmediatePayRequired,,United States,,Flat,USPSFirstClass,1,0.0,,,1,,,ReturnsNotAccepted,,,,,,,,,,,,,No,No,,,
Add,BB-1103,261328,0,2025 Topps Baseball Series 1 WILLIE MAYS 1990 35th Anniversary #T90-96,,,4000,No,BASEBALL,,,,,,,,MLB,,,No,Excellent,,,,Sports Trading Card,,,,,,,,,,,,,,,,,,,,,"<div style=""background:#FDFEFE;border:1px solid #CBD4C2;color:#353535;padding:40px;line-height:1.6;font-family:Arial,sans-serif;font-size:16px;""><h1 style=""text-align:center;"">2025 Topps Baseball Series 1 WILLIE MAYS 1990 35th Anniversary #T90-96</h1><table style=""width:100%;margin-top:30px;border-spacing:0;""><tr><th align=""left"">Payment</th><td>Payment is due within 4 days. Unpaid items may be canceled and relisted.</td></tr><tr><th align=""left"">Shipping</th><td>Items ship via eBay Standard Envelope. Combined shipping may apply. Usually ships within 1 business day.</td></tr><tr><th align=""left"">Disclaimer</th><td>All cards are sold as-is. Review item condition and images. No refunds or returns. Contact us before leaving negative feedback.</td></tr></table></div>",FixedPrice,GTC,2.99,,1,,ImmediatePayRequired,,United States,,Flat,USPSFirstClass,1,0.0,,,1,,,ReturnsNotAccepted,,,,,,,,,,,,,No,No,,,
Add,BB-1077,261328,0,2025 Topps Series 1 #4 Christian Encarnacion-Strand Rainbow Foil Reds,,,4000,No,BASEBALL,,,,,,,,MLB,,,No,Excellent,,,,Sports Trading Card,,,,,,,,,,,,,,,,,,,,,"<div style=""background:#FDFEFE;border:1px solid #CBD4C2;color:#353535;padding:40px;line-height:1.6;font-family:Arial,sans-serif;font-size:16px;""><h1 style=""text-align:center;"">2025 Topps Series 1 #4 Christian Encarnacion-Strand Rainbow Foil Reds</h1><table style=""width:100%;margin-top:30px;border-spacing:0;""><tr><th align=""left"">Payment</th><td>Payment is due within 4 days. Unpaid items may be canceled and relisted.</td></tr><tr><th align=""left"">Shipping</th><td>Items ship via eBay Standard Envelope. Combined shipping may apply. Usually ships within 1 business day.</td></tr><tr><th align=""left"">Disclaimer</th><td>All cards are sold as-is. Review item condition and images. No refunds or returns. Contact us before leaving negative feedback.</td></tr></table></div>",FixedPrice,GTC,1.49,,1,,ImmediatePayRequired,,United States,,Flat,USPSFirstClass,1,0.0,,,1,,,ReturnsNotAccepted,,,,,,,,,,,,,No,No,,,
Add,BB-1078,261328,0,2024 Bowman Draft #BDN-4 Hagen Smith Bowman Draft Night White Sox,,,4000,No,BASEBALL,,,,,,,,MLB,,,No,Excellent,,,,Sports Trading Card,,,,,,,,,,,,,,,,,,,,,"<div style=""background:#FDFEFE;border:1px solid #CBD4C2;color:#353535;padding:40px;line-height:1.6;font-family:Arial,sans-serif;font-size:16px;""><h1 style=""text-align:center;"">2024 Bowman Draft #BDN-4 Hagen Smith Bowman Draft Night White Sox</h1><table style=""width:100%;margin-top:30px;border-spacing:0;""><tr><th align=""left"">Payment</th><td>Payment is due within 4 days. Unpaid items may be canceled and relisted.</td></tr><tr><th align=""left"">Shipping</th><td>Items ship via eBay Standard Envelope. Combined shipping may apply. Usually ships within 1 business day.</td></tr><tr><th align=""left"">Disclaimer</th><td>All cards are sold as-is. Review item condition and images. No refunds or returns. Contact us before leaving negative feedback.</td></tr></table></div>",FixedPrice,GTC,1.69,,1,,ImmediatePayRequired,,United States,,Flat,USPSFirstClass,1,0.0,,,1,,,ReturnsNotAccepted,,,,,,,,,,,,,No,No,,,
Add,BB-1071,261328,0,2025 Topps #TG-4 Fernando Tatis Jr. Training Grounds Padres,,,4000,No,BASEBALL,,,,,,,,MLB,,,No,Excellent,,,,Sports Trading Card,,,,,,,,,,,,,,,,,,,,,"<div style=""background:#FDFEFE;border:1px solid #CBD4C2;color:#353535;padding:40px;line-height:1.6;font-family:Arial,sans-serif;font-size:16px;""><h1 style=""text-align:center;"">2025 Topps #TG-4 Fernando Tatis Jr. Training Grounds Padres</h1><table style=""width:100%;margin-top:30px;border-spacing:0;""><tr><th align=""left"">Payment</th><td>Payment is due within 4 days. Unpaid items may be canceled and relisted.</td></tr><tr><th align=""left"">Shipping</th><td>Items ship via eBay Standard Envelope. Combined shipping may apply. Usually ships within 1 business day.</td></tr><tr><th align=""left"">Disclaimer</th><td>All cards are sold as-is. Review item condition and images. No refunds or returns. Contact us before leaving negative feedback.</td></tr></table></div>",FixedPrice,GTC,1.49,,1,,ImmediatePayRequired,,United States,,Flat,USPSFirstClass,1,0.0,,,1,,,ReturnsNotAccepted,,,,,,,,,,,,,No,No,,,
Add,BB-1082,261328,0,2025 Bowman #ROY-12 Trey Sweeney Rookie of the Year Favorites Tigers RC,,,4000,No,BASEBALL,,,,,,,,MLB,,,No,Excellent,,,,Sports Trading Card,,,,,,,,,,,,,,,,,,,,,"<div style=""background:#FDFEFE;border:1px solid #CBD4C2;color:#353535;padding:40px;line-height:1.6;font-family:Arial,sans-serif;font-size:16px;""><h1 style=""text-align:center;"">2025 Bowman #ROY-12 Trey Sweeney Rookie of the Year Favorites Tigers RC</h1><table style=""width:100%;margin-top:30px;border-spacing:0;""><tr><th align=""left"">Payment</th><td>Payment is due within 4 days. Unpaid items may be canceled and relisted.</td></tr><tr><th align=""left"">Shipping</th><td>Items ship via eBay Standard Envelope. Combined shipping may apply. Usually ships within 1 business day.</td></tr><tr><th align=""left"">Disclaimer</th><td>All cards are sold as-is. Review item condition and images. No refunds or returns. Contact us before leaving negative feedback.</td></tr></table></div>",FixedPrice,GTC,1.49,,1,,ImmediatePayRequired,,United States,,Flat,USPSFirstClass,1,0.0,,,1,,,ReturnsNotAccepted,,,,,,,,,,,,,Yes,No,,,
Add,CDP-44A3302,261328,0,2023 Bowman 1st Edition #BCP-25 Druw Jones Diamondbacks,,,4000,No,BASEBALL,,,,,,,,MLB,,,No,Excellent,,,,Sports Trading Card,,,,,,,,,,,,,,,,,,,,,"<div style=""background:#FDFEFE;border:1px solid #CBD4C2;color:#353535;padding:40px;line-height:1.6;font-family:Arial,sans-serif;font-size:16px;""><h1 style=""text-align:center;"">2023 Bowman 1st Edition #BCP-25 Druw Jones Diamondbacks</h1><table style=""width:100%;margin-top:30px;border-spacing:0;""><tr><th align=""left"">Payment</th><td>Payment is due within 4 days. Unpaid items may be canceled and relisted.</td></tr><tr><th align=""left"">Shipping</th><td>Items ship via eBay Standard Envelope. Combined shipping may apply. Usually ships within 1 business day.</td></tr><tr><th align=""left"">Disclaimer</th><td>All cards are sold as-is. Review item condition and images. No refunds or returns. Contact us before leaving negative feedback.</td></tr></table></div>",FixedPrice,GTC,2.49,,1,,ImmediatePayRequired,,United States,,Flat,USPSFirstClass,1,0.0,,,1,,,ReturnsNotAccepted,,,,,,,,,,,,,No,No,,,
Add,BB-1074,261328,0,2025 Topps Series 1 SHOHEI OHTANI #1 Base Dodgers MVP,,,4000,No,BASEBALL,,,,,,,,MLB,,,No,Excellent,,,,Sports Trading Card,,,,,,,,,,,,,,,,,,,,,"<div style=""background:#FDFEFE;border:1px solid #CBD4C2;color:#353535;padding:40px;line-height:1.6;font-family:Arial,sans-serif;font-size:16px;""><h1 style=""text-align:center;"">2025 Topps Series 1 SHOHEI OHTANI #1 Base Dodgers MVP</h1><table style=""width:100%;margin-top:30px;border-spacing:0;""><tr><th align=""left"">Payment</th><td>Payment is due within 4 days. Unpaid items may be canceled and relisted.</td></tr><tr><th align=""left"">Shipping</th><td>Items ship via eBay Standard Envelope. Combined shipping may apply. Usually ships within 1 business day.</td></tr><tr><th align=""left"">Disclaimer</th><td>All cards are sold as-is. Review item condition and images. No refunds or returns. Contact us before leaving negative feedback.</td></tr></table></div>",FixedPrice,GTC,2.99,,1,,ImmediatePayRequired,,United States,,Flat,USPSFirstClass,1,0.0,,,1,,,ReturnsNotAccepted,,,,,,,,,,,,,No,No,,,
Add,BB-1072,261328,0,2024 Bowman Draft #BDC-157 Tytus Cissell Chrome Blue Refractor Diamondback,,,4000,No,BASEBALL,,,,,,,,MLB,,,No,Excellent,,,,Sports Trading Card,,,,,,,,,,,,,,,,,,,,,"<div style=""background:#FDFEFE;border:1px solid #CBD4C2;color:#353535;padding:40px;line-height:1.6;font-family:Arial,sans-serif;font-size:16px;""><h1 style=""text-align:center;"">2024 Bowman Draft #BDC-157 Tytus Cissell Chrome Blue Refractor Diamondback</h1><table style=""width:100%;margin-top:30px;border-spacing:0;""><tr><th align=""left"">Payment</th><td>Payment is due within 4 days. Unpaid items may be canceled and relisted.</td></tr><tr><th align=""left"">Shipping</th><td>Items ship via eBay Standard Envelope. Combined shipping may apply. Usually ships within 1 business day.</td></tr><tr><th align=""left"">Disclaimer</th><td>All cards are sold as-is. Review item condition and images. No refunds or returns. Contact us before leaving negative feedback.</td></tr></table></div>",FixedPrice,GTC,3.75,,1,,ImmediatePayRequired,,United States,,Flat,USPSFirstClass,1,0.0,,,1,,,ReturnsNotAccepted,,,,,,,,,,,,,No,No,,,
Add,CDP-8E2E469,261328,0,2024 Topps Update #US185 Jhonny Pereda / Emmanuel Ramirez RCOM Gold Rainbow Foil,,,4000,No,BASEBALL,,,,,,,,MLB,,,No,Excellent,,,,Sports Trading Card,,,,,,,,,,,,,,,,,,,,,"<div style=""background:#FDFEFE;border:1px solid #CBD4C2;color:#353535;padding:40px;line-height:1.6;font-family:Arial,sans-serif;font-size:16px;""><h1 style=""text-align:center;"">2024 Topps Update #US185 Jhonny Pereda / Emmanuel Ramirez RCOM Gold Rainbow Foil</h1><table style=""width:100%;margin-top:30px;border-spacing:0;""><tr><th align=""left"">Payment</th><td>Payment is due within 4 days. Unpaid items may be canceled and relisted.</td></tr><tr><th align=""left"">Shipping</th><td>Items ship via eBay Standard Envelope. Combined shipping may apply. Usually ships within 1 business day.</td></tr><tr><th align=""left"">Disclaimer</th><td>All cards are sold as-is. Review item condition and images. No refunds or returns. Contact us before leaving negative feedback.</td></tr></table></div>",FixedPrice,GTC,1.49,,1,,ImmediatePayRequired,,United States,,Flat,USPSFirstClass,1,0.0,,,1,,,ReturnsNotAccepted,,,,,,,,,,,,,No,No,,,
Add,BB-1115,261328,0,2022 Topps Chrome - CORBIN BURNES #167 Aqua Refractor /199,,,4000,No,BASEBALL,,,,,,,,MLB,,,No,Excellent,,,,Sports Trading Card,,,,,,,,,,,,,,,,,,,,,"<div style=""background:#FDFEFE;border:1px solid #CBD4C2;color:#353535;padding:40px;line-height:1.6;font-family:Arial,sans-serif;font-size:16px;""><h1 style=""text-align:center;"">2022 Topps Chrome - CORBIN BURNES #167 Aqua Refractor /199</h1><table style=""width:100%;margin-top:30px;border-spacing:0;""><tr><th align=""left"">Payment</th><td>Payment is due within 4 days. Unpaid items may be canceled and relisted.</td></tr><tr><th align=""left"">Shipping</th><td>Items ship via eBay Standard Envelope. Combined shipping may apply. Usually ships within 1 business day.</td></tr><tr><th align=""left"">Disclaimer</th><td>All cards are sold as-is. Review item condition and images. No refunds or returns. Contact us before leaving negative feedback.</td></tr></table></div>",FixedPrice,GTC,4.99,,1,,ImmediatePayRequired,,United States,,Flat,USPSFirstClass,1,0.0,,,1,,,ReturnsNotAccepted,,,,,,,,,,,,,No,No,,,
Add,BB-1116,261328,0,2024 Topps Chrome RAY Wave RC Rookie #142 Heston Kjerstad Orioles,,,4000,No,BASEBALL,,,,,,,,MLB,,,No,Excellent,,,,Sports Trading Card,,,,,,,,,,,,,,,,,,,,,"<div style=""background:#FDFEFE;border:1px solid #CBD4C2;color:#353535;padding:40px;line-height:1.6;font-family:Arial,sans-serif;font-size:16px;""><h1 style=""text-align:center;"">2024 Topps Chrome RAY Wave RC Rookie #142 Heston Kjerstad Orioles</h1><table style=""width:100%;margin-top:30px;border-spacing:0;""><tr><th align=""left"">Payment</th><td>Payment is due within 4 days. Unpaid items may be canceled and relisted.</td></tr><tr><th align=""left"">Shipping</th><td>Items ship via eBay Standard Envelope. Combined shipping may apply. Usually ships within 1 business day.</td></tr><tr><th align=""left"">Disclaimer</th><td>All cards are sold as-is. Review item condition and images. No refunds or returns. Contact us before leaving negative feedback.</td></tr></table></div>",FixedPrice,GTC,3.5,,1,,ImmediatePayRequired,,United States,,Flat,USPSFirstClass,1,0.0,,,1,,,ReturnsNotAccepted,,,,,,,,,,,,,Yes,No,,,
Add,FB-1226,261328,0,2024 Bowman University Chrome JOSH HOOVER #108 TCU Horned Frogs,,,4000,No,BASEBALL,,,,,,,,MLB,,,No,Excellent,,,,Sports Trading Card,,,,,,,,,,,,,,,,,,,,,"<div style=""background:#FDFEFE;border:1px solid #CBD4C2;color:#353535;padding:40px;line-height:1.6;font-family:Arial,sans-serif;font-size:16px;""><h1 style=""text-align:center;"">2024 Bowman University Chrome JOSH HOOVER #108 TCU Horned Frogs</h1><table style=""width:100%;margin-top:30px;border-spacing:0;""><tr><th align=""left"">Payment</th><td>Payment is due within 4 days. Unpaid items may be canceled and relisted.</td></tr><tr><th align=""left"">Shipping</th><td>Items ship via eBay Standard Envelope. Combined shipping may apply. Usually ships within 1 business day.</td></tr><tr><th align=""left"">Disclaimer</th><td>All cards are sold as-is. Review item condition and images. No refunds or returns. Contact us before leaving negative feedback.</td></tr></table></div>",FixedPrice,GTC,2.99,,1,,ImmediatePayRequired,,United States,,Flat,USPSFirstClass,1,0.0,,,1,,,ReturnsNotAccepted,,,,,,,,,,,,,No,No,,,
Add,FB-1222,261328,0,2024 Bowman University Chrome TEZ JOHNSON #171 Oregon Ducks,,,4000,No,BASEBALL,,,,,,,,MLB,,,No,Excellent,,,,Sports Trading Card,,,,,,,,,,,,,,,,,,,,,"<div style=""background:#FDFEFE;border:1px solid #CBD4C2;color:#353535;padding:40px;line-height:1.6;font-family:Arial,sans-serif;font-size:16px;""><h1 style=""text-align:center;"">2024 Bowman University Chrome TEZ JOHNSON #171 Oregon Ducks</h1><table style=""width:100%;margin-top:30px;border-spacing:0;""><tr><th align=""left"">Payment</th><td>Payment is due within 4 days. Unpaid items may be canceled and relisted.</td></tr><tr><th align=""left"">Shipping</th><td>Items ship via eBay Standard Envelope. Combined shipping may apply. Usually ships within 1 business day.</td></tr><tr><th align=""left"">Disclaimer</th><td>All cards are sold as-is. Review item condition and images. No refunds or returns. Contact us before leaving negative feedback.</td></tr></table></div>",FixedPrice,GTC,2.99,,1,,ImmediatePayRequired,,United States,,Flat,USPSFirstClass,1,0.0,,,1,,,ReturnsNotAccepted,,,,,,,,,,,,,No,No,,,
Add,SR-1068,261328,0,2024-25 Topps Finest Uefa Club Competitions - JOAO SIMOES #83 Ref (RC) Rookie,,,4000,No,BASEBALL,,,,,,,,MLB,,,No,Excellent,,,,Sports Trading Card,,,,,,,,,,,,,,,,,,,,,"<div style=""background:#FDFEFE;border:1px solid #CBD4C2;color:#353535;padding:40px;line-height:1.6;font-family:Arial,sans-serif;font-size:16px;""><h1 style=""text-align:center;"">2024-25 Topps Finest Uefa Club Competitions - JOAO SIMOES #83 Ref (RC) Rookie</h1><table style=""width:100%;margin-top:30px;border-spacing:0;""><tr><th align=""left"">Payment</th><td>Payment is due within 4 days. Unpaid items may be canceled and relisted.</td></tr><tr><th align=""left"">Shipping</th><td>Items ship via eBay Standard Envelope. Combined shipping may apply. Usually ships within 1 business day.</td></tr><tr><th align=""left"">Disclaimer</th><td>All cards are sold as-is. Review item condition and images. No refunds or returns. Contact us before leaving negative feedback.</td></tr></table></div>",FixedPrice,GTC,2.99,,1,,ImmediatePayRequired,,United States,,Flat,USPSFirstClass,1,0.0,,,1,,,ReturnsNotAccepted,,,,,,,,,,,,,Yes,No,,,
Add,SR-1057,261328,0,2024-25 Topps Finest Uefa Club Competitions - ALVARO CARRERAS #85 (RC) Rookie,,,4000,No,BASEBALL,,,,,,,,MLB,,,No,Excellent,,,,Sports Trading Card,,,,,,,,,,,,,,,,,,,,,"<div style=""background:#FDFEFE;border:1px solid #CBD4C2;color:#353535;padding:40px;line-height:1.6;font-family:Arial,sans-serif;font-size:16px;""><h1 style=""text-align:center;"">2024-25 Topps Finest Uefa Club Competitions - ALVARO CARRERAS #85 (RC) Rookie</h1><table style=""width:100%;margin-top:30px;border-spacing:0;""><tr><th align=""left"">Payment</th><td>Payment is due within 4 days. Unpaid items may be canceled and relisted.</td></tr><tr><th align=""left"">Shipping</th><td>Items ship via eBay Standard Envelope. Combined shipping may apply. Usually ships within 1 business day.</td></tr><tr><th align=""left"">Disclaimer</th><td>All cards are sold as-is. Review item condition and images. No refunds or returns. Contact us before leaving negative feedback.</td></tr></table></div>",FixedPrice,GTC,3.49,,1,,ImmediatePayRequired,,United States,,Flat,USPSFirstClass,1,0.0,,,1,,,ReturnsNotAccepted,,,,,,,,,,,,,Yes,No,,,
Add,SR-1056,261328,0,2024/25 TOPPS FINEST UEFA UCC BASE ARCHIE GRAY RC TOTTENHAM #102 Rookie,,,4000,No,BASEBALL,,,,,,,,MLB,,,No,Excellent,,,,Sports Trading Card,,,,,,,,,,,,,,,,,,,,,"<div style=""background:#FDFEFE;border:1px solid #CBD4C2;color:#353535;padding:40px;line-height:1.6;font-family:Arial,sans-serif;font-size:16px;""><h1 style=""text-align:center;"">2024/25 TOPPS FINEST UEFA UCC BASE ARCHIE GRAY RC TOTTENHAM #102 Rookie</h1><table style=""width:100%;margin-top:30px;border-spacing:0;""><tr><th align=""left"">Payment</th><td>Payment is due within 4 days. Unpaid items may be canceled and relisted.</td></tr><tr><th align=""left"">Shipping</th><td>Items ship via eBay Standard Envelope. Combined shipping may apply. Usually ships within 1 business day.</td></tr><tr><th align=""left"">Disclaimer</th><td>All cards are sold as-is. Review item condition and images. No refunds or returns. Contact us before leaving negative feedback.</td></tr></table></div>",FixedPrice,GTC,3.49,,1,,ImmediatePayRequired,,United States,,Flat,USPSFirstClass,1,0.0,,,1,,,ReturnsNotAccepted,,,,,,,,,,,,,Yes,No,,,
Add,SR-1062,261328,0,2024-25 Topps Finest Uefa Club Competitions - NICOLO SAVONA #129 (RC) Rookie,,,4000,No,BASEBALL,,,,,,,,MLB,,,No,Excellent,,,,Sports Trading Card,,,,,,,,,,,,,,,,,,,,,"<div style=""background:#FDFEFE;border:1px solid #CBD4C2;color:#353535;padding:40px;line-height:1.6;font-family:Arial,sans-serif;font-size:16px;""><h1 style=""text-align:center;"">2024-25 Topps Finest Uefa Club Competitions - NICOLO SAVONA #129 (RC) Rookie</h1><table style=""width:100%;margin-top:30px;border-spacing:0;""><tr><th align=""left"">Payment</th><td>Payment is due within 4 days. Unpaid items may be canceled and relisted.</td></tr><tr><th align=""left"">Shipping</th><td>Items ship via eBay Standard Envelope. Combined shipping may apply. Usually ships within 1 business day.</td></tr><tr><th align=""left"">Disclaimer</th><td>All cards are sold as-is. Review item condition and images. No refunds or returns. Contact us before leaving negative feedback.</td></tr></table></div>",FixedPrice,GTC,2.99,,1,,ImmediatePayRequired,,United States,,Flat,USPSFirstClass,1,0.0,,,1,,,ReturnsNotAccepted,,,,,,,,,,,,,Yes,No,,,
Add,SR-1059,261328,0,2024-25 Topps Finest Uefa Club Competitions - MIKA BIERETH #113 (RC) Rookie,,,4000,No,BASEBALL,,,,,,,,MLB,,,No,Excellent,,,,Sports Trading Card,,,,,,,,,,,,,,,,,,,,,"<div style=""background:#FDFEFE;border:1px solid #CBD4C2;color:#353535;padding:40px;line-height:1.6;font-family:Arial,sans-serif;font-size:16px;""><h1 style=""text-align:center;"">2024-25 Topps Finest Uefa Club Competitions - MIKA BIERETH #113 (RC) Rookie</h1><table style=""width:100%;margin-top:30px;border-spacing:0;""><tr><th align=""left"">Payment</th><td>Payment is due within 4 days. Unpaid items may be canceled and relisted.</td></tr><tr><th align=""left"">Shipping</th><td>Items ship via eBay Standard Envelope. Combined shipping may apply. Usually ships within 1 business day.</td></tr><tr><th align=""left"">Disclaimer</th><td>All cards are sold as-is. Review item condition and images. No refunds or returns. Contact us before leaving negative feedback.</td></tr></table></div>",FixedPrice,GTC,2.99,,1,,ImmediatePayRequired,,United States,,Flat,USPSFirstClass,1,0.0,,,1,,,ReturnsNotAccepted,,,,,,,,,,,,,Yes,No,,,
Add,SR-1060,261328,0,2024-25 Topps Finest YORAM ZAGUE RC base Refractor #12 Rookie,,,4000,No,BASEBALL,,,,,,,,MLB,,,No,Excellent,,,,Sports Trading Card,,,,,,,,,,,,,,,,,,,,,"<div style=""background:#FDFEFE;border:1px solid #CBD4C2;color:#353535;padding:40px;line-height:1.6;font-family:Arial,sans-serif;font-size:16px;""><h1 style=""text-align:center;"">2024-25 Topps Finest YORAM ZAGUE RC base Refractor #12 Rookie</h1><table style=""width:100%;margin-top:30px;border-spacing:0;""><tr><th align=""left"">Payment</th><td>Payment is due within 4 days. Unpaid items may be canceled and relisted.</td></tr><tr><th align=""left"">Shipping</th><td>Items ship via eBay Standard Envelope. Combined shipping may apply. Usually ships within 1 business day.</td></tr><tr><th align=""left"">Disclaimer</th><td>All cards are sold as-is. Review item condition and images. No refunds or returns. Contact us before leaving negative feedback.</td></tr></table></div>",FixedPrice,GTC,3.99,,1,,ImmediatePayRequired,,United States,,Flat,USPSFirstClass,1,0.0,,,1,,,ReturnsNotAccepted,,,,,,,,,,,,,Yes,No,,,
Add,SR-1070,261328,0,2024-25 Topps Finest Uefa Club Competitions - OMARI KELLYMAN #142 (RC) Rookie,,,4000,No,BASEBALL,,,,,,,,MLB,,,No,Excellent,,,,Sports Trading Card,,,,,,,,,,,,,,,,,,,,,"<div style=""background:#FDFEFE;border:1px solid #CBD4C2;color:#353535;padding:40px;line-height:1.6;font-family:Arial,sans-serif;font-size:16px;""><h1 style=""text-align:center;"">2024-25 Topps Finest Uefa Club Competitions - OMARI KELLYMAN #142 (RC) Rookie</h1><table style=""width:100%;margin-top:30px;border-spacing:0;""><tr><th align=""left"">Payment</th><td>Payment is due within 4 days. Unpaid items may be canceled and relisted.</td></tr><tr><th align=""left"">Shipping</th><td>Items ship via eBay Standard Envelope. Combined shipping may apply. Usually ships within 1 business day.</td></tr><tr><th align=""left"">Disclaimer</th><td>All cards are sold as-is. Review item condition and images. No refunds or returns. Contact us before leaving negative feedback.</td></tr></table></div>",FixedPrice,GTC,2.99,,1,,ImmediatePayRequired,,United States,,Flat,USPSFirstClass,1,0.0,,,1,,,ReturnsNotAccepted,,,,,,,,,,,,,Yes,No,,,
Add,SR-1064,261328,0,GEORGE ILENIKHENA 2024-25 Topps Finest UEFA Club Competitions RC Rookie,,,4000,No,BASEBALL,,,,,,,,MLB,,,No,Excellent,,,,Sports Trading Card,,,,,,,,,,,,,,,,,,,,,"<div style=""background:#FDFEFE;border:1px solid #CBD4C2;color:#353535;padding:40px;line-height:1.6;font-family:Arial,sans-serif;font-size:16px;""><h1 style=""text-align:center;"">GEORGE ILENIKHENA 2024-25 Topps Finest UEFA Club Competitions RC Rookie</h1><table style=""width:100%;margin-top:30px;border-spacing:0;""><tr><th align=""left"">Payment</th><td>Payment is due within 4 days. Unpaid items may be canceled and relisted.</td></tr><tr><th align=""left"">Shipping</th><td>Items ship via eBay Standard Envelope. Combined shipping may apply. Usually ships within 1 business day.</td></tr><tr><th align=""left"">Disclaimer</th><td>All cards are sold as-is. Review item condition and images. No refunds or returns. Contact us before leaving negative feedback.</td></tr></table></div>",FixedPrice,GTC,3.49,,1,,ImmediatePayRequired,,United States,,Flat,USPSFirstClass,1,0.0,,,1,,,ReturnsNotAccepted,,,,,,,,,,,,,Yes,No,,,
Add,SR-1072,261328,0,2024-25 Topps Finest Uefa Club Competitions - BENJAMÍN DOMÍNGUEZ #84 (RC) Rookie,,,4000,No,BASEBALL,,,,,,,,MLB,,,No,Excellent,,,,Sports Trading Card,,,,,,,,,,,,,,,,,,,,,"<div style=""background:#FDFEFE;border:1px solid #CBD4C2;color:#353535;padding:40px;line-height:1.6;font-family:Arial,sans-serif;font-size:16px;""><h1 style=""text-align:center;"">2024-25 Topps Finest Uefa Club Competitions - BENJAMÍN DOMÍNGUEZ #84 (RC) Rookie</h1><table style=""width:100%;margin-top:30px;border-spacing:0;""><tr><th align=""left"">Payment</th><td>Payment is due within 4 days. Unpaid items may be canceled and relisted.</td></tr><tr><th align=""left"">Shipping</th><td>Items ship via eBay Standard Envelope. Combined shipping may apply. Usually ships within 1 business day.</td></tr><tr><th align=""left"">Disclaimer</th><td>All cards are sold as-is. Review item condition and images. No refunds or returns. Contact us before leaving negative feedback.</td></tr></table></div>",FixedPrice,GTC,1.99,,1,,ImmediatePayRequired,,United States,,Flat,USPSFirstClass,1,0.0,,,1,,,ReturnsNotAccepted,,,,,,,,,,,,,Yes,No,,,
Add,SR-1063,261328,0,2024-25 Topps Finest Uefa Club Competitions - VINICIUS TOBIAS #72 (RC) Rookie,,,4000,No,BASEBALL,,,,,,,,MLB,,,No,Excellent,,,,Sports Trading Card,,,,,,,,,,,,,,,,,,,,,"<div style=""background:#FDFEFE;border:1px solid #CBD4C2;color:#353535;padding:40px;line-height:1.6;font-family:Arial,sans-serif;font-size:16px;""><h1 style=""text-align:center;"">2024-25 Topps Finest Uefa Club Competitions - VINICIUS TOBIAS #72 (RC) Rookie</h1><table style=""width:100%;margin-top:30px;border-spacing:0;""><tr><th align=""left"">Payment</th><td>Payment is due within 4 days. Unpaid items may be canceled and relisted.</td></tr><tr><th align=""left"">Shipping</th><td>Items ship via eBay Standard Envelope. Combined shipping may apply. Usually ships within 1 business day.</td></tr><tr><th align=""left"">Disclaimer</th><td>All cards are sold as-is. Review item condition and images. No refunds or returns. Contact us before leaving negative feedback.</td></tr></table></div>",FixedPrice,GTC,3.49,,1,,ImmediatePayRequired,,United States,,Flat,USPSFirstClass,1,0.0,,,1,,,ReturnsNotAccepted,,,,,,,,,,,,,Yes,No,,,
Add,SR-1061,261328,0,2024-2025 Topps Finest UEFA ENDRICK Prized Footballer RC Real Madrid #PF-16,,,4000,No,BASEBALL,,,,,,,,MLB,,,No,Excellent,,,,Sports Trading Card,,,,,,,,,,,,,,,,,,,,,"<div style=""background:#FDFEFE;border:1px solid #CBD4C2;color:#353535;padding:40px;line-height:1.6;font-family:Arial,sans-serif;font-size:16px;""><h1 style=""text-align:center;"">2024-2025 Topps Finest UEFA ENDRICK Prized Footballer RC Real Madrid #PF-16</h1><table style=""width:100%;margin-top:30px;border-spacing:0;""><tr><th align=""left"">Payment</th><td>Payment is due within 4 days. Unpaid items may be canceled and relisted.</td></tr><tr><th align=""left"">Shipping</th><td>Items ship via eBay Standard Envelope. Combined shipping may apply. Usually ships within 1 business day.</td></tr><tr><th align=""left"">Disclaimer</th><td>All cards are sold as-is. Review item condition and images. No refunds or returns. Contact us before leaving negative feedback.</td></tr></table></div>",FixedPrice,GTC,8.95,,1,,ImmediatePayRequired,,United States,,Flat,USPSFirstClass,1,0.0,,,1,,,ReturnsNotAccepted,,,,,,,,,,,,,Yes,No,,,
Add,FB-1366,261328,0,2024 Bowman University Chrome NATE JOHNSON #135 Vanderbilt Commodores,,,4000,No,BASEBALL,,,,,,,,MLB,,,No,Excellent,,,,Sports Trading Card,,,,,,,,,,,,,,,,,,,,,"<div style=""background:#FDFEFE;border:1px solid #CBD4C2;color:#353535;padding:40px;line-height:1.6;font-family:Arial,sans-serif;font-size:16px;""><h1 style=""text-align:center;"">2024 Bowman University Chrome NATE JOHNSON #135 Vanderbilt Commodores</h1><table style=""width:100%;margin-top:30px;border-spacing:0;""><tr><th align=""left"">Payment</th><td>Payment is due within 4 days. Unpaid items may be canceled and relisted.</td></tr><tr><th align=""left"">Shipping</th><td>Items ship via eBay Standard Envelope. Combined shipping may apply. Usually ships within 1 business day.</td></tr><tr><th align=""left"">Disclaimer</th><td>All cards are sold as-is. Review item condition and images. No refunds or returns. Contact us before leaving negative feedback.</td></tr></table></div>",FixedPrice,GTC,3.49,,1,,ImmediatePayRequired,,United States,,Flat,USPSFirstClass,1,0.0,,,1,,,ReturnsNotAccepted,,,,,,,,,,,,,No,No,,,
Add,CDP-72F8B18,261328,0,2024 Bowman University Chrome SETH HENIGAN #162 Memphis Tigers,,,4000,No,BASEBALL,,,,,,,,MLB,,,No,Excellent,,,,Sports Trading Card,,,,,,,,,,,,,,,,,,,,,"<div style=""background:#FDFEFE;border:1px solid #CBD4C2;color:#353535;padding:40px;line-height:1.6;font-family:Arial,sans-serif;font-size:16px;""><h1 style=""text-align:center;"">2024 Bowman University Chrome SETH HENIGAN #162 Memphis Tigers</h1><table style=""width:100%;margin-top:30px;border-spacing:0;""><tr><th align=""left"">Payment</th><td>Payment is due within 4 days. Unpaid items may be canceled and relisted.</td></tr><tr><th align=""left"">Shipping</th><td>Items ship via eBay Standard Envelope. Combined shipping may apply. Usually ships within 1 business day.</td></tr><tr><th align=""left"">Disclaimer</th><td>All cards are sold as-is. Review item condition and images. No refunds or returns. Contact us before leaving negative feedback.</td></tr></table></div>",FixedPrice,GTC,3.49,,1,,ImmediatePayRequired,,United States,,Flat,USPSFirstClass,1,0.0,,,1,,,ReturnsNotAccepted,,,,,,,,,,,,,No,No,,,
Add,FB-1367,261328,0,2024 Bowman University Chrome LAWRENCE ARNOLD #120 Kansas Jayhawks Basketball,,,4000,No,BASEBALL,,,,,,,,MLB,,,No,Excellent,,,,Sports Trading Card,,,,,,,,,,,,,,,,,,,,,"<div style=""background:#FDFEFE;border:1px solid #CBD4C2;color:#353535;padding:40px;line-height:1.6;font-family:Arial,sans-serif;font-size:16px;""><h1 style=""text-align:center;"">2024 Bowman University Chrome LAWRENCE ARNOLD #120 Kansas Jayhawks Basketball</h1><table style=""width:100%;margin-top:30px;border-spacing:0;""><tr><th align=""left"">Payment</th><td>Payment is due within 4 days. Unpaid items may be canceled and relisted.</td></tr><tr><th align=""left"">Shipping</th><td>Items ship via eBay Standard Envelope. Combined shipping may apply. Usually ships within 1 business day.</td></tr><tr><th align=""left"">Disclaimer</th><td>All cards are sold as-is. Review item condition and images. No refunds or returns. Contact us before leaving negative feedback.</td></tr></table></div>",FixedPrice,GTC,3.49,,1,,ImmediatePayRequired,,United States,,Flat,USPSFirstClass,1,0.0,,,1,,,ReturnsNotAccepted,,,,,,,,,,,,,No,No,,,
Add,FB-1361,261328,0,2024 Bowman University Chrome KAIDON SALTER #111 Liberty Flames,,,4000,No,BASEBALL,,,,,,,,MLB,,,No,Excellent,,,,Sports Trading Card,,,,,,,,,,,,,,,,,,,,,"<div style=""background:#FDFEFE;border:1px solid #CBD4C2;color:#353535;padding:40px;line-height:1.6;font-family:Arial,sans-serif;font-size:16px;""><h1 style=""text-align:center;"">2024 Bowman University Chrome KAIDON SALTER #111 Liberty Flames</h1><table style=""width:100%;margin-top:30px;border-spacing:0;""><tr><th align=""left"">Payment</th><td>Payment is due within 4 days. Unpaid items may be canceled and relisted.</td></tr><tr><th align=""left"">Shipping</th><td>Items ship via eBay Standard Envelope. Combined shipping may apply. Usually ships within 1 business day.</td></tr><tr><th align=""left"">Disclaimer</th><td>All cards are sold as-is. Review item condition and images. No refunds or returns. Contact us before leaving negative feedback.</td></tr></table></div>",FixedPrice,GTC,3.49,,1,,ImmediatePayRequired,,United States,,Flat,USPSFirstClass,1,0.0,,,1,,,ReturnsNotAccepted,,,,,,,,,,,,,No,No,,,
Add,FB-1371,261328,0,2024 Bowman University Chrome ABU SAMA III #7 Iowa State Cyclones,,,4000,No,BASEBALL,,,,,,,,MLB,,,No,Excellent,,,,Sports Trading Card,,,,,,,,,,,,,,,,,,,,,"<div style=""background:#FDFEFE;border:1px solid #CBD4C2;color:#353535;padding:40px;line-height:1.6;font-family:Arial,sans-serif;font-size:16px;""><h1 style=""text-align:center;"">2024 Bowman University Chrome ABU SAMA III #7 Iowa State Cyclones</h1><table style=""width:100%;margin-top:30px;border-spacing:0;""><tr><th align=""left"">Payment</th><td>Payment is due within 4 days. Unpaid items may be canceled and relisted.</td></tr><tr><th align=""left"">Shipping</th><td>Items ship via eBay Standard Envelope. Combined shipping may apply. Usually ships within 1 business day.</td></tr><tr><th align=""left"">Disclaimer</th><td>All cards are sold as-is. Review item condition and images. No refunds or returns. Contact us before leaving negative feedback.</td></tr></table></div>",FixedPrice,GTC,3.49,,1,,ImmediatePayRequired,,United States,,Flat,USPSFirstClass,1,0.0,,,1,,,ReturnsNotAccepted,,,,,,,,,,,,,No,No,,,
Add,FB-1364,261328,0,2024 Bowman University Chrome WILL ROGERS #185 Washington Huskies,,,4000,No,BASEBALL,,,,,,,,MLB,,,No,Excellent,,,,Sports Trading Card,,,,,,,,,,,,,,,,,,,,,"<div style=""background:#FDFEFE;border:1px solid #CBD4C2;color:#353535;padding:40px;line-height:1.6;font-family:Arial,sans-serif;font-size:16px;""><h1 style=""text-align:center;"">2024 Bowman University Chrome WILL ROGERS #185 Washington Huskies</h1><table style=""width:100%;margin-top:30px;border-spacing:0;""><tr><th align=""left"">Payment</th><td>Payment is due within 4 days. Unpaid items may be canceled and relisted.</td></tr><tr><th align=""left"">Shipping</th><td>Items ship via eBay Standard Envelope. Combined shipping may apply. Usually ships within 1 business day.</td></tr><tr><th align=""left"">Disclaimer</th><td>All cards are sold as-is. Review item condition and images. No refunds or returns. Contact us before leaving negative feedback.</td></tr></table></div>",FixedPrice,GTC,3.49,,1,,ImmediatePayRequired,,United States,,Flat,USPSFirstClass,1,0.0,,,1,,,ReturnsNotAccepted,,,,,,,,,,,,,No,No,,,
Add,FB-1369,261328,0,2024 Bowman University Chrome DORIAN SINGER #68 Utah Utes,,,4000,No,BASEBALL,,,,,,,,MLB,,,No,Excellent,,,,Sports Trading Card,,,,,,,,,,,,,,,,,,,,,"<div style=""background:#FDFEFE;border:1px solid #CBD4C2;color:#353535;padding:40px;line-height:1.6;font-family:Arial,sans-serif;font-size:16px;""><h1 style=""text-align:center;"">2024 Bowman University Chrome DORIAN SINGER #68 Utah Utes</h1><table style=""width:100%;margin-top:30px;border-spacing:0;""><tr><th align=""left"">Payment</th><td>Payment is due within 4 days. Unpaid items may be canceled and relisted.</td></tr><tr><th align=""left"">Shipping</th><td>Items ship via eBay Standard Envelope. Combined shipping may apply. Usually ships within 1 business day.</td></tr><tr><th align=""left"">Disclaimer</th><td>All cards are sold as-is. Review item condition and images. No refunds or returns. Contact us before leaving negative feedback.</td></tr></table></div>",FixedPrice,GTC,3.49,,1,,ImmediatePayRequired,,United States,,Flat,USPSFirstClass,1,0.0,,,1,,,ReturnsNotAccepted,,,,,,,,,,,,,No,No,,,
Add,CDP-34D6143,261328,0,2024 Bowman University Chrome BRAYDEN SCHAGER #25 Hawaii Rainbow Warriors,,,4000,No,BASEBALL,,,,,,,,MLB,,,No,Excellent,,,,Sports Trading Card,,,,,,,,,,,,,,,,,,,,,"<div style=""background:#FDFEFE;border:1px solid #CBD4C2;color:#353535;padding:40px;line-height:1.6;font-family:Arial,sans-serif;font-size:16px;""><h1 style=""text-align:center;"">2024 Bowman University Chrome BRAYDEN SCHAGER #25 Hawaii Rainbow Warriors</h1><table style=""width:100%;margin-top:30px;border-spacing:0;""><tr><th align=""left"">Payment</th><td>Payment is due within 4 days. Unpaid items may be canceled and relisted.</td></tr><tr><th align=""left"">Shipping</th><td>Items ship via eBay Standard Envelope. Combined shipping may apply. Usually ships within 1 business day.</td></tr><tr><th align=""left"">Disclaimer</th><td>All cards are sold as-is. Review item condition and images. No refunds or returns. Contact us before leaving negative feedback.</td></tr></table></div>",FixedPrice,GTC,3.49,,1,,ImmediatePayRequired,,United States,,Flat,USPSFirstClass,1,0.0,,,1,,,ReturnsNotAccepted,,,,,,,,,,,,,No,No,,,
Add,CDP-2117E8C,261328,0,2024 Bowman University Chrome JORDAN HALL #104 Michigan State Spartans X-Fractor,,,4000,No,BASEBALL,,,,,,,,MLB,,,No,Excellent,,,,Sports Trading Card,,,,,,,,,,,,,,,,,,,,,"<div style=""background:#FDFEFE;border:1px solid #CBD4C2;color:#353535;padding:40px;line-height:1.6;font-family:Arial,sans-serif;font-size:16px;""><h1 style=""text-align:center;"">2024 Bowman University Chrome JORDAN HALL #104 Michigan State Spartans X-Fractor</h1><table style=""width:100%;margin-top:30px;border-spacing:0;""><tr><th align=""left"">Payment</th><td>Payment is due within 4 days. Unpaid items may be canceled and relisted.</td></tr><tr><th align=""left"">Shipping</th><td>Items ship via eBay Standard Envelope. Combined shipping may apply. Usually ships within 1 business day.</td></tr><tr><th align=""left"">Disclaimer</th><td>All cards are sold as-is. Review item condition and images. No refunds or returns. Contact us before leaving negative feedback.</td></tr></table></div>",FixedPrice,GTC,4.49,,1,,ImmediatePayRequired,,United States,,Flat,USPSFirstClass,1,0.0,,,1,,,ReturnsNotAccepted,,,,,,,,,,,,,No,No,,,
Add,FB-1363,261328,0,2024 Bowman University Chrome CADE KLUBNIK #CI-18 Clemson Tigers Basketball,,,4000,No,BASEBALL,,,,,,,,MLB,,,No,Excellent,,,,Sports Trading Card,,,,,,,,,,,,,,,,,,,,,"<div style=""background:#FDFEFE;border:1px solid #CBD4C2;color:#353535;padding:40px;line-height:1.6;font-family:Arial,sans-serif;font-size:16px;""><h1 style=""text-align:center;"">2024 Bowman University Chrome CADE KLUBNIK #CI-18 Clemson Tigers Basketball</h1><table style=""width:100%;margin-top:30px;border-spacing:0;""><tr><th align=""left"">Payment</th><td>Payment is due within 4 days. Unpaid items may be canceled and relisted.</td></tr><tr><th align=""left"">Shipping</th><td>Items ship via eBay Standard Envelope. Combined shipping may apply. Usually ships within 1 business day.</td></tr><tr><th align=""left"">Disclaimer</th><td>All cards are sold as-is. Review item condition and images. No refunds or returns. Contact us before leaving negative feedback.</td></tr></table></div>",FixedPrice,GTC,3.49,,1,,ImmediatePayRequired,,United States,,Flat,USPSFirstClass,1,0.0,,,1,,,ReturnsNotAccepted,,,,,,,,,,,,,No,No,,,
Add,FB-1365,261328,0,2024 Bowman University Chrome AUSTIN MACK #87 Alabama Crimson Tide,,,4000,No,BASEBALL,,,,,,,,MLB,,,No,Excellent,,,,Sports Trading Card,,,,,,,,,,,,,,,,,,,,,"<div style=""background:#FDFEFE;border:1px solid #CBD4C2;color:#353535;padding:40px;line-height:1.6;font-family:Arial,sans-serif;font-size:16px;""><h1 style=""text-align:center;"">2024 Bowman University Chrome AUSTIN MACK #87 Alabama Crimson Tide</h1><table style=""width:100%;margin-top:30px;border-spacing:0;""><tr><th align=""left"">Payment</th><td>Payment is due within 4 days. Unpaid items may be canceled and relisted.</td></tr><tr><th align=""left"">Shipping</th><td>Items ship via eBay Standard Envelope. Combined shipping may apply. Usually ships within 1 business day.</td></tr><tr><th align=""left"">Disclaimer</th><td>All cards are sold as-is. Review item condition and images. No refunds or returns. Contact us before leaving negative feedback.</td></tr></table></div>",FixedPrice,GTC,3.49,,1,,ImmediatePayRequired,,United States,,Flat,USPSFirstClass,1,0.0,,,1,,,ReturnsNotAccepted,,,,,,,,,,,,,No,No,,,
Add,fb-1360,261328,0,2024 Bowman University Chrome FRANCISCO MAUIGOA #30 Miami Hurricanes,,,4000,No,BASEBALL,,,,,,,,MLB,,,No,Excellent,,,,Sports Trading Card,,,,,,,,,,,,,,,,,,,,,"<div style=""background:#FDFEFE;border:1px solid #CBD4C2;color:#353535;padding:40px;line-height:1.6;font-family:Arial,sans-serif;font-size:16px;""><h1 style=""text-align:center;"">2024 Bowman University Chrome FRANCISCO MAUIGOA #30 Miami Hurricanes</h1><table style=""width:100%;margin-top:30px;border-spacing:0;""><tr><th align=""left"">Payment</th><td>Payment is due within 4 days. Unpaid items may be canceled and relisted.</td></tr><tr><th align=""left"">Shipping</th><td>Items ship via eBay Standard Envelope. Combined shipping may apply. Usually ships within 1 business day.</td></tr><tr><th align=""left"">Disclaimer</th><td>All cards are sold as-is. Review item condition and images. No refunds or returns. Contact us before leaving negative feedback.</td></tr></table></div>",FixedPrice,GTC,3.49,,1,,ImmediatePayRequired,,United States,,Flat,USPSFirstClass,1,0.0,,,1,,,ReturnsNotAccepted,,,,,,,,,,,,,No,No,,,
Add,CDP-94CB3D9,261328,0,2024 Bowman University Chrome CARSON BECK #2 Georgia Bulldogs,,,4000,No,BASEBALL,,,,,,,,MLB,,,No,Excellent,,,,Sports Trading Card,,,,,,,,,,,,,,,,,,,,,"<div style=""background:#FDFEFE;border:1px solid #CBD4C2;color:#353535;padding:40px;line-height:1.6;font-family:Arial,sans-serif;font-size:16px;""><h1 style=""text-align:center;"">2024 Bowman University Chrome CARSON BECK #2 Georgia Bulldogs</h1><table style=""width:100%;margin-top:30px;border-spacing:0;""><tr><th align=""left"">Payment</th><td>Payment is due within 4 days. Unpaid items may be canceled and relisted.</td></tr><tr><th align=""left"">Shipping</th><td>Items ship via eBay Standard Envelope. Combined shipping may apply. Usually ships within 1 business day.</td></tr><tr><th align=""left"">Disclaimer</th><td>All cards are sold as-is. Review item condition and images. No refunds or returns. Contact us before leaving negative feedback.</td></tr></table></div>",FixedPrice,GTC,3.49,,1,,ImmediatePayRequired,,United States,,Flat,USPSFirstClass,1,0.0,,,1,,,ReturnsNotAccepted,,,,,,,,,,,,,No,No,,,
Add,CDP-8154BE6,261328,0,2024 Topps Chrome CADE STOVER #236 Houston Texans Basketball,,,4000,No,BASEBALL,,,,,,,,MLB,,,No,Excellent,,,,Sports Trading Card,,,,,,,,,,,,,,,,,,,,,"<div style=""background:#FDFEFE;border:1px solid #CBD4C2;color:#353535;padding:40px;line-height:1.6;font-family:Arial,sans-serif;font-size:16px;""><h1 style=""text-align:center;"">2024 Topps Chrome CADE STOVER #236 Houston Texans Basketball</h1><table style=""width:100%;margin-top:30px;border-spacing:0;""><tr><th align=""left"">Payment</th><td>Payment is due within 4 days. Unpaid items may be canceled and relisted.</td></tr><tr><th align=""left"">Shipping</th><td>Items ship via eBay Standard Envelope. Combined shipping may apply. Usually ships within 1 business day.</td></tr><tr><th align=""left"">Disclaimer</th><td>All cards are sold as-is. Review item condition and images. No refunds or returns. Contact us before leaving negative feedback.</td></tr></table></div>",FixedPrice,GTC,3.49,,1,,ImmediatePayRequired,,United States,,Flat,USPSFirstClass,1,0.0,,,1,,,ReturnsNotAccepted,,,,,,,,,,,,,No,No,,,
Add,CDP-FF7FC19,261328,0,2024 Bowman University Chrome CAMERON WARD #38 Miami Hurricanes,,,4000,No,BASEBALL,,,,,,,,MLB,,,No,Excellent,,,,Sports Trading Card,,,,,,,,,,,,,,,,,,,,,"<div style=""background:#FDFEFE;border:1px solid #CBD4C2;color:#353535;padding:40px;line-height:1.6;font-family:Arial,sans-serif;font-size:16px;""><h1 style=""text-align:center;"">2024 Bowman University Chrome CAMERON WARD #38 Miami Hurricanes</h1><table style=""width:100%;margin-top:30px;border-spacing:0;""><tr><th align=""left"">Payment</th><td>Payment is due within 4 days. Unpaid items may be canceled and relisted.</td></tr><tr><th align=""left"">Shipping</th><td>Items ship via eBay Standard Envelope. Combined shipping may apply. Usually ships within 1 business day.</td></tr><tr><th align=""left"">Disclaimer</th><td>All cards are sold as-is. Review item condition and images. No refunds or returns. Contact us before leaving negative feedback.</td></tr></table></div>",FixedPrice,GTC,3.49,,1,,ImmediatePayRequired,,United States,,Flat,USPSFirstClass,1,0.0,,,1,,,ReturnsNotAccepted,,,,,,,,,,,,,No,No,,,
Add,FB-1337,261328,0,2024 Bowman University Chrome JACOB MANU #81 Arizona Wildcats,,,4000,No,BASEBALL,,,,,,,,MLB,,,No,Excellent,,,,Sports Trading Card,,,,,,,,,,,,,,,,,,,,,"<div style=""background:#FDFEFE;border:1px solid #CBD4C2;color:#353535;padding:40px;line-height:1.6;font-family:Arial,sans-serif;font-size:16px;""><h1 style=""text-align:center;"">2024 Bowman University Chrome JACOB MANU #81 Arizona Wildcats</h1><table style=""width:100%;margin-top:30px;border-spacing:0;""><tr><th align=""left"">Payment</th><td>Payment is due within 4 days. Unpaid items may be canceled and relisted.</td></tr><tr><th align=""left"">Shipping</th><td>Items ship via eBay Standard Envelope. Combined shipping may apply. Usually ships within 1 business day.</td></tr><tr><th align=""left"">Disclaimer</th><td>All cards are sold as-is. Review item condition and images. No refunds or returns. Contact us before leaving negative feedback.</td></tr></table></div>",FixedPrice,GTC,3.49,,1,,ImmediatePayRequired,,United States,,Flat,USPSFirstClass,1,0.0,,,1,,,ReturnsNotAccepted,,,,,,,,,,,,,No,No,,,
Add,FB-1338,261328,0,2024 Bowman University Chrome KJ JEFFERSON #116 UCF Knights,,,4000,No,BASEBALL,,,,,,,,MLB,,,No,Excellent,,,,Sports Trading Card,,,,,,,,,,,,,,,,,,,,,"<div style=""background:#FDFEFE;border:1px solid #CBD4C2;color:#353535;padding:40px;line-height:1.6;font-family:Arial,sans-serif;font-size:16px;""><h1 style=""text-align:center;"">2024 Bowman University Chrome KJ JEFFERSON #116 UCF Knights</h1><table style=""width:100%;margin-top:30px;border-spacing:0;""><tr><th align=""left"">Payment</th><td>Payment is due within 4 days. Unpaid items may be canceled and relisted.</td></tr><tr><th align=""left"">Shipping</th><td>Items ship via eBay Standard Envelope. Combined shipping may apply. Usually ships within 1 business day.</td></tr><tr><th align=""left"">Disclaimer</th><td>All cards are sold as-is. Review item condition and images. No refunds or returns. Contact us before leaving negative feedback.</td></tr></table></div>",FixedPrice,GTC,3.49,,1,,ImmediatePayRequired,,United States,,Flat,USPSFirstClass,1,0.0,,,1,,,ReturnsNotAccepted,,,,,,,,,,,,,No,No,,,
Add,FB-1336,261328,0,2024 Bowman University Chrome KALEL MULLINGS #106 Michigan Wolverines,,,4000,No,BASEBALL,,,,,,,,MLB,,,No,Excellent,,,,Sports Trading Card,,,,,,,,,,,,,,,,,,,,,"<div style=""background:#FDFEFE;border:1px solid #CBD4C2;color:#353535;padding:40px;line-height:1.6;font-family:Arial,sans-serif;font-size:16px;""><h1 style=""text-align:center;"">2024 Bowman University Chrome KALEL MULLINGS #106 Michigan Wolverines</h1><table style=""width:100%;margin-top:30px;border-spacing:0;""><tr><th align=""left"">Payment</th><td>Payment is due within 4 days. Unpaid items may be canceled and relisted.</td></tr><tr><th align=""left"">Shipping</th><td>Items ship via eBay Standard Envelope. Combined shipping may apply. Usually ships within 1 business day.</td></tr><tr><th align=""left"">Disclaimer</th><td>All cards are sold as-is. Review item condition and images. No refunds or returns. Contact us before leaving negative feedback.</td></tr></table></div>",FixedPrice,GTC,3.49,,1,,ImmediatePayRequired,,United States,,Flat,USPSFirstClass,1,0.0,,,1,,,ReturnsNotAccepted,,,,,,,,,,,,,No,No,,,
Add,FB-1341,261328,0,2024 Bowman University Chrome NOAH FIFITA #140 Arizona Wildcats,,,4000,No,BASEBALL,,,,,,,,MLB,,,No,Excellent,,,,Sports Trading Card,,,,,,,,,,,,,,,,,,,,,"<div style=""background:#FDFEFE;border:1px solid #CBD4C2;color:#353535;padding:40px;line-height:1.6;font-family:Arial,sans-serif;font-size:16px;""><h1 style=""text-align:center;"">2024 Bowman University Chrome NOAH FIFITA #140 Arizona Wildcats</h1><table style=""width:100%;margin-top:30px;border-spacing:0;""><tr><th align=""left"">Payment</th><td>Payment is due within 4 days. Unpaid items may be canceled and relisted.</td></tr><tr><th align=""left"">Shipping</th><td>Items ship via eBay Standard Envelope. Combined shipping may apply. Usually ships within 1 business day.</td></tr><tr><th align=""left"">Disclaimer</th><td>All cards are sold as-is. Review item condition and images. No refunds or returns. Contact us before leaving negative feedback.</td></tr></table></div>",FixedPrice,GTC,3.49,,1,,ImmediatePayRequired,,United States,,Flat,USPSFirstClass,1,0.0,,,1,,,ReturnsNotAccepted,,,,,,,,,,,,,No,No,,,
Add,CDP-829C853,261328,0,2024 Bowman University Chrome CADE KLUBNIK #35 Clemson Tigers Basketball,,,4000,No,BASEBALL,,,,,,,,MLB,,,No,Excellent,,,,Sports Trading Card,,,,,,,,,,,,,,,,,,,,,"<div style=""background:#FDFEFE;border:1px solid #CBD4C2;color:#353535;padding:40px;line-height:1.6;font-family:Arial,sans-serif;font-size:16px;""><h1 style=""text-align:center;"">2024 Bowman University Chrome CADE KLUBNIK #35 Clemson Tigers Basketball</h1><table style=""width:100%;margin-top:30px;border-spacing:0;""><tr><th align=""left"">Payment</th><td>Payment is due within 4 days. Unpaid items may be canceled and relisted.</td></tr><tr><th align=""left"">Shipping</th><td>Items ship via eBay Standard Envelope. Combined shipping may apply. Usually ships within 1 business day.</td></tr><tr><th align=""left"">Disclaimer</th><td>All cards are sold as-is. Review item condition and images. No refunds or returns. Contact us before leaving negative feedback.</td></tr></table></div>",FixedPrice,GTC,3.99,,1,,ImmediatePayRequired,,United States,,Flat,USPSFirstClass,1,0.0,,,1,,,ReturnsNotAccepted,,,,,,,,,,,,,No,No,,,
Add,CDP-88D0D7B,261328,0,2024 Bowman University Chrome NIC SCOURTON #137 Texas A&M Aggies,,,4000,No,BASEBALL,,,,,,,,MLB,,,No,Excellent,,,,Sports Trading Card,,,,,,,,,,,,,,,,,,,,,"<div style=""background:#FDFEFE;border:1px solid #CBD4C2;color:#353535;padding:40px;line-height:1.6;font-family:Arial,sans-serif;font-size:16px;""><h1 style=""text-align:center;"">2024 Bowman University Chrome NIC SCOURTON #137 Texas A&M Aggies</h1><table style=""width:100%;margin-top:30px;border-spacing:0;""><tr><th align=""left"">Payment</th><td>Payment is due within 4 days. Unpaid items may be canceled and relisted.</td></tr><tr><th align=""left"">Shipping</th><td>Items ship via eBay Standard Envelope. Combined shipping may apply. Usually ships within 1 business day.</td></tr><tr><th align=""left"">Disclaimer</th><td>All cards are sold as-is. Review item condition and images. No refunds or returns. Contact us before leaving negative feedback.</td></tr></table></div>",FixedPrice,GTC,3.49,,1,,ImmediatePayRequired,,United States,,Flat,USPSFirstClass,1,0.0,,,1,,,ReturnsNotAccepted,,,,,,,,,,,,,No,No,,,
Add,CDP-6F32C0E,261328,0,2024 Bowman University Chrome ROD MOORE #31 Michigan Wolverines,,,4000,No,BASEBALL,,,,,,,,MLB,,,No,Excellent,,,,Sports Trading Card,,,,,,,,,,,,,,,,,,,,,"<div style=""background:#FDFEFE;border:1px solid #CBD4C2;color:#353535;padding:40px;line-height:1.6;font-family:Arial,sans-serif;font-size:16px;""><h1 style=""text-align:center;"">2024 Bowman University Chrome ROD MOORE #31 Michigan Wolverines</h1><table style=""width:100%;margin-top:30px;border-spacing:0;""><tr><th align=""left"">Payment</th><td>Payment is due within 4 days. Unpaid items may be canceled and relisted.</td></tr><tr><th align=""left"">Shipping</th><td>Items ship via eBay Standard Envelope. Combined shipping may apply. Usually ships within 1 business day.</td></tr><tr><th align=""left"">Disclaimer</th><td>All cards are sold as-is. Review item condition and images. No refunds or returns. Contact us before leaving negative feedback.</td></tr></table></div>",FixedPrice,GTC,3.49,,1,,ImmediatePayRequired,,United States,,Flat,USPSFirstClass,1,0.0,,,1,,,ReturnsNotAccepted,,,,,,,,,,,,,No,No,,,
Add,CDP-87D3955,261328,0,2024 Bowman University Chrome TREY MOORE #178 Texas Longhorns,,,4000,No,BASEBALL,,,,,,,,MLB,,,No,Excellent,,,,Sports Trading Card,,,,,,,,,,,,,,,,,,,,,"<div style=""background:#FDFEFE;border:1px solid #CBD4C2;color:#353535;padding:40px;line-height:1.6;font-family:Arial,sans-serif;font-size:16px;""><h1 style=""text-align:center;"">2024 Bowman University Chrome TREY MOORE #178 Texas Longhorns</h1><table style=""width:100%;margin-top:30px;border-spacing:0;""><tr><th align=""left"">Payment</th><td>Payment is due within 4 days. Unpaid items may be canceled and relisted.</td></tr><tr><th align=""left"">Shipping</th><td>Items ship via eBay Standard Envelope. Combined shipping may apply. Usually ships within 1 business day.</td></tr><tr><th align=""left"">Disclaimer</th><td>All cards are sold as-is. Review item condition and images. No refunds or returns. Contact us before leaving negative feedback.</td></tr></table></div>",FixedPrice,GTC,3.49,,1,,ImmediatePayRequired,,United States,,Flat,USPSFirstClass,1,0.0,,,1,,,ReturnsNotAccepted,,,,,,,,,,,,,No,No,,,
Add,CDP-DD149B0,261328,0,2024 Bowman University Chrome WILL PAULING #184 Wisconsin Badgers,,,4000,No,BASEBALL,,,,,,,,MLB,,,No,Excellent,,,,Sports Trading Card,,,,,,,,,,,,,,,,,,,,,"<div style=""background:#FDFEFE;border:1px solid #CBD4C2;color:#353535;padding:40px;line-height:1.6;font-family:Arial,sans-serif;font-size:16px;""><h1 style=""text-align:center;"">2024 Bowman University Chrome WILL PAULING #184 Wisconsin Badgers</h1><table style=""width:100%;margin-top:30px;border-spacing:0;""><tr><th align=""left"">Payment</th><td>Payment is due within 4 days. Unpaid items may be canceled and relisted.</td></tr><tr><th align=""left"">Shipping</th><td>Items ship via eBay Standard Envelope. Combined shipping may apply. Usually ships within 1 business day.</td></tr><tr><th align=""left"">Disclaimer</th><td>All cards are sold as-is. Review item condition and images. No refunds or returns. Contact us before leaving negative feedback.</td></tr></table></div>",FixedPrice,GTC,3.49,,1,,ImmediatePayRequired,,United States,,Flat,USPSFirstClass,1,0.0,,,1,,,ReturnsNotAccepted,,,,,,,,,,,,,No,No,,,
Add,CDP-7322DB5,261328,0,2024 Bowman University Chrome CJ DANIELS #150 LSU Tigers,,,4000,No,BASEBALL,,,,,,,,MLB,,,No,Excellent,,,,Sports Trading Card,,,,,,,,,,,,,,,,,,,,,"<div style=""background:#FDFEFE;border:1px solid #CBD4C2;color:#353535;padding:40px;line-height:1.6;font-family:Arial,sans-serif;font-size:16px;""><h1 style=""text-align:center;"">2024 Bowman University Chrome CJ DANIELS #150 LSU Tigers</h1><table style=""width:100%;margin-top:30px;border-spacing:0;""><tr><th align=""left"">Payment</th><td>Payment is due within 4 days. Unpaid items may be canceled and relisted.</td></tr><tr><th align=""left"">Shipping</th><td>Items ship via eBay Standard Envelope. Combined shipping may apply. Usually ships within 1 business day.</td></tr><tr><th align=""left"">Disclaimer</th><td>All cards are sold as-is. Review item condition and images. No refunds or returns. Contact us before leaving negative feedback.</td></tr></table></div>",FixedPrice,GTC,3.49,,1,,ImmediatePayRequired,,United States,,Flat,USPSFirstClass,1,0.0,,,1,,,ReturnsNotAccepted,,,,,,,,,,,,,No,No,,,
Add,CDP-B963779,261328,0,2024 Bowman University Chrome NOAH FIFITA #55B-12 Arizona Wildcats,,,4000,No,BASEBALL,,,,,,,,MLB,,,No,Excellent,,,,Sports Trading Card,,,,,,,,,,,,,,,,,,,,,"<div style=""background:#FDFEFE;border:1px solid #CBD4C2;color:#353535;padding:40px;line-height:1.6;font-family:Arial,sans-serif;font-size:16px;""><h1 style=""text-align:center;"">2024 Bowman University Chrome NOAH FIFITA #55B-12 Arizona Wildcats</h1><table style=""width:100%;margin-top:30px;border-spacing:0;""><tr><th align=""left"">Payment</th><td>Payment is due within 4 days. Unpaid items may be canceled and relisted.</td></tr><tr><th align=""left"">Shipping</th><td>Items ship via eBay Standard Envelope. Combined shipping may apply. Usually ships within 1 business day.</td></tr><tr><th align=""left"">Disclaimer</th><td>All cards are sold as-is. Review item condition and images. No refunds or returns. Contact us before leaving negative feedback.</td></tr></table></div>",FixedPrice,GTC,3.49,,1,,ImmediatePayRequired,,United States,,Flat,USPSFirstClass,1,0.0,,,1,,,ReturnsNotAccepted,,,,,,,,,,,,,No,No,,,
Add,CDP-8AA78EC,261328,0,2024 Topps RESURGENCE - Conductors Michael Pratt #C-10 (RC) /249 Rookie,,,4000,No,BASEBALL,,,,,,,,MLB,,,No,Excellent,,,,Sports Trading Card,,,,,,,,,,,,,,,,,,,,,"<div style=""background:#FDFEFE;border:1px solid #CBD4C2;color:#353535;padding:40px;line-height:1.6;font-family:Arial,sans-serif;font-size:16px;""><h1 style=""text-align:center;"">2024 Topps RESURGENCE - Conductors Michael Pratt #C-10 (RC) /249 Rookie</h1><table style=""width:100%;margin-top:30px;border-spacing:0;""><tr><th align=""left"">Payment</th><td>Payment is due within 4 days. Unpaid items may be canceled and relisted.</td></tr><tr><th align=""left"">Shipping</th><td>Items ship via eBay Standard Envelope. Combined shipping may apply. Usually ships within 1 business day.</td></tr><tr><th align=""left"">Disclaimer</th><td>All cards are sold as-is. Review item condition and images. No refunds or returns. Contact us before leaving negative feedback.</td></tr></table></div>",FixedPrice,GTC,1.99,,1,,ImmediatePayRequired,,United States,,Flat,USPSFirstClass,1,0.0,,,1,,,ReturnsNotAccepted,,,,,,,,,,,,,Yes,No,,,
Add,CDP-7D65E00,261328,0,2024 Topps RESURGENCE - Rookies Jalen McMillan #189 (RC),,,4000,No,BASEBALL,,,,,,,,MLB,,,No,Excellent,,,,Sports Trading Card,,,,,,,,,,,,,,,,,,,,,"<div style=""background:#FDFEFE;border:1px solid #CBD4C2;color:#353535;padding:40px;line-height:1.6;font-family:Arial,sans-serif;font-size:16px;""><h1 style=""text-align:center;"">2024 Topps RESURGENCE - Rookies Jalen McMillan #189 (RC)</h1><table style=""width:100%;margin-top:30px;border-spacing:0;""><tr><th align=""left"">Payment</th><td>Payment is due within 4 days. Unpaid items may be canceled and relisted.</td></tr><tr><th align=""left"">Shipping</th><td>Items ship via eBay Standard Envelope. Combined shipping may apply. Usually ships within 1 business day.</td></tr><tr><th align=""left"">Disclaimer</th><td>All cards are sold as-is. Review item condition and images. No refunds or returns. Contact us before leaving negative feedback.</td></tr></table></div>",FixedPrice,GTC,1.99,,1,,ImmediatePayRequired,,United States,,Flat,USPSFirstClass,1,0.0,,,1,,,ReturnsNotAccepted,,,,,,,,,,,,,Yes,No,,,
Add,CDP-E281865,261328,0,2024 Bowman University Chrome - KRIS MITCHELL #117 (RC) Notre Dame Rookie,,,4000,No,BASEBALL,,,,,,,,MLB,,,No,Excellent,,,,Sports Trading Card,,,,,,,,,,,,,,,,,,,,,"<div style=""background:#FDFEFE;border:1px solid #CBD4C2;color:#353535;padding:40px;line-height:1.6;font-family:Arial,sans-serif;font-size:16px;""><h1 style=""text-align:center;"">2024 Bowman University Chrome - KRIS MITCHELL #117 (RC) Notre Dame Rookie</h1><table style=""width:100%;margin-top:30px;border-spacing:0;""><tr><th align=""left"">Payment</th><td>Payment is due within 4 days. Unpaid items may be canceled and relisted.</td></tr><tr><th align=""left"">Shipping</th><td>Items ship via eBay Standard Envelope. Combined shipping may apply. Usually ships within 1 business day.</td></tr><tr><th align=""left"">Disclaimer</th><td>All cards are sold as-is. Review item condition and images. No refunds or returns. Contact us before leaving negative feedback.</td></tr></table></div>",FixedPrice,GTC,3.99,,1,,ImmediatePayRequired,,United States,,Flat,USPSFirstClass,1,0.0,,,1,,,ReturnsNotAccepted,,,,,,,,,,,,,Yes,No,,,
Add,i6fjl,261328,0,2021-22 Bowman University J.J. McCarthy #79 Chrome Aqua Michigan Wolverines,,,4000,No,BASEBALL,,,,,,,,MLB,,,No,Excellent,,,,Sports Trading Card,,,,,,,,,,,,,,,,,,,,,"<div style=""background:#FDFEFE;border:1px solid #CBD4C2;color:#353535;padding:40px;line-height:1.6;font-family:Arial,sans-serif;font-size:16px;""><h1 style=""text-align:center;"">2021-22 Bowman University J.J. McCarthy #79 Chrome Aqua Michigan Wolverines</h1><table style=""width:100%;margin-top:30px;border-spacing:0;""><tr><th align=""left"">Payment</th><td>Payment is due within 4 days. Unpaid items may be canceled and relisted.</td></tr><tr><th align=""left"">Shipping</th><td>Items ship via eBay Standard Envelope. Combined shipping may apply. Usually ships within 1 business day.</td></tr><tr><th align=""left"">Disclaimer</th><td>All cards are sold as-is. Review item condition and images. No refunds or returns. Contact us before leaving negative feedback.</td></tr></table></div>",FixedPrice,GTC,2.99,,1,,ImmediatePayRequired,,United States,,Flat,USPSFirstClass,1,0.0,,,1,,,ReturnsNotAccepted,,,,,,,,,,,,,No,No,,,
Add,BB-1160-i89z9,261328,0,2024 Topps Chrome Update COLTON COWSER #USC154 Aqua Refractors Orioles,,,4000,No,BASEBALL,,,,,,,,MLB,,,No,Excellent,,,,Sports Trading Card,,,,,,,,,,,,,,,,,,,,,"<div style=""background:#FDFEFE;border:1px solid #CBD4C2;color:#353535;padding:40px;line-height:1.6;font-family:Arial,sans-serif;font-size:16px;""><h1 style=""text-align:center;"">2024 Topps Chrome Update COLTON COWSER #USC154 Aqua Refractors Orioles</h1><table style=""width:100%;margin-top:30px;border-spacing:0;""><tr><th align=""left"">Payment</th><td>Payment is due within 4 days. Unpaid items may be canceled and relisted.</td></tr><tr><th align=""left"">Shipping</th><td>Items ship via eBay Standard Envelope. Combined shipping may apply. Usually ships within 1 business day.</td></tr><tr><th align=""left"">Disclaimer</th><td>All cards are sold as-is. Review item condition and images. No refunds or returns. Contact us before leaving negative feedback.</td></tr></table></div>",FixedPrice,GTC,21.49,,1,,ImmediatePayRequired,,United States,,Flat,USPSFirstClass,1,0.0,,,1,,,ReturnsNotAccepted,,,,,,,,,,,,,No,No,,,
Add,FB-1164-i89zc,261328,0,2024 Topps Chrome HESTON KJERSTAD #142 Refractors Baltimore Orioles,,,4000,No,BASEBALL,,,,,,,,MLB,,,No,Excellent,,,,Sports Trading Card,,,,,,,,,,,,,,,,,,,,,"<div style=""background:#FDFEFE;border:1px solid #CBD4C2;color:#353535;padding:40px;line-height:1.6;font-family:Arial,sans-serif;font-size:16px;""><h1 style=""text-align:center;"">2024 Topps Chrome HESTON KJERSTAD #142 Refractors Baltimore Orioles</h1><table style=""width:100%;margin-top:30px;border-spacing:0;""><tr><th align=""left"">Payment</th><td>Payment is due within 4 days. Unpaid items may be canceled and relisted.</td></tr><tr><th align=""left"">Shipping</th><td>Items ship via eBay Standard Envelope. Combined shipping may apply. Usually ships within 1 business day.</td></tr><tr><th align=""left"">Disclaimer</th><td>All cards are sold as-is. Review item condition and images. No refunds or returns. Contact us before leaving negative feedback.</td></tr></table></div>",FixedPrice,GTC,3.99,,1,,ImmediatePayRequired,,United States,,Flat,USPSFirstClass,1,0.0,,,1,,,ReturnsNotAccepted,,,,,,,,,,,,,No,No,,,
Add,FB-1165-i89ze,261328,0,2025 Bowman TRAVIS BAZZANA #BP-131 Prospects Cleveland Guardians,,,4000,No,BASEBALL,,,,,,,,MLB,,,No,Excellent,,,,Sports Trading Card,,,,,,,,,,,,,,,,,,,,,"<div style=""background:#FDFEFE;border:1px solid #CBD4C2;color:#353535;padding:40px;line-height:1.6;font-family:Arial,sans-serif;font-size:16px;""><h1 style=""text-align:center;"">2025 Bowman TRAVIS BAZZANA #BP-131 Prospects Cleveland Guardians</h1><table style=""width:100%;margin-top:30px;border-spacing:0;""><tr><th align=""left"">Payment</th><td>Payment is due within 4 days. Unpaid items may be canceled and relisted.</td></tr><tr><th align=""left"">Shipping</th><td>Items ship via eBay Standard Envelope. Combined shipping may apply. Usually ships within 1 business day.</td></tr><tr><th align=""left"">Disclaimer</th><td>All cards are sold as-is. Review item condition and images. No refunds or returns. Contact us before leaving negative feedback.</td></tr></table></div>",FixedPrice,GTC,2.99,,1,,ImmediatePayRequired,,United States,,Flat,USPSFirstClass,1,0.0,,,1,,,ReturnsNotAccepted,,,,,,,,,,,,,No,No,,,
Add,BB-1167-i89zj,261328,0,2024 Panini Prizm RHETT LOWDER #65 Green Ice Prizms Cincinnati Reds,,,4000,No,BASEBALL,,,,,,,,MLB,,,No,Excellent,,,,Sports Trading Card,,,,,,,,,,,,,,,,,,,,,"<div style=""background:#FDFEFE;border:1px solid #CBD4C2;color:#353535;padding:40px;line-height:1.6;font-family:Arial,sans-serif;font-size:16px;""><h1 style=""text-align:center;"">2024 Panini Prizm RHETT LOWDER #65 Green Ice Prizms Cincinnati Reds</h1><table style=""width:100%;margin-top:30px;border-spacing:0;""><tr><th align=""left"">Payment</th><td>Payment is due within 4 days. Unpaid items may be canceled and relisted.</td></tr><tr><th align=""left"">Shipping</th><td>Items ship via eBay Standard Envelope. Combined shipping may apply. Usually ships within 1 business day.</td></tr><tr><th align=""left"">Disclaimer</th><td>All cards are sold as-is. Review item condition and images. No refunds or returns. Contact us before leaving negative feedback.</td></tr></table></div>",FixedPrice,GTC,4.99,,1,,ImmediatePayRequired,,United States,,Flat,USPSFirstClass,1,0.0,,,1,,,ReturnsNotAccepted,,,,,,,,,,,,,No,No,,,
Add,BB-1168-i89zl,261328,0,2024 Topps Heritage CAL RALEIGH #217 Seattle Mariners,,,4000,No,BASEBALL,,,,,,,,MLB,,,No,Excellent,,,,Sports Trading Card,,,,,,,,,,,,,,,,,,,,,"<div style=""background:#FDFEFE;border:1px solid #CBD4C2;color:#353535;padding:40px;line-height:1.6;font-family:Arial,sans-serif;font-size:16px;""><h1 style=""text-align:center;"">2024 Topps Heritage CAL RALEIGH #217 Seattle Mariners</h1><table style=""width:100%;margin-top:30px;border-spacing:0;""><tr><th align=""left"">Payment</th><td>Payment is due within 4 days. Unpaid items may be canceled and relisted.</td></tr><tr><th align=""left"">Shipping</th><td>Items ship via eBay Standard Envelope. Combined shipping may apply. Usually ships within 1 business day.</td></tr><tr><th align=""left"">Disclaimer</th><td>All cards are sold as-is. Review item condition and images. No refunds or returns. Contact us before leaving negative feedback.</td></tr></table></div>",FixedPrice,GTC,3.49,,1,,ImmediatePayRequired,,United States,,Flat,USPSFirstClass,1,0.0,,,1,,,ReturnsNotAccepted,,,,,,,,,,,,,No,No,,,
Add,BB-1169-i89zq,261328,0,2024 Bowman Chrome JACKSON MERRILL #27 San Diego Padres,,,4000,No,BASEBALL,,,,,,,,MLB,,,No,Excellent,,,,Sports Trading Card,,,,,,,,,,,,,,,,,,,,,"<div style=""background:#FDFEFE;border:1px solid #CBD4C2;color:#353535;padding:40px;line-height:1.6;font-family:Arial,sans-serif;font-size:16px;""><h1 style=""text-align:center;"">2024 Bowman Chrome JACKSON MERRILL #27 San Diego Padres</h1><table style=""width:100%;margin-top:30px;border-spacing:0;""><tr><th align=""left"">Payment</th><td>Payment is due within 4 days. Unpaid items may be canceled and relisted.</td></tr><tr><th align=""left"">Shipping</th><td>Items ship via eBay Standard Envelope. Combined shipping may apply. Usually ships within 1 business day.</td></tr><tr><th align=""left"">Disclaimer</th><td>All cards are sold as-is. Review item condition and images. No refunds or returns. Contact us before leaving negative feedback.</td></tr></table></div>",FixedPrice,GTC,3.99,,1,,ImmediatePayRequired,,United States,,Flat,USPSFirstClass,1,0.0,,,1,,,ReturnsNotAccepted,,,,,,,,,,,,,No,No,,,
Add,BB-1170-i89zr,261328,0,2021 Panini Prizm FREDDIE FREEMAN #112 Red/White/Blue Prizm Atlanta Braves,,,4000,No,BASEBALL,,,,,,,,MLB,,,No,Excellent,,,,Sports Trading Card,,,,,,,,,,,,,,,,,,,,,"<div style=""background:#FDFEFE;border:1px solid #CBD4C2;color:#353535;padding:40px;line-height:1.6;font-family:Arial,sans-serif;font-size:16px;""><h1 style=""text-align:center;"">2021 Panini Prizm FREDDIE FREEMAN #112 Red/White/Blue Prizm Atlanta Braves</h1><table style=""width:100%;margin-top:30px;border-spacing:0;""><tr><th align=""left"">Payment</th><td>Payment is due within 4 days. Unpaid items may be canceled and relisted.</td></tr><tr><th align=""left"">Shipping</th><td>Items ship via eBay Standard Envelope. Combined shipping may apply. Usually ships within 1 business day.</td></tr><tr><th align=""left"">Disclaimer</th><td>All cards are sold as-is. Review item condition and images. No refunds or returns. Contact us before leaving negative feedback.</td></tr></table></div>",FixedPrice,GTC,3.49,,1,,ImmediatePayRequired,,United States,,Flat,USPSFirstClass,1,0.0,,,1,,,ReturnsNotAccepted,,,,,,,,,,,,,No,No,,,
Add,BB-1175-i89zy,261328,0,2024 Stadium Club Jackson Holliday #TRI-30 Triumvirates Baltimore Orioles,,,4000,No,BASEBALL,,,,,,,,MLB,,,No,Excellent,,,,Sports Trading Card,,,,,,,,,,,,,,,,,,,,,"<div style=""background:#FDFEFE;border:1px solid #CBD4C2;color:#353535;padding:40px;line-height:1.6;font-family:Arial,sans-serif;font-size:16px;""><h1 style=""text-align:center;"">2024 Stadium Club Jackson Holliday #TRI-30 Triumvirates Baltimore Orioles</h1><table style=""width:100%;margin-top:30px;border-spacing:0;""><tr><th align=""left"">Payment</th><td>Payment is due within 4 days. Unpaid items may be canceled and relisted.</td></tr><tr><th align=""left"">Shipping</th><td>Items ship via eBay Standard Envelope. Combined shipping may apply. Usually ships within 1 business day.</td></tr><tr><th align=""left"">Disclaimer</th><td>All cards are sold as-is. Review item condition and images. No refunds or returns. Contact us before leaving negative feedback.</td></tr></table></div>",FixedPrice,GTC,7.45,,1,,ImmediatePayRequired,,United States,,Flat,USPSFirstClass,1,0.0,,,1,,,ReturnsNotAccepted,,,,,,,,,,,,,No,No,,,
Add,BB-1177-i8a01,261328,0,2024 Topps Chrome JACKSON CHOURIO #161 Milwaukee Brewers,,,4000,No,BASEBALL,,,,,,,,MLB,,,No,Excellent,,,,Sports Trading Card,,,,,,,,,,,,,,,,,,,,,"<div style=""background:#FDFEFE;border:1px solid #CBD4C2;color:#353535;padding:40px;line-height:1.6;font-family:Arial,sans-serif;font-size:16px;""><h1 style=""text-align:center;"">2024 Topps Chrome JACKSON CHOURIO #161 Milwaukee Brewers</h1><table style=""width:100%;margin-top:30px;border-spacing:0;""><tr><th align=""left"">Payment</th><td>Payment is due within 4 days. Unpaid items may be canceled and relisted.</td></tr><tr><th align=""left"">Shipping</th><td>Items ship via eBay Standard Envelope. Combined shipping may apply. Usually ships within 1 business day.</td></tr><tr><th align=""left"">Disclaimer</th><td>All cards are sold as-is. Review item condition and images. No refunds or returns. Contact us before leaving negative feedback.</td></tr></table></div>",FixedPrice,GTC,4.49,,1,,ImmediatePayRequired,,United States,,Flat,USPSFirstClass,1,0.0,,,1,,,ReturnsNotAccepted,,,,,,,,,,,,,No,No,,,
Add,BB-1182-i8a08,261328,0,2024 Topps Series 1 Stars of MLB Insert #SMLB-21 Shohei Ohtani Los Angeles,,,4000,No,BASEBALL,,,,,,,,MLB,,,No,Excellent,,,,Sports Trading Card,,,,,,,,,,,,,,,,,,,,,"<div style=""background:#FDFEFE;border:1px solid #CBD4C2;color:#353535;padding:40px;line-height:1.6;font-family:Arial,sans-serif;font-size:16px;""><h1 style=""text-align:center;"">2024 Topps Series 1 Stars of MLB Insert #SMLB-21 Shohei Ohtani Los Angeles</h1><table style=""width:100%;margin-top:30px;border-spacing:0;""><tr><th align=""left"">Payment</th><td>Payment is due within 4 days. Unpaid items may be canceled and relisted.</td></tr><tr><th align=""left"">Shipping</th><td>Items ship via eBay Standard Envelope. Combined shipping may apply. Usually ships within 1 business day.</td></tr><tr><th align=""left"">Disclaimer</th><td>All cards are sold as-is. Review item condition and images. No refunds or returns. Contact us before leaving negative feedback.</td></tr></table></div>",FixedPrice,GTC,1.99,,1,,ImmediatePayRequired,,United States,,Flat,USPSFirstClass,1,0.0,,,1,,,ReturnsNotAccepted,,,,,,,,,,,,,No,No,,,
Add,BB-1187-i8a0a,261328,0,2025 Bowman TRAVIS BAZZANA #VIP-8 Very Important Prospects Cleveland Guardians,,,4000,No,BASEBALL,,,,,,,,MLB,,,No,Excellent,,,,Sports Trading Card,,,,,,,,,,,,,,,,,,,,,"<div style=""background:#FDFEFE;border:1px solid #CBD4C2;color:#353535;padding:40px;line-height:1.6;font-family:Arial,sans-serif;font-size:16px;""><h1 style=""text-align:center;"">2025 Bowman TRAVIS BAZZANA #VIP-8 Very Important Prospects Cleveland Guardians</h1><table style=""width:100%;margin-top:30px;border-spacing:0;""><tr><th align=""left"">Payment</th><td>Payment is due within 4 days. Unpaid items may be canceled and relisted.</td></tr><tr><th align=""left"">Shipping</th><td>Items ship via eBay Standard Envelope. Combined shipping may apply. Usually ships within 1 business day.</td></tr><tr><th align=""left"">Disclaimer</th><td>All cards are sold as-is. Review item condition and images. No refunds or returns. Contact us before leaving negative feedback.</td></tr></table></div>",FixedPrice,GTC,2.99,,1,,ImmediatePayRequired,,United States,,Flat,USPSFirstClass,1,0.0,,,1,,,ReturnsNotAccepted,,,,,,,,,,,,,No,No,,,
Add,BB-1186-i8a0k,261328,0,2025 Bowman COBY MAYO #ROY-2 Rookie of the Year Favorites Baltimore Orioles RC,,,4000,No,BASEBALL,,,,,,,,MLB,,,No,Excellent,,,,Sports Trading Card,,,,,,,,,,,,,,,,,,,,,"<div style=""background:#FDFEFE;border:1px solid #CBD4C2;color:#353535;padding:40px;line-height:1.6;font-family:Arial,sans-serif;font-size:16px;""><h1 style=""text-align:center;"">2025 Bowman COBY MAYO #ROY-2 Rookie of the Year Favorites Baltimore Orioles RC</h1><table style=""width:100%;margin-top:30px;border-spacing:0;""><tr><th align=""left"">Payment</th><td>Payment is due within 4 days. Unpaid items may be canceled and relisted.</td></tr><tr><th align=""left"">Shipping</th><td>Items ship via eBay Standard Envelope. Combined shipping may apply. Usually ships within 1 business day.</td></tr><tr><th align=""left"">Disclaimer</th><td>All cards are sold as-is. Review item condition and images. No refunds or returns. Contact us before leaving negative feedback.</td></tr></table></div>",FixedPrice,GTC,2.99,,1,,ImmediatePayRequired,,United States,,Flat,USPSFirstClass,1,0.0,,,1,,,ReturnsNotAccepted,,,,,,,,,,,,,Yes,No,,,
Add,iamex,261328,0,2024 Bowman University Chrome RUEBEN OWENS #76 Texas A&M Aggies,,,4000,No,BASEBALL,,,,,,,,MLB,,,No,Excellent,,,,Sports Trading Card,,,,,,,,,,,,,,,,,,,,,"<div style=""background:#FDFEFE;border:1px solid #CBD4C2;color:#353535;padding:40px;line-height:1.6;font-family:Arial,sans-serif;font-size:16px;""><h1 style=""text-align:center;"">2024 Bowman University Chrome RUEBEN OWENS #76 Texas A&M Aggies</h1><table style=""width:100%;margin-top:30px;border-spacing:0;""><tr><th align=""left"">Payment</th><td>Payment is due within 4 days. Unpaid items may be canceled and relisted.</td></tr><tr><th align=""left"">Shipping</th><td>Items ship via eBay Standard Envelope. Combined shipping may apply. Usually ships within 1 business day.</td></tr><tr><th align=""left"">Disclaimer</th><td>All cards are sold as-is. Review item condition and images. No refunds or returns. Contact us before leaving negative feedback.</td></tr></table></div>",FixedPrice,GTC,3.49,,1,,ImmediatePayRequired,,United States,,Flat,USPSFirstClass,1,0.0,,,1,,,ReturnsNotAccepted,,,,,,,,,,,,,No,No,,,
Add,iamhh,261328,0,2024 Bowman University Chrome LESHON WILLIAMS #190 Iowa Hawkeyes,,,4000,No,BASEBALL,,,,,,,,MLB,,,No,Excellent,,,,Sports Trading Card,,,,,,,,,,,,,,,,,,,,,"<div style=""background:#FDFEFE;border:1px solid #CBD4C2;color:#353535;padding:40px;line-height:1.6;font-family:Arial,sans-serif;font-size:16px;""><h1 style=""text-align:center;"">2024 Bowman University Chrome LESHON WILLIAMS #190 Iowa Hawkeyes</h1><table style=""width:100%;margin-top:30px;border-spacing:0;""><tr><th align=""left"">Payment</th><td>Payment is due within 4 days. Unpaid items may be canceled and relisted.</td></tr><tr><th align=""left"">Shipping</th><td>Items ship via eBay Standard Envelope. Combined shipping may apply. Usually ships within 1 business day.</td></tr><tr><th align=""left"">Disclaimer</th><td>All cards are sold as-is. Review item condition and images. No refunds or returns. Contact us before leaving negative feedback.</td></tr></table></div>",FixedPrice,GTC,3.49,,1,,ImmediatePayRequired,,United States,,Flat,USPSFirstClass,1,0.0,,,1,,,ReturnsNotAccepted,,,,,,,,,,,,,No,No,,,
Add,iamhk,261328,0,2024 Bowman University Chrome ANTARIO BROWN #13 Northern Illinois Huskies,,,4000,No,BASEBALL,,,,,,,,MLB,,,No,Excellent,,,,Sports Trading Card,,,,,,,,,,,,,,,,,,,,,"<div style=""background:#FDFEFE;border:1px solid #CBD4C2;color:#353535;padding:40px;line-height:1.6;font-family:Arial,sans-serif;font-size:16px;""><h1 style=""text-align:center;"">2024 Bowman University Chrome ANTARIO BROWN #13 Northern Illinois Huskies</h1><table style=""width:100%;margin-top:30px;border-spacing:0;""><tr><th align=""left"">Payment</th><td>Payment is due within 4 days. Unpaid items may be canceled and relisted.</td></tr><tr><th align=""left"">Shipping</th><td>Items ship via eBay Standard Envelope. Combined shipping may apply. Usually ships within 1 business day.</td></tr><tr><th align=""left"">Disclaimer</th><td>All cards are sold as-is. Review item condition and images. No refunds or returns. Contact us before leaving negative feedback.</td></tr></table></div>",FixedPrice,GTC,3.49,,1,,ImmediatePayRequired,,United States,,Flat,USPSFirstClass,1,0.0,,,1,,,ReturnsNotAccepted,,,,,,,,,,,,,No,No,,,
Add,iamho,261328,0,2024 Bowman University Chrome ISAIAH BOND #60 Texas Longhorns,,,4000,No,BASEBALL,,,,,,,,MLB,,,No,Excellent,,,,Sports Trading Card,,,,,,,,,,,,,,,,,,,,,"<div style=""background:#FDFEFE;border:1px solid #CBD4C2;color:#353535;padding:40px;line-height:1.6;font-family:Arial,sans-serif;font-size:16px;""><h1 style=""text-align:center;"">2024 Bowman University Chrome ISAIAH BOND #60 Texas Longhorns</h1><table style=""width:100%;margin-top:30px;border-spacing:0;""><tr><th align=""left"">Payment</th><td>Payment is due within 4 days. Unpaid items may be canceled and relisted.</td></tr><tr><th align=""left"">Shipping</th><td>Items ship via eBay Standard Envelope. Combined shipping may apply. Usually ships within 1 business day.</td></tr><tr><th align=""left"">Disclaimer</th><td>All cards are sold as-is. Review item condition and images. No refunds or returns. Contact us before leaving negative feedback.</td></tr></table></div>",FixedPrice,GTC,3.49,,1,,ImmediatePayRequired,,United States,,Flat,USPSFirstClass,1,0.0,,,1,,,ReturnsNotAccepted,,,,,,,,,,,,,No,No,,,
Add,iamhs,261328,0,2024 Bowman University Chrome DERRICK MOORE #59 Michigan Wolverines,,,4000,No,BASEBALL,,,,,,,,MLB,,,No,Excellent,,,,Sports Trading Card,,,,,,,,,,,,,,,,,,,,,"<div style=""background:#FDFEFE;border:1px solid #CBD4C2;color:#353535;padding:40px;line-height:1.6;font-family:Arial,sans-serif;font-size:16px;""><h1 style=""text-align:center;"">2024 Bowman University Chrome DERRICK MOORE #59 Michigan Wolverines</h1><table style=""width:100%;margin-top:30px;border-spacing:0;""><tr><th align=""left"">Payment</th><td>Payment is due within 4 days. Unpaid items may be canceled and relisted.</td></tr><tr><th align=""left"">Shipping</th><td>Items ship via eBay Standard Envelope. Combined shipping may apply. Usually ships within 1 business day.</td></tr><tr><th align=""left"">Disclaimer</th><td>All cards are sold as-is. Review item condition and images. No refunds or returns. Contact us before leaving negative feedback.</td></tr></table></div>",FixedPrice,GTC,3.49,,1,,ImmediatePayRequired,,United States,,Flat,USPSFirstClass,1,0.0,,,1,,,ReturnsNotAccepted,,,,,,,,,,,,,No,No,,,
Add,iamhx,261328,0,2024 Bowman University Chrome ROMAN HEMBY #65 Maryland Terrapins,,,4000,No,BASEBALL,,,,,,,,MLB,,,No,Excellent,,,,Sports Trading Card,,,,,,,,,,,,,,,,,,,,,"<div style=""background:#FDFEFE;border:1px solid #CBD4C2;color:#353535;padding:40px;line-height:1.6;font-family:Arial,sans-serif;font-size:16px;""><h1 style=""text-align:center;"">2024 Bowman University Chrome ROMAN HEMBY #65 Maryland Terrapins</h1><table style=""width:100%;margin-top:30px;border-spacing:0;""><tr><th align=""left"">Payment</th><td>Payment is due within 4 days. Unpaid items may be canceled and relisted.</td></tr><tr><th align=""left"">Shipping</th><td>Items ship via eBay Standard Envelope. Combined shipping may apply. Usually ships within 1 business day.</td></tr><tr><th align=""left"">Disclaimer</th><td>All cards are sold as-is. Review item condition and images. No refunds or returns. Contact us before leaving negative feedback.</td></tr></table></div>",FixedPrice,GTC,3.49,,1,,ImmediatePayRequired,,United States,,Flat,USPSFirstClass,1,0.0,,,1,,,ReturnsNotAccepted,,,,,,,,,,,,,No,No,,,
Add,CDP-79A34B4-i7p2s,261328,0,2024 Topps RESURGENCE - C.J. Stroud #41,,,4000,No,BASEBALL,,,,,,,,MLB,,,No,Excellent,,,,Sports Trading Card,,,,,,,,,,,,,,,,,,,,,"<div style=""background:#FDFEFE;border:1px solid #CBD4C2;color:#353535;padding:40px;line-height:1.6;font-family:Arial,sans-serif;font-size:16px;""><h1 style=""text-align:center;"">2024 Topps RESURGENCE - C.J. Stroud #41</h1><table style=""width:100%;margin-top:30px;border-spacing:0;""><tr><th align=""left"">Payment</th><td>Payment is due within 4 days. Unpaid items may be canceled and relisted.</td></tr><tr><th align=""left"">Shipping</th><td>Items ship via eBay Standard Envelope. Combined shipping may apply. Usually ships within 1 business day.</td></tr><tr><th align=""left"">Disclaimer</th><td>All cards are sold as-is. Review item condition and images. No refunds or returns. Contact us before leaving negative feedback.</td></tr></table></div>",FixedPrice,GTC,1.99,,1,,ImmediatePayRequired,,United States,,Flat,USPSFirstClass,1,0.0,,,1,,,ReturnsNotAccepted,,,,,,,,,,,,,No,No,,,
Add,ide1z,261328,0,2024 Topps Update SHOTA IMANAGA #US281 Cubs,,,4000,No,BASEBALL,,,,,,,,MLB,,,No,Excellent,,,,Sports Trading Card,,,,,,,,,,,,,,,,,,,,,"<div style=""background:#FDFEFE;border:1px solid #CBD4C2;color:#353535;padding:40px;line-height:1.6;font-family:Arial,sans-serif;font-size:16px;""><h1 style=""text-align:center;"">2024 Topps Update SHOTA IMANAGA #US281 Cubs</h1><table style=""width:100%;margin-top:30px;border-spacing:0;""><tr><th align=""left"">Payment</th><td>Payment is due within 4 days. Unpaid items may be canceled and relisted.</td></tr><tr><th align=""left"">Shipping</th><td>Items ship via eBay Standard Envelope. Combined shipping may apply. Usually ships within 1 business day.</td></tr><tr><th align=""left"">Disclaimer</th><td>All cards are sold as-is. Review item condition and images. No refunds or returns. Contact us before leaving negative feedback.</td></tr></table></div>",FixedPrice,GTC,3.99,,1,,ImmediatePayRequired,,United States,,Flat,USPSFirstClass,1,0.0,,,1,,,ReturnsNotAccepted,,,,,,,,,,,,,No,No,,,
Add,ide20,261328,0,2024 Topps Update Blaze ALEXANDER #US265 Diamondbacks,,,4000,No,BASEBALL,,,,,,,,MLB,,,No,Excellent,,,,Sports Trading Card,,,,,,,,,,,,,,,,,,,,,"<div style=""background:#FDFEFE;border:1px solid #CBD4C2;color:#353535;padding:40px;line-height:1.6;font-family:Arial,sans-serif;font-size:16px;""><h1 style=""text-align:center;"">2024 Topps Update Blaze ALEXANDER #US265 Diamondbacks</h1><table style=""width:100%;margin-top:30px;border-spacing:0;""><tr><th align=""left"">Payment</th><td>Payment is due within 4 days. Unpaid items may be canceled and relisted.</td></tr><tr><th align=""left"">Shipping</th><td>Items ship via eBay Standard Envelope. Combined shipping may apply. Usually ships within 1 business day.</td></tr><tr><th align=""left"">Disclaimer</th><td>All cards are sold as-is. Review item condition and images. No refunds or returns. Contact us before leaving negative feedback.</td></tr></table></div>",FixedPrice,GTC,2.29,,1,,ImmediatePayRequired,,United States,,Flat,USPSFirstClass,1,0.0,,,1,,,ReturnsNotAccepted,,,,,,,,,,,,,No,No,,,
Add,ide22,261328,0,2025 Topps RONALD ACUÑA JR. #TG-16 Training Grounds Pink Foil Braves,,,4000,No,BASEBALL,,,,,,,,MLB,,,No,Excellent,,,,Sports Trading Card,,,,,,,,,,,,,,,,,,,,,"<div style=""background:#FDFEFE;border:1px solid #CBD4C2;color:#353535;padding:40px;line-height:1.6;font-family:Arial,sans-serif;font-size:16px;""><h1 style=""text-align:center;"">2025 Topps RONALD ACUÑA JR. #TG-16 Training Grounds Pink Foil Braves</h1><table style=""width:100%;margin-top:30px;border-spacing:0;""><tr><th align=""left"">Payment</th><td>Payment is due within 4 days. Unpaid items may be canceled and relisted.</td></tr><tr><th align=""left"">Shipping</th><td>Items ship via eBay Standard Envelope. Combined shipping may apply. Usually ships within 1 business day.</td></tr><tr><th align=""left"">Disclaimer</th><td>All cards are sold as-is. Review item condition and images. No refunds or returns. Contact us before leaving negative feedback.</td></tr></table></div>",FixedPrice,GTC,3.09,,1,,ImmediatePayRequired,,United States,,Flat,USPSFirstClass,1,0.0,,,1,,,ReturnsNotAccepted,,,,,,,,,,,,,No,No,,,
Add,ide25,261328,0,2025 Topps DEREK JETER #CTH-17 Call to the Hall Yankees,,,4000,No,BASEBALL,,,,,,,,MLB,,,No,Excellent,,,,Sports Trading Card,,,,,,,,,,,,,,,,,,,,,"<div style=""background:#FDFEFE;border:1px solid #CBD4C2;color:#353535;padding:40px;line-height:1.6;font-family:Arial,sans-serif;font-size:16px;""><h1 style=""text-align:center;"">2025 Topps DEREK JETER #CTH-17 Call to the Hall Yankees</h1><table style=""width:100%;margin-top:30px;border-spacing:0;""><tr><th align=""left"">Payment</th><td>Payment is due within 4 days. Unpaid items may be canceled and relisted.</td></tr><tr><th align=""left"">Shipping</th><td>Items ship via eBay Standard Envelope. Combined shipping may apply. Usually ships within 1 business day.</td></tr><tr><th align=""left"">Disclaimer</th><td>All cards are sold as-is. Review item condition and images. No refunds or returns. Contact us before leaving negative feedback.</td></tr></table></div>",FixedPrice,GTC,3.49,,1,,ImmediatePayRequired,,United States,,Flat,USPSFirstClass,1,0.0,,,1,,,ReturnsNotAccepted,,,,,,,,,,,,,No,No,,,
Add,ide27,261328,0,2024 Bowman Draft IVAN LUCIANO #BD-29 Diamondbacks,,,4000,No,BASEBALL,,,,,,,,MLB,,,No,Excellent,,,,Sports Trading Card,,,,,,,,,,,,,,,,,,,,,"<div style=""background:#FDFEFE;border:1px solid #CBD4C2;color:#353535;padding:40px;line-height:1.6;font-family:Arial,sans-serif;font-size:16px;""><h1 style=""text-align:center;"">2024 Bowman Draft IVAN LUCIANO #BD-29 Diamondbacks</h1><table style=""width:100%;margin-top:30px;border-spacing:0;""><tr><th align=""left"">Payment</th><td>Payment is due within 4 days. Unpaid items may be canceled and relisted.</td></tr><tr><th align=""left"">Shipping</th><td>Items ship via eBay Standard Envelope. Combined shipping may apply. Usually ships within 1 business day.</td></tr><tr><th align=""left"">Disclaimer</th><td>All cards are sold as-is. Review item condition and images. No refunds or returns. Contact us before leaving negative feedback.</td></tr></table></div>",FixedPrice,GTC,3.99,,1,,ImmediatePayRequired,,United States,,Flat,USPSFirstClass,1,0.0,,,1,,,ReturnsNotAccepted,,,,,,,,,,,,,No,No,,,
Add,ide29,261328,0,2024 Bowman Draft JARED SERNA #BDC-161 Chrome Fuchsia Lunar Refractor Marlins,,,4000,No,BASEBALL,,,,,,,,MLB,,,No,Excellent,,,,Sports Trading Card,,,,,,,,,,,,,,,,,,,,,"<div style=""background:#FDFEFE;border:1px solid #CBD4C2;color:#353535;padding:40px;line-height:1.6;font-family:Arial,sans-serif;font-size:16px;""><h1 style=""text-align:center;"">2024 Bowman Draft JARED SERNA #BDC-161 Chrome Fuchsia Lunar Refractor Marlins</h1><table style=""width:100%;margin-top:30px;border-spacing:0;""><tr><th align=""left"">Payment</th><td>Payment is due within 4 days. Unpaid items may be canceled and relisted.</td></tr><tr><th align=""left"">Shipping</th><td>Items ship via eBay Standard Envelope. Combined shipping may apply. Usually ships within 1 business day.</td></tr><tr><th align=""left"">Disclaimer</th><td>All cards are sold as-is. Review item condition and images. No refunds or returns. Contact us before leaving negative feedback.</td></tr></table></div>",FixedPrice,GTC,4.99,,1,,ImmediatePayRequired,,United States,,Flat,USPSFirstClass,1,0.0,,,1,,,ReturnsNotAccepted,,,,,,,,,,,,,No,No,,,
Add,ide2a,261328,0,2025 Topps CADE POVICH #T90-69 1990 Topps Baseball 35th Anniversary Orioles,,,4000,No,BASEBALL,,,,,,,,MLB,,,No,Excellent,,,,Sports Trading Card,,,,,,,,,,,,,,,,,,,,,"<div style=""background:#FDFEFE;border:1px solid #CBD4C2;color:#353535;padding:40px;line-height:1.6;font-family:Arial,sans-serif;font-size:16px;""><h1 style=""text-align:center;"">2025 Topps CADE POVICH #T90-69 1990 Topps Baseball 35th Anniversary Orioles</h1><table style=""width:100%;margin-top:30px;border-spacing:0;""><tr><th align=""left"">Payment</th><td>Payment is due within 4 days. Unpaid items may be canceled and relisted.</td></tr><tr><th align=""left"">Shipping</th><td>Items ship via eBay Standard Envelope. Combined shipping may apply. Usually ships within 1 business day.</td></tr><tr><th align=""left"">Disclaimer</th><td>All cards are sold as-is. Review item condition and images. No refunds or returns. Contact us before leaving negative feedback.</td></tr></table></div>",FixedPrice,GTC,3.49,,1,,ImmediatePayRequired,,United States,,Flat,USPSFirstClass,1,0.0,,,1,,,ReturnsNotAccepted,,,,,,,,,,,,,No,No,,,
Add,ide2b,261328,0,2025 Topps JO ADELL #211 Green Rainbow Foil Angels,,,4000,No,BASEBALL,,,,,,,,MLB,,,No,Excellent,,,,Sports Trading Card,,,,,,,,,,,,,,,,,,,,,"<div style=""background:#FDFEFE;border:1px solid #CBD4C2;color:#353535;padding:40px;line-height:1.6;font-family:Arial,sans-serif;font-size:16px;""><h1 style=""text-align:center;"">2025 Topps JO ADELL #211 Green Rainbow Foil Angels</h1><table style=""width:100%;margin-top:30px;border-spacing:0;""><tr><th align=""left"">Payment</th><td>Payment is due within 4 days. Unpaid items may be canceled and relisted.</td></tr><tr><th align=""left"">Shipping</th><td>Items ship via eBay Standard Envelope. Combined shipping may apply. Usually ships within 1 business day.</td></tr><tr><th align=""left"">Disclaimer</th><td>All cards are sold as-is. Review item condition and images. No refunds or returns. Contact us before leaving negative feedback.</td></tr></table></div>",FixedPrice,GTC,4.49,,1,,ImmediatePayRequired,,United States,,Flat,USPSFirstClass,1,0.0,,,1,,,ReturnsNotAccepted,,,,,,,,,,,,,No,No,,,
Add,ide2c,261328,0,2023 Topps BIG League Wrapper Redemption Ken Waldichuk #WR-64 Gold Foil A's,,,4000,No,BASEBALL,,,,,,,,MLB,,,No,Excellent,,,,Sports Trading Card,,,,,,,,,,,,,,,,,,,,,"<div style=""background:#FDFEFE;border:1px solid #CBD4C2;color:#353535;padding:40px;line-height:1.6;font-family:Arial,sans-serif;font-size:16px;""><h1 style=""text-align:center;"">2023 Topps BIG League Wrapper Redemption Ken Waldichuk #WR-64 Gold Foil A's</h1><table style=""width:100%;margin-top:30px;border-spacing:0;""><tr><th align=""left"">Payment</th><td>Payment is due within 4 days. Unpaid items may be canceled and relisted.</td></tr><tr><th align=""left"">Shipping</th><td>Items ship via eBay Standard Envelope. Combined shipping may apply. Usually ships within 1 business day.</td></tr><tr><th align=""left"">Disclaimer</th><td>All cards are sold as-is. Review item condition and images. No refunds or returns. Contact us before leaving negative feedback.</td></tr></table></div>",FixedPrice,GTC,7.19,,1,,ImmediatePayRequired,,United States,,Flat,USPSFirstClass,1,0.0,,,1,,,ReturnsNotAccepted,,,,,,,,,,,,,No,No,,,
Add,ide2e,261328,0,2022 Topps MIKE TROUT #27 Gold Los Angeles Angels #/2022,,,4000,No,BASEBALL,,,,,,,,MLB,,,No,Excellent,,,,Sports Trading Card,,,,,,,,,,,,,,,,,,,,,"<div style=""background:#FDFEFE;border:1px solid #CBD4C2;color:#353535;padding:40px;line-height:1.6;font-family:Arial,sans-serif;font-size:16px;""><h1 style=""text-align:center;"">2022 Topps MIKE TROUT #27 Gold Los Angeles Angels #/2022</h1><table style=""width:100%;margin-top:30px;border-spacing:0;""><tr><th align=""left"">Payment</th><td>Payment is due within 4 days. Unpaid items may be canceled and relisted.</td></tr><tr><th align=""left"">Shipping</th><td>Items ship via eBay Standard Envelope. Combined shipping may apply. Usually ships within 1 business day.</td></tr><tr><th align=""left"">Disclaimer</th><td>All cards are sold as-is. Review item condition and images. No refunds or returns. Contact us before leaving negative feedback.</td></tr></table></div>",FixedPrice,GTC,3.99,,1,,ImmediatePayRequired,,United States,,Flat,USPSFirstClass,1,0.0,,,1,,,ReturnsNotAccepted,,,,,,,,,,,,,No,No,,,
Add,ide2g,261328,0,2024 Topps Update JACKSON HOLLIDAY #CSMLB-83 Stars of MLB Chrome Orioles,,,4000,No,BASEBALL,,,,,,,,MLB,,,No,Excellent,,,,Sports Trading Card,,,,,,,,,,,,,,,,,,,,,"<div style=""background:#FDFEFE;border:1px solid #CBD4C2;color:#353535;padding:40px;line-height:1.6;font-family:Arial,sans-serif;font-size:16px;""><h1 style=""text-align:center;"">2024 Topps Update JACKSON HOLLIDAY #CSMLB-83 Stars of MLB Chrome Orioles</h1><table style=""width:100%;margin-top:30px;border-spacing:0;""><tr><th align=""left"">Payment</th><td>Payment is due within 4 days. Unpaid items may be canceled and relisted.</td></tr><tr><th align=""left"">Shipping</th><td>Items ship via eBay Standard Envelope. Combined shipping may apply. Usually ships within 1 business day.</td></tr><tr><th align=""left"">Disclaimer</th><td>All cards are sold as-is. Review item condition and images. No refunds or returns. Contact us before leaving negative feedback.</td></tr></table></div>",FixedPrice,GTC,3.99,,1,,ImmediatePayRequired,,United States,,Flat,USPSFirstClass,1,0.0,,,1,,,ReturnsNotAccepted,,,,,,,,,,,,,No,No,,,
Add,ide2h,261328,0,2024 Bowman Draft L.P. LANGEVIN #BD-183 Sky Blue Kansas City Royals #/499,,,4000,No,BASEBALL,,,,,,,,MLB,,,No,Excellent,,,,Sports Trading Card,,,,,,,,,,,,,,,,,,,,,"<div style=""background:#FDFEFE;border:1px solid #CBD4C2;color:#353535;padding:40px;line-height:1.6;font-family:Arial,sans-serif;font-size:16px;""><h1 style=""text-align:center;"">2024 Bowman Draft L.P. LANGEVIN #BD-183 Sky Blue Kansas City Royals #/499</h1><table style=""width:100%;margin-top:30px;border-spacing:0;""><tr><th align=""left"">Payment</th><td>Payment is due within 4 days. Unpaid items may be canceled and relisted.</td></tr><tr><th align=""left"">Shipping</th><td>Items ship via eBay Standard Envelope. Combined shipping may apply. Usually ships within 1 business day.</td></tr><tr><th align=""left"">Disclaimer</th><td>All cards are sold as-is. Review item condition and images. No refunds or returns. Contact us before leaving negative feedback.</td></tr></table></div>",FixedPrice,GTC,4.49,,1,,ImmediatePayRequired,,United States,,Flat,USPSFirstClass,1,0.0,,,1,,,ReturnsNotAccepted,,,,,,,,,,,,,No,No,,,
Add,ide2i,261328,0,2025 Topps DAVID FESTA #T90C-90 35th Anniversary Chrome Mojo Twins,,,4000,No,BASEBALL,,,,,,,,MLB,,,No,Excellent,,,,Sports Trading Card,,,,,,,,,,,,,,,,,,,,,"<div style=""background:#FDFEFE;border:1px solid #CBD4C2;color:#353535;padding:40px;line-height:1.6;font-family:Arial,sans-serif;font-size:16px;""><h1 style=""text-align:center;"">2025 Topps DAVID FESTA #T90C-90 35th Anniversary Chrome Mojo Twins</h1><table style=""width:100%;margin-top:30px;border-spacing:0;""><tr><th align=""left"">Payment</th><td>Payment is due within 4 days. Unpaid items may be canceled and relisted.</td></tr><tr><th align=""left"">Shipping</th><td>Items ship via eBay Standard Envelope. Combined shipping may apply. Usually ships within 1 business day.</td></tr><tr><th align=""left"">Disclaimer</th><td>All cards are sold as-is. Review item condition and images. No refunds or returns. Contact us before leaving negative feedback.</td></tr></table></div>",FixedPrice,GTC,3.49,,1,,ImmediatePayRequired,,United States,,Flat,USPSFirstClass,1,0.0,,,1,,,ReturnsNotAccepted,,,,,,,,,,,,,No,No,,,
Add,ide2j,261328,0,2024 Topps Update KEN GRIFFEY JR. #89US-45 1989 Topps Baseball 35th Mariners,,,4000,No,BASEBALL,,,,,,,,MLB,,,No,Excellent,,,,Sports Trading Card,,,,,,,,,,,,,,,,,,,,,"<div style=""background:#FDFEFE;border:1px solid #CBD4C2;color:#353535;padding:40px;line-height:1.6;font-family:Arial,sans-serif;font-size:16px;""><h1 style=""text-align:center;"">2024 Topps Update KEN GRIFFEY JR. #89US-45 1989 Topps Baseball 35th Mariners</h1><table style=""width:100%;margin-top:30px;border-spacing:0;""><tr><th align=""left"">Payment</th><td>Payment is due within 4 days. Unpaid items may be canceled and relisted.</td></tr><tr><th align=""left"">Shipping</th><td>Items ship via eBay Standard Envelope. Combined shipping may apply. Usually ships within 1 business day.</td></tr><tr><th align=""left"">Disclaimer</th><td>All cards are sold as-is. Review item condition and images. No refunds or returns. Contact us before leaving negative feedback.</td></tr></table></div>",FixedPrice,GTC,4.49,,1,,ImmediatePayRequired,,United States,,Flat,USPSFirstClass,1,0.0,,,1,,,ReturnsNotAccepted,,,,,,,,,,,,,No,No,,,
Add,ide2k,261328,0,2025 Topps NACHO ALVAREZ JR. #T90C-28 35th Anniversary Chrome Mojo Braves,,,4000,No,BASEBALL,,,,,,,,MLB,,,No,Excellent,,,,Sports Trading Card,,,,,,,,,,,,,,,,,,,,,"<div style=""background:#FDFEFE;border:1px solid #CBD4C2;color:#353535;padding:40px;line-height:1.6;font-family:Arial,sans-serif;font-size:16px;""><h1 style=""text-align:center;"">2025 Topps NACHO ALVAREZ JR. #T90C-28 35th Anniversary Chrome Mojo Braves</h1><table style=""width:100%;margin-top:30px;border-spacing:0;""><tr><th align=""left"">Payment</th><td>Payment is due within 4 days. Unpaid items may be canceled and relisted.</td></tr><tr><th align=""left"">Shipping</th><td>Items ship via eBay Standard Envelope. Combined shipping may apply. Usually ships within 1 business day.</td></tr><tr><th align=""left"">Disclaimer</th><td>All cards are sold as-is. Review item condition and images. No refunds or returns. Contact us before leaving negative feedback.</td></tr></table></div>",FixedPrice,GTC,3.49,,1,,ImmediatePayRequired,,United States,,Flat,USPSFirstClass,1,0.0,,,1,,,ReturnsNotAccepted,,,,,,,,,,,,,No,No,,,
Add,ide2m,261328,0,2025 Topps CHAYCE MCDERMOTT #90A-CMT,,,4000,No,BASEBALL,,,,,,,,MLB,,,No,Excellent,,,,Sports Trading Card,,,,,,,,,,,,,,,,,,,,,"<div style=""background:#FDFEFE;border:1px solid #CBD4C2;color:#353535;padding:40px;line-height:1.6;font-family:Arial,sans-serif;font-size:16px;""><h1 style=""text-align:center;"">2025 Topps CHAYCE MCDERMOTT #90A-CMT</h1><table style=""width:100%;margin-top:30px;border-spacing:0;""><tr><th align=""left"">Payment</th><td>Payment is due within 4 days. Unpaid items may be canceled and relisted.</td></tr><tr><th align=""left"">Shipping</th><td>Items ship via eBay Standard Envelope. Combined shipping may apply. Usually ships within 1 business day.</td></tr><tr><th align=""left"">Disclaimer</th><td>All cards are sold as-is. Review item condition and images. No refunds or returns. Contact us before leaving negative feedback.</td></tr></table></div>",FixedPrice,GTC,8.49,,1,,ImmediatePayRequired,,United States,,Flat,USPSFirstClass,1,0.0,,,1,,,ReturnsNotAccepted,,,,,,,,,,,,,No,No,,,
Add,ide2n,261328,0,2025 Topps Heritage WYATT LANGFORD #29b Texas Rangers,,,4000,No,BASEBALL,,,,,,,,MLB,,,No,Excellent,,,,Sports Trading Card,,,,,,,,,,,,,,,,,,,,,"<div style=""background:#FDFEFE;border:1px solid #CBD4C2;color:#353535;padding:40px;line-height:1.6;font-family:Arial,sans-serif;font-size:16px;""><h1 style=""text-align:center;"">2025 Topps Heritage WYATT LANGFORD #29b Texas Rangers</h1><table style=""width:100%;margin-top:30px;border-spacing:0;""><tr><th align=""left"">Payment</th><td>Payment is due within 4 days. Unpaid items may be canceled and relisted.</td></tr><tr><th align=""left"">Shipping</th><td>Items ship via eBay Standard Envelope. Combined shipping may apply. Usually ships within 1 business day.</td></tr><tr><th align=""left"">Disclaimer</th><td>All cards are sold as-is. Review item condition and images. No refunds or returns. Contact us before leaving negative feedback.</td></tr></table></div>",FixedPrice,GTC,3.99,,1,,ImmediatePayRequired,,United States,,Flat,USPSFirstClass,1,0.0,,,1,,,ReturnsNotAccepted,,,,,,,,,,,,,No,No,,,
Add,ide2p,261328,0,2025 Topps Heritage KETEL MARTE #420 Arizona Diamondbacks,,,4000,No,BASEBALL,,,,,,,,MLB,,,No,Excellent,,,,Sports Trading Card,,,,,,,,,,,,,,,,,,,,,"<div style=""background:#FDFEFE;border:1px solid #CBD4C2;color:#353535;padding:40px;line-height:1.6;font-family:Arial,sans-serif;font-size:16px;""><h1 style=""text-align:center;"">2025 Topps Heritage KETEL MARTE #420 Arizona Diamondbacks</h1><table style=""width:100%;margin-top:30px;border-spacing:0;""><tr><th align=""left"">Payment</th><td>Payment is due within 4 days. Unpaid items may be canceled and relisted.</td></tr><tr><th align=""left"">Shipping</th><td>Items ship via eBay Standard Envelope. Combined shipping may apply. Usually ships within 1 business day.</td></tr><tr><th align=""left"">Disclaimer</th><td>All cards are sold as-is. Review item condition and images. No refunds or returns. Contact us before leaving negative feedback.</td></tr></table></div>",FixedPrice,GTC,3.49,,1,,ImmediatePayRequired,,United States,,Flat,USPSFirstClass,1,0.0,,,1,,,ReturnsNotAccepted,,,,,,,,,,,,,No,No,,,
Add,ide2r,261328,0,2025 Bowman JACKSON HOLLIDAY #77 Baltimore Orioles,,,4000,No,BASEBALL,,,,,,,,MLB,,,No,Excellent,,,,Sports Trading Card,,,,,,,,,,,,,,,,,,,,,"<div style=""background:#FDFEFE;border:1px solid #CBD4C2;color:#353535;padding:40px;line-height:1.6;font-family:Arial,sans-serif;font-size:16px;""><h1 style=""text-align:center;"">2025 Bowman JACKSON HOLLIDAY #77 Baltimore Orioles</h1><table style=""width:100%;margin-top:30px;border-spacing:0;""><tr><th align=""left"">Payment</th><td>Payment is due within 4 days. Unpaid items may be canceled and relisted.</td></tr><tr><th align=""left"">Shipping</th><td>Items ship via eBay Standard Envelope. Combined shipping may apply. Usually ships within 1 business day.</td></tr><tr><th align=""left"">Disclaimer</th><td>All cards are sold as-is. Review item condition and images. No refunds or returns. Contact us before leaving negative feedback.</td></tr></table></div>",FixedPrice,GTC,3.49,,1,,ImmediatePayRequired,,United States,,Flat,USPSFirstClass,1,0.0,,,1,,,ReturnsNotAccepted,,,,,,,,,,,,,No,No,,,
Add,ide2v,261328,0,2025 Bowman JACE JUNG #59 Detroit Tigers,,,4000,No,BASEBALL,,,,,,,,MLB,,,No,Excellent,,,,Sports Trading Card,,,,,,,,,,,,,,,,,,,,,"<div style=""background:#FDFEFE;border:1px solid #CBD4C2;color:#353535;padding:40px;line-height:1.6;font-family:Arial,sans-serif;font-size:16px;""><h1 style=""text-align:center;"">2025 Bowman JACE JUNG #59 Detroit Tigers</h1><table style=""width:100%;margin-top:30px;border-spacing:0;""><tr><th align=""left"">Payment</th><td>Payment is due within 4 days. Unpaid items may be canceled and relisted.</td></tr><tr><th align=""left"">Shipping</th><td>Items ship via eBay Standard Envelope. Combined shipping may apply. Usually ships within 1 business day.</td></tr><tr><th align=""left"">Disclaimer</th><td>All cards are sold as-is. Review item condition and images. No refunds or returns. Contact us before leaving negative feedback.</td></tr></table></div>",FixedPrice,GTC,3.49,,1,,ImmediatePayRequired,,United States,,Flat,USPSFirstClass,1,0.0,,,1,,,ReturnsNotAccepted,,,,,,,,,,,,,No,No,,,
Add,ide30,261328,0,2025 Bowman DAVID FESTA #54 Minnesota Twins,,,4000,No,BASEBALL,,,,,,,,MLB,,,No,Excellent,,,,Sports Trading Card,,,,,,,,,,,,,,,,,,,,,"<div style=""background:#FDFEFE;border:1px solid #CBD4C2;color:#353535;padding:40px;line-height:1.6;font-family:Arial,sans-serif;font-size:16px;""><h1 style=""text-align:center;"">2025 Bowman DAVID FESTA #54 Minnesota Twins</h1><table style=""width:100%;margin-top:30px;border-spacing:0;""><tr><th align=""left"">Payment</th><td>Payment is due within 4 days. Unpaid items may be canceled and relisted.</td></tr><tr><th align=""left"">Shipping</th><td>Items ship via eBay Standard Envelope. Combined shipping may apply. Usually ships within 1 business day.</td></tr><tr><th align=""left"">Disclaimer</th><td>All cards are sold as-is. Review item condition and images. No refunds or returns. Contact us before leaving negative feedback.</td></tr></table></div>",FixedPrice,GTC,3.49,,1,,ImmediatePayRequired,,United States,,Flat,USPSFirstClass,1,0.0,,,1,,,ReturnsNotAccepted,,,,,,,,,,,,,No,No,,,
Add,ide34,261328,0,2025 Bowman HYESEONG KIM #91 Los Angeles Dodgers,,,4000,No,BASEBALL,,,,,,,,MLB,,,No,Excellent,,,,Sports Trading Card,,,,,,,,,,,,,,,,,,,,,"<div style=""background:#FDFEFE;border:1px solid #CBD4C2;color:#353535;padding:40px;line-height:1.6;font-family:Arial,sans-serif;font-size:16px;""><h1 style=""text-align:center;"">2025 Bowman HYESEONG KIM #91 Los Angeles Dodgers</h1><table style=""width:100%;margin-top:30px;border-spacing:0;""><tr><th align=""left"">Payment</th><td>Payment is due within 4 days. Unpaid items may be canceled and relisted.</td></tr><tr><th align=""left"">Shipping</th><td>Items ship via eBay Standard Envelope. Combined shipping may apply. Usually ships within 1 business day.</td></tr><tr><th align=""left"">Disclaimer</th><td>All cards are sold as-is. Review item condition and images. No refunds or returns. Contact us before leaving negative feedback.</td></tr></table></div>",FixedPrice,GTC,3.49,,1,,ImmediatePayRequired,,United States,,Flat,USPSFirstClass,1,0.0,,,1,,,ReturnsNotAccepted,,,,,,,,,,,,,No,No,,,
Add,ide37,261328,0,2025 Bowman LUIS PENA #BP-38 Prospects Milwaukee Brewers,,,4000,No,BASEBALL,,,,,,,,MLB,,,No,Excellent,,,,Sports Trading Card,,,,,,,,,,,,,,,,,,,,,"<div style=""background:#FDFEFE;border:1px solid #CBD4C2;color:#353535;padding:40px;line-height:1.6;font-family:Arial,sans-serif;font-size:16px;""><h1 style=""text-align:center;"">2025 Bowman LUIS PENA #BP-38 Prospects Milwaukee Brewers</h1><table style=""width:100%;margin-top:30px;border-spacing:0;""><tr><th align=""left"">Payment</th><td>Payment is due within 4 days. Unpaid items may be canceled and relisted.</td></tr><tr><th align=""left"">Shipping</th><td>Items ship via eBay Standard Envelope. Combined shipping may apply. Usually ships within 1 business day.</td></tr><tr><th align=""left"">Disclaimer</th><td>All cards are sold as-is. Review item condition and images. No refunds or returns. Contact us before leaving negative feedback.</td></tr></table></div>",FixedPrice,GTC,3.49,,1,,ImmediatePayRequired,,United States,,Flat,USPSFirstClass,1,0.0,,,1,,,ReturnsNotAccepted,,,,,,,,,,,,,No,No,,,
Add,ide3l,261328,0,2025 Bowman JUAN SOTO #22 New York Mets,,,4000,No,BASEBALL,,,,,,,,MLB,,,No,Excellent,,,,Sports Trading Card,,,,,,,,,,,,,,,,,,,,,"<div style=""background:#FDFEFE;border:1px solid #CBD4C2;color:#353535;padding:40px;line-height:1.6;font-family:Arial,sans-serif;font-size:16px;""><h1 style=""text-align:center;"">2025 Bowman JUAN SOTO #22 New York Mets</h1><table style=""width:100%;margin-top:30px;border-spacing:0;""><tr><th align=""left"">Payment</th><td>Payment is due within 4 days. Unpaid items may be canceled and relisted.</td></tr><tr><th align=""left"">Shipping</th><td>Items ship via eBay Standard Envelope. Combined shipping may apply. Usually ships within 1 business day.</td></tr><tr><th align=""left"">Disclaimer</th><td>All cards are sold as-is. Review item condition and images. No refunds or returns. Contact us before leaving negative feedback.</td></tr></table></div>",FixedPrice,GTC,3.49,,1,,ImmediatePayRequired,,United States,,Flat,USPSFirstClass,1,0.0,,,1,,,ReturnsNotAccepted,,,,,,,,,,,,,No,No,,,
Add,ide3f,261328,0,2025 Bowman Aaron Judge #99 New York Yankees,,,4000,No,BASEBALL,,,,,,,,MLB,,,No,Excellent,,,,Sports Trading Card,,,,,,,,,,,,,,,,,,,,,"<div style=""background:#FDFEFE;border:1px solid #CBD4C2;color:#353535;padding:40px;line-height:1.6;font-family:Arial,sans-serif;font-size:16px;""><h1 style=""text-align:center;"">2025 Bowman Aaron Judge #99 New York Yankees</h1><table style=""width:100%;margin-top:30px;border-spacing:0;""><tr><th align=""left"">Payment</th><td>Payment is due within 4 days. Unpaid items may be canceled and relisted.</td></tr><tr><th align=""left"">Shipping</th><td>Items ship via eBay Standard Envelope. Combined shipping may apply. Usually ships within 1 business day.</td></tr><tr><th align=""left"">Disclaimer</th><td>All cards are sold as-is. Review item condition and images. No refunds or returns. Contact us before leaving negative feedback.</td></tr></table></div>",FixedPrice,GTC,2.29,,1,,ImmediatePayRequired,,United States,,Flat,USPSFirstClass,1,0.0,,,1,,,ReturnsNotAccepted,,,,,,,,,,,,,No,No,,,
Add,ide3n,261328,0,2025 Bowman CORBIN CARROLL #96 Arizona Diamondbacks,,,4000,No,BASEBALL,,,,,,,,MLB,,,No,Excellent,,,,Sports Trading Card,,,,,,,,,,,,,,,,,,,,,"<div style=""background:#FDFEFE;border:1px solid #CBD4C2;color:#353535;padding:40px;line-height:1.6;font-family:Arial,sans-serif;font-size:16px;""><h1 style=""text-align:center;"">2025 Bowman CORBIN CARROLL #96 Arizona Diamondbacks</h1><table style=""width:100%;margin-top:30px;border-spacing:0;""><tr><th align=""left"">Payment</th><td>Payment is due within 4 days. Unpaid items may be canceled and relisted.</td></tr><tr><th align=""left"">Shipping</th><td>Items ship via eBay Standard Envelope. Combined shipping may apply. Usually ships within 1 business day.</td></tr><tr><th align=""left"">Disclaimer</th><td>All cards are sold as-is. Review item condition and images. No refunds or returns. Contact us before leaving negative feedback.</td></tr></table></div>",FixedPrice,GTC,3.49,,1,,ImmediatePayRequired,,United States,,Flat,USPSFirstClass,1,0.0,,,1,,,ReturnsNotAccepted,,,,,,,,,,,,,No,No,,,
Add,ide3p,261328,0,2020 Bowman MIKE TROUT #1 Los Angeles Angels,,,4000,No,BASEBALL,,,,,,,,MLB,,,No,Excellent,,,,Sports Trading Card,,,,,,,,,,,,,,,,,,,,,"<div style=""background:#FDFEFE;border:1px solid #CBD4C2;color:#353535;padding:40px;line-height:1.6;font-family:Arial,sans-serif;font-size:16px;""><h1 style=""text-align:center;"">2020 Bowman MIKE TROUT #1 Los Angeles Angels</h1><table style=""width:100%;margin-top:30px;border-spacing:0;""><tr><th align=""left"">Payment</th><td>Payment is due within 4 days. Unpaid items may be canceled and relisted.</td></tr><tr><th align=""left"">Shipping</th><td>Items ship via eBay Standard Envelope. Combined shipping may apply. Usually ships within 1 business day.</td></tr><tr><th align=""left"">Disclaimer</th><td>All cards are sold as-is. Review item condition and images. No refunds or returns. Contact us before leaving negative feedback.</td></tr></table></div>",FixedPrice,GTC,3.99,,1,,ImmediatePayRequired,,United States,,Flat,USPSFirstClass,1,0.0,,,1,,,ReturnsNotAccepted,,,,,,,,,,,,,No,No,,,
Add,ide3q,261328,0,2019 Bowman MIKE TROUT #1 Los Angeles Angels,,,4000,No,BASEBALL,,,,,,,,MLB,,,No,Excellent,,,,Sports Trading Card,,,,,,,,,,,,,,,,,,,,,"<div style=""background:#FDFEFE;border:1px solid #CBD4C2;color:#353535;padding:40px;line-height:1.6;font-family:Arial,sans-serif;font-size:16px;""><h1 style=""text-align:center;"">2019 Bowman MIKE TROUT #1 Los Angeles Angels</h1><table style=""width:100%;margin-top:30px;border-spacing:0;""><tr><th align=""left"">Payment</th><td>Payment is due within 4 days. Unpaid items may be canceled and relisted.</td></tr><tr><th align=""left"">Shipping</th><td>Items ship via eBay Standard Envelope. Combined shipping may apply. Usually ships within 1 business day.</td></tr><tr><th align=""left"">Disclaimer</th><td>All cards are sold as-is. Review item condition and images. No refunds or returns. Contact us before leaving negative feedback.</td></tr></table></div>",FixedPrice,GTC,3.99,,1,,ImmediatePayRequired,,United States,,Flat,USPSFirstClass,1,0.0,,,1,,,ReturnsNotAccepted,,,,,,,,,,,,,No,No,,,
Add,ide3r,261328,0,2020 Topps Update MIKE TROUT #U-119 Los Angeles Angels,,,4000,No,BASEBALL,,,,,,,,MLB,,,No,Excellent,,,,Sports Trading Card,,,,,,,,,,,,,,,,,,,,,"<div style=""background:#FDFEFE;border:1px solid #CBD4C2;color:#353535;padding:40px;line-height:1.6;font-family:Arial,sans-serif;font-size:16px;""><h1 style=""text-align:center;"">2020 Topps Update MIKE TROUT #U-119 Los Angeles Angels</h1><table style=""width:100%;margin-top:30px;border-spacing:0;""><tr><th align=""left"">Payment</th><td>Payment is due within 4 days. Unpaid items may be canceled and relisted.</td></tr><tr><th align=""left"">Shipping</th><td>Items ship via eBay Standard Envelope. Combined shipping may apply. Usually ships within 1 business day.</td></tr><tr><th align=""left"">Disclaimer</th><td>All cards are sold as-is. Review item condition and images. No refunds or returns. Contact us before leaving negative feedback.</td></tr></table></div>",FixedPrice,GTC,3.99,,1,,ImmediatePayRequired,,United States,,Flat,USPSFirstClass,1,0.0,,,1,,,ReturnsNotAccepted,,,,,,,,,,,,,No,No,,,
Add,ide3s,261328,0,2024 Panini Prospect Edition GRIFF O’FERRALL #17 Domination Blue Orioles /99,,,4000,No,BASEBALL,,,,,,,,MLB,,,No,Excellent,,,,Sports Trading Card,,,,,,,,,,,,,,,,,,,,,"<div style=""background:#FDFEFE;border:1px solid #CBD4C2;color:#353535;padding:40px;line-height:1.6;font-family:Arial,sans-serif;font-size:16px;""><h1 style=""text-align:center;"">2024 Panini Prospect Edition GRIFF O’FERRALL #17 Domination Blue Orioles /99</h1><table style=""width:100%;margin-top:30px;border-spacing:0;""><tr><th align=""left"">Payment</th><td>Payment is due within 4 days. Unpaid items may be canceled and relisted.</td></tr><tr><th align=""left"">Shipping</th><td>Items ship via eBay Standard Envelope. Combined shipping may apply. Usually ships within 1 business day.</td></tr><tr><th align=""left"">Disclaimer</th><td>All cards are sold as-is. Review item condition and images. No refunds or returns. Contact us before leaving negative feedback.</td></tr></table></div>",FixedPrice,GTC,3.99,,1,,ImmediatePayRequired,,United States,,Flat,USPSFirstClass,1,0.0,,,1,,,ReturnsNotAccepted,,,,,,,,,,,,,No,No,,,
Add,ide3t,261328,0,2025 Bowman TARIK SKUBAL #20 Detroit Tigers,,,4000,No,BASEBALL,,,,,,,,MLB,,,No,Excellent,,,,Sports Trading Card,,,,,,,,,,,,,,,,,,,,,"<div style=""background:#FDFEFE;border:1px solid #CBD4C2;color:#353535;padding:40px;line-height:1.6;font-family:Arial,sans-serif;font-size:16px;""><h1 style=""text-align:center;"">2025 Bowman TARIK SKUBAL #20 Detroit Tigers</h1><table style=""width:100%;margin-top:30px;border-spacing:0;""><tr><th align=""left"">Payment</th><td>Payment is due within 4 days. Unpaid items may be canceled and relisted.</td></tr><tr><th align=""left"">Shipping</th><td>Items ship via eBay Standard Envelope. Combined shipping may apply. Usually ships within 1 business day.</td></tr><tr><th align=""left"">Disclaimer</th><td>All cards are sold as-is. Review item condition and images. No refunds or returns. Contact us before leaving negative feedback.</td></tr></table></div>",FixedPrice,GTC,3.49,,1,,ImmediatePayRequired,,United States,,Flat,USPSFirstClass,1,0.0,,,1,,,ReturnsNotAccepted,,,,,,,,,,,,,No,No,,,
Add,ide3u,261328,0,2025 Topps LOS ANGELES ANGELS #85 Blue Holo Foil Los Angeles Angels #/150,,,4000,No,BASEBALL,,,,,,,,MLB,,,No,Excellent,,,,Sports Trading Card,,,,,,,,,,,,,,,,,,,,,"<div style=""background:#FDFEFE;border:1px solid #CBD4C2;color:#353535;padding:40px;line-height:1.6;font-family:Arial,sans-serif;font-size:16px;""><h1 style=""text-align:center;"">2025 Topps LOS ANGELES ANGELS #85 Blue Holo Foil Los Angeles Angels #/150</h1><table style=""width:100%;margin-top:30px;border-spacing:0;""><tr><th align=""left"">Payment</th><td>Payment is due within 4 days. Unpaid items may be canceled and relisted.</td></tr><tr><th align=""left"">Shipping</th><td>Items ship via eBay Standard Envelope. Combined shipping may apply. Usually ships within 1 business day.</td></tr><tr><th align=""left"">Disclaimer</th><td>All cards are sold as-is. Review item condition and images. No refunds or returns. Contact us before leaving negative feedback.</td></tr></table></div>",FixedPrice,GTC,4.99,,1,,ImmediatePayRequired,,United States,,Flat,USPSFirstClass,1,0.0,,,1,,,ReturnsNotAccepted,,,,,,,,,,,,,No,No,,,
Add,ide3v,261328,0,2025 Topps ELLY DE LA CRUZ #GH-28 2024 Greatest Hits Cincinnati Reds,,,4000,No,BASEBALL,,,,,,,,MLB,,,No,Excellent,,,,Sports Trading Card,,,,,,,,,,,,,,,,,,,,,"<div style=""background:#FDFEFE;border:1px solid #CBD4C2;color:#353535;padding:40px;line-height:1.6;font-family:Arial,sans-serif;font-size:16px;""><h1 style=""text-align:center;"">2025 Topps ELLY DE LA CRUZ #GH-28 2024 Greatest Hits Cincinnati Reds</h1><table style=""width:100%;margin-top:30px;border-spacing:0;""><tr><th align=""left"">Payment</th><td>Payment is due within 4 days. Unpaid items may be canceled and relisted.</td></tr><tr><th align=""left"">Shipping</th><td>Items ship via eBay Standard Envelope. Combined shipping may apply. Usually ships within 1 business day.</td></tr><tr><th align=""left"">Disclaimer</th><td>All cards are sold as-is. Review item condition and images. No refunds or returns. Contact us before leaving negative feedback.</td></tr></table></div>",FixedPrice,GTC,3.49,,1,,ImmediatePayRequired,,United States,,Flat,USPSFirstClass,1,0.0,,,1,,,ReturnsNotAccepted,,,,,,,,,,,,,No,No,,,
Add,ide3w,261328,0,2025 Topps BO JACKSON #T90-62 35th Royals,,,4000,No,BASEBALL,,,,,,,,MLB,,,No,Excellent,,,,Sports Trading Card,,,,,,,,,,,,,,,,,,,,,"<div style=""background:#FDFEFE;border:1px solid #CBD4C2;color:#353535;padding:40px;line-height:1.6;font-family:Arial,sans-serif;font-size:16px;""><h1 style=""text-align:center;"">2025 Topps BO JACKSON #T90-62 35th Royals</h1><table style=""width:100%;margin-top:30px;border-spacing:0;""><tr><th align=""left"">Payment</th><td>Payment is due within 4 days. Unpaid items may be canceled and relisted.</td></tr><tr><th align=""left"">Shipping</th><td>Items ship via eBay Standard Envelope. Combined shipping may apply. Usually ships within 1 business day.</td></tr><tr><th align=""left"">Disclaimer</th><td>All cards are sold as-is. Review item condition and images. No refunds or returns. Contact us before leaving negative feedback.</td></tr></table></div>",FixedPrice,GTC,3.49,,1,,ImmediatePayRequired,,United States,,Flat,USPSFirstClass,1,0.0,,,1,,,ReturnsNotAccepted,,,,,,,,,,,,,No,No,,,
Add,ide3y,261328,0,2024 Panini Prospect Edition Alex Clemmey #200 Purple Nationals Auto,,,4000,No,BASEBALL,,,,,,,,MLB,,,No,Excellent,,,,Sports Trading Card,,,,,,,,,,,,,,,,,,,,,"<div style=""background:#FDFEFE;border:1px solid #CBD4C2;color:#353535;padding:40px;line-height:1.6;font-family:Arial,sans-serif;font-size:16px;""><h1 style=""text-align:center;"">2024 Panini Prospect Edition Alex Clemmey #200 Purple Nationals Auto</h1><table style=""width:100%;margin-top:30px;border-spacing:0;""><tr><th align=""left"">Payment</th><td>Payment is due within 4 days. Unpaid items may be canceled and relisted.</td></tr><tr><th align=""left"">Shipping</th><td>Items ship via eBay Standard Envelope. Combined shipping may apply. Usually ships within 1 business day.</td></tr><tr><th align=""left"">Disclaimer</th><td>All cards are sold as-is. Review item condition and images. No refunds or returns. Contact us before leaving negative feedback.</td></tr></table></div>",FixedPrice,GTC,3.99,,1,,ImmediatePayRequired,,United States,,Flat,USPSFirstClass,1,0.0,,,1,,,ReturnsNotAccepted,,,,,,,,,,,,,No,No,,,
Add,ide3z,261328,0,2025 Topps PETE ALONSO #T90-30 New York Mets,,,4000,No,BASEBALL,,,,,,,,MLB,,,No,Excellent,,,,Sports Trading Card,,,,,,,,,,,,,,,,,,,,,"<div style=""background:#FDFEFE;border:1px solid #CBD4C2;color:#353535;padding:40px;line-height:1.6;font-family:Arial,sans-serif;font-size:16px;""><h1 style=""text-align:center;"">2025 Topps PETE ALONSO #T90-30 New York Mets</h1><table style=""width:100%;margin-top:30px;border-spacing:0;""><tr><th align=""left"">Payment</th><td>Payment is due within 4 days. Unpaid items may be canceled and relisted.</td></tr><tr><th align=""left"">Shipping</th><td>Items ship via eBay Standard Envelope. Combined shipping may apply. Usually ships within 1 business day.</td></tr><tr><th align=""left"">Disclaimer</th><td>All cards are sold as-is. Review item condition and images. No refunds or returns. Contact us before leaving negative feedback.</td></tr></table></div>",FixedPrice,GTC,3.49,,1,,ImmediatePayRequired,,United States,,Flat,USPSFirstClass,1,0.0,,,1,,,ReturnsNotAccepted,,,,,,,,,,,,,No,No,,,
Add,ide41,261328,0,2024 Panini Prospect Edition IVAN LUCIANO #103 Arizona Diamondbacks,,,4000,No,BASEBALL,,,,,,,,MLB,,,No,Excellent,,,,Sports Trading Card,,,,,,,,,,,,,,,,,,,,,"<div style=""background:#FDFEFE;border:1px solid #CBD4C2;color:#353535;padding:40px;line-height:1.6;font-family:Arial,sans-serif;font-size:16px;""><h1 style=""text-align:center;"">2024 Panini Prospect Edition IVAN LUCIANO #103 Arizona Diamondbacks</h1><table style=""width:100%;margin-top:30px;border-spacing:0;""><tr><th align=""left"">Payment</th><td>Payment is due within 4 days. Unpaid items may be canceled and relisted.</td></tr><tr><th align=""left"">Shipping</th><td>Items ship via eBay Standard Envelope. Combined shipping may apply. Usually ships within 1 business day.</td></tr><tr><th align=""left"">Disclaimer</th><td>All cards are sold as-is. Review item condition and images. No refunds or returns. Contact us before leaving negative feedback.</td></tr></table></div>",FixedPrice,GTC,3.99,,1,,ImmediatePayRequired,,United States,,Flat,USPSFirstClass,1,0.0,,,1,,,ReturnsNotAccepted,,,,,,,,,,,,,No,No,,,
Add,ide42,261328,0,2013 Topps ALLEN & Ginter Rod Carew #167 Angels,,,4000,No,BASEBALL,,,,,,,,MLB,,,No,Excellent,,,,Sports Trading Card,,,,,,,,,,,,,,,,,,,,,"<div style=""background:#FDFEFE;border:1px solid #CBD4C2;color:#353535;padding:40px;line-height:1.6;font-family:Arial,sans-serif;font-size:16px;""><h1 style=""text-align:center;"">2013 Topps ALLEN & Ginter Rod Carew #167 Angels</h1><table style=""width:100%;margin-top:30px;border-spacing:0;""><tr><th align=""left"">Payment</th><td>Payment is due within 4 days. Unpaid items may be canceled and relisted.</td></tr><tr><th align=""left"">Shipping</th><td>Items ship via eBay Standard Envelope. Combined shipping may apply. Usually ships within 1 business day.</td></tr><tr><th align=""left"">Disclaimer</th><td>All cards are sold as-is. Review item condition and images. No refunds or returns. Contact us before leaving negative feedback.</td></tr></table></div>",FixedPrice,GTC,2.29,,1,,ImmediatePayRequired,,United States,,Flat,USPSFirstClass,1,0.0,,,1,,,ReturnsNotAccepted,,,,,,,,,,,,,No,No,,,
Add,ide43,261328,0,2025 Topps SHOTA IMANAGA #SMLB-26 Stars of MLB Chicago Cubs,,,4000,No,BASEBALL,,,,,,,,MLB,,,No,Excellent,,,,Sports Trading Card,,,,,,,,,,,,,,,,,,,,,"<div style=""background:#FDFEFE;border:1px solid #CBD4C2;color:#353535;padding:40px;line-height:1.6;font-family:Arial,sans-serif;font-size:16px;""><h1 style=""text-align:center;"">2025 Topps SHOTA IMANAGA #SMLB-26 Stars of MLB Chicago Cubs</h1><table style=""width:100%;margin-top:30px;border-spacing:0;""><tr><th align=""left"">Payment</th><td>Payment is due within 4 days. Unpaid items may be canceled and relisted.</td></tr><tr><th align=""left"">Shipping</th><td>Items ship via eBay Standard Envelope. Combined shipping may apply. Usually ships within 1 business day.</td></tr><tr><th align=""left"">Disclaimer</th><td>All cards are sold as-is. Review item condition and images. No refunds or returns. Contact us before leaving negative feedback.</td></tr></table></div>",FixedPrice,GTC,3.49,,1,,ImmediatePayRequired,,United States,,Flat,USPSFirstClass,1,0.0,,,1,,,ReturnsNotAccepted,,,,,,,,,,,,,No,No,,,
Add,ide44,261328,0,2025 Topps FERNANDO TATIS JR. #SMLB-4 Stars of MLB San Diego Padres,,,4000,No,BASEBALL,,,,,,,,MLB,,,No,Excellent,,,,Sports Trading Card,,,,,,,,,,,,,,,,,,,,,"<div style=""background:#FDFEFE;border:1px solid #CBD4C2;color:#353535;padding:40px;line-height:1.6;font-family:Arial,sans-serif;font-size:16px;""><h1 style=""text-align:center;"">2025 Topps FERNANDO TATIS JR. #SMLB-4 Stars of MLB San Diego Padres</h1><table style=""width:100%;margin-top:30px;border-spacing:0;""><tr><th align=""left"">Payment</th><td>Payment is due within 4 days. Unpaid items may be canceled and relisted.</td></tr><tr><th align=""left"">Shipping</th><td>Items ship via eBay Standard Envelope. Combined shipping may apply. Usually ships within 1 business day.</td></tr><tr><th align=""left"">Disclaimer</th><td>All cards are sold as-is. Review item condition and images. No refunds or returns. Contact us before leaving negative feedback.</td></tr></table></div>",FixedPrice,GTC,3.49,,1,,ImmediatePayRequired,,United States,,Flat,USPSFirstClass,1,0.0,,,1,,,ReturnsNotAccepted,,,,,,,,,,,,,No,No,,,
Add,ide47,261328,0,2021 Panini Diamond Kings MIKE TROUT #83 Los Angeles Angels Basketball,,,4000,No,BASEBALL,,,,,,,,MLB,,,No,Excellent,,,,Sports Trading Card,,,,,,,,,,,,,,,,,,,,,"<div style=""background:#FDFEFE;border:1px solid #CBD4C2;color:#353535;padding:40px;line-height:1.6;font-family:Arial,sans-serif;font-size:16px;""><h1 style=""text-align:center;"">2021 Panini Diamond Kings MIKE TROUT #83 Los Angeles Angels Basketball</h1><table style=""width:100%;margin-top:30px;border-spacing:0;""><tr><th align=""left"">Payment</th><td>Payment is due within 4 days. Unpaid items may be canceled and relisted.</td></tr><tr><th align=""left"">Shipping</th><td>Items ship via eBay Standard Envelope. Combined shipping may apply. Usually ships within 1 business day.</td></tr><tr><th align=""left"">Disclaimer</th><td>All cards are sold as-is. Review item condition and images. No refunds or returns. Contact us before leaving negative feedback.</td></tr></table></div>",FixedPrice,GTC,3.99,,1,,ImmediatePayRequired,,United States,,Flat,USPSFirstClass,1,0.0,,,1,,,ReturnsNotAccepted,,,,,,,,,,,,,No,No,,,
Add,ide48,261328,0,2024 Bowman Draft GEORGE LOMBARD JR. #BD-118 New York Yankees,,,4000,No,BASEBALL,,,,,,,,MLB,,,No,Excellent,,,,Sports Trading Card,,,,,,,,,,,,,,,,,,,,,"<div style=""background:#FDFEFE;border:1px solid #CBD4C2;color:#353535;padding:40px;line-height:1.6;font-family:Arial,sans-serif;font-size:16px;""><h1 style=""text-align:center;"">2024 Bowman Draft GEORGE LOMBARD JR. #BD-118 New York Yankees</h1><table style=""width:100%;margin-top:30px;border-spacing:0;""><tr><th align=""left"">Payment</th><td>Payment is due within 4 days. Unpaid items may be canceled and relisted.</td></tr><tr><th align=""left"">Shipping</th><td>Items ship via eBay Standard Envelope. Combined shipping may apply. Usually ships within 1 business day.</td></tr><tr><th align=""left"">Disclaimer</th><td>All cards are sold as-is. Review item condition and images. No refunds or returns. Contact us before leaving negative feedback.</td></tr></table></div>",FixedPrice,GTC,3.99,,1,,ImmediatePayRequired,,United States,,Flat,USPSFirstClass,1,0.0,,,1,,,ReturnsNotAccepted,,,,,,,,,,,,,No,No,,,
Add,ide49,261328,0,2024 Bowman Draft KYLE TEEL #BDC-162 Chrome Boston Red Sox,,,4000,No,BASEBALL,,,,,,,,MLB,,,No,Excellent,,,,Sports Trading Card,,,,,,,,,,,,,,,,,,,,,"<div style=""background:#FDFEFE;border:1px solid #CBD4C2;color:#353535;padding:40px;line-height:1.6;font-family:Arial,sans-serif;font-size:16px;""><h1 style=""text-align:center;"">2024 Bowman Draft KYLE TEEL #BDC-162 Chrome Boston Red Sox</h1><table style=""width:100%;margin-top:30px;border-spacing:0;""><tr><th align=""left"">Payment</th><td>Payment is due within 4 days. Unpaid items may be canceled and relisted.</td></tr><tr><th align=""left"">Shipping</th><td>Items ship via eBay Standard Envelope. Combined shipping may apply. Usually ships within 1 business day.</td></tr><tr><th align=""left"">Disclaimer</th><td>All cards are sold as-is. Review item condition and images. No refunds or returns. Contact us before leaving negative feedback.</td></tr></table></div>",FixedPrice,GTC,3.99,,1,,ImmediatePayRequired,,United States,,Flat,USPSFirstClass,1,0.0,,,1,,,ReturnsNotAccepted,,,,,,,,,,,,,No,No,,,
Add,ide4b,261328,0,2024 Bowman Draft AARON PARKER #BD-160 Toronto Blue Jays,,,4000,No,BASEBALL,,,,,,,,MLB,,,No,Excellent,,,,Sports Trading Card,,,,,,,,,,,,,,,,,,,,,"<div style=""background:#FDFEFE;border:1px solid #CBD4C2;color:#353535;padding:40px;line-height:1.6;font-family:Arial,sans-serif;font-size:16px;""><h1 style=""text-align:center;"">2024 Bowman Draft AARON PARKER #BD-160 Toronto Blue Jays</h1><table style=""width:100%;margin-top:30px;border-spacing:0;""><tr><th align=""left"">Payment</th><td>Payment is due within 4 days. Unpaid items may be canceled and relisted.</td></tr><tr><th align=""left"">Shipping</th><td>Items ship via eBay Standard Envelope. Combined shipping may apply. Usually ships within 1 business day.</td></tr><tr><th align=""left"">Disclaimer</th><td>All cards are sold as-is. Review item condition and images. No refunds or returns. Contact us before leaving negative feedback.</td></tr></table></div>",FixedPrice,GTC,3.99,,1,,ImmediatePayRequired,,United States,,Flat,USPSFirstClass,1,0.0,,,1,,,ReturnsNotAccepted,,,,,,,,,,,,,No,No,,,
Add,ide4c,261328,0,2024 Topps ARCHIVES RANGER SUÁREZ #06OTG-16 Own the Game Phillies,,,4000,No,BASEBALL,,,,,,,,MLB,,,No,Excellent,,,,Sports Trading Card,,,,,,,,,,,,,,,,,,,,,"<div style=""background:#FDFEFE;border:1px solid #CBD4C2;color:#353535;padding:40px;line-height:1.6;font-family:Arial,sans-serif;font-size:16px;""><h1 style=""text-align:center;"">2024 Topps ARCHIVES RANGER SUÁREZ #06OTG-16 Own the Game Phillies</h1><table style=""width:100%;margin-top:30px;border-spacing:0;""><tr><th align=""left"">Payment</th><td>Payment is due within 4 days. Unpaid items may be canceled and relisted.</td></tr><tr><th align=""left"">Shipping</th><td>Items ship via eBay Standard Envelope. Combined shipping may apply. Usually ships within 1 business day.</td></tr><tr><th align=""left"">Disclaimer</th><td>All cards are sold as-is. Review item condition and images. No refunds or returns. Contact us before leaving negative feedback.</td></tr></table></div>",FixedPrice,GTC,3.99,,1,,ImmediatePayRequired,,United States,,Flat,USPSFirstClass,1,0.0,,,1,,,ReturnsNotAccepted,,,,,,,,,,,,,No,No,,,
Add,ide4d,261328,0,2024 Panini Prospect Edition GEORGE LOMBARD JR. #36 New York Yankees,,,4000,No,BASEBALL,,,,,,,,MLB,,,No,Excellent,,,,Sports Trading Card,,,,,,,,,,,,,,,,,,,,,"<div style=""background:#FDFEFE;border:1px solid #CBD4C2;color:#353535;padding:40px;line-height:1.6;font-family:Arial,sans-serif;font-size:16px;""><h1 style=""text-align:center;"">2024 Panini Prospect Edition GEORGE LOMBARD JR. #36 New York Yankees</h1><table style=""width:100%;margin-top:30px;border-spacing:0;""><tr><th align=""left"">Payment</th><td>Payment is due within 4 days. Unpaid items may be canceled and relisted.</td></tr><tr><th align=""left"">Shipping</th><td>Items ship via eBay Standard Envelope. Combined shipping may apply. Usually ships within 1 business day.</td></tr><tr><th align=""left"">Disclaimer</th><td>All cards are sold as-is. Review item condition and images. No refunds or returns. Contact us before leaving negative feedback.</td></tr></table></div>",FixedPrice,GTC,3.99,,1,,ImmediatePayRequired,,United States,,Flat,USPSFirstClass,1,0.0,,,1,,,ReturnsNotAccepted,,,,,,,,,,,,,No,No,,,
Add,ide4e,261328,0,2025 Topps BRYCE HARPER #T90C-14 35th Anniversary Chrome Mojo Phillies,,,4000,No,BASEBALL,,,,,,,,MLB,,,No,Excellent,,,,Sports Trading Card,,,,,,,,,,,,,,,,,,,,,"<div style=""background:#FDFEFE;border:1px solid #CBD4C2;color:#353535;padding:40px;line-height:1.6;font-family:Arial,sans-serif;font-size:16px;""><h1 style=""text-align:center;"">2025 Topps BRYCE HARPER #T90C-14 35th Anniversary Chrome Mojo Phillies</h1><table style=""width:100%;margin-top:30px;border-spacing:0;""><tr><th align=""left"">Payment</th><td>Payment is due within 4 days. Unpaid items may be canceled and relisted.</td></tr><tr><th align=""left"">Shipping</th><td>Items ship via eBay Standard Envelope. Combined shipping may apply. Usually ships within 1 business day.</td></tr><tr><th align=""left"">Disclaimer</th><td>All cards are sold as-is. Review item condition and images. No refunds or returns. Contact us before leaving negative feedback.</td></tr></table></div>",FixedPrice,GTC,3.99,,1,,ImmediatePayRequired,,United States,,Flat,USPSFirstClass,1,0.0,,,1,,,ReturnsNotAccepted,,,,,,,,,,,,,No,No,,,
Add,ide4f,261328,0,2025 Bowman DYLAN CREWS #ROY-1 Rookie of the Year Favorites Washington Nationals,,,4000,No,BASEBALL,,,,,,,,MLB,,,No,Excellent,,,,Sports Trading Card,,,,,,,,,,,,,,,,,,,,,"<div style=""background:#FDFEFE;border:1px solid #CBD4C2;color:#353535;padding:40px;line-height:1.6;font-family:Arial,sans-serif;font-size:16px;""><h1 style=""text-align:center;"">2025 Bowman DYLAN CREWS #ROY-1 Rookie of the Year Favorites Washington Nationals</h1><table style=""width:100%;margin-top:30px;border-spacing:0;""><tr><th align=""left"">Payment</th><td>Payment is due within 4 days. Unpaid items may be canceled and relisted.</td></tr><tr><th align=""left"">Shipping</th><td>Items ship via eBay Standard Envelope. Combined shipping may apply. Usually ships within 1 business day.</td></tr><tr><th align=""left"">Disclaimer</th><td>All cards are sold as-is. Review item condition and images. No refunds or returns. Contact us before leaving negative feedback.</td></tr></table></div>",FixedPrice,GTC,3.49,,1,,ImmediatePayRequired,,United States,,Flat,USPSFirstClass,1,0.0,,,1,,,ReturnsNotAccepted,,,,,,,,,,,,,Yes,No,,,
Add,ide4i,261328,0,2025 Bowman MOOKIE BETTS #16 Yellow Los Angeles Dodgers,,,4000,No,BASEBALL,,,,,,,,MLB,,,No,Excellent,,,,Sports Trading Card,,,,,,,,,,,,,,,,,,,,,"<div style=""background:#FDFEFE;border:1px solid #CBD4C2;color:#353535;padding:40px;line-height:1.6;font-family:Arial,sans-serif;font-size:16px;""><h1 style=""text-align:center;"">2025 Bowman MOOKIE BETTS #16 Yellow Los Angeles Dodgers</h1><table style=""width:100%;margin-top:30px;border-spacing:0;""><tr><th align=""left"">Payment</th><td>Payment is due within 4 days. Unpaid items may be canceled and relisted.</td></tr><tr><th align=""left"">Shipping</th><td>Items ship via eBay Standard Envelope. Combined shipping may apply. Usually ships within 1 business day.</td></tr><tr><th align=""left"">Disclaimer</th><td>All cards are sold as-is. Review item condition and images. No refunds or returns. Contact us before leaving negative feedback.</td></tr></table></div>",FixedPrice,GTC,3.49,,1,,ImmediatePayRequired,,United States,,Flat,USPSFirstClass,1,0.0,,,1,,,ReturnsNotAccepted,,,,,,,,,,,,,No,No,,,
Add,ide4l,261328,0,2025 Topps CADE POVICH #25 Baltimore Orioles Basketball,,,4000,No,BASEBALL,,,,,,,,MLB,,,No,Excellent,,,,Sports Trading Card,,,,,,,,,,,,,,,,,,,,,"<div style=""background:#FDFEFE;border:1px solid #CBD4C2;color:#353535;padding:40px;line-height:1.6;font-family:Arial,sans-serif;font-size:16px;""><h1 style=""text-align:center;"">2025 Topps CADE POVICH #25 Baltimore Orioles Basketball</h1><table style=""width:100%;margin-top:30px;border-spacing:0;""><tr><th align=""left"">Payment</th><td>Payment is due within 4 days. Unpaid items may be canceled and relisted.</td></tr><tr><th align=""left"">Shipping</th><td>Items ship via eBay Standard Envelope. Combined shipping may apply. Usually ships within 1 business day.</td></tr><tr><th align=""left"">Disclaimer</th><td>All cards are sold as-is. Review item condition and images. No refunds or returns. Contact us before leaving negative feedback.</td></tr></table></div>",FixedPrice,GTC,3.49,,1,,ImmediatePayRequired,,United States,,Flat,USPSFirstClass,1,0.0,,,1,,,ReturnsNotAccepted,,,,,,,,,,,,,No,No,,,
Add,ide4m,261328,0,2024 Topps ARCHIVES COLT KEITH #99NB-13 1999 Topps Baseball New Breed Tigers,,,4000,No,BASEBALL,,,,,,,,MLB,,,No,Excellent,,,,Sports Trading Card,,,,,,,,,,,,,,,,,,,,,"<div style=""background:#FDFEFE;border:1px solid #CBD4C2;color:#353535;padding:40px;line-height:1.6;font-family:Arial,sans-serif;font-size:16px;""><h1 style=""text-align:center;"">2024 Topps ARCHIVES COLT KEITH #99NB-13 1999 Topps Baseball New Breed Tigers</h1><table style=""width:100%;margin-top:30px;border-spacing:0;""><tr><th align=""left"">Payment</th><td>Payment is due within 4 days. Unpaid items may be canceled and relisted.</td></tr><tr><th align=""left"">Shipping</th><td>Items ship via eBay Standard Envelope. Combined shipping may apply. Usually ships within 1 business day.</td></tr><tr><th align=""left"">Disclaimer</th><td>All cards are sold as-is. Review item condition and images. No refunds or returns. Contact us before leaving negative feedback.</td></tr></table></div>",FixedPrice,GTC,3.99,,1,,ImmediatePayRequired,,United States,,Flat,USPSFirstClass,1,0.0,,,1,,,ReturnsNotAccepted,,,,,,,,,,,,,No,No,,,
Add,iep79,261328,0,2024 Topps ARCHIVES BRYCE HARPER #95ATB-19 Traded & Rookies At the Break RC,,,4000,No,BASEBALL,,,,,,,,MLB,,,No,Excellent,,,,Sports Trading Card,,,,,,,,,,,,,,,,,,,,,"<div style=""background:#FDFEFE;border:1px solid #CBD4C2;color:#353535;padding:40px;line-height:1.6;font-family:Arial,sans-serif;font-size:16px;""><h1 style=""text-align:center;"">2024 Topps ARCHIVES BRYCE HARPER #95ATB-19 Traded & Rookies At the Break RC</h1><table style=""width:100%;margin-top:30px;border-spacing:0;""><tr><th align=""left"">Payment</th><td>Payment is due within 4 days. Unpaid items may be canceled and relisted.</td></tr><tr><th align=""left"">Shipping</th><td>Items ship via eBay Standard Envelope. Combined shipping may apply. Usually ships within 1 business day.</td></tr><tr><th align=""left"">Disclaimer</th><td>All cards are sold as-is. Review item condition and images. No refunds or returns. Contact us before leaving negative feedback.</td></tr></table></div>",FixedPrice,GTC,3.99,,1,,ImmediatePayRequired,,United States,,Flat,USPSFirstClass,1,0.0,,,1,,,ReturnsNotAccepted,,,,,,,,,,,,,Yes,No,,,
Add,iep7g,261328,0,2024 Panini Prospect Edition KAELEN CULPEPPER #9 Prepping For The Pros Twins,,,4000,No,BASEBALL,,,,,,,,MLB,,,No,Excellent,,,,Sports Trading Card,,,,,,,,,,,,,,,,,,,,,"<div style=""background:#FDFEFE;border:1px solid #CBD4C2;color:#353535;padding:40px;line-height:1.6;font-family:Arial,sans-serif;font-size:16px;""><h1 style=""text-align:center;"">2024 Panini Prospect Edition KAELEN CULPEPPER #9 Prepping For The Pros Twins</h1><table style=""width:100%;margin-top:30px;border-spacing:0;""><tr><th align=""left"">Payment</th><td>Payment is due within 4 days. Unpaid items may be canceled and relisted.</td></tr><tr><th align=""left"">Shipping</th><td>Items ship via eBay Standard Envelope. Combined shipping may apply. Usually ships within 1 business day.</td></tr><tr><th align=""left"">Disclaimer</th><td>All cards are sold as-is. Review item condition and images. No refunds or returns. Contact us before leaving negative feedback.</td></tr></table></div>",FixedPrice,GTC,3.49,,1,,ImmediatePayRequired,,United States,,Flat,USPSFirstClass,1,0.0,,,1,,,ReturnsNotAccepted,,,,,,,,,,,,,No,No,,,
Add,iep7m,261328,0,2024 Topps ARCHIVES TED WILLIAMS #202 Boston Red Sox,,,4000,No,BASEBALL,,,,,,,,MLB,,,No,Excellent,,,,Sports Trading Card,,,,,,,,,,,,,,,,,,,,,"<div style=""background:#FDFEFE;border:1px solid #CBD4C2;color:#353535;padding:40px;line-height:1.6;font-family:Arial,sans-serif;font-size:16px;""><h1 style=""text-align:center;"">2024 Topps ARCHIVES TED WILLIAMS #202 Boston Red Sox</h1><table style=""width:100%;margin-top:30px;border-spacing:0;""><tr><th align=""left"">Payment</th><td>Payment is due within 4 days. Unpaid items may be canceled and relisted.</td></tr><tr><th align=""left"">Shipping</th><td>Items ship via eBay Standard Envelope. Combined shipping may apply. Usually ships within 1 business day.</td></tr><tr><th align=""left"">Disclaimer</th><td>All cards are sold as-is. Review item condition and images. No refunds or returns. Contact us before leaving negative feedback.</td></tr></table></div>",FixedPrice,GTC,3.49,,1,,ImmediatePayRequired,,United States,,Flat,USPSFirstClass,1,0.0,,,1,,,ReturnsNotAccepted,,,,,,,,,,,,,No,No,,,
Add,iep7v,261328,0,2024 Panini Prospect Edition KENDALL GEORGE #137 Los Angeles Dodgers,,,4000,No,BASEBALL,,,,,,,,MLB,,,No,Excellent,,,,Sports Trading Card,,,,,,,,,,,,,,,,,,,,,"<div style=""background:#FDFEFE;border:1px solid #CBD4C2;color:#353535;padding:40px;line-height:1.6;font-family:Arial,sans-serif;font-size:16px;""><h1 style=""text-align:center;"">2024 Panini Prospect Edition KENDALL GEORGE #137 Los Angeles Dodgers</h1><table style=""width:100%;margin-top:30px;border-spacing:0;""><tr><th align=""left"">Payment</th><td>Payment is due within 4 days. Unpaid items may be canceled and relisted.</td></tr><tr><th align=""left"">Shipping</th><td>Items ship via eBay Standard Envelope. Combined shipping may apply. Usually ships within 1 business day.</td></tr><tr><th align=""left"">Disclaimer</th><td>All cards are sold as-is. Review item condition and images. No refunds or returns. Contact us before leaving negative feedback.</td></tr></table></div>",FixedPrice,GTC,3.99,,1,,ImmediatePayRequired,,United States,,Flat,USPSFirstClass,1,0.0,,,1,,,ReturnsNotAccepted,,,,,,,,,,,,,No,No,,,
Add,iep7y,261328,0,2024 Panini Prospect Edition ALONZO TREDWELL #12 Houston Astros,,,4000,No,BASEBALL,,,,,,,,MLB,,,No,Excellent,,,,Sports Trading Card,,,,,,,,,,,,,,,,,,,,,"<div style=""background:#FDFEFE;border:1px solid #CBD4C2;color:#353535;padding:40px;line-height:1.6;font-family:Arial,sans-serif;font-size:16px;""><h1 style=""text-align:center;"">2024 Panini Prospect Edition ALONZO TREDWELL #12 Houston Astros</h1><table style=""width:100%;margin-top:30px;border-spacing:0;""><tr><th align=""left"">Payment</th><td>Payment is due within 4 days. Unpaid items may be canceled and relisted.</td></tr><tr><th align=""left"">Shipping</th><td>Items ship via eBay Standard Envelope. Combined shipping may apply. Usually ships within 1 business day.</td></tr><tr><th align=""left"">Disclaimer</th><td>All cards are sold as-is. Review item condition and images. No refunds or returns. Contact us before leaving negative feedback.</td></tr></table></div>",FixedPrice,GTC,3.49,,1,,ImmediatePayRequired,,United States,,Flat,USPSFirstClass,1,0.0,,,1,,,ReturnsNotAccepted,,,,,,,,,,,,,No,No,,,
Add,iep82,261328,0,2024 Panini Prospect Edition MITCH JEBB #89 Pittsburgh Pirates,,,4000,No,BASEBALL,,,,,,,,MLB,,,No,Excellent,,,,Sports Trading Card,,,,,,,,,,,,,,,,,,,,,"<div style=""background:#FDFEFE;border:1px solid #CBD4C2;color:#353535;padding:40px;line-height:1.6;font-family:Arial,sans-serif;font-size:16px;""><h1 style=""text-align:center;"">2024 Panini Prospect Edition MITCH JEBB #89 Pittsburgh Pirates</h1><table style=""width:100%;margin-top:30px;border-spacing:0;""><tr><th align=""left"">Payment</th><td>Payment is due within 4 days. Unpaid items may be canceled and relisted.</td></tr><tr><th align=""left"">Shipping</th><td>Items ship via eBay Standard Envelope. Combined shipping may apply. Usually ships within 1 business day.</td></tr><tr><th align=""left"">Disclaimer</th><td>All cards are sold as-is. Review item condition and images. No refunds or returns. Contact us before leaving negative feedback.</td></tr></table></div>",FixedPrice,GTC,3.99,,1,,ImmediatePayRequired,,United States,,Flat,USPSFirstClass,1,0.0,,,1,,,ReturnsNotAccepted,,,,,,,,,,,,,No,No,,,
Add,iep84,261328,0,2024 Panini Prospect Edition JOE VETRANO #47 Los Angeles Dodgers,,,4000,No,BASEBALL,,,,,,,,MLB,,,No,Excellent,,,,Sports Trading Card,,,,,,,,,,,,,,,,,,,,,"<div style=""background:#FDFEFE;border:1px solid #CBD4C2;color:#353535;padding:40px;line-height:1.6;font-family:Arial,sans-serif;font-size:16px;""><h1 style=""text-align:center;"">2024 Panini Prospect Edition JOE VETRANO #47 Los Angeles Dodgers</h1><table style=""width:100%;margin-top:30px;border-spacing:0;""><tr><th align=""left"">Payment</th><td>Payment is due within 4 days. Unpaid items may be canceled and relisted.</td></tr><tr><th align=""left"">Shipping</th><td>Items ship via eBay Standard Envelope. Combined shipping may apply. Usually ships within 1 business day.</td></tr><tr><th align=""left"">Disclaimer</th><td>All cards are sold as-is. Review item condition and images. No refunds or returns. Contact us before leaving negative feedback.</td></tr></table></div>",FixedPrice,GTC,3.99,,1,,ImmediatePayRequired,,United States,,Flat,USPSFirstClass,1,0.0,,,1,,,ReturnsNotAccepted,,,,,,,,,,,,,No,No,,,
Add,iep88,261328,0,2024 Panini Prospect Edition BLAKE BURKE #18 Milwaukee Brewers,,,4000,No,BASEBALL,,,,,,,,MLB,,,No,Excellent,,,,Sports Trading Card,,,,,,,,,,,,,,,,,,,,,"<div style=""background:#FDFEFE;border:1px solid #CBD4C2;color:#353535;padding:40px;line-height:1.6;font-family:Arial,sans-serif;font-size:16px;""><h1 style=""text-align:center;"">2024 Panini Prospect Edition BLAKE BURKE #18 Milwaukee Brewers</h1><table style=""width:100%;margin-top:30px;border-spacing:0;""><tr><th align=""left"">Payment</th><td>Payment is due within 4 days. Unpaid items may be canceled and relisted.</td></tr><tr><th align=""left"">Shipping</th><td>Items ship via eBay Standard Envelope. Combined shipping may apply. Usually ships within 1 business day.</td></tr><tr><th align=""left"">Disclaimer</th><td>All cards are sold as-is. Review item condition and images. No refunds or returns. Contact us before leaving negative feedback.</td></tr></table></div>",FixedPrice,GTC,4.49,,1,,ImmediatePayRequired,,United States,,Flat,USPSFirstClass,1,0.0,,,1,,,ReturnsNotAccepted,,,,,,,,,,,,,No,No,,,
Add,iep8d,261328,0,2024 Panini Prospect Edition CADE DENTON #142 Colorado Rockies Basketball,,,4000,No,BASEBALL,,,,,,,,MLB,,,No,Excellent,,,,Sports Trading Card,,,,,,,,,,,,,,,,,,,,,"<div style=""background:#FDFEFE;border:1px solid #CBD4C2;color:#353535;padding:40px;line-height:1.6;font-family:Arial,sans-serif;font-size:16px;""><h1 style=""text-align:center;"">2024 Panini Prospect Edition CADE DENTON #142 Colorado Rockies Basketball</h1><table style=""width:100%;margin-top:30px;border-spacing:0;""><tr><th align=""left"">Payment</th><td>Payment is due within 4 days. Unpaid items may be canceled and relisted.</td></tr><tr><th align=""left"">Shipping</th><td>Items ship via eBay Standard Envelope. Combined shipping may apply. Usually ships within 1 business day.</td></tr><tr><th align=""left"">Disclaimer</th><td>All cards are sold as-is. Review item condition and images. No refunds or returns. Contact us before leaving negative feedback.</td></tr></table></div>",FixedPrice,GTC,3.49,,1,,ImmediatePayRequired,,United States,,Flat,USPSFirstClass,1,0.0,,,1,,,ReturnsNotAccepted,,,,,,,,,,,,,No,No,,,
Add,iep8k,261328,0,2024 Panini Prospect Edition ANGEL MARTINEZ #32 Cleveland Guardians,,,4000,No,BASEBALL,,,,,,,,MLB,,,No,Excellent,,,,Sports Trading Card,,,,,,,,,,,,,,,,,,,,,"<div style=""background:#FDFEFE;border:1px solid #CBD4C2;color:#353535;padding:40px;line-height:1.6;font-family:Arial,sans-serif;font-size:16px;""><h1 style=""text-align:center;"">2024 Panini Prospect Edition ANGEL MARTINEZ #32 Cleveland Guardians</h1><table style=""width:100%;margin-top:30px;border-spacing:0;""><tr><th align=""left"">Payment</th><td>Payment is due within 4 days. Unpaid items may be canceled and relisted.</td></tr><tr><th align=""left"">Shipping</th><td>Items ship via eBay Standard Envelope. Combined shipping may apply. Usually ships within 1 business day.</td></tr><tr><th align=""left"">Disclaimer</th><td>All cards are sold as-is. Review item condition and images. No refunds or returns. Contact us before leaving negative feedback.</td></tr></table></div>",FixedPrice,GTC,3.49,,1,,ImmediatePayRequired,,United States,,Flat,USPSFirstClass,1,0.0,,,1,,,ReturnsNotAccepted,,,,,,,,,,,,,No,No,,,
Add,iep8x,261328,0,2024 Panini Prospect Edition CHASE ALLSUP #75 Baltimore Orioles,,,4000,No,BASEBALL,,,,,,,,MLB,,,No,Excellent,,,,Sports Trading Card,,,,,,,,,,,,,,,,,,,,,"<div style=""background:#FDFEFE;border:1px solid #CBD4C2;color:#353535;padding:40px;line-height:1.6;font-family:Arial,sans-serif;font-size:16px;""><h1 style=""text-align:center;"">2024 Panini Prospect Edition CHASE ALLSUP #75 Baltimore Orioles</h1><table style=""width:100%;margin-top:30px;border-spacing:0;""><tr><th align=""left"">Payment</th><td>Payment is due within 4 days. Unpaid items may be canceled and relisted.</td></tr><tr><th align=""left"">Shipping</th><td>Items ship via eBay Standard Envelope. Combined shipping may apply. Usually ships within 1 business day.</td></tr><tr><th align=""left"">Disclaimer</th><td>All cards are sold as-is. Review item condition and images. No refunds or returns. Contact us before leaving negative feedback.</td></tr></table></div>",FixedPrice,GTC,2.99,,1,,ImmediatePayRequired,,United States,,Flat,USPSFirstClass,1,0.0,,,1,,,ReturnsNotAccepted,,,,,,,,,,,,,No,No,,,
Add,iep98,261328,0,2024 Bowman Draft JACOB COZART #BDC-30 Chrome Cleveland Guardians,,,4000,No,BASEBALL,,,,,,,,MLB,,,No,Excellent,,,,Sports Trading Card,,,,,,,,,,,,,,,,,,,,,"<div style=""background:#FDFEFE;border:1px solid #CBD4C2;color:#353535;padding:40px;line-height:1.6;font-family:Arial,sans-serif;font-size:16px;""><h1 style=""text-align:center;"">2024 Bowman Draft JACOB COZART #BDC-30 Chrome Cleveland Guardians</h1><table style=""width:100%;margin-top:30px;border-spacing:0;""><tr><th align=""left"">Payment</th><td>Payment is due within 4 days. Unpaid items may be canceled and relisted.</td></tr><tr><th align=""left"">Shipping</th><td>Items ship via eBay Standard Envelope. Combined shipping may apply. Usually ships within 1 business day.</td></tr><tr><th align=""left"">Disclaimer</th><td>All cards are sold as-is. Review item condition and images. No refunds or returns. Contact us before leaving negative feedback.</td></tr></table></div>",FixedPrice,GTC,3.49,,1,,ImmediatePayRequired,,United States,,Flat,USPSFirstClass,1,0.0,,,1,,,ReturnsNotAccepted,,,,,,,,,,,,,No,No,,,
Add,iep9x,261328,0,2024 Bowman Draft RYAN SLOAN #BDC-99 Chrome Seattle Mariners,,,4000,No,BASEBALL,,,,,,,,MLB,,,No,Excellent,,,,Sports Trading Card,,,,,,,,,,,,,,,,,,,,,"<div style=""background:#FDFEFE;border:1px solid #CBD4C2;color:#353535;padding:40px;line-height:1.6;font-family:Arial,sans-serif;font-size:16px;""><h1 style=""text-align:center;"">2024 Bowman Draft RYAN SLOAN #BDC-99 Chrome Seattle Mariners</h1><table style=""width:100%;margin-top:30px;border-spacing:0;""><tr><th align=""left"">Payment</th><td>Payment is due within 4 days. Unpaid items may be canceled and relisted.</td></tr><tr><th align=""left"">Shipping</th><td>Items ship via eBay Standard Envelope. Combined shipping may apply. Usually ships within 1 business day.</td></tr><tr><th align=""left"">Disclaimer</th><td>All cards are sold as-is. Review item condition and images. No refunds or returns. Contact us before leaving negative feedback.</td></tr></table></div>",FixedPrice,GTC,3.49,,1,,ImmediatePayRequired,,United States,,Flat,USPSFirstClass,1,0.0,,,1,,,ReturnsNotAccepted,,,,,,,,,,,,,No,No,,,
Add,iepa7,261328,0,2024 Bowman Draft JOSE PERDOMO #BDC-200 Chrome Refractor Atlanta Braves,,,4000,No,BASEBALL,,,,,,,,MLB,,,No,Excellent,,,,Sports Trading Card,,,,,,,,,,,,,,,,,,,,,"<div style=""background:#FDFEFE;border:1px solid #CBD4C2;color:#353535;padding:40px;line-height:1.6;font-family:Arial,sans-serif;font-size:16px;""><h1 style=""text-align:center;"">2024 Bowman Draft JOSE PERDOMO #BDC-200 Chrome Refractor Atlanta Braves</h1><table style=""width:100%;margin-top:30px;border-spacing:0;""><tr><th align=""left"">Payment</th><td>Payment is due within 4 days. Unpaid items may be canceled and relisted.</td></tr><tr><th align=""left"">Shipping</th><td>Items ship via eBay Standard Envelope. Combined shipping may apply. Usually ships within 1 business day.</td></tr><tr><th align=""left"">Disclaimer</th><td>All cards are sold as-is. Review item condition and images. No refunds or returns. Contact us before leaving negative feedback.</td></tr></table></div>",FixedPrice,GTC,3.49,,1,,ImmediatePayRequired,,United States,,Flat,USPSFirstClass,1,0.0,,,1,,,ReturnsNotAccepted,,,,,,,,,,,,,No,No,,,
Add,iepbi,261328,0,2025 Topps Heritage TAJ BRADLEY #298 Chrome Light Blue Sparkle Refractor Rays,,,4000,No,BASEBALL,,,,,,,,MLB,,,No,Excellent,,,,Sports Trading Card,,,,,,,,,,,,,,,,,,,,,"<div style=""background:#FDFEFE;border:1px solid #CBD4C2;color:#353535;padding:40px;line-height:1.6;font-family:Arial,sans-serif;font-size:16px;""><h1 style=""text-align:center;"">2025 Topps Heritage TAJ BRADLEY #298 Chrome Light Blue Sparkle Refractor Rays</h1><table style=""width:100%;margin-top:30px;border-spacing:0;""><tr><th align=""left"">Payment</th><td>Payment is due within 4 days. Unpaid items may be canceled and relisted.</td></tr><tr><th align=""left"">Shipping</th><td>Items ship via eBay Standard Envelope. Combined shipping may apply. Usually ships within 1 business day.</td></tr><tr><th align=""left"">Disclaimer</th><td>All cards are sold as-is. Review item condition and images. No refunds or returns. Contact us before leaving negative feedback.</td></tr></table></div>",FixedPrice,GTC,2.99,,1,,ImmediatePayRequired,,United States,,Flat,USPSFirstClass,1,0.0,,,1,,,ReturnsNotAccepted,,,,,,,,,,,,,No,No,,,
Add,ieped,261328,0,2024 Bowman Draft CHANDLER WELCH #BD-103 Milwaukee Brewers,,,4000,No,BASEBALL,,,,,,,,MLB,,,No,Excellent,,,,Sports Trading Card,,,,,,,,,,,,,,,,,,,,,"<div style=""background:#FDFEFE;border:1px solid #CBD4C2;color:#353535;padding:40px;line-height:1.6;font-family:Arial,sans-serif;font-size:16px;""><h1 style=""text-align:center;"">2024 Bowman Draft CHANDLER WELCH #BD-103 Milwaukee Brewers</h1><table style=""width:100%;margin-top:30px;border-spacing:0;""><tr><th align=""left"">Payment</th><td>Payment is due within 4 days. Unpaid items may be canceled and relisted.</td></tr><tr><th align=""left"">Shipping</th><td>Items ship via eBay Standard Envelope. Combined shipping may apply. Usually ships within 1 business day.</td></tr><tr><th align=""left"">Disclaimer</th><td>All cards are sold as-is. Review item condition and images. No refunds or returns. Contact us before leaving negative feedback.</td></tr></table></div>",FixedPrice,GTC,2.99,,1,,ImmediatePayRequired,,United States,,Flat,USPSFirstClass,1,0.0,,,1,,,ReturnsNotAccepted,,,,,,,,,,,,,No,No,,,
Add,iepek,261328,0,2024 Bowman Draft PABLO GUERRERO #BD-178 Texas Rangers,,,4000,No,BASEBALL,,,,,,,,MLB,,,No,Excellent,,,,Sports Trading Card,,,,,,,,,,,,,,,,,,,,,"<div style=""background:#FDFEFE;border:1px solid #CBD4C2;color:#353535;padding:40px;line-height:1.6;font-family:Arial,sans-serif;font-size:16px;""><h1 style=""text-align:center;"">2024 Bowman Draft PABLO GUERRERO #BD-178 Texas Rangers</h1><table style=""width:100%;margin-top:30px;border-spacing:0;""><tr><th align=""left"">Payment</th><td>Payment is due within 4 days. Unpaid items may be canceled and relisted.</td></tr><tr><th align=""left"">Shipping</th><td>Items ship via eBay Standard Envelope. Combined shipping may apply. Usually ships within 1 business day.</td></tr><tr><th align=""left"">Disclaimer</th><td>All cards are sold as-is. Review item condition and images. No refunds or returns. Contact us before leaving negative feedback.</td></tr></table></div>",FixedPrice,GTC,2.99,,1,,ImmediatePayRequired,,United States,,Flat,USPSFirstClass,1,0.0,,,1,,,ReturnsNotAccepted,,,,,,,,,,,,,No,No,,,
Add,iephm,261328,0,2025 Topps RILEY GREENE #T90-44 1990 Tigers,,,4000,No,BASEBALL,,,,,,,,MLB,,,No,Excellent,,,,Sports Trading Card,,,,,,,,,,,,,,,,,,,,,"<div style=""background:#FDFEFE;border:1px solid #CBD4C2;color:#353535;padding:40px;line-height:1.6;font-family:Arial,sans-serif;font-size:16px;""><h1 style=""text-align:center;"">2025 Topps RILEY GREENE #T90-44 1990 Tigers</h1><table style=""width:100%;margin-top:30px;border-spacing:0;""><tr><th align=""left"">Payment</th><td>Payment is due within 4 days. Unpaid items may be canceled and relisted.</td></tr><tr><th align=""left"">Shipping</th><td>Items ship via eBay Standard Envelope. Combined shipping may apply. Usually ships within 1 business day.</td></tr><tr><th align=""left"">Disclaimer</th><td>All cards are sold as-is. Review item condition and images. No refunds or returns. Contact us before leaving negative feedback.</td></tr></table></div>",FixedPrice,GTC,2.99,,1,,ImmediatePayRequired,,United States,,Flat,USPSFirstClass,1,0.0,,,1,,,ReturnsNotAccepted,,,,,,,,,,,,,No,No,,,
Add,iephn,261328,0,2025 Topps FERNANDO TATIS JR. #GH-9 2024 Greatest Hits San Diego Padres,,,4000,No,BASEBALL,,,,,,,,MLB,,,No,Excellent,,,,Sports Trading Card,,,,,,,,,,,,,,,,,,,,,"<div style=""background:#FDFEFE;border:1px solid #CBD4C2;color:#353535;padding:40px;line-height:1.6;font-family:Arial,sans-serif;font-size:16px;""><h1 style=""text-align:center;"">2025 Topps FERNANDO TATIS JR. #GH-9 2024 Greatest Hits San Diego Padres</h1><table style=""width:100%;margin-top:30px;border-spacing:0;""><tr><th align=""left"">Payment</th><td>Payment is due within 4 days. Unpaid items may be canceled and relisted.</td></tr><tr><th align=""left"">Shipping</th><td>Items ship via eBay Standard Envelope. Combined shipping may apply. Usually ships within 1 business day.</td></tr><tr><th align=""left"">Disclaimer</th><td>All cards are sold as-is. Review item condition and images. No refunds or returns. Contact us before leaving negative feedback.</td></tr></table></div>",FixedPrice,GTC,2.49,,1,,ImmediatePayRequired,,United States,,Flat,USPSFirstClass,1,0.0,,,1,,,ReturnsNotAccepted,,,,,,,,,,,,,No,No,,,
Add,iephp,261328,0,2025 Topps FREDDIE FREEMAN #239 Los Angeles Dodgers,,,4000,No,BASEBALL,,,,,,,,MLB,,,No,Excellent,,,,Sports Trading Card,,,,,,,,,,,,,,,,,,,,,"<div style=""background:#FDFEFE;border:1px solid #CBD4C2;color:#353535;padding:40px;line-height:1.6;font-family:Arial,sans-serif;font-size:16px;""><h1 style=""text-align:center;"">2025 Topps FREDDIE FREEMAN #239 Los Angeles Dodgers</h1><table style=""width:100%;margin-top:30px;border-spacing:0;""><tr><th align=""left"">Payment</th><td>Payment is due within 4 days. Unpaid items may be canceled and relisted.</td></tr><tr><th align=""left"">Shipping</th><td>Items ship via eBay Standard Envelope. Combined shipping may apply. Usually ships within 1 business day.</td></tr><tr><th align=""left"">Disclaimer</th><td>All cards are sold as-is. Review item condition and images. No refunds or returns. Contact us before leaving negative feedback.</td></tr></table></div>",FixedPrice,GTC,2.49,,1,,ImmediatePayRequired,,United States,,Flat,USPSFirstClass,1,0.0,,,1,,,ReturnsNotAccepted,,,,,,,,,,,,,No,No,,,
Add,iephs,261328,0,2025 Topps MICHAEL BUSCH #263 Sandglitter Chicago Cubs,,,4000,No,BASEBALL,,,,,,,,MLB,,,No,Excellent,,,,Sports Trading Card,,,,,,,,,,,,,,,,,,,,,"<div style=""background:#FDFEFE;border:1px solid #CBD4C2;color:#353535;padding:40px;line-height:1.6;font-family:Arial,sans-serif;font-size:16px;""><h1 style=""text-align:center;"">2025 Topps MICHAEL BUSCH #263 Sandglitter Chicago Cubs</h1><table style=""width:100%;margin-top:30px;border-spacing:0;""><tr><th align=""left"">Payment</th><td>Payment is due within 4 days. Unpaid items may be canceled and relisted.</td></tr><tr><th align=""left"">Shipping</th><td>Items ship via eBay Standard Envelope. Combined shipping may apply. Usually ships within 1 business day.</td></tr><tr><th align=""left"">Disclaimer</th><td>All cards are sold as-is. Review item condition and images. No refunds or returns. Contact us before leaving negative feedback.</td></tr></table></div>",FixedPrice,GTC,2.49,,1,,ImmediatePayRequired,,United States,,Flat,USPSFirstClass,1,0.0,,,1,,,ReturnsNotAccepted,,,,,,,,,,,,,No,No,,,
Add,igo8i,261328,0,2025 Bowman JHONAYKER UGARTE #BCP-123 Chrome Prospects Kansas City Royals,,,4000,No,BASEBALL,,,,,,,,MLB,,,No,Excellent,,,,Sports Trading Card,,,,,,,,,,,,,,,,,,,,,"<div style=""background:#FDFEFE;border:1px solid #CBD4C2;color:#353535;padding:40px;line-height:1.6;font-family:Arial,sans-serif;font-size:16px;""><h1 style=""text-align:center;"">2025 Bowman JHONAYKER UGARTE #BCP-123 Chrome Prospects Kansas City Royals</h1><table style=""width:100%;margin-top:30px;border-spacing:0;""><tr><th align=""left"">Payment</th><td>Payment is due within 4 days. Unpaid items may be canceled and relisted.</td></tr><tr><th align=""left"">Shipping</th><td>Items ship via eBay Standard Envelope. Combined shipping may apply. Usually ships within 1 business day.</td></tr><tr><th align=""left"">Disclaimer</th><td>All cards are sold as-is. Review item condition and images. No refunds or returns. Contact us before leaving negative feedback.</td></tr></table></div>",FixedPrice,GTC,2.99,,1,,ImmediatePayRequired,,United States,,Flat,USPSFirstClass,1,0.0,,,1,,,ReturnsNotAccepted,,,,,,,,,,,,,No,No,,,
Add,igo8e,261328,0,2025 Bowman JESUS TILLERO #BCP-117 Chrome Prospects Los Angeles Dodgers,,,4000,No,BASEBALL,,,,,,,,MLB,,,No,Excellent,,,,Sports Trading Card,,,,,,,,,,,,,,,,,,,,,"<div style=""background:#FDFEFE;border:1px solid #CBD4C2;color:#353535;padding:40px;line-height:1.6;font-family:Arial,sans-serif;font-size:16px;""><h1 style=""text-align:center;"">2025 Bowman JESUS TILLERO #BCP-117 Chrome Prospects Los Angeles Dodgers</h1><table style=""width:100%;margin-top:30px;border-spacing:0;""><tr><th align=""left"">Payment</th><td>Payment is due within 4 days. Unpaid items may be canceled and relisted.</td></tr><tr><th align=""left"">Shipping</th><td>Items ship via eBay Standard Envelope. Combined shipping may apply. Usually ships within 1 business day.</td></tr><tr><th align=""left"">Disclaimer</th><td>All cards are sold as-is. Review item condition and images. No refunds or returns. Contact us before leaving negative feedback.</td></tr></table></div>",FixedPrice,GTC,2.49,,1,,ImmediatePayRequired,,United States,,Flat,USPSFirstClass,1,0.0,,,1,,,ReturnsNotAccepted,,,,,,,,,,,,,No,No,,,
Add,igo8h,261328,0,2025 Bowman ROKI SASAKI #ROY-10 Rookie of the Year Favorites Los Angeles Dodgers,,,4000,No,BASEBALL,,,,,,,,MLB,,,No,Excellent,,,,Sports Trading Card,,,,,,,,,,,,,,,,,,,,,"<div style=""background:#FDFEFE;border:1px solid #CBD4C2;color:#353535;padding:40px;line-height:1.6;font-family:Arial,sans-serif;font-size:16px;""><h1 style=""text-align:center;"">2025 Bowman ROKI SASAKI #ROY-10 Rookie of the Year Favorites Los Angeles Dodgers</h1><table style=""width:100%;margin-top:30px;border-spacing:0;""><tr><th align=""left"">Payment</th><td>Payment is due within 4 days. Unpaid items may be canceled and relisted.</td></tr><tr><th align=""left"">Shipping</th><td>Items ship via eBay Standard Envelope. Combined shipping may apply. Usually ships within 1 business day.</td></tr><tr><th align=""left"">Disclaimer</th><td>All cards are sold as-is. Review item condition and images. No refunds or returns. Contact us before leaving negative feedback.</td></tr></table></div>",FixedPrice,GTC,3.49,,1,,ImmediatePayRequired,,United States,,Flat,USPSFirstClass,1,0.0,,,1,,,ReturnsNotAccepted,,,,,,,,,,,,,Yes,No,,,
Add,igo8c,261328,0,2024 Bowman Draft TAI PEETE #BD-194 Sky Blue Seattle Mariners #/499,,,4000,No,BASEBALL,,,,,,,,MLB,,,No,Excellent,,,,Sports Trading Card,,,,,,,,,,,,,,,,,,,,,"<div style=""background:#FDFEFE;border:1px solid #CBD4C2;color:#353535;padding:40px;line-height:1.6;font-family:Arial,sans-serif;font-size:16px;""><h1 style=""text-align:center;"">2024 Bowman Draft TAI PEETE #BD-194 Sky Blue Seattle Mariners #/499</h1><table style=""width:100%;margin-top:30px;border-spacing:0;""><tr><th align=""left"">Payment</th><td>Payment is due within 4 days. Unpaid items may be canceled and relisted.</td></tr><tr><th align=""left"">Shipping</th><td>Items ship via eBay Standard Envelope. Combined shipping may apply. Usually ships within 1 business day.</td></tr><tr><th align=""left"">Disclaimer</th><td>All cards are sold as-is. Review item condition and images. No refunds or returns. Contact us before leaving negative feedback.</td></tr></table></div>",FixedPrice,GTC,2.99,,1,,ImmediatePayRequired,,United States,,Flat,USPSFirstClass,1,0.0,,,1,,,ReturnsNotAccepted,,,,,,,,,,,,,No,No,,,
Add,igo8a,261328,0,2025 Bowman KUMAR ROCKER #80 Texas Rangers,,,4000,No,BASEBALL,,,,,,,,MLB,,,No,Excellent,,,,Sports Trading Card,,,,,,,,,,,,,,,,,,,,,"<div style=""background:#FDFEFE;border:1px solid #CBD4C2;color:#353535;padding:40px;line-height:1.6;font-family:Arial,sans-serif;font-size:16px;""><h1 style=""text-align:center;"">2025 Bowman KUMAR ROCKER #80 Texas Rangers</h1><table style=""width:100%;margin-top:30px;border-spacing:0;""><tr><th align=""left"">Payment</th><td>Payment is due within 4 days. Unpaid items may be canceled and relisted.</td></tr><tr><th align=""left"">Shipping</th><td>Items ship via eBay Standard Envelope. Combined shipping may apply. Usually ships within 1 business day.</td></tr><tr><th align=""left"">Disclaimer</th><td>All cards are sold as-is. Review item condition and images. No refunds or returns. Contact us before leaving negative feedback.</td></tr></table></div>",FixedPrice,GTC,2.99,,1,,ImmediatePayRequired,,United States,,Flat,USPSFirstClass,1,0.0,,,1,,,ReturnsNotAccepted,,,,,,,,,,,,,No,No,,,
Add,igo89,261328,0,2025 Bowman JAKOB WRIGHT #BCP-143 Chrome Prospects Los Angeles Dodgers,,,4000,No,BASEBALL,,,,,,,,MLB,,,No,Excellent,,,,Sports Trading Card,,,,,,,,,,,,,,,,,,,,,"<div style=""background:#FDFEFE;border:1px solid #CBD4C2;color:#353535;padding:40px;line-height:1.6;font-family:Arial,sans-serif;font-size:16px;""><h1 style=""text-align:center;"">2025 Bowman JAKOB WRIGHT #BCP-143 Chrome Prospects Los Angeles Dodgers</h1><table style=""width:100%;margin-top:30px;border-spacing:0;""><tr><th align=""left"">Payment</th><td>Payment is due within 4 days. Unpaid items may be canceled and relisted.</td></tr><tr><th align=""left"">Shipping</th><td>Items ship via eBay Standard Envelope. Combined shipping may apply. Usually ships within 1 business day.</td></tr><tr><th align=""left"">Disclaimer</th><td>All cards are sold as-is. Review item condition and images. No refunds or returns. Contact us before leaving negative feedback.</td></tr></table></div>",FixedPrice,GTC,2.49,,1,,ImmediatePayRequired,,United States,,Flat,USPSFirstClass,1,0.0,,,1,,,ReturnsNotAccepted,,,,,,,,,,,,,No,No,,,
Add,igo88,261328,0,2025 Topps Heritage JACKSON CHOURIO #106c Milwaukee Brewers,,,4000,No,BASEBALL,,,,,,,,MLB,,,No,Excellent,,,,Sports Trading Card,,,,,,,,,,,,,,,,,,,,,"<div style=""background:#FDFEFE;border:1px solid #CBD4C2;color:#353535;padding:40px;line-height:1.6;font-family:Arial,sans-serif;font-size:16px;""><h1 style=""text-align:center;"">2025 Topps Heritage JACKSON CHOURIO #106c Milwaukee Brewers</h1><table style=""width:100%;margin-top:30px;border-spacing:0;""><tr><th align=""left"">Payment</th><td>Payment is due within 4 days. Unpaid items may be canceled and relisted.</td></tr><tr><th align=""left"">Shipping</th><td>Items ship via eBay Standard Envelope. Combined shipping may apply. Usually ships within 1 business day.</td></tr><tr><th align=""left"">Disclaimer</th><td>All cards are sold as-is. Review item condition and images. No refunds or returns. Contact us before leaving negative feedback.</td></tr></table></div>",FixedPrice,GTC,2.99,,1,,ImmediatePayRequired,,United States,,Flat,USPSFirstClass,1,0.0,,,1,,,ReturnsNotAccepted,,,,,,,,,,,,,No,No,,,
Add,igo85,261328,0,2025 Topps CHRIS SALE #316 Confetti Atlanta Braves,,,4000,No,BASEBALL,,,,,,,,MLB,,,No,Excellent,,,,Sports Trading Card,,,,,,,,,,,,,,,,,,,,,"<div style=""background:#FDFEFE;border:1px solid #CBD4C2;color:#353535;padding:40px;line-height:1.6;font-family:Arial,sans-serif;font-size:16px;""><h1 style=""text-align:center;"">2025 Topps CHRIS SALE #316 Confetti Atlanta Braves</h1><table style=""width:100%;margin-top:30px;border-spacing:0;""><tr><th align=""left"">Payment</th><td>Payment is due within 4 days. Unpaid items may be canceled and relisted.</td></tr><tr><th align=""left"">Shipping</th><td>Items ship via eBay Standard Envelope. Combined shipping may apply. Usually ships within 1 business day.</td></tr><tr><th align=""left"">Disclaimer</th><td>All cards are sold as-is. Review item condition and images. No refunds or returns. Contact us before leaving negative feedback.</td></tr></table></div>",FixedPrice,GTC,2.49,,1,,ImmediatePayRequired,,United States,,Flat,USPSFirstClass,1,0.0,,,1,,,ReturnsNotAccepted,,,,,,,,,,,,,No,No,,,
Add,igo84,261328,0,2023 Topps BIG League Gabriel Moreno #251 Arizona Diamondbacks,,,4000,No,BASEBALL,,,,,,,,MLB,,,No,Excellent,,,,Sports Trading Card,,,,,,,,,,,,,,,,,,,,,"<div style=""background:#FDFEFE;border:1px solid #CBD4C2;color:#353535;padding:40px;line-height:1.6;font-family:Arial,sans-serif;font-size:16px;""><h1 style=""text-align:center;"">2023 Topps BIG League Gabriel Moreno #251 Arizona Diamondbacks</h1><table style=""width:100%;margin-top:30px;border-spacing:0;""><tr><th align=""left"">Payment</th><td>Payment is due within 4 days. Unpaid items may be canceled and relisted.</td></tr><tr><th align=""left"">Shipping</th><td>Items ship via eBay Standard Envelope. Combined shipping may apply. Usually ships within 1 business day.</td></tr><tr><th align=""left"">Disclaimer</th><td>All cards are sold as-is. Review item condition and images. No refunds or returns. Contact us before leaving negative feedback.</td></tr></table></div>",FixedPrice,GTC,1.79,,1,,ImmediatePayRequired,,United States,,Flat,USPSFirstClass,1,0.0,,,1,,,ReturnsNotAccepted,,,,,,,,,,,,,No,No,,,
Add,igo83,261328,0,2024 Bowman Draft ZYHIR HOPE #BD-139 Los Angeles Dodgers,,,4000,No,BASEBALL,,,,,,,,MLB,,,No,Excellent,,,,Sports Trading Card,,,,,,,,,,,,,,,,,,,,,"<div style=""background:#FDFEFE;border:1px solid #CBD4C2;color:#353535;padding:40px;line-height:1.6;font-family:Arial,sans-serif;font-size:16px;""><h1 style=""text-align:center;"">2024 Bowman Draft ZYHIR HOPE #BD-139 Los Angeles Dodgers</h1><table style=""width:100%;margin-top:30px;border-spacing:0;""><tr><th align=""left"">Payment</th><td>Payment is due within 4 days. Unpaid items may be canceled and relisted.</td></tr><tr><th align=""left"">Shipping</th><td>Items ship via eBay Standard Envelope. Combined shipping may apply. Usually ships within 1 business day.</td></tr><tr><th align=""left"">Disclaimer</th><td>All cards are sold as-is. Review item condition and images. No refunds or returns. Contact us before leaving negative feedback.</td></tr></table></div>",FixedPrice,GTC,3.49,,1,,ImmediatePayRequired,,United States,,Flat,USPSFirstClass,1,0.0,,,1,,,ReturnsNotAccepted,,,,,,,,,,,,,No,No,,,
Add,igo80,261328,0,2025 Topps Hobby RIP NIGHT DAVID ORTIZ #5 Boston Red Sox,,,4000,No,BASEBALL,,,,,,,,MLB,,,No,Excellent,,,,Sports Trading Card,,,,,,,,,,,,,,,,,,,,,"<div style=""background:#FDFEFE;border:1px solid #CBD4C2;color:#353535;padding:40px;line-height:1.6;font-family:Arial,sans-serif;font-size:16px;""><h1 style=""text-align:center;"">2025 Topps Hobby RIP NIGHT DAVID ORTIZ #5 Boston Red Sox</h1><table style=""width:100%;margin-top:30px;border-spacing:0;""><tr><th align=""left"">Payment</th><td>Payment is due within 4 days. Unpaid items may be canceled and relisted.</td></tr><tr><th align=""left"">Shipping</th><td>Items ship via eBay Standard Envelope. Combined shipping may apply. Usually ships within 1 business day.</td></tr><tr><th align=""left"">Disclaimer</th><td>All cards are sold as-is. Review item condition and images. No refunds or returns. Contact us before leaving negative feedback.</td></tr></table></div>",FixedPrice,GTC,2.99,,1,,ImmediatePayRequired,,United States,,Flat,USPSFirstClass,1,0.0,,,1,,,ReturnsNotAccepted,,,,,,,,,,,,,No,No,,,
Add,igo7z,261328,0,2023 Topps JAZZ CHISHOLM JR. #SMLBC-10 Stars of MLB Chrome Miami Marlins,,,4000,No,BASEBALL,,,,,,,,MLB,,,No,Excellent,,,,Sports Trading Card,,,,,,,,,,,,,,,,,,,,,"<div style=""background:#FDFEFE;border:1px solid #CBD4C2;color:#353535;padding:40px;line-height:1.6;font-family:Arial,sans-serif;font-size:16px;""><h1 style=""text-align:center;"">2023 Topps JAZZ CHISHOLM JR. #SMLBC-10 Stars of MLB Chrome Miami Marlins</h1><table style=""width:100%;margin-top:30px;border-spacing:0;""><tr><th align=""left"">Payment</th><td>Payment is due within 4 days. Unpaid items may be canceled and relisted.</td></tr><tr><th align=""left"">Shipping</th><td>Items ship via eBay Standard Envelope. Combined shipping may apply. Usually ships within 1 business day.</td></tr><tr><th align=""left"">Disclaimer</th><td>All cards are sold as-is. Review item condition and images. No refunds or returns. Contact us before leaving negative feedback.</td></tr></table></div>",FixedPrice,GTC,3.49,,1,,ImmediatePayRequired,,United States,,Flat,USPSFirstClass,1,0.0,,,1,,,ReturnsNotAccepted,,,,,,,,,,,,,No,No,,,
Add,igo7y,261328,0,2025 Topps Hobby RIP NIGHT JACKIE ROBINSON #8 Brooklyn Dodgers,,,4000,No,BASEBALL,,,,,,,,MLB,,,No,Excellent,,,,Sports Trading Card,,,,,,,,,,,,,,,,,,,,,"<div style=""background:#FDFEFE;border:1px solid #CBD4C2;color:#353535;padding:40px;line-height:1.6;font-family:Arial,sans-serif;font-size:16px;""><h1 style=""text-align:center;"">2025 Topps Hobby RIP NIGHT JACKIE ROBINSON #8 Brooklyn Dodgers</h1><table style=""width:100%;margin-top:30px;border-spacing:0;""><tr><th align=""left"">Payment</th><td>Payment is due within 4 days. Unpaid items may be canceled and relisted.</td></tr><tr><th align=""left"">Shipping</th><td>Items ship via eBay Standard Envelope. Combined shipping may apply. Usually ships within 1 business day.</td></tr><tr><th align=""left"">Disclaimer</th><td>All cards are sold as-is. Review item condition and images. No refunds or returns. Contact us before leaving negative feedback.</td></tr></table></div>",FixedPrice,GTC,2.99,,1,,ImmediatePayRequired,,United States,,Flat,USPSFirstClass,1,0.0,,,1,,,ReturnsNotAccepted,,,,,,,,,,,,,No,No,,,
