Info,Version=1.0.0,Template=fx_category_template_EBAY_US,,,,,,,,,,,,,,,,,,,,,,,,,,,,,,,,,,,,,,,,,,,,,,,,,,,,,,,,,,,,,,,,,,,,,,,,,,,,,,,,,
*Action(SiteID=US|Country=US|Currency=USD|Version=1193|CC=UTF-8),CustomLabel,*Category,StoreCategory,*Title,Subtitle,Relationship,*ConditionID,*C:Graded,*C:Sport,*C:Player/Athlete,*C:Parallel/Variety,*C:Manufacturer,C:Season,*C:Features,*C:Set,CD:Grade - (ID: 27502),*C:League,CD:Professional Grader - (ID: 27501),*C:Team,*C:Autographed,CD:Card Condition - (ID: 40001),*C:Card Name,*C:Card Number,CDA:Certification Number - (ID: 27503),*C:Type,C:Signed By,C:Autograph Authentication,C:Year Manufactured,C:Card Size,C:Country/Region of Manufacturer,C:Material,C:Autograph Format,C:Vintage,C:Original/Licensed Reprint,C:Event/Tournament,C:Language,C:Autograph Authentication Number,C:Bundle Description,C:California Prop 65 Warning,C:Card Thickness,C:Custom Bundle,C:Insert Set,C:Print Run,PicURL,GalleryType,*Description,*Format,*Duration,*StartPrice,BuyItNowPrice,*Quantity,PayPalAccepted,PayPalEmailAddress,ImmediatePayRequired,PaymentInstructions,*Location,PostalCode,ShippingType,ShippingService-1:Option,ShippingService-1:FreeShipping,ShippingService-1:Cost,ShippingService-1:AdditionalCost,ShippingService-2:Option,ShippingService-2:Cost,*DispatchTimeMax,PromotionalShippingDiscount,ShippingDiscountProfileID,*ReturnsAcceptedOption,ReturnsWithinOption,RefundOption,ShippingCostPaidByOption,AdditionalDetails,ShippingProfileName,ReturnProfileName,PaymentProfileName,TakeBackPolicyID,ProductCompliancePolicyID,ScheduleTime,BestOfferEnabled,MinimumBestOfferPrice,BestOfferAutoAcceptPrice,*C:Rookie,*C:Memorabilia
Add,SR-002095-mgzqz,261328,0,SM - Guardians Rising Vanillish #34/145,,,4000,No,BASEBALL,,,,,,,,MLB,,,No,Excellent,,,,Sports Trading Card,,,,,,,,,,,,,,,,,,,,,"<div style=""background:#FDFEFE;border:1px solid #CBD4C2;color:#353535;padding:40px;line-height:1.6;font-family:Arial,sans-serif;font-size:16px;""><h1 style=""text-align:center;"">SM - Guardians Rising Vanillish #34/145</h1><table style=""width:100%;margin-top:30px;border-spacing:0;""><tr><th align=""left"">Payment</th><td>Payment is due within 4 days. Unpaid items may be canceled and relisted.</td></tr><tr><th align=""left"">Shipping</th><td>Items ship via eBay Standard Envelope. Combined shipping may apply. Usually ships within 1 business day.</td></tr><tr><th align=""left"">Disclaimer</th><td>All cards are sold as-is. Review item condition and images. No refunds or returns. Contact us before leaving negative feedback.</td></tr></table></div>",FixedPrice,GTC,1.99,,1,,ImmediatePayRequired,,United States,,Flat,USPSFirstClass,1,0.0,,,1,,,ReturnsNotAccepted,,,,,,,,,,,,,No,No,,,
Add,BAS-002073-myh68,261328,0,2025 Topps AARON JUDGE #GH-1 2024 Greatest Hits New York Yankees,,,4000,No,BASEBALL,,,,,,,,MLB,,,No,Excellent,,,,Sports Trading Card,,,,,,,,,,,,,,,,,,,,,"<div style=""background:#FDFEFE;border:1px solid #CBD4C2;color:#353535;padding:40px;line-height:1.6;font-family:Arial,sans-serif;font-size:16px;""><h1 style=""text-align:center;"">2025 Topps AARON JUDGE #GH-1 2024 Greatest Hits New York Yankees</h1><table style=""width:100%;margin-top:30px;border-spacing:0;""><tr><th align=""left"">Payment</th><td>Payment is due within 4 days. Unpaid items may be canceled and relisted.</td></tr><tr><th align=""left"">Shipping</th><td>Items ship via eBay Standard Envelope. Combined shipping may apply. Usually ships within 1 business day.</td></tr><tr><th align=""left"">Disclaimer</th><td>All cards are sold as-is. Review item condition and images. No refunds or returns. Contact us before leaving negative feedback.</td></tr></table></div>",FixedPrice,GTC,2.99,,1,,ImmediatePayRequired,,United States,,Flat,USPSFirstClass,1,0.0,,,1,,,ReturnsNotAccepted,,,,,,,,,,,,,No,No,,,
Add,BAS-002078-myh6d,261328,0,2025 Bowman PAUL SKENES #30 Pittsburgh Pirates,,,4000,No,BASEBALL,,,,,,,,MLB,,,No,Excellent,,,,Sports Trading Card,,,,,,,,,,,,,,,,,,,,,"<div style=""background:#FDFEFE;border:1px solid #CBD4C2;color:#353535;padding:40px;line-height:1.6;font-family:Arial,sans-serif;font-size:16px;""><h1 style=""text-align:center;"">2025 Bowman PAUL SKENES #30 Pittsburgh Pirates</h1><table style=""width:100%;margin-top:30px;border-spacing:0;""><tr><th align=""left"">Payment</th><td>Payment is due within 4 days. Unpaid items may be canceled and relisted.</td></tr><tr><th align=""left"">Shipping</th><td>Items ship via eBay Standard Envelope. Combined shipping may apply. Usually ships within 1 business day.</td></tr><tr><th align=""left"">Disclaimer</th><td>All cards are sold as-is. Review item condition and images. No refunds or returns. Contact us before leaving negative feedback.</td></tr></table></div>",FixedPrice,GTC,2.49,,1,,ImmediatePayRequired,,United States,,Flat,USPSFirstClass,1,0.0,,,1,,,ReturnsNotAccepted,,,,,,,,,,,,,No,No,,,
Add,BAS-002080-myh6f,261328,0,2024 Topps Heritage JULIO RODRÍGUEZ #286 Seattle Mariners,,,4000,No,BASEBALL,,,,,,,,MLB,,,No,Excellent,,,,Sports Trading Card,,,,,,,,,,,,,,,,,,,,,"<div style=""background:#FDFEFE;border:1px solid #CBD4C2;color:#353535;padding:40px;line-height:1.6;font-family:Arial,sans-serif;font-size:16px;""><h1 style=""text-align:center;"">2024 Topps Heritage JULIO RODRÍGUEZ #286 Seattle Mariners</h1><table style=""width:100%;margin-top:30px;border-spacing:0;""><tr><th align=""left"">Payment</th><td>Payment is due within 4 days. Unpaid items may be canceled and relisted.</td></tr><tr><th align=""left"">Shipping</th><td>Items ship via eBay Standard Envelope. Combined shipping may apply. Usually ships within 1 business day.</td></tr><tr><th align=""left"">Disclaimer</th><td>All cards are sold as-is. Review item condition and images. No refunds or returns. Contact us before leaving negative feedback.</td></tr></table></div>",FixedPrice,GTC,3.89,,1,,ImmediatePayRequired,,United States,,Flat,USPSFirstClass,1,0.0,,,1,,,ReturnsNotAccepted,,,,,,,,,,,,,No,No,,,
Add,BAS-002084-myh6j,261328,0,2025 Topps PAUL SKENES #SMLB-27 Stars of MLB Pittsburgh Pirates,,,4000,No,BASEBALL,,,,,,,,MLB,,,No,Excellent,,,,Sports Trading Card,,,,,,,,,,,,,,,,,,,,,"<div style=""background:#FDFEFE;border:1px solid #CBD4C2;color:#353535;padding:40px;line-height:1.6;font-family:Arial,sans-serif;font-size:16px;""><h1 style=""text-align:center;"">2025 Topps PAUL SKENES #SMLB-27 Stars of MLB Pittsburgh Pirates</h1><table style=""width:100%;margin-top:30px;border-spacing:0;""><tr><th align=""left"">Payment</th><td>Payment is due within 4 days. Unpaid items may be canceled and relisted.</td></tr><tr><th align=""left"">Shipping</th><td>Items ship via eBay Standard Envelope. Combined shipping may apply. Usually ships within 1 business day.</td></tr><tr><th align=""left"">Disclaimer</th><td>All cards are sold as-is. Review item condition and images. No refunds or returns. Contact us before leaving negative feedback.</td></tr></table></div>",FixedPrice,GTC,2.49,,1,,ImmediatePayRequired,,United States,,Flat,USPSFirstClass,1,0.0,,,1,,,ReturnsNotAccepted,,,,,,,,,,,,,No,No,,,
Add,BAS-002086-myh6l,261328,0,2025 Topps Chrome CHRISTIAN YELICH #89 Sepia Refractors Milwaukee Brewers,,,4000,No,BASEBALL,,,,,,,,MLB,,,No,Excellent,,,,Sports Trading Card,,,,,,,,,,,,,,,,,,,,,"<div style=""background:#FDFEFE;border:1px solid #CBD4C2;color:#353535;padding:40px;line-height:1.6;font-family:Arial,sans-serif;font-size:16px;""><h1 style=""text-align:center;"">2025 Topps Chrome CHRISTIAN YELICH #89 Sepia Refractors Milwaukee Brewers</h1><table style=""width:100%;margin-top:30px;border-spacing:0;""><tr><th align=""left"">Payment</th><td>Payment is due within 4 days. Unpaid items may be canceled and relisted.</td></tr><tr><th align=""left"">Shipping</th><td>Items ship via eBay Standard Envelope. Combined shipping may apply. Usually ships within 1 business day.</td></tr><tr><th align=""left"">Disclaimer</th><td>All cards are sold as-is. Review item condition and images. No refunds or returns. Contact us before leaving negative feedback.</td></tr></table></div>",FixedPrice,GTC,2.49,,1,,ImmediatePayRequired,,United States,,Flat,USPSFirstClass,1,0.0,,,1,,,ReturnsNotAccepted,,,,,,,,,,,,,No,No,,,
Add,BAS-002090-myh6p,261328,0,2025 Bowman NICK KURTZ #BP-114 Prospects Athletics,,,4000,No,BASEBALL,,,,,,,,MLB,,,No,Excellent,,,,Sports Trading Card,,,,,,,,,,,,,,,,,,,,,"<div style=""background:#FDFEFE;border:1px solid #CBD4C2;color:#353535;padding:40px;line-height:1.6;font-family:Arial,sans-serif;font-size:16px;""><h1 style=""text-align:center;"">2025 Bowman NICK KURTZ #BP-114 Prospects Athletics</h1><table style=""width:100%;margin-top:30px;border-spacing:0;""><tr><th align=""left"">Payment</th><td>Payment is due within 4 days. Unpaid items may be canceled and relisted.</td></tr><tr><th align=""left"">Shipping</th><td>Items ship via eBay Standard Envelope. Combined shipping may apply. Usually ships within 1 business day.</td></tr><tr><th align=""left"">Disclaimer</th><td>All cards are sold as-is. Review item condition and images. No refunds or returns. Contact us before leaving negative feedback.</td></tr></table></div>",FixedPrice,GTC,2.99,,1,,ImmediatePayRequired,,United States,,Flat,USPSFirstClass,1,0.0,,,1,,,ReturnsNotAccepted,,,,,,,,,,,,,No,No,,,
Add,BAS-002089-myh6o,261328,0,2025 Bowman JULIO RODRÍGUEZ #79 Seattle Mariners,,,4000,No,BASEBALL,,,,,,,,MLB,,,No,Excellent,,,,Sports Trading Card,,,,,,,,,,,,,,,,,,,,,"<div style=""background:#FDFEFE;border:1px solid #CBD4C2;color:#353535;padding:40px;line-height:1.6;font-family:Arial,sans-serif;font-size:16px;""><h1 style=""text-align:center;"">2025 Bowman JULIO RODRÍGUEZ #79 Seattle Mariners</h1><table style=""width:100%;margin-top:30px;border-spacing:0;""><tr><th align=""left"">Payment</th><td>Payment is due within 4 days. Unpaid items may be canceled and relisted.</td></tr><tr><th align=""left"">Shipping</th><td>Items ship via eBay Standard Envelope. Combined shipping may apply. Usually ships within 1 business day.</td></tr><tr><th align=""left"">Disclaimer</th><td>All cards are sold as-is. Review item condition and images. No refunds or returns. Contact us before leaving negative feedback.</td></tr></table></div>",FixedPrice,GTC,1.5,,1,,ImmediatePayRequired,,United States,,Flat,USPSFirstClass,1,0.0,,,1,,,ReturnsNotAccepted,,,,,,,,,,,,,No,No,,,
Add,BAS-002092-myh6r,261328,0,2024 Bowman AARON JUDGE #7 New York Yankees,,,4000,No,BASEBALL,,,,,,,,MLB,,,No,Excellent,,,,Sports Trading Card,,,,,,,,,,,,,,,,,,,,,"<div style=""background:#FDFEFE;border:1px solid #CBD4C2;color:#353535;padding:40px;line-height:1.6;font-family:Arial,sans-serif;font-size:16px;""><h1 style=""text-align:center;"">2024 Bowman AARON JUDGE #7 New York Yankees</h1><table style=""width:100%;margin-top:30px;border-spacing:0;""><tr><th align=""left"">Payment</th><td>Payment is due within 4 days. Unpaid items may be canceled and relisted.</td></tr><tr><th align=""left"">Shipping</th><td>Items ship via eBay Standard Envelope. Combined shipping may apply. Usually ships within 1 business day.</td></tr><tr><th align=""left"">Disclaimer</th><td>All cards are sold as-is. Review item condition and images. No refunds or returns. Contact us before leaving negative feedback.</td></tr></table></div>",FixedPrice,GTC,2.99,,1,,ImmediatePayRequired,,United States,,Flat,USPSFirstClass,1,0.0,,,1,,,ReturnsNotAccepted,,,,,,,,,,,,,No,No,,,
Add,BAS-002093-myh6s,261328,0,2023 Topps Heritage AARON JUDGE #152 New York Yankees,,,4000,No,BASEBALL,,,,,,,,MLB,,,No,Excellent,,,,Sports Trading Card,,,,,,,,,,,,,,,,,,,,,"<div style=""background:#FDFEFE;border:1px solid #CBD4C2;color:#353535;padding:40px;line-height:1.6;font-family:Arial,sans-serif;font-size:16px;""><h1 style=""text-align:center;"">2023 Topps Heritage AARON JUDGE #152 New York Yankees</h1><table style=""width:100%;margin-top:30px;border-spacing:0;""><tr><th align=""left"">Payment</th><td>Payment is due within 4 days. Unpaid items may be canceled and relisted.</td></tr><tr><th align=""left"">Shipping</th><td>Items ship via eBay Standard Envelope. Combined shipping may apply. Usually ships within 1 business day.</td></tr><tr><th align=""left"">Disclaimer</th><td>All cards are sold as-is. Review item condition and images. No refunds or returns. Contact us before leaving negative feedback.</td></tr></table></div>",FixedPrice,GTC,3.99,,1,,ImmediatePayRequired,,United States,,Flat,USPSFirstClass,1,0.0,,,1,,,ReturnsNotAccepted,,,,,,,,,,,,,No,No,,,
Add,BAS-002095-myh6u,261328,0,2024 Topps Heritage CEDDANNE RAFAELA #420 Boston Red Sox,,,4000,No,BASEBALL,,,,,,,,MLB,,,No,Excellent,,,,Sports Trading Card,,,,,,,,,,,,,,,,,,,,,"<div style=""background:#FDFEFE;border:1px solid #CBD4C2;color:#353535;padding:40px;line-height:1.6;font-family:Arial,sans-serif;font-size:16px;""><h1 style=""text-align:center;"">2024 Topps Heritage CEDDANNE RAFAELA #420 Boston Red Sox</h1><table style=""width:100%;margin-top:30px;border-spacing:0;""><tr><th align=""left"">Payment</th><td>Payment is due within 4 days. Unpaid items may be canceled and relisted.</td></tr><tr><th align=""left"">Shipping</th><td>Items ship via eBay Standard Envelope. Combined shipping may apply. Usually ships within 1 business day.</td></tr><tr><th align=""left"">Disclaimer</th><td>All cards are sold as-is. Review item condition and images. No refunds or returns. Contact us before leaving negative feedback.</td></tr></table></div>",FixedPrice,GTC,2.99,,1,,ImmediatePayRequired,,United States,,Flat,USPSFirstClass,1,0.0,,,1,,,ReturnsNotAccepted,,,,,,,,,,,,,No,No,,,
Add,BAS-002094-myh6t,261328,0,2024 Topps ALLEN & Ginter Anthony Volpe #11 New York Yankees,,,4000,No,BASEBALL,,,,,,,,MLB,,,No,Excellent,,,,Sports Trading Card,,,,,,,,,,,,,,,,,,,,,"<div style=""background:#FDFEFE;border:1px solid #CBD4C2;color:#353535;padding:40px;line-height:1.6;font-family:Arial,sans-serif;font-size:16px;""><h1 style=""text-align:center;"">2024 Topps ALLEN & Ginter Anthony Volpe #11 New York Yankees</h1><table style=""width:100%;margin-top:30px;border-spacing:0;""><tr><th align=""left"">Payment</th><td>Payment is due within 4 days. Unpaid items may be canceled and relisted.</td></tr><tr><th align=""left"">Shipping</th><td>Items ship via eBay Standard Envelope. Combined shipping may apply. Usually ships within 1 business day.</td></tr><tr><th align=""left"">Disclaimer</th><td>All cards are sold as-is. Review item condition and images. No refunds or returns. Contact us before leaving negative feedback.</td></tr></table></div>",FixedPrice,GTC,1.0,,1,,ImmediatePayRequired,,United States,,Flat,USPSFirstClass,1,0.0,,,1,,,ReturnsNotAccepted,,,,,,,,,,,,,No,No,,,
Add,BAS-002096-myh6v,261328,0,2024 Topps ALLEN & Ginter Larry Walker #326 Colorado Rockies,,,4000,No,BASEBALL,,,,,,,,MLB,,,No,Excellent,,,,Sports Trading Card,,,,,,,,,,,,,,,,,,,,,"<div style=""background:#FDFEFE;border:1px solid #CBD4C2;color:#353535;padding:40px;line-height:1.6;font-family:Arial,sans-serif;font-size:16px;""><h1 style=""text-align:center;"">2024 Topps ALLEN & Ginter Larry Walker #326 Colorado Rockies</h1><table style=""width:100%;margin-top:30px;border-spacing:0;""><tr><th align=""left"">Payment</th><td>Payment is due within 4 days. Unpaid items may be canceled and relisted.</td></tr><tr><th align=""left"">Shipping</th><td>Items ship via eBay Standard Envelope. Combined shipping may apply. Usually ships within 1 business day.</td></tr><tr><th align=""left"">Disclaimer</th><td>All cards are sold as-is. Review item condition and images. No refunds or returns. Contact us before leaving negative feedback.</td></tr></table></div>",FixedPrice,GTC,1.25,,1,,ImmediatePayRequired,,United States,,Flat,USPSFirstClass,1,0.0,,,1,,,ReturnsNotAccepted,,,,,,,,,,,,,No,No,,,
Add,BAS-002097-myh6w,261328,0,2025 Topps CHRISTIAN YELICH #SMLB-24 Stars of MLB Milwaukee Brewers,,,4000,No,BASEBALL,,,,,,,,MLB,,,No,Excellent,,,,Sports Trading Card,,,,,,,,,,,,,,,,,,,,,"<div style=""background:#FDFEFE;border:1px solid #CBD4C2;color:#353535;padding:40px;line-height:1.6;font-family:Arial,sans-serif;font-size:16px;""><h1 style=""text-align:center;"">2025 Topps CHRISTIAN YELICH #SMLB-24 Stars of MLB Milwaukee Brewers</h1><table style=""width:100%;margin-top:30px;border-spacing:0;""><tr><th align=""left"">Payment</th><td>Payment is due within 4 days. Unpaid items may be canceled and relisted.</td></tr><tr><th align=""left"">Shipping</th><td>Items ship via eBay Standard Envelope. Combined shipping may apply. Usually ships within 1 business day.</td></tr><tr><th align=""left"">Disclaimer</th><td>All cards are sold as-is. Review item condition and images. No refunds or returns. Contact us before leaving negative feedback.</td></tr></table></div>",FixedPrice,GTC,1.99,,1,,ImmediatePayRequired,,United States,,Flat,USPSFirstClass,1,0.0,,,1,,,ReturnsNotAccepted,,,,,,,,,,,,,No,No,,,
Add,BAS-002099-myh6y,261328,0,2025 Topps JULIO RODRIGUEZ #SMLB-5 Stars of MLB Seattle Mariners,,,4000,No,BASEBALL,,,,,,,,MLB,,,No,Excellent,,,,Sports Trading Card,,,,,,,,,,,,,,,,,,,,,"<div style=""background:#FDFEFE;border:1px solid #CBD4C2;color:#353535;padding:40px;line-height:1.6;font-family:Arial,sans-serif;font-size:16px;""><h1 style=""text-align:center;"">2025 Topps JULIO RODRIGUEZ #SMLB-5 Stars of MLB Seattle Mariners</h1><table style=""width:100%;margin-top:30px;border-spacing:0;""><tr><th align=""left"">Payment</th><td>Payment is due within 4 days. Unpaid items may be canceled and relisted.</td></tr><tr><th align=""left"">Shipping</th><td>Items ship via eBay Standard Envelope. Combined shipping may apply. Usually ships within 1 business day.</td></tr><tr><th align=""left"">Disclaimer</th><td>All cards are sold as-is. Review item condition and images. No refunds or returns. Contact us before leaving negative feedback.</td></tr></table></div>",FixedPrice,GTC,1.99,,1,,ImmediatePayRequired,,United States,,Flat,USPSFirstClass,1,0.0,,,1,,,ReturnsNotAccepted,,,,,,,,,,,,,No,No,,,
Add,BAS-002100-myh6z,261328,0,2025 Donruss PAUL SKENES #29 Pittsburgh Pirates,,,4000,No,BASEBALL,,,,,,,,MLB,,,No,Excellent,,,,Sports Trading Card,,,,,,,,,,,,,,,,,,,,,"<div style=""background:#FDFEFE;border:1px solid #CBD4C2;color:#353535;padding:40px;line-height:1.6;font-family:Arial,sans-serif;font-size:16px;""><h1 style=""text-align:center;"">2025 Donruss PAUL SKENES #29 Pittsburgh Pirates</h1><table style=""width:100%;margin-top:30px;border-spacing:0;""><tr><th align=""left"">Payment</th><td>Payment is due within 4 days. Unpaid items may be canceled and relisted.</td></tr><tr><th align=""left"">Shipping</th><td>Items ship via eBay Standard Envelope. Combined shipping may apply. Usually ships within 1 business day.</td></tr><tr><th align=""left"">Disclaimer</th><td>All cards are sold as-is. Review item condition and images. No refunds or returns. Contact us before leaving negative feedback.</td></tr></table></div>",FixedPrice,GTC,2.49,,1,,ImmediatePayRequired,,United States,,Flat,USPSFirstClass,1,0.0,,,1,,,ReturnsNotAccepted,,,,,,,,,,,,,No,No,,,
Add,BAS-002102-myh71,261328,0,2025 Topps TREA TURNER #450 Philadelphia Phillies,,,4000,No,BASEBALL,,,,,,,,MLB,,,No,Excellent,,,,Sports Trading Card,,,,,,,,,,,,,,,,,,,,,"<div style=""background:#FDFEFE;border:1px solid #CBD4C2;color:#353535;padding:40px;line-height:1.6;font-family:Arial,sans-serif;font-size:16px;""><h1 style=""text-align:center;"">2025 Topps TREA TURNER #450 Philadelphia Phillies</h1><table style=""width:100%;margin-top:30px;border-spacing:0;""><tr><th align=""left"">Payment</th><td>Payment is due within 4 days. Unpaid items may be canceled and relisted.</td></tr><tr><th align=""left"">Shipping</th><td>Items ship via eBay Standard Envelope. Combined shipping may apply. Usually ships within 1 business day.</td></tr><tr><th align=""left"">Disclaimer</th><td>All cards are sold as-is. Review item condition and images. No refunds or returns. Contact us before leaving negative feedback.</td></tr></table></div>",FixedPrice,GTC,1.99,,1,,ImmediatePayRequired,,United States,,Flat,USPSFirstClass,1,0.0,,,1,,,ReturnsNotAccepted,,,,,,,,,,,,,No,No,,,
Add,BAS-002104-myh73,261328,0,2024 Topps ALLEN & Ginter X Aaron Judge #86 New York Yankees,,,4000,No,BASEBALL,,,,,,,,MLB,,,No,Excellent,,,,Sports Trading Card,,,,,,,,,,,,,,,,,,,,,"<div style=""background:#FDFEFE;border:1px solid #CBD4C2;color:#353535;padding:40px;line-height:1.6;font-family:Arial,sans-serif;font-size:16px;""><h1 style=""text-align:center;"">2024 Topps ALLEN & Ginter X Aaron Judge #86 New York Yankees</h1><table style=""width:100%;margin-top:30px;border-spacing:0;""><tr><th align=""left"">Payment</th><td>Payment is due within 4 days. Unpaid items may be canceled and relisted.</td></tr><tr><th align=""left"">Shipping</th><td>Items ship via eBay Standard Envelope. Combined shipping may apply. Usually ships within 1 business day.</td></tr><tr><th align=""left"">Disclaimer</th><td>All cards are sold as-is. Review item condition and images. No refunds or returns. Contact us before leaving negative feedback.</td></tr></table></div>",FixedPrice,GTC,8.5,,1,,ImmediatePayRequired,,United States,,Flat,USPSFirstClass,1,0.0,,,1,,,ReturnsNotAccepted,,,,,,,,,,,,,No,No,,,
Add,BAS-002105-myh74,261328,0,2023 Topps AARON JUDGE #22GH-25 2022 Greatest Hits New York Yankees,,,4000,No,BASEBALL,,,,,,,,MLB,,,No,Excellent,,,,Sports Trading Card,,,,,,,,,,,,,,,,,,,,,"<div style=""background:#FDFEFE;border:1px solid #CBD4C2;color:#353535;padding:40px;line-height:1.6;font-family:Arial,sans-serif;font-size:16px;""><h1 style=""text-align:center;"">2023 Topps AARON JUDGE #22GH-25 2022 Greatest Hits New York Yankees</h1><table style=""width:100%;margin-top:30px;border-spacing:0;""><tr><th align=""left"">Payment</th><td>Payment is due within 4 days. Unpaid items may be canceled and relisted.</td></tr><tr><th align=""left"">Shipping</th><td>Items ship via eBay Standard Envelope. Combined shipping may apply. Usually ships within 1 business day.</td></tr><tr><th align=""left"">Disclaimer</th><td>All cards are sold as-is. Review item condition and images. No refunds or returns. Contact us before leaving negative feedback.</td></tr></table></div>",FixedPrice,GTC,2.99,,1,,ImmediatePayRequired,,United States,,Flat,USPSFirstClass,1,0.0,,,1,,,ReturnsNotAccepted,,,,,,,,,,,,,No,No,,,
Add,CDP-407700C,261328,0,GIANNIS ANTETOKOUNMPO 2025-26 Topps Basketball Blackout Parallel,,,4000,No,BASEBALL,,,,,,,,MLB,,,No,Excellent,,,,Sports Trading Card,,,,,,,,,,,,,,,,,,,,,"<div style=""background:#FDFEFE;border:1px solid #CBD4C2;color:#353535;padding:40px;line-height:1.6;font-family:Arial,sans-serif;font-size:16px;""><h1 style=""text-align:center;"">GIANNIS ANTETOKOUNMPO 2025-26 Topps Basketball Blackout Parallel</h1><table style=""width:100%;margin-top:30px;border-spacing:0;""><tr><th align=""left"">Payment</th><td>Payment is due within 4 days. Unpaid items may be canceled and relisted.</td></tr><tr><th align=""left"">Shipping</th><td>Items ship via eBay Standard Envelope. Combined shipping may apply. Usually ships within 1 business day.</td></tr><tr><th align=""left"">Disclaimer</th><td>All cards are sold as-is. Review item condition and images. No refunds or returns. Contact us before leaving negative feedback.</td></tr></table></div>",FixedPrice,GTC,5.99,,1,,ImmediatePayRequired,,United States,,Flat,USPSFirstClass,1,0.0,,,1,,,ReturnsNotAccepted,,,,,,,,,,,,,No,No,,,
Add,CDP-1255737,261328,0,2025-26 Topps - 8-BIT BALLERS LARRY BIRD #8B-25,,,4000,No,BASEBALL,,,,,,,,MLB,,,No,Excellent,,,,Sports Trading Card,,,,,,,,,,,,,,,,,,,,,"<div style=""background:#FDFEFE;border:1px solid #CBD4C2;color:#353535;padding:40px;line-height:1.6;font-family:Arial,sans-serif;font-size:16px;""><h1 style=""text-align:center;"">2025-26 Topps - 8-BIT BALLERS LARRY BIRD #8B-25</h1><table style=""width:100%;margin-top:30px;border-spacing:0;""><tr><th align=""left"">Payment</th><td>Payment is due within 4 days. Unpaid items may be canceled and relisted.</td></tr><tr><th align=""left"">Shipping</th><td>Items ship via eBay Standard Envelope. Combined shipping may apply. Usually ships within 1 business day.</td></tr><tr><th align=""left"">Disclaimer</th><td>All cards are sold as-is. Review item condition and images. No refunds or returns. Contact us before leaving negative feedback.</td></tr></table></div>",FixedPrice,GTC,2.49,,1,,ImmediatePayRequired,,United States,,Flat,USPSFirstClass,1,0.0,,,1,,,ReturnsNotAccepted,,,,,,,,,,,,,No,No,,,
Add,CDP-01D8A7F,261328,0,2025-26 Topps ASA NEWELL 1980-81 RC Pink Rookie #80BK-69 Hawks Basketball,,,4000,No,BASEBALL,,,,,,,,MLB,,,No,Excellent,,,,Sports Trading Card,,,,,,,,,,,,,,,,,,,,,"<div style=""background:#FDFEFE;border:1px solid #CBD4C2;color:#353535;padding:40px;line-height:1.6;font-family:Arial,sans-serif;font-size:16px;""><h1 style=""text-align:center;"">2025-26 Topps ASA NEWELL 1980-81 RC Pink Rookie #80BK-69 Hawks Basketball</h1><table style=""width:100%;margin-top:30px;border-spacing:0;""><tr><th align=""left"">Payment</th><td>Payment is due within 4 days. Unpaid items may be canceled and relisted.</td></tr><tr><th align=""left"">Shipping</th><td>Items ship via eBay Standard Envelope. Combined shipping may apply. Usually ships within 1 business day.</td></tr><tr><th align=""left"">Disclaimer</th><td>All cards are sold as-is. Review item condition and images. No refunds or returns. Contact us before leaving negative feedback.</td></tr></table></div>",FixedPrice,GTC,2.49,,1,,ImmediatePayRequired,,United States,,Flat,USPSFirstClass,1,0.0,,,1,,,ReturnsNotAccepted,,,,,,,,,,,,,Yes,No,,,
Add,CDP-F22CC5A,261328,0,VJ EDGECOMB GENERATION Now Rookie 2025/26 Topps NBA Basketball Card #GN-3 76ers,,,4000,No,BASEBALL,,,,,,,,MLB,,,No,Excellent,,,,Sports Trading Card,,,,,,,,,,,,,,,,,,,,,"<div style=""background:#FDFEFE;border:1px solid #CBD4C2;color:#353535;padding:40px;line-height:1.6;font-family:Arial,sans-serif;font-size:16px;""><h1 style=""text-align:center;"">VJ EDGECOMB GENERATION Now Rookie 2025/26 Topps NBA Basketball Card #GN-3 76ers</h1><table style=""width:100%;margin-top:30px;border-spacing:0;""><tr><th align=""left"">Payment</th><td>Payment is due within 4 days. Unpaid items may be canceled and relisted.</td></tr><tr><th align=""left"">Shipping</th><td>Items ship via eBay Standard Envelope. Combined shipping may apply. Usually ships within 1 business day.</td></tr><tr><th align=""left"">Disclaimer</th><td>All cards are sold as-is. Review item condition and images. No refunds or returns. Contact us before leaving negative feedback.</td></tr></table></div>",FixedPrice,GTC,3.49,,1,,ImmediatePayRequired,,United States,,Flat,USPSFirstClass,1,0.0,,,1,,,ReturnsNotAccepted,,,,,,,,,,,,,Yes,No,,,
Add,CDP-97ADEBB,261328,0,2025-26 Topps #8B-3 Devin Booker 8-Bit Ballers Holo Foil Suns Basketball,,,4000,No,BASEBALL,,,,,,,,MLB,,,No,Excellent,,,,Sports Trading Card,,,,,,,,,,,,,,,,,,,,,"<div style=""background:#FDFEFE;border:1px solid #CBD4C2;color:#353535;padding:40px;line-height:1.6;font-family:Arial,sans-serif;font-size:16px;""><h1 style=""text-align:center;"">2025-26 Topps #8B-3 Devin Booker 8-Bit Ballers Holo Foil Suns Basketball</h1><table style=""width:100%;margin-top:30px;border-spacing:0;""><tr><th align=""left"">Payment</th><td>Payment is due within 4 days. Unpaid items may be canceled and relisted.</td></tr><tr><th align=""left"">Shipping</th><td>Items ship via eBay Standard Envelope. Combined shipping may apply. Usually ships within 1 business day.</td></tr><tr><th align=""left"">Disclaimer</th><td>All cards are sold as-is. Review item condition and images. No refunds or returns. Contact us before leaving negative feedback.</td></tr></table></div>",FixedPrice,GTC,1.99,,1,,ImmediatePayRequired,,United States,,Flat,USPSFirstClass,1,0.0,,,1,,,ReturnsNotAccepted,,,,,,,,,,,,,No,No,,,
Add,CDP-E8EF27B,261328,0,2025-26 Topps ANTHONY EDWARDS LIMITED STOCK Legends #LST-40 Target Exclusive,,,4000,No,BASEBALL,,,,,,,,MLB,,,No,Excellent,,,,Sports Trading Card,,,,,,,,,,,,,,,,,,,,,"<div style=""background:#FDFEFE;border:1px solid #CBD4C2;color:#353535;padding:40px;line-height:1.6;font-family:Arial,sans-serif;font-size:16px;""><h1 style=""text-align:center;"">2025-26 Topps ANTHONY EDWARDS LIMITED STOCK Legends #LST-40 Target Exclusive</h1><table style=""width:100%;margin-top:30px;border-spacing:0;""><tr><th align=""left"">Payment</th><td>Payment is due within 4 days. Unpaid items may be canceled and relisted.</td></tr><tr><th align=""left"">Shipping</th><td>Items ship via eBay Standard Envelope. Combined shipping may apply. Usually ships within 1 business day.</td></tr><tr><th align=""left"">Disclaimer</th><td>All cards are sold as-is. Review item condition and images. No refunds or returns. Contact us before leaving negative feedback.</td></tr></table></div>",FixedPrice,GTC,5.99,,1,,ImmediatePayRequired,,United States,,Flat,USPSFirstClass,1,0.0,,,1,,,ReturnsNotAccepted,,,,,,,,,,,,,No,No,,,
Add,CDP-4D53CCC,261328,0,2025-26 Topps Basketball Black FRIDAY JAYSON TATUM LIMITED STOCK Legends #LST-31,,,4000,No,BASEBALL,,,,,,,,MLB,,,No,Excellent,,,,Sports Trading Card,,,,,,,,,,,,,,,,,,,,,"<div style=""background:#FDFEFE;border:1px solid #CBD4C2;color:#353535;padding:40px;line-height:1.6;font-family:Arial,sans-serif;font-size:16px;""><h1 style=""text-align:center;"">2025-26 Topps Basketball Black FRIDAY JAYSON TATUM LIMITED STOCK Legends #LST-31</h1><table style=""width:100%;margin-top:30px;border-spacing:0;""><tr><th align=""left"">Payment</th><td>Payment is due within 4 days. Unpaid items may be canceled and relisted.</td></tr><tr><th align=""left"">Shipping</th><td>Items ship via eBay Standard Envelope. Combined shipping may apply. Usually ships within 1 business day.</td></tr><tr><th align=""left"">Disclaimer</th><td>All cards are sold as-is. Review item condition and images. No refunds or returns. Contact us before leaving negative feedback.</td></tr></table></div>",FixedPrice,GTC,5.99,,1,,ImmediatePayRequired,,United States,,Flat,USPSFirstClass,1,0.0,,,1,,,ReturnsNotAccepted,,,,,,,,,,,,,No,No,,,
Add,CDP-A30AA34,261328,0,2025-26 Topps GIANNIS ANTETOKOUNMPO POWER PLAYERS #PP-1 Bucks Basketball,,,4000,No,BASEBALL,,,,,,,,MLB,,,No,Excellent,,,,Sports Trading Card,,,,,,,,,,,,,,,,,,,,,"<div style=""background:#FDFEFE;border:1px solid #CBD4C2;color:#353535;padding:40px;line-height:1.6;font-family:Arial,sans-serif;font-size:16px;""><h1 style=""text-align:center;"">2025-26 Topps GIANNIS ANTETOKOUNMPO POWER PLAYERS #PP-1 Bucks Basketball</h1><table style=""width:100%;margin-top:30px;border-spacing:0;""><tr><th align=""left"">Payment</th><td>Payment is due within 4 days. Unpaid items may be canceled and relisted.</td></tr><tr><th align=""left"">Shipping</th><td>Items ship via eBay Standard Envelope. Combined shipping may apply. Usually ships within 1 business day.</td></tr><tr><th align=""left"">Disclaimer</th><td>All cards are sold as-is. Review item condition and images. No refunds or returns. Contact us before leaving negative feedback.</td></tr></table></div>",FixedPrice,GTC,3.49,,1,,ImmediatePayRequired,,United States,,Flat,USPSFirstClass,1,0.0,,,1,,,ReturnsNotAccepted,,,,,,,,,,,,,No,No,,,
Add,CDP-7A50B13,261328,0,2025 Topps Basketball JALEN BRUNSON #LST-42 Knicks Limited Stock Legends,,,4000,No,BASEBALL,,,,,,,,MLB,,,No,Excellent,,,,Sports Trading Card,,,,,,,,,,,,,,,,,,,,,"<div style=""background:#FDFEFE;border:1px solid #CBD4C2;color:#353535;padding:40px;line-height:1.6;font-family:Arial,sans-serif;font-size:16px;""><h1 style=""text-align:center;"">2025 Topps Basketball JALEN BRUNSON #LST-42 Knicks Limited Stock Legends</h1><table style=""width:100%;margin-top:30px;border-spacing:0;""><tr><th align=""left"">Payment</th><td>Payment is due within 4 days. Unpaid items may be canceled and relisted.</td></tr><tr><th align=""left"">Shipping</th><td>Items ship via eBay Standard Envelope. Combined shipping may apply. Usually ships within 1 business day.</td></tr><tr><th align=""left"">Disclaimer</th><td>All cards are sold as-is. Review item condition and images. No refunds or returns. Contact us before leaving negative feedback.</td></tr></table></div>",FixedPrice,GTC,4.39,,1,,ImmediatePayRequired,,United States,,Flat,USPSFirstClass,1,0.0,,,1,,,ReturnsNotAccepted,,,,,,,,,,,,,No,No,,,
Add,CDP-7A8E170,261328,0,2025-26 Topps Basketball TRE JOHNSON III SCAN and Slam #SS-31 RC Rookie,,,4000,No,BASEBALL,,,,,,,,MLB,,,No,Excellent,,,,Sports Trading Card,,,,,,,,,,,,,,,,,,,,,"<div style=""background:#FDFEFE;border:1px solid #CBD4C2;color:#353535;padding:40px;line-height:1.6;font-family:Arial,sans-serif;font-size:16px;""><h1 style=""text-align:center;"">2025-26 Topps Basketball TRE JOHNSON III SCAN and Slam #SS-31 RC Rookie</h1><table style=""width:100%;margin-top:30px;border-spacing:0;""><tr><th align=""left"">Payment</th><td>Payment is due within 4 days. Unpaid items may be canceled and relisted.</td></tr><tr><th align=""left"">Shipping</th><td>Items ship via eBay Standard Envelope. Combined shipping may apply. Usually ships within 1 business day.</td></tr><tr><th align=""left"">Disclaimer</th><td>All cards are sold as-is. Review item condition and images. No refunds or returns. Contact us before leaving negative feedback.</td></tr></table></div>",FixedPrice,GTC,3.49,,1,,ImmediatePayRequired,,United States,,Flat,USPSFirstClass,1,0.0,,,1,,,ReturnsNotAccepted,,,,,,,,,,,,,Yes,No,,,
Add,FB-1496-i7vbl,261328,0,2024 Bowman University Chrome MALAKI STARKS #125 Purple Shimmer Refractor,,,4000,No,BASEBALL,,,,,,,,MLB,,,No,Excellent,,,,Sports Trading Card,,,,,,,,,,,,,,,,,,,,,"<div style=""background:#FDFEFE;border:1px solid #CBD4C2;color:#353535;padding:40px;line-height:1.6;font-family:Arial,sans-serif;font-size:16px;""><h1 style=""text-align:center;"">2024 Bowman University Chrome MALAKI STARKS #125 Purple Shimmer Refractor</h1><table style=""width:100%;margin-top:30px;border-spacing:0;""><tr><th align=""left"">Payment</th><td>Payment is due within 4 days. Unpaid items may be canceled and relisted.</td></tr><tr><th align=""left"">Shipping</th><td>Items ship via eBay Standard Envelope. Combined shipping may apply. Usually ships within 1 business day.</td></tr><tr><th align=""left"">Disclaimer</th><td>All cards are sold as-is. Review item condition and images. No refunds or returns. Contact us before leaving negative feedback.</td></tr></table></div>",FixedPrice,GTC,4.49,,1,,ImmediatePayRequired,,United States,,Flat,USPSFirstClass,1,0.0,,,1,,,ReturnsNotAccepted,,,,,,,,,,,,,No,No,,,
Add,BAS-002110-mzou8,261328,0,2025-26 Topps JAMIR WATKINS #80BK-86 1980-81 Topps Basketball Washington Wizards,,,4000,No,BASEBALL,,,,,,,,MLB,,,No,Excellent,,,,Sports Trading Card,,,,,,,,,,,,,,,,,,,,,"<div style=""background:#FDFEFE;border:1px solid #CBD4C2;color:#353535;padding:40px;line-height:1.6;font-family:Arial,sans-serif;font-size:16px;""><h1 style=""text-align:center;"">2025-26 Topps JAMIR WATKINS #80BK-86 1980-81 Topps Basketball Washington Wizards</h1><table style=""width:100%;margin-top:30px;border-spacing:0;""><tr><th align=""left"">Payment</th><td>Payment is due within 4 days. Unpaid items may be canceled and relisted.</td></tr><tr><th align=""left"">Shipping</th><td>Items ship via eBay Standard Envelope. Combined shipping may apply. Usually ships within 1 business day.</td></tr><tr><th align=""left"">Disclaimer</th><td>All cards are sold as-is. Review item condition and images. No refunds or returns. Contact us before leaving negative feedback.</td></tr></table></div>",FixedPrice,GTC,2.49,,1,,ImmediatePayRequired,,United States,,Flat,USPSFirstClass,1,0.0,,,1,,,ReturnsNotAccepted,,,,,,,,,,,,,No,No,,,
Add,BAS-002109-mzou7,261328,0,2025-26 Topps NIQUE CLIFFORD #GN-24 Generation Now Holo Foil Sacramento Kings,,,4000,No,BASEBALL,,,,,,,,MLB,,,No,Excellent,,,,Sports Trading Card,,,,,,,,,,,,,,,,,,,,,"<div style=""background:#FDFEFE;border:1px solid #CBD4C2;color:#353535;padding:40px;line-height:1.6;font-family:Arial,sans-serif;font-size:16px;""><h1 style=""text-align:center;"">2025-26 Topps NIQUE CLIFFORD #GN-24 Generation Now Holo Foil Sacramento Kings</h1><table style=""width:100%;margin-top:30px;border-spacing:0;""><tr><th align=""left"">Payment</th><td>Payment is due within 4 days. Unpaid items may be canceled and relisted.</td></tr><tr><th align=""left"">Shipping</th><td>Items ship via eBay Standard Envelope. Combined shipping may apply. Usually ships within 1 business day.</td></tr><tr><th align=""left"">Disclaimer</th><td>All cards are sold as-is. Review item condition and images. No refunds or returns. Contact us before leaving negative feedback.</td></tr></table></div>",FixedPrice,GTC,2.49,,1,,ImmediatePayRequired,,United States,,Flat,USPSFirstClass,1,0.0,,,1,,,ReturnsNotAccepted,,,,,,,,,,,,,No,No,,,
Add,BAS-002115-mzoud,261328,0,2025-26 Topps BIG APPLE W: Knicks Teammates Shine #274 Blackout New York Knicks,,,4000,No,BASEBALL,,,,,,,,MLB,,,No,Excellent,,,,Sports Trading Card,,,,,,,,,,,,,,,,,,,,,"<div style=""background:#FDFEFE;border:1px solid #CBD4C2;color:#353535;padding:40px;line-height:1.6;font-family:Arial,sans-serif;font-size:16px;""><h1 style=""text-align:center;"">2025-26 Topps BIG APPLE W: Knicks Teammates Shine #274 Blackout New York Knicks</h1><table style=""width:100%;margin-top:30px;border-spacing:0;""><tr><th align=""left"">Payment</th><td>Payment is due within 4 days. Unpaid items may be canceled and relisted.</td></tr><tr><th align=""left"">Shipping</th><td>Items ship via eBay Standard Envelope. Combined shipping may apply. Usually ships within 1 business day.</td></tr><tr><th align=""left"">Disclaimer</th><td>All cards are sold as-is. Review item condition and images. No refunds or returns. Contact us before leaving negative feedback.</td></tr></table></div>",FixedPrice,GTC,2.99,,1,,ImmediatePayRequired,,United States,,Flat,USPSFirstClass,1,0.0,,,1,,,ReturnsNotAccepted,,,,,,,,,,,,,No,No,,,
Add,BB-2506-mzou6,261328,0,2025-26 Topps KEL'EL WARE #74 Blackout Miami Heat Basketball,,,4000,No,BASEBALL,,,,,,,,MLB,,,No,Excellent,,,,Sports Trading Card,,,,,,,,,,,,,,,,,,,,,"<div style=""background:#FDFEFE;border:1px solid #CBD4C2;color:#353535;padding:40px;line-height:1.6;font-family:Arial,sans-serif;font-size:16px;""><h1 style=""text-align:center;"">2025-26 Topps KEL'EL WARE #74 Blackout Miami Heat Basketball</h1><table style=""width:100%;margin-top:30px;border-spacing:0;""><tr><th align=""left"">Payment</th><td>Payment is due within 4 days. Unpaid items may be canceled and relisted.</td></tr><tr><th align=""left"">Shipping</th><td>Items ship via eBay Standard Envelope. Combined shipping may apply. Usually ships within 1 business day.</td></tr><tr><th align=""left"">Disclaimer</th><td>All cards are sold as-is. Review item condition and images. No refunds or returns. Contact us before leaving negative feedback.</td></tr></table></div>",FixedPrice,GTC,3.99,,1,,ImmediatePayRequired,,United States,,Flat,USPSFirstClass,1,0.0,,,1,,,ReturnsNotAccepted,,,,,,,,,,,,,No,No,,,
Add,BAS-002112-mzoua,261328,0,2025-26 Topps MAX CHRISTIE #174 Blackout Dallas Mavericks Basketball,,,4000,No,BASEBALL,,,,,,,,MLB,,,No,Excellent,,,,Sports Trading Card,,,,,,,,,,,,,,,,,,,,,"<div style=""background:#FDFEFE;border:1px solid #CBD4C2;color:#353535;padding:40px;line-height:1.6;font-family:Arial,sans-serif;font-size:16px;""><h1 style=""text-align:center;"">2025-26 Topps MAX CHRISTIE #174 Blackout Dallas Mavericks Basketball</h1><table style=""width:100%;margin-top:30px;border-spacing:0;""><tr><th align=""left"">Payment</th><td>Payment is due within 4 days. Unpaid items may be canceled and relisted.</td></tr><tr><th align=""left"">Shipping</th><td>Items ship via eBay Standard Envelope. Combined shipping may apply. Usually ships within 1 business day.</td></tr><tr><th align=""left"">Disclaimer</th><td>All cards are sold as-is. Review item condition and images. No refunds or returns. Contact us before leaving negative feedback.</td></tr></table></div>",FixedPrice,GTC,2.49,,1,,ImmediatePayRequired,,United States,,Flat,USPSFirstClass,1,0.0,,,1,,,ReturnsNotAccepted,,,,,,,,,,,,,No,No,,,
Add,BAS-002116-mzoue,261328,0,2025-26 Topps JEREMIAH FEARS #80BK-98 1980-81 Topps Basketball Pelicans,,,4000,No,BASEBALL,,,,,,,,MLB,,,No,Excellent,,,,Sports Trading Card,,,,,,,,,,,,,,,,,,,,,"<div style=""background:#FDFEFE;border:1px solid #CBD4C2;color:#353535;padding:40px;line-height:1.6;font-family:Arial,sans-serif;font-size:16px;""><h1 style=""text-align:center;"">2025-26 Topps JEREMIAH FEARS #80BK-98 1980-81 Topps Basketball Pelicans</h1><table style=""width:100%;margin-top:30px;border-spacing:0;""><tr><th align=""left"">Payment</th><td>Payment is due within 4 days. Unpaid items may be canceled and relisted.</td></tr><tr><th align=""left"">Shipping</th><td>Items ship via eBay Standard Envelope. Combined shipping may apply. Usually ships within 1 business day.</td></tr><tr><th align=""left"">Disclaimer</th><td>All cards are sold as-is. Review item condition and images. No refunds or returns. Contact us before leaving negative feedback.</td></tr></table></div>",FixedPrice,GTC,2.99,,1,,ImmediatePayRequired,,United States,,Flat,USPSFirstClass,1,0.0,,,1,,,ReturnsNotAccepted,,,,,,,,,,,,,No,No,,,
Add,BAS-002114-mzouc,261328,0,2025-26 Topps CHET HOLMGREN #118 Holo Foil Oklahoma City Thunder Basketball,,,4000,No,BASEBALL,,,,,,,,MLB,,,No,Excellent,,,,Sports Trading Card,,,,,,,,,,,,,,,,,,,,,"<div style=""background:#FDFEFE;border:1px solid #CBD4C2;color:#353535;padding:40px;line-height:1.6;font-family:Arial,sans-serif;font-size:16px;""><h1 style=""text-align:center;"">2025-26 Topps CHET HOLMGREN #118 Holo Foil Oklahoma City Thunder Basketball</h1><table style=""width:100%;margin-top:30px;border-spacing:0;""><tr><th align=""left"">Payment</th><td>Payment is due within 4 days. Unpaid items may be canceled and relisted.</td></tr><tr><th align=""left"">Shipping</th><td>Items ship via eBay Standard Envelope. Combined shipping may apply. Usually ships within 1 business day.</td></tr><tr><th align=""left"">Disclaimer</th><td>All cards are sold as-is. Review item condition and images. No refunds or returns. Contact us before leaving negative feedback.</td></tr></table></div>",FixedPrice,GTC,2.49,,1,,ImmediatePayRequired,,United States,,Flat,USPSFirstClass,1,0.0,,,1,,,ReturnsNotAccepted,,,,,,,,,,,,,No,No,,,
Add,BAS-002152-nc7nf,261328,0,2024 Topps Update DYLAN CEASE #US115 Rainbow Foil San Diego Padres,,,4000,No,BASEBALL,,,,,,,,MLB,,,No,Excellent,,,,Sports Trading Card,,,,,,,,,,,,,,,,,,,,,"<div style=""background:#FDFEFE;border:1px solid #CBD4C2;color:#353535;padding:40px;line-height:1.6;font-family:Arial,sans-serif;font-size:16px;""><h1 style=""text-align:center;"">2024 Topps Update DYLAN CEASE #US115 Rainbow Foil San Diego Padres</h1><table style=""width:100%;margin-top:30px;border-spacing:0;""><tr><th align=""left"">Payment</th><td>Payment is due within 4 days. Unpaid items may be canceled and relisted.</td></tr><tr><th align=""left"">Shipping</th><td>Items ship via eBay Standard Envelope. Combined shipping may apply. Usually ships within 1 business day.</td></tr><tr><th align=""left"">Disclaimer</th><td>All cards are sold as-is. Review item condition and images. No refunds or returns. Contact us before leaving negative feedback.</td></tr></table></div>",FixedPrice,GTC,3.49,,1,,ImmediatePayRequired,,United States,,Flat,USPSFirstClass,1,0.0,,,1,,,ReturnsNotAccepted,,,,,,,,,,,,,No,No,,,
Add,BAS-002153-nc7ng,261328,0,2024 Topps Chrome Update SHOTA IMANAGA #ASGC-27 2024 All Star Game Chrome Cubs,,,4000,No,BASEBALL,,,,,,,,MLB,,,No,Excellent,,,,Sports Trading Card,,,,,,,,,,,,,,,,,,,,,"<div style=""background:#FDFEFE;border:1px solid #CBD4C2;color:#353535;padding:40px;line-height:1.6;font-family:Arial,sans-serif;font-size:16px;""><h1 style=""text-align:center;"">2024 Topps Chrome Update SHOTA IMANAGA #ASGC-27 2024 All Star Game Chrome Cubs</h1><table style=""width:100%;margin-top:30px;border-spacing:0;""><tr><th align=""left"">Payment</th><td>Payment is due within 4 days. Unpaid items may be canceled and relisted.</td></tr><tr><th align=""left"">Shipping</th><td>Items ship via eBay Standard Envelope. Combined shipping may apply. Usually ships within 1 business day.</td></tr><tr><th align=""left"">Disclaimer</th><td>All cards are sold as-is. Review item condition and images. No refunds or returns. Contact us before leaving negative feedback.</td></tr></table></div>",FixedPrice,GTC,2.49,,1,,ImmediatePayRequired,,United States,,Flat,USPSFirstClass,1,0.0,,,1,,,ReturnsNotAccepted,,,,,,,,,,,,,No,No,,,
Add,BAS-002154-nc7nh,261328,0,2024 Topps Update BRYAN RAMOS #US51 Holiday Chicago White Sox,,,4000,No,BASEBALL,,,,,,,,MLB,,,No,Excellent,,,,Sports Trading Card,,,,,,,,,,,,,,,,,,,,,"<div style=""background:#FDFEFE;border:1px solid #CBD4C2;color:#353535;padding:40px;line-height:1.6;font-family:Arial,sans-serif;font-size:16px;""><h1 style=""text-align:center;"">2024 Topps Update BRYAN RAMOS #US51 Holiday Chicago White Sox</h1><table style=""width:100%;margin-top:30px;border-spacing:0;""><tr><th align=""left"">Payment</th><td>Payment is due within 4 days. Unpaid items may be canceled and relisted.</td></tr><tr><th align=""left"">Shipping</th><td>Items ship via eBay Standard Envelope. Combined shipping may apply. Usually ships within 1 business day.</td></tr><tr><th align=""left"">Disclaimer</th><td>All cards are sold as-is. Review item condition and images. No refunds or returns. Contact us before leaving negative feedback.</td></tr></table></div>",FixedPrice,GTC,3.49,,1,,ImmediatePayRequired,,United States,,Flat,USPSFirstClass,1,0.0,,,1,,,ReturnsNotAccepted,,,,,,,,,,,,,No,No,,,
Add,BAS-002155-nc7ni,261328,0,2024 Topps Update CORBIN BURNES #ASG-19 2024 All-Star Game Baltimore Orioles,,,4000,No,BASEBALL,,,,,,,,MLB,,,No,Excellent,,,,Sports Trading Card,,,,,,,,,,,,,,,,,,,,,"<div style=""background:#FDFEFE;border:1px solid #CBD4C2;color:#353535;padding:40px;line-height:1.6;font-family:Arial,sans-serif;font-size:16px;""><h1 style=""text-align:center;"">2024 Topps Update CORBIN BURNES #ASG-19 2024 All-Star Game Baltimore Orioles</h1><table style=""width:100%;margin-top:30px;border-spacing:0;""><tr><th align=""left"">Payment</th><td>Payment is due within 4 days. Unpaid items may be canceled and relisted.</td></tr><tr><th align=""left"">Shipping</th><td>Items ship via eBay Standard Envelope. Combined shipping may apply. Usually ships within 1 business day.</td></tr><tr><th align=""left"">Disclaimer</th><td>All cards are sold as-is. Review item condition and images. No refunds or returns. Contact us before leaving negative feedback.</td></tr></table></div>",FixedPrice,GTC,3.49,,1,,ImmediatePayRequired,,United States,,Flat,USPSFirstClass,1,0.0,,,1,,,ReturnsNotAccepted,,,,,,,,,,,,,No,No,,,
Add,BAS-002158-nc7nm,261328,0,2024 Topps Update JACKSON MERRILL #US210 San Diego Padres,,,4000,No,BASEBALL,,,,,,,,MLB,,,No,Excellent,,,,Sports Trading Card,,,,,,,,,,,,,,,,,,,,,"<div style=""background:#FDFEFE;border:1px solid #CBD4C2;color:#353535;padding:40px;line-height:1.6;font-family:Arial,sans-serif;font-size:16px;""><h1 style=""text-align:center;"">2024 Topps Update JACKSON MERRILL #US210 San Diego Padres</h1><table style=""width:100%;margin-top:30px;border-spacing:0;""><tr><th align=""left"">Payment</th><td>Payment is due within 4 days. Unpaid items may be canceled and relisted.</td></tr><tr><th align=""left"">Shipping</th><td>Items ship via eBay Standard Envelope. Combined shipping may apply. Usually ships within 1 business day.</td></tr><tr><th align=""left"">Disclaimer</th><td>All cards are sold as-is. Review item condition and images. No refunds or returns. Contact us before leaving negative feedback.</td></tr></table></div>",FixedPrice,GTC,3.49,,1,,ImmediatePayRequired,,United States,,Flat,USPSFirstClass,1,0.0,,,1,,,ReturnsNotAccepted,,,,,,,,,,,,,No,No,,,
Add,BAS-002159-nc7nn,261328,0,2024 Topps Update JACKSON CHOURIO #US240 Milwaukee Brewers,,,4000,No,BASEBALL,,,,,,,,MLB,,,No,Excellent,,,,Sports Trading Card,,,,,,,,,,,,,,,,,,,,,"<div style=""background:#FDFEFE;border:1px solid #CBD4C2;color:#353535;padding:40px;line-height:1.6;font-family:Arial,sans-serif;font-size:16px;""><h1 style=""text-align:center;"">2024 Topps Update JACKSON CHOURIO #US240 Milwaukee Brewers</h1><table style=""width:100%;margin-top:30px;border-spacing:0;""><tr><th align=""left"">Payment</th><td>Payment is due within 4 days. Unpaid items may be canceled and relisted.</td></tr><tr><th align=""left"">Shipping</th><td>Items ship via eBay Standard Envelope. Combined shipping may apply. Usually ships within 1 business day.</td></tr><tr><th align=""left"">Disclaimer</th><td>All cards are sold as-is. Review item condition and images. No refunds or returns. Contact us before leaving negative feedback.</td></tr></table></div>",FixedPrice,GTC,3.49,,1,,ImmediatePayRequired,,United States,,Flat,USPSFirstClass,1,0.0,,,1,,,ReturnsNotAccepted,,,,,,,,,,,,,No,No,,,
Add,BAS-002160-nc7no,261328,0,2024 Topps Update JACKSON MERRILL #US169 San Diego Padres,,,4000,No,BASEBALL,,,,,,,,MLB,,,No,Excellent,,,,Sports Trading Card,,,,,,,,,,,,,,,,,,,,,"<div style=""background:#FDFEFE;border:1px solid #CBD4C2;color:#353535;padding:40px;line-height:1.6;font-family:Arial,sans-serif;font-size:16px;""><h1 style=""text-align:center;"">2024 Topps Update JACKSON MERRILL #US169 San Diego Padres</h1><table style=""width:100%;margin-top:30px;border-spacing:0;""><tr><th align=""left"">Payment</th><td>Payment is due within 4 days. Unpaid items may be canceled and relisted.</td></tr><tr><th align=""left"">Shipping</th><td>Items ship via eBay Standard Envelope. Combined shipping may apply. Usually ships within 1 business day.</td></tr><tr><th align=""left"">Disclaimer</th><td>All cards are sold as-is. Review item condition and images. No refunds or returns. Contact us before leaving negative feedback.</td></tr></table></div>",FixedPrice,GTC,3.49,,1,,ImmediatePayRequired,,United States,,Flat,USPSFirstClass,1,0.0,,,1,,,ReturnsNotAccepted,,,,,,,,,,,,,No,No,,,
Add,BAS-002161-nc7np,261328,0,2025 Topps JULIO RODRÍGUEZ #266 Rainbow Foil Seattle Mariners,,,4000,No,BASEBALL,,,,,,,,MLB,,,No,Excellent,,,,Sports Trading Card,,,,,,,,,,,,,,,,,,,,,"<div style=""background:#FDFEFE;border:1px solid #CBD4C2;color:#353535;padding:40px;line-height:1.6;font-family:Arial,sans-serif;font-size:16px;""><h1 style=""text-align:center;"">2025 Topps JULIO RODRÍGUEZ #266 Rainbow Foil Seattle Mariners</h1><table style=""width:100%;margin-top:30px;border-spacing:0;""><tr><th align=""left"">Payment</th><td>Payment is due within 4 days. Unpaid items may be canceled and relisted.</td></tr><tr><th align=""left"">Shipping</th><td>Items ship via eBay Standard Envelope. Combined shipping may apply. Usually ships within 1 business day.</td></tr><tr><th align=""left"">Disclaimer</th><td>All cards are sold as-is. Review item condition and images. No refunds or returns. Contact us before leaving negative feedback.</td></tr></table></div>",FixedPrice,GTC,2.29,,1,,ImmediatePayRequired,,United States,,Flat,USPSFirstClass,1,0.0,,,1,,,ReturnsNotAccepted,,,,,,,,,,,,,No,No,,,
Add,BAS-002163-nc7nr,261328,0,2025 Topps BALTIMORE ORIOLES JACKSON HOLLIDAY #BAL-1 Baltimore Orioles,,,4000,No,BASEBALL,,,,,,,,MLB,,,No,Excellent,,,,Sports Trading Card,,,,,,,,,,,,,,,,,,,,,"<div style=""background:#FDFEFE;border:1px solid #CBD4C2;color:#353535;padding:40px;line-height:1.6;font-family:Arial,sans-serif;font-size:16px;""><h1 style=""text-align:center;"">2025 Topps BALTIMORE ORIOLES JACKSON HOLLIDAY #BAL-1 Baltimore Orioles</h1><table style=""width:100%;margin-top:30px;border-spacing:0;""><tr><th align=""left"">Payment</th><td>Payment is due within 4 days. Unpaid items may be canceled and relisted.</td></tr><tr><th align=""left"">Shipping</th><td>Items ship via eBay Standard Envelope. Combined shipping may apply. Usually ships within 1 business day.</td></tr><tr><th align=""left"">Disclaimer</th><td>All cards are sold as-is. Review item condition and images. No refunds or returns. Contact us before leaving negative feedback.</td></tr></table></div>",FixedPrice,GTC,1.99,,1,,ImmediatePayRequired,,United States,,Flat,USPSFirstClass,1,0.0,,,1,,,ReturnsNotAccepted,,,,,,,,,,,,,No,No,,,
Add,BAS-002164-nc7ns,261328,0,2024 Topps AUSTIN WELLS #624 Yellow New York Yankees,,,4000,No,BASEBALL,,,,,,,,MLB,,,No,Excellent,,,,Sports Trading Card,,,,,,,,,,,,,,,,,,,,,"<div style=""background:#FDFEFE;border:1px solid #CBD4C2;color:#353535;padding:40px;line-height:1.6;font-family:Arial,sans-serif;font-size:16px;""><h1 style=""text-align:center;"">2024 Topps AUSTIN WELLS #624 Yellow New York Yankees</h1><table style=""width:100%;margin-top:30px;border-spacing:0;""><tr><th align=""left"">Payment</th><td>Payment is due within 4 days. Unpaid items may be canceled and relisted.</td></tr><tr><th align=""left"">Shipping</th><td>Items ship via eBay Standard Envelope. Combined shipping may apply. Usually ships within 1 business day.</td></tr><tr><th align=""left"">Disclaimer</th><td>All cards are sold as-is. Review item condition and images. No refunds or returns. Contact us before leaving negative feedback.</td></tr></table></div>",FixedPrice,GTC,4.49,,1,,ImmediatePayRequired,,United States,,Flat,USPSFirstClass,1,0.0,,,1,,,ReturnsNotAccepted,,,,,,,,,,,,,No,No,,,
Add,BAS-002165-nc7nt,261328,0,2024 Topps Chrome CEDDANNE RAFAELA #118 Boston Red Sox,,,4000,No,BASEBALL,,,,,,,,MLB,,,No,Excellent,,,,Sports Trading Card,,,,,,,,,,,,,,,,,,,,,"<div style=""background:#FDFEFE;border:1px solid #CBD4C2;color:#353535;padding:40px;line-height:1.6;font-family:Arial,sans-serif;font-size:16px;""><h1 style=""text-align:center;"">2024 Topps Chrome CEDDANNE RAFAELA #118 Boston Red Sox</h1><table style=""width:100%;margin-top:30px;border-spacing:0;""><tr><th align=""left"">Payment</th><td>Payment is due within 4 days. Unpaid items may be canceled and relisted.</td></tr><tr><th align=""left"">Shipping</th><td>Items ship via eBay Standard Envelope. Combined shipping may apply. Usually ships within 1 business day.</td></tr><tr><th align=""left"">Disclaimer</th><td>All cards are sold as-is. Review item condition and images. No refunds or returns. Contact us before leaving negative feedback.</td></tr></table></div>",FixedPrice,GTC,3.99,,1,,ImmediatePayRequired,,United States,,Flat,USPSFirstClass,1,0.0,,,1,,,ReturnsNotAccepted,,,,,,,,,,,,,No,No,,,
Add,BAS-002166-nc7nu,261328,0,2024 Topps Update SHOTA IMANAGA #US281 Chicago Cubs,,,4000,No,BASEBALL,,,,,,,,MLB,,,No,Excellent,,,,Sports Trading Card,,,,,,,,,,,,,,,,,,,,,"<div style=""background:#FDFEFE;border:1px solid #CBD4C2;color:#353535;padding:40px;line-height:1.6;font-family:Arial,sans-serif;font-size:16px;""><h1 style=""text-align:center;"">2024 Topps Update SHOTA IMANAGA #US281 Chicago Cubs</h1><table style=""width:100%;margin-top:30px;border-spacing:0;""><tr><th align=""left"">Payment</th><td>Payment is due within 4 days. Unpaid items may be canceled and relisted.</td></tr><tr><th align=""left"">Shipping</th><td>Items ship via eBay Standard Envelope. Combined shipping may apply. Usually ships within 1 business day.</td></tr><tr><th align=""left"">Disclaimer</th><td>All cards are sold as-is. Review item condition and images. No refunds or returns. Contact us before leaving negative feedback.</td></tr></table></div>",FixedPrice,GTC,2.49,,1,,ImmediatePayRequired,,United States,,Flat,USPSFirstClass,1,0.0,,,1,,,ReturnsNotAccepted,,,,,,,,,,,,,No,No,,,
Add,BAS-002171-nc7o1,261328,0,2024 Topps Update AUSTIN MARTIN #T89CU-3 35th Anniversary Chrome Minnesota Twins,,,4000,No,BASEBALL,,,,,,,,MLB,,,No,Excellent,,,,Sports Trading Card,,,,,,,,,,,,,,,,,,,,,"<div style=""background:#FDFEFE;border:1px solid #CBD4C2;color:#353535;padding:40px;line-height:1.6;font-family:Arial,sans-serif;font-size:16px;""><h1 style=""text-align:center;"">2024 Topps Update AUSTIN MARTIN #T89CU-3 35th Anniversary Chrome Minnesota Twins</h1><table style=""width:100%;margin-top:30px;border-spacing:0;""><tr><th align=""left"">Payment</th><td>Payment is due within 4 days. Unpaid items may be canceled and relisted.</td></tr><tr><th align=""left"">Shipping</th><td>Items ship via eBay Standard Envelope. Combined shipping may apply. Usually ships within 1 business day.</td></tr><tr><th align=""left"">Disclaimer</th><td>All cards are sold as-is. Review item condition and images. No refunds or returns. Contact us before leaving negative feedback.</td></tr></table></div>",FixedPrice,GTC,2.99,,1,,ImmediatePayRequired,,United States,,Flat,USPSFirstClass,1,0.0,,,1,,,ReturnsNotAccepted,,,,,,,,,,,,,No,No,,,
Add,BAS-002170-nc7ny,261328,0,2024 Topps Update JORDAN BECK #T89CU-65 35th Anniversary Chrome Rockies,,,4000,No,BASEBALL,,,,,,,,MLB,,,No,Excellent,,,,Sports Trading Card,,,,,,,,,,,,,,,,,,,,,"<div style=""background:#FDFEFE;border:1px solid #CBD4C2;color:#353535;padding:40px;line-height:1.6;font-family:Arial,sans-serif;font-size:16px;""><h1 style=""text-align:center;"">2024 Topps Update JORDAN BECK #T89CU-65 35th Anniversary Chrome Rockies</h1><table style=""width:100%;margin-top:30px;border-spacing:0;""><tr><th align=""left"">Payment</th><td>Payment is due within 4 days. Unpaid items may be canceled and relisted.</td></tr><tr><th align=""left"">Shipping</th><td>Items ship via eBay Standard Envelope. Combined shipping may apply. Usually ships within 1 business day.</td></tr><tr><th align=""left"">Disclaimer</th><td>All cards are sold as-is. Review item condition and images. No refunds or returns. Contact us before leaving negative feedback.</td></tr></table></div>",FixedPrice,GTC,3.49,,1,,ImmediatePayRequired,,United States,,Flat,USPSFirstClass,1,0.0,,,1,,,ReturnsNotAccepted,,,,,,,,,,,,,No,No,,,
Add,BAS-002172-nc7o3,261328,0,2024 Topps Update JUSTIN FOSCUE #T89CU-95 35th Anniversary Chrome Texas Rangers,,,4000,No,BASEBALL,,,,,,,,MLB,,,No,Excellent,,,,Sports Trading Card,,,,,,,,,,,,,,,,,,,,,"<div style=""background:#FDFEFE;border:1px solid #CBD4C2;color:#353535;padding:40px;line-height:1.6;font-family:Arial,sans-serif;font-size:16px;""><h1 style=""text-align:center;"">2024 Topps Update JUSTIN FOSCUE #T89CU-95 35th Anniversary Chrome Texas Rangers</h1><table style=""width:100%;margin-top:30px;border-spacing:0;""><tr><th align=""left"">Payment</th><td>Payment is due within 4 days. Unpaid items may be canceled and relisted.</td></tr><tr><th align=""left"">Shipping</th><td>Items ship via eBay Standard Envelope. Combined shipping may apply. Usually ships within 1 business day.</td></tr><tr><th align=""left"">Disclaimer</th><td>All cards are sold as-is. Review item condition and images. No refunds or returns. Contact us before leaving negative feedback.</td></tr></table></div>",FixedPrice,GTC,3.49,,1,,ImmediatePayRequired,,United States,,Flat,USPSFirstClass,1,0.0,,,1,,,ReturnsNotAccepted,,,,,,,,,,,,,No,No,,,
Add,BAS-002173-nc7o5,261328,0,2024 Topps Update JONATAN CLASE #T89CU-87 35th Anniversary Chrome Mariners,,,4000,No,BASEBALL,,,,,,,,MLB,,,No,Excellent,,,,Sports Trading Card,,,,,,,,,,,,,,,,,,,,,"<div style=""background:#FDFEFE;border:1px solid #CBD4C2;color:#353535;padding:40px;line-height:1.6;font-family:Arial,sans-serif;font-size:16px;""><h1 style=""text-align:center;"">2024 Topps Update JONATAN CLASE #T89CU-87 35th Anniversary Chrome Mariners</h1><table style=""width:100%;margin-top:30px;border-spacing:0;""><tr><th align=""left"">Payment</th><td>Payment is due within 4 days. Unpaid items may be canceled and relisted.</td></tr><tr><th align=""left"">Shipping</th><td>Items ship via eBay Standard Envelope. Combined shipping may apply. Usually ships within 1 business day.</td></tr><tr><th align=""left"">Disclaimer</th><td>All cards are sold as-is. Review item condition and images. No refunds or returns. Contact us before leaving negative feedback.</td></tr></table></div>",FixedPrice,GTC,3.49,,1,,ImmediatePayRequired,,United States,,Flat,USPSFirstClass,1,0.0,,,1,,,ReturnsNotAccepted,,,,,,,,,,,,,No,No,,,
Add,BAS-002174-nc7o6,261328,0,2024 Topps Update JACKSON CHOURIO #CSMLB-84 Stars of MLB Chrome Brewers,,,4000,No,BASEBALL,,,,,,,,MLB,,,No,Excellent,,,,Sports Trading Card,,,,,,,,,,,,,,,,,,,,,"<div style=""background:#FDFEFE;border:1px solid #CBD4C2;color:#353535;padding:40px;line-height:1.6;font-family:Arial,sans-serif;font-size:16px;""><h1 style=""text-align:center;"">2024 Topps Update JACKSON CHOURIO #CSMLB-84 Stars of MLB Chrome Brewers</h1><table style=""width:100%;margin-top:30px;border-spacing:0;""><tr><th align=""left"">Payment</th><td>Payment is due within 4 days. Unpaid items may be canceled and relisted.</td></tr><tr><th align=""left"">Shipping</th><td>Items ship via eBay Standard Envelope. Combined shipping may apply. Usually ships within 1 business day.</td></tr><tr><th align=""left"">Disclaimer</th><td>All cards are sold as-is. Review item condition and images. No refunds or returns. Contact us before leaving negative feedback.</td></tr></table></div>",FixedPrice,GTC,3.49,,1,,ImmediatePayRequired,,United States,,Flat,USPSFirstClass,1,0.0,,,1,,,ReturnsNotAccepted,,,,,,,,,,,,,No,No,,,
Add,BAS-002175-nc7o7,261328,0,2024 Topps Update JACKSON HOLLIDAY #US50 Rainbow Foil Baltimore Orioles,,,4000,No,BASEBALL,,,,,,,,MLB,,,No,Excellent,,,,Sports Trading Card,,,,,,,,,,,,,,,,,,,,,"<div style=""background:#FDFEFE;border:1px solid #CBD4C2;color:#353535;padding:40px;line-height:1.6;font-family:Arial,sans-serif;font-size:16px;""><h1 style=""text-align:center;"">2024 Topps Update JACKSON HOLLIDAY #US50 Rainbow Foil Baltimore Orioles</h1><table style=""width:100%;margin-top:30px;border-spacing:0;""><tr><th align=""left"">Payment</th><td>Payment is due within 4 days. Unpaid items may be canceled and relisted.</td></tr><tr><th align=""left"">Shipping</th><td>Items ship via eBay Standard Envelope. Combined shipping may apply. Usually ships within 1 business day.</td></tr><tr><th align=""left"">Disclaimer</th><td>All cards are sold as-is. Review item condition and images. No refunds or returns. Contact us before leaving negative feedback.</td></tr></table></div>",FixedPrice,GTC,3.99,,1,,ImmediatePayRequired,,United States,,Flat,USPSFirstClass,1,0.0,,,1,,,ReturnsNotAccepted,,,,,,,,,,,,,No,No,,,
Add,BAS-002176-nc7o8,261328,0,2024 Topps Update NAOYUKI UWASAWA #US268 Boston Red Sox,,,4000,No,BASEBALL,,,,,,,,MLB,,,No,Excellent,,,,Sports Trading Card,,,,,,,,,,,,,,,,,,,,,"<div style=""background:#FDFEFE;border:1px solid #CBD4C2;color:#353535;padding:40px;line-height:1.6;font-family:Arial,sans-serif;font-size:16px;""><h1 style=""text-align:center;"">2024 Topps Update NAOYUKI UWASAWA #US268 Boston Red Sox</h1><table style=""width:100%;margin-top:30px;border-spacing:0;""><tr><th align=""left"">Payment</th><td>Payment is due within 4 days. Unpaid items may be canceled and relisted.</td></tr><tr><th align=""left"">Shipping</th><td>Items ship via eBay Standard Envelope. Combined shipping may apply. Usually ships within 1 business day.</td></tr><tr><th align=""left"">Disclaimer</th><td>All cards are sold as-is. Review item condition and images. No refunds or returns. Contact us before leaving negative feedback.</td></tr></table></div>",FixedPrice,GTC,2.99,,1,,ImmediatePayRequired,,United States,,Flat,USPSFirstClass,1,0.0,,,1,,,ReturnsNotAccepted,,,,,,,,,,,,,No,No,,,
Add,BAS-002178-nc7ob,261328,0,2025 Topps ADRIÁN BELTRÉ #FP-8 First Pitch (Series One) Texas Rangers,,,4000,No,BASEBALL,,,,,,,,MLB,,,No,Excellent,,,,Sports Trading Card,,,,,,,,,,,,,,,,,,,,,"<div style=""background:#FDFEFE;border:1px solid #CBD4C2;color:#353535;padding:40px;line-height:1.6;font-family:Arial,sans-serif;font-size:16px;""><h1 style=""text-align:center;"">2025 Topps ADRIÁN BELTRÉ #FP-8 First Pitch (Series One) Texas Rangers</h1><table style=""width:100%;margin-top:30px;border-spacing:0;""><tr><th align=""left"">Payment</th><td>Payment is due within 4 days. Unpaid items may be canceled and relisted.</td></tr><tr><th align=""left"">Shipping</th><td>Items ship via eBay Standard Envelope. Combined shipping may apply. Usually ships within 1 business day.</td></tr><tr><th align=""left"">Disclaimer</th><td>All cards are sold as-is. Review item condition and images. No refunds or returns. Contact us before leaving negative feedback.</td></tr></table></div>",FixedPrice,GTC,0.99,,1,,ImmediatePayRequired,,United States,,Flat,USPSFirstClass,1,0.0,,,1,,,ReturnsNotAccepted,,,,,,,,,,,,,No,No,,,
Add,BAS-002179-nc7oc,261328,0,2024 Topps J.D. MARTINEZ #492 Rainbow Foil Los Angeles Dodgers,,,4000,No,BASEBALL,,,,,,,,MLB,,,No,Excellent,,,,Sports Trading Card,,,,,,,,,,,,,,,,,,,,,"<div style=""background:#FDFEFE;border:1px solid #CBD4C2;color:#353535;padding:40px;line-height:1.6;font-family:Arial,sans-serif;font-size:16px;""><h1 style=""text-align:center;"">2024 Topps J.D. MARTINEZ #492 Rainbow Foil Los Angeles Dodgers</h1><table style=""width:100%;margin-top:30px;border-spacing:0;""><tr><th align=""left"">Payment</th><td>Payment is due within 4 days. Unpaid items may be canceled and relisted.</td></tr><tr><th align=""left"">Shipping</th><td>Items ship via eBay Standard Envelope. Combined shipping may apply. Usually ships within 1 business day.</td></tr><tr><th align=""left"">Disclaimer</th><td>All cards are sold as-is. Review item condition and images. No refunds or returns. Contact us before leaving negative feedback.</td></tr></table></div>",FixedPrice,GTC,3.49,,1,,ImmediatePayRequired,,United States,,Flat,USPSFirstClass,1,0.0,,,1,,,ReturnsNotAccepted,,,,,,,,,,,,,No,No,,,
Add,BAS-002180-nc7od,261328,0,2024 Topps DUO An Immediate Hit: (Grandal/Skenes) #US160 Pirates,,,4000,No,BASEBALL,,,,,,,,MLB,,,No,Excellent,,,,Sports Trading Card,,,,,,,,,,,,,,,,,,,,,"<div style=""background:#FDFEFE;border:1px solid #CBD4C2;color:#353535;padding:40px;line-height:1.6;font-family:Arial,sans-serif;font-size:16px;""><h1 style=""text-align:center;"">2024 Topps DUO An Immediate Hit: (Grandal/Skenes) #US160 Pirates</h1><table style=""width:100%;margin-top:30px;border-spacing:0;""><tr><th align=""left"">Payment</th><td>Payment is due within 4 days. Unpaid items may be canceled and relisted.</td></tr><tr><th align=""left"">Shipping</th><td>Items ship via eBay Standard Envelope. Combined shipping may apply. Usually ships within 1 business day.</td></tr><tr><th align=""left"">Disclaimer</th><td>All cards are sold as-is. Review item condition and images. No refunds or returns. Contact us before leaving negative feedback.</td></tr></table></div>",FixedPrice,GTC,1.25,,1,,ImmediatePayRequired,,United States,,Flat,USPSFirstClass,1,0.0,,,1,,,ReturnsNotAccepted,,,,,,,,,,,,,No,No,,,
Add,BAS-002182-nc7of,261328,0,2024 Topps THROWBACK THURSDAY NOLAN SCHANUEL #108 Los Angeles Angels,,,4000,No,BASEBALL,,,,,,,,MLB,,,No,Excellent,,,,Sports Trading Card,,,,,,,,,,,,,,,,,,,,,"<div style=""background:#FDFEFE;border:1px solid #CBD4C2;color:#353535;padding:40px;line-height:1.6;font-family:Arial,sans-serif;font-size:16px;""><h1 style=""text-align:center;"">2024 Topps THROWBACK THURSDAY NOLAN SCHANUEL #108 Los Angeles Angels</h1><table style=""width:100%;margin-top:30px;border-spacing:0;""><tr><th align=""left"">Payment</th><td>Payment is due within 4 days. Unpaid items may be canceled and relisted.</td></tr><tr><th align=""left"">Shipping</th><td>Items ship via eBay Standard Envelope. Combined shipping may apply. Usually ships within 1 business day.</td></tr><tr><th align=""left"">Disclaimer</th><td>All cards are sold as-is. Review item condition and images. No refunds or returns. Contact us before leaving negative feedback.</td></tr></table></div>",FixedPrice,GTC,2.99,,1,,ImmediatePayRequired,,United States,,Flat,USPSFirstClass,1,0.0,,,1,,,ReturnsNotAccepted,,,,,,,,,,,,,No,No,,,
Add,BAS-002183-nc7og,261328,0,2023 Topps Update FRANCISCO ALVAREZ #US255 Rainbow Foil New York Mets,,,4000,No,BASEBALL,,,,,,,,MLB,,,No,Excellent,,,,Sports Trading Card,,,,,,,,,,,,,,,,,,,,,"<div style=""background:#FDFEFE;border:1px solid #CBD4C2;color:#353535;padding:40px;line-height:1.6;font-family:Arial,sans-serif;font-size:16px;""><h1 style=""text-align:center;"">2023 Topps Update FRANCISCO ALVAREZ #US255 Rainbow Foil New York Mets</h1><table style=""width:100%;margin-top:30px;border-spacing:0;""><tr><th align=""left"">Payment</th><td>Payment is due within 4 days. Unpaid items may be canceled and relisted.</td></tr><tr><th align=""left"">Shipping</th><td>Items ship via eBay Standard Envelope. Combined shipping may apply. Usually ships within 1 business day.</td></tr><tr><th align=""left"">Disclaimer</th><td>All cards are sold as-is. Review item condition and images. No refunds or returns. Contact us before leaving negative feedback.</td></tr></table></div>",FixedPrice,GTC,3.49,,1,,ImmediatePayRequired,,United States,,Flat,USPSFirstClass,1,0.0,,,1,,,ReturnsNotAccepted,,,,,,,,,,,,,No,No,,,
Add,BAS-002186-nc7oj,261328,0,2025 Topps C.J. STROUD #FP-10 First Pitch (Series One) Houston Astros,,,4000,No,BASEBALL,,,,,,,,MLB,,,No,Excellent,,,,Sports Trading Card,,,,,,,,,,,,,,,,,,,,,"<div style=""background:#FDFEFE;border:1px solid #CBD4C2;color:#353535;padding:40px;line-height:1.6;font-family:Arial,sans-serif;font-size:16px;""><h1 style=""text-align:center;"">2025 Topps C.J. STROUD #FP-10 First Pitch (Series One) Houston Astros</h1><table style=""width:100%;margin-top:30px;border-spacing:0;""><tr><th align=""left"">Payment</th><td>Payment is due within 4 days. Unpaid items may be canceled and relisted.</td></tr><tr><th align=""left"">Shipping</th><td>Items ship via eBay Standard Envelope. Combined shipping may apply. Usually ships within 1 business day.</td></tr><tr><th align=""left"">Disclaimer</th><td>All cards are sold as-is. Review item condition and images. No refunds or returns. Contact us before leaving negative feedback.</td></tr></table></div>",FixedPrice,GTC,2.99,,1,,ImmediatePayRequired,,United States,,Flat,USPSFirstClass,1,0.0,,,1,,,ReturnsNotAccepted,,,,,,,,,,,,,No,No,,,
Add,BAS-002213-necna,261328,0,2024 Topps Heritage DAVID BAÑUELOS #715 Chrome Purple Refractor Orioles,,,4000,No,BASEBALL,,,,,,,,MLB,,,No,Excellent,,,,Sports Trading Card,,,,,,,,,,,,,,,,,,,,,"<div style=""background:#FDFEFE;border:1px solid #CBD4C2;color:#353535;padding:40px;line-height:1.6;font-family:Arial,sans-serif;font-size:16px;""><h1 style=""text-align:center;"">2024 Topps Heritage DAVID BAÑUELOS #715 Chrome Purple Refractor Orioles</h1><table style=""width:100%;margin-top:30px;border-spacing:0;""><tr><th align=""left"">Payment</th><td>Payment is due within 4 days. Unpaid items may be canceled and relisted.</td></tr><tr><th align=""left"">Shipping</th><td>Items ship via eBay Standard Envelope. Combined shipping may apply. Usually ships within 1 business day.</td></tr><tr><th align=""left"">Disclaimer</th><td>All cards are sold as-is. Review item condition and images. No refunds or returns. Contact us before leaving negative feedback.</td></tr></table></div>",FixedPrice,GTC,2.0,,1,,ImmediatePayRequired,,United States,,Flat,USPSFirstClass,1,0.0,,,1,,,ReturnsNotAccepted,,,,,,,,,,,,,No,No,,,
Add,BAS-002212-necn9,261328,0,2024 Topps Chrome COSMIC COREY SEAGER #LIO-6 Launched into Orbit Texas Rangers,,,4000,No,BASEBALL,,,,,,,,MLB,,,No,Excellent,,,,Sports Trading Card,,,,,,,,,,,,,,,,,,,,,"<div style=""background:#FDFEFE;border:1px solid #CBD4C2;color:#353535;padding:40px;line-height:1.6;font-family:Arial,sans-serif;font-size:16px;""><h1 style=""text-align:center;"">2024 Topps Chrome COSMIC COREY SEAGER #LIO-6 Launched into Orbit Texas Rangers</h1><table style=""width:100%;margin-top:30px;border-spacing:0;""><tr><th align=""left"">Payment</th><td>Payment is due within 4 days. Unpaid items may be canceled and relisted.</td></tr><tr><th align=""left"">Shipping</th><td>Items ship via eBay Standard Envelope. Combined shipping may apply. Usually ships within 1 business day.</td></tr><tr><th align=""left"">Disclaimer</th><td>All cards are sold as-is. Review item condition and images. No refunds or returns. Contact us before leaving negative feedback.</td></tr></table></div>",FixedPrice,GTC,3.49,,1,,ImmediatePayRequired,,United States,,Flat,USPSFirstClass,1,0.0,,,1,,,ReturnsNotAccepted,,,,,,,,,,,,,No,No,,,
Add,BAS-002187-necey,261328,0,2024 Topps Update YARIEL RODRIGUEZ #T89CU-76 35th Anniversary Chrome Blue Jays,,,4000,No,BASEBALL,,,,,,,,MLB,,,No,Excellent,,,,Sports Trading Card,,,,,,,,,,,,,,,,,,,,,"<div style=""background:#FDFEFE;border:1px solid #CBD4C2;color:#353535;padding:40px;line-height:1.6;font-family:Arial,sans-serif;font-size:16px;""><h1 style=""text-align:center;"">2024 Topps Update YARIEL RODRIGUEZ #T89CU-76 35th Anniversary Chrome Blue Jays</h1><table style=""width:100%;margin-top:30px;border-spacing:0;""><tr><th align=""left"">Payment</th><td>Payment is due within 4 days. Unpaid items may be canceled and relisted.</td></tr><tr><th align=""left"">Shipping</th><td>Items ship via eBay Standard Envelope. Combined shipping may apply. Usually ships within 1 business day.</td></tr><tr><th align=""left"">Disclaimer</th><td>All cards are sold as-is. Review item condition and images. No refunds or returns. Contact us before leaving negative feedback.</td></tr></table></div>",FixedPrice,GTC,3.49,,1,,ImmediatePayRequired,,United States,,Flat,USPSFirstClass,1,0.0,,,1,,,ReturnsNotAccepted,,,,,,,,,,,,,No,No,,,
Add,BAS-002188-necez,261328,0,2024 Topps Update JORDAN LAWLAR #US41 Rainbow Foil Arizona Diamondbacks,,,4000,No,BASEBALL,,,,,,,,MLB,,,No,Excellent,,,,Sports Trading Card,,,,,,,,,,,,,,,,,,,,,"<div style=""background:#FDFEFE;border:1px solid #CBD4C2;color:#353535;padding:40px;line-height:1.6;font-family:Arial,sans-serif;font-size:16px;""><h1 style=""text-align:center;"">2024 Topps Update JORDAN LAWLAR #US41 Rainbow Foil Arizona Diamondbacks</h1><table style=""width:100%;margin-top:30px;border-spacing:0;""><tr><th align=""left"">Payment</th><td>Payment is due within 4 days. Unpaid items may be canceled and relisted.</td></tr><tr><th align=""left"">Shipping</th><td>Items ship via eBay Standard Envelope. Combined shipping may apply. Usually ships within 1 business day.</td></tr><tr><th align=""left"">Disclaimer</th><td>All cards are sold as-is. Review item condition and images. No refunds or returns. Contact us before leaving negative feedback.</td></tr></table></div>",FixedPrice,GTC,3.49,,1,,ImmediatePayRequired,,United States,,Flat,USPSFirstClass,1,0.0,,,1,,,ReturnsNotAccepted,,,,,,,,,,,,,No,No,,,
Add,BAS-002189-necf0,261328,0,2024 Topps Update LANDON KNACK #T89CU-36 35th Anniversary Chrome Dodgers,,,4000,No,BASEBALL,,,,,,,,MLB,,,No,Excellent,,,,Sports Trading Card,,,,,,,,,,,,,,,,,,,,,"<div style=""background:#FDFEFE;border:1px solid #CBD4C2;color:#353535;padding:40px;line-height:1.6;font-family:Arial,sans-serif;font-size:16px;""><h1 style=""text-align:center;"">2024 Topps Update LANDON KNACK #T89CU-36 35th Anniversary Chrome Dodgers</h1><table style=""width:100%;margin-top:30px;border-spacing:0;""><tr><th align=""left"">Payment</th><td>Payment is due within 4 days. Unpaid items may be canceled and relisted.</td></tr><tr><th align=""left"">Shipping</th><td>Items ship via eBay Standard Envelope. Combined shipping may apply. Usually ships within 1 business day.</td></tr><tr><th align=""left"">Disclaimer</th><td>All cards are sold as-is. Review item condition and images. No refunds or returns. Contact us before leaving negative feedback.</td></tr></table></div>",FixedPrice,GTC,2.99,,1,,ImmediatePayRequired,,United States,,Flat,USPSFirstClass,1,0.0,,,1,,,ReturnsNotAccepted,,,,,,,,,,,,,No,No,,,
Add,BAS-002214-necnb,261328,0,2022 Panini MOSAIC SPENCER TORKELSON #266 Pink Camo Mosaic Detroit Tigers,,,4000,No,BASEBALL,,,,,,,,MLB,,,No,Excellent,,,,Sports Trading Card,,,,,,,,,,,,,,,,,,,,,"<div style=""background:#FDFEFE;border:1px solid #CBD4C2;color:#353535;padding:40px;line-height:1.6;font-family:Arial,sans-serif;font-size:16px;""><h1 style=""text-align:center;"">2022 Panini MOSAIC SPENCER TORKELSON #266 Pink Camo Mosaic Detroit Tigers</h1><table style=""width:100%;margin-top:30px;border-spacing:0;""><tr><th align=""left"">Payment</th><td>Payment is due within 4 days. Unpaid items may be canceled and relisted.</td></tr><tr><th align=""left"">Shipping</th><td>Items ship via eBay Standard Envelope. Combined shipping may apply. Usually ships within 1 business day.</td></tr><tr><th align=""left"">Disclaimer</th><td>All cards are sold as-is. Review item condition and images. No refunds or returns. Contact us before leaving negative feedback.</td></tr></table></div>",FixedPrice,GTC,2.49,,1,,ImmediatePayRequired,,United States,,Flat,USPSFirstClass,1,0.0,,,1,,,ReturnsNotAccepted,,,,,,,,,,,,,No,No,,,
Add,BAS-002215-necnc,261328,0,2024 Topps Chrome Logofractor Edition ESTEURY RUIZ #241 Oakland Athletics,,,4000,No,BASEBALL,,,,,,,,MLB,,,No,Excellent,,,,Sports Trading Card,,,,,,,,,,,,,,,,,,,,,"<div style=""background:#FDFEFE;border:1px solid #CBD4C2;color:#353535;padding:40px;line-height:1.6;font-family:Arial,sans-serif;font-size:16px;""><h1 style=""text-align:center;"">2024 Topps Chrome Logofractor Edition ESTEURY RUIZ #241 Oakland Athletics</h1><table style=""width:100%;margin-top:30px;border-spacing:0;""><tr><th align=""left"">Payment</th><td>Payment is due within 4 days. Unpaid items may be canceled and relisted.</td></tr><tr><th align=""left"">Shipping</th><td>Items ship via eBay Standard Envelope. Combined shipping may apply. Usually ships within 1 business day.</td></tr><tr><th align=""left"">Disclaimer</th><td>All cards are sold as-is. Review item condition and images. No refunds or returns. Contact us before leaving negative feedback.</td></tr></table></div>",FixedPrice,GTC,3.49,,1,,ImmediatePayRequired,,United States,,Flat,USPSFirstClass,1,0.0,,,1,,,ReturnsNotAccepted,,,,,,,,,,,,,No,No,,,
Add,BAS-002190-necf1,261328,0,2024 Topps Update JARED JONES #US49 Pittsburgh Pirates,,,4000,No,BASEBALL,,,,,,,,MLB,,,No,Excellent,,,,Sports Trading Card,,,,,,,,,,,,,,,,,,,,,"<div style=""background:#FDFEFE;border:1px solid #CBD4C2;color:#353535;padding:40px;line-height:1.6;font-family:Arial,sans-serif;font-size:16px;""><h1 style=""text-align:center;"">2024 Topps Update JARED JONES #US49 Pittsburgh Pirates</h1><table style=""width:100%;margin-top:30px;border-spacing:0;""><tr><th align=""left"">Payment</th><td>Payment is due within 4 days. Unpaid items may be canceled and relisted.</td></tr><tr><th align=""left"">Shipping</th><td>Items ship via eBay Standard Envelope. Combined shipping may apply. Usually ships within 1 business day.</td></tr><tr><th align=""left"">Disclaimer</th><td>All cards are sold as-is. Review item condition and images. No refunds or returns. Contact us before leaving negative feedback.</td></tr></table></div>",FixedPrice,GTC,2.99,,1,,ImmediatePayRequired,,United States,,Flat,USPSFirstClass,1,0.0,,,1,,,ReturnsNotAccepted,,,,,,,,,,,,,No,No,,,
Add,BAS-002191-necf2,261328,0,2024 Bowman CEDDANNE RAFAELA #ROY-5 Rookie of the Year Favorites Boston Red Sox,,,4000,No,BASEBALL,,,,,,,,MLB,,,No,Excellent,,,,Sports Trading Card,,,,,,,,,,,,,,,,,,,,,"<div style=""background:#FDFEFE;border:1px solid #CBD4C2;color:#353535;padding:40px;line-height:1.6;font-family:Arial,sans-serif;font-size:16px;""><h1 style=""text-align:center;"">2024 Bowman CEDDANNE RAFAELA #ROY-5 Rookie of the Year Favorites Boston Red Sox</h1><table style=""width:100%;margin-top:30px;border-spacing:0;""><tr><th align=""left"">Payment</th><td>Payment is due within 4 days. Unpaid items may be canceled and relisted.</td></tr><tr><th align=""left"">Shipping</th><td>Items ship via eBay Standard Envelope. Combined shipping may apply. Usually ships within 1 business day.</td></tr><tr><th align=""left"">Disclaimer</th><td>All cards are sold as-is. Review item condition and images. No refunds or returns. Contact us before leaving negative feedback.</td></tr></table></div>",FixedPrice,GTC,3.49,,1,,ImmediatePayRequired,,United States,,Flat,USPSFirstClass,1,0.0,,,1,,,ReturnsNotAccepted,,,,,,,,,,,,,Yes,No,,,
Add,BAS-002192-necf3,261328,0,2024 Stadium Club SHOTA IMANAGA #240 Pink Foil Chicago Cubs,,,4000,No,BASEBALL,,,,,,,,MLB,,,No,Excellent,,,,Sports Trading Card,,,,,,,,,,,,,,,,,,,,,"<div style=""background:#FDFEFE;border:1px solid #CBD4C2;color:#353535;padding:40px;line-height:1.6;font-family:Arial,sans-serif;font-size:16px;""><h1 style=""text-align:center;"">2024 Stadium Club SHOTA IMANAGA #240 Pink Foil Chicago Cubs</h1><table style=""width:100%;margin-top:30px;border-spacing:0;""><tr><th align=""left"">Payment</th><td>Payment is due within 4 days. Unpaid items may be canceled and relisted.</td></tr><tr><th align=""left"">Shipping</th><td>Items ship via eBay Standard Envelope. Combined shipping may apply. Usually ships within 1 business day.</td></tr><tr><th align=""left"">Disclaimer</th><td>All cards are sold as-is. Review item condition and images. No refunds or returns. Contact us before leaving negative feedback.</td></tr></table></div>",FixedPrice,GTC,3.49,,1,,ImmediatePayRequired,,United States,,Flat,USPSFirstClass,1,0.0,,,1,,,ReturnsNotAccepted,,,,,,,,,,,,,No,No,,,
Add,BAS-002216-necnd,261328,0,2018 Bowman Chrome RYAN MOUNTCASTLE #BCP167 Prospects Baltimore Orioles,,,4000,No,BASEBALL,,,,,,,,MLB,,,No,Excellent,,,,Sports Trading Card,,,,,,,,,,,,,,,,,,,,,"<div style=""background:#FDFEFE;border:1px solid #CBD4C2;color:#353535;padding:40px;line-height:1.6;font-family:Arial,sans-serif;font-size:16px;""><h1 style=""text-align:center;"">2018 Bowman Chrome RYAN MOUNTCASTLE #BCP167 Prospects Baltimore Orioles</h1><table style=""width:100%;margin-top:30px;border-spacing:0;""><tr><th align=""left"">Payment</th><td>Payment is due within 4 days. Unpaid items may be canceled and relisted.</td></tr><tr><th align=""left"">Shipping</th><td>Items ship via eBay Standard Envelope. Combined shipping may apply. Usually ships within 1 business day.</td></tr><tr><th align=""left"">Disclaimer</th><td>All cards are sold as-is. Review item condition and images. No refunds or returns. Contact us before leaving negative feedback.</td></tr></table></div>",FixedPrice,GTC,6.0,,1,,ImmediatePayRequired,,United States,,Flat,USPSFirstClass,1,0.0,,,1,,,ReturnsNotAccepted,,,,,,,,,,,,,No,No,,,
Add,BAS-002217-necne,261328,0,2024 Topps Chrome Black NOLAN SCHANUEL #75 Los Angeles Angels,,,4000,No,BASEBALL,,,,,,,,MLB,,,No,Excellent,,,,Sports Trading Card,,,,,,,,,,,,,,,,,,,,,"<div style=""background:#FDFEFE;border:1px solid #CBD4C2;color:#353535;padding:40px;line-height:1.6;font-family:Arial,sans-serif;font-size:16px;""><h1 style=""text-align:center;"">2024 Topps Chrome Black NOLAN SCHANUEL #75 Los Angeles Angels</h1><table style=""width:100%;margin-top:30px;border-spacing:0;""><tr><th align=""left"">Payment</th><td>Payment is due within 4 days. Unpaid items may be canceled and relisted.</td></tr><tr><th align=""left"">Shipping</th><td>Items ship via eBay Standard Envelope. Combined shipping may apply. Usually ships within 1 business day.</td></tr><tr><th align=""left"">Disclaimer</th><td>All cards are sold as-is. Review item condition and images. No refunds or returns. Contact us before leaving negative feedback.</td></tr></table></div>",FixedPrice,GTC,3.49,,1,,ImmediatePayRequired,,United States,,Flat,USPSFirstClass,1,0.0,,,1,,,ReturnsNotAccepted,,,,,,,,,,,,,No,No,,,
Add,BAS-002193-necf4,261328,0,2011 Topps Update BLAKE TEKOTTE #US240 San Diego Padres,,,4000,No,BASEBALL,,,,,,,,MLB,,,No,Excellent,,,,Sports Trading Card,,,,,,,,,,,,,,,,,,,,,"<div style=""background:#FDFEFE;border:1px solid #CBD4C2;color:#353535;padding:40px;line-height:1.6;font-family:Arial,sans-serif;font-size:16px;""><h1 style=""text-align:center;"">2011 Topps Update BLAKE TEKOTTE #US240 San Diego Padres</h1><table style=""width:100%;margin-top:30px;border-spacing:0;""><tr><th align=""left"">Payment</th><td>Payment is due within 4 days. Unpaid items may be canceled and relisted.</td></tr><tr><th align=""left"">Shipping</th><td>Items ship via eBay Standard Envelope. Combined shipping may apply. Usually ships within 1 business day.</td></tr><tr><th align=""left"">Disclaimer</th><td>All cards are sold as-is. Review item condition and images. No refunds or returns. Contact us before leaving negative feedback.</td></tr></table></div>",FixedPrice,GTC,3.49,,1,,ImmediatePayRequired,,United States,,Flat,USPSFirstClass,1,0.0,,,1,,,ReturnsNotAccepted,,,,,,,,,,,,,No,No,,,
Add,BAS-002219-necng,261328,0,2024 Topps Update CURTIS MEAD #CSMLB-72 Stars of MLB Chrome Tampa Bay Rays,,,4000,No,BASEBALL,,,,,,,,MLB,,,No,Excellent,,,,Sports Trading Card,,,,,,,,,,,,,,,,,,,,,"<div style=""background:#FDFEFE;border:1px solid #CBD4C2;color:#353535;padding:40px;line-height:1.6;font-family:Arial,sans-serif;font-size:16px;""><h1 style=""text-align:center;"">2024 Topps Update CURTIS MEAD #CSMLB-72 Stars of MLB Chrome Tampa Bay Rays</h1><table style=""width:100%;margin-top:30px;border-spacing:0;""><tr><th align=""left"">Payment</th><td>Payment is due within 4 days. Unpaid items may be canceled and relisted.</td></tr><tr><th align=""left"">Shipping</th><td>Items ship via eBay Standard Envelope. Combined shipping may apply. Usually ships within 1 business day.</td></tr><tr><th align=""left"">Disclaimer</th><td>All cards are sold as-is. Review item condition and images. No refunds or returns. Contact us before leaving negative feedback.</td></tr></table></div>",FixedPrice,GTC,2.99,,1,,ImmediatePayRequired,,United States,,Flat,USPSFirstClass,1,0.0,,,1,,,ReturnsNotAccepted,,,,,,,,,,,,,No,No,,,
Add,BAS-002194-necf5,261328,0,2024 Topps Update MAX MEYER #US236 Rainbow Foil Miami Marlins,,,4000,No,BASEBALL,,,,,,,,MLB,,,No,Excellent,,,,Sports Trading Card,,,,,,,,,,,,,,,,,,,,,"<div style=""background:#FDFEFE;border:1px solid #CBD4C2;color:#353535;padding:40px;line-height:1.6;font-family:Arial,sans-serif;font-size:16px;""><h1 style=""text-align:center;"">2024 Topps Update MAX MEYER #US236 Rainbow Foil Miami Marlins</h1><table style=""width:100%;margin-top:30px;border-spacing:0;""><tr><th align=""left"">Payment</th><td>Payment is due within 4 days. Unpaid items may be canceled and relisted.</td></tr><tr><th align=""left"">Shipping</th><td>Items ship via eBay Standard Envelope. Combined shipping may apply. Usually ships within 1 business day.</td></tr><tr><th align=""left"">Disclaimer</th><td>All cards are sold as-is. Review item condition and images. No refunds or returns. Contact us before leaving negative feedback.</td></tr></table></div>",FixedPrice,GTC,1.0,,1,,ImmediatePayRequired,,United States,,Flat,USPSFirstClass,1,0.0,,,1,,,ReturnsNotAccepted,,,,,,,,,,,,,No,No,,,
Add,BAS-002195-necf6,261328,0,2024 Topps Update EMMET SHEEHAN #US141 Rainbow Foil Los Angeles Dodgers,,,4000,No,BASEBALL,,,,,,,,MLB,,,No,Excellent,,,,Sports Trading Card,,,,,,,,,,,,,,,,,,,,,"<div style=""background:#FDFEFE;border:1px solid #CBD4C2;color:#353535;padding:40px;line-height:1.6;font-family:Arial,sans-serif;font-size:16px;""><h1 style=""text-align:center;"">2024 Topps Update EMMET SHEEHAN #US141 Rainbow Foil Los Angeles Dodgers</h1><table style=""width:100%;margin-top:30px;border-spacing:0;""><tr><th align=""left"">Payment</th><td>Payment is due within 4 days. Unpaid items may be canceled and relisted.</td></tr><tr><th align=""left"">Shipping</th><td>Items ship via eBay Standard Envelope. Combined shipping may apply. Usually ships within 1 business day.</td></tr><tr><th align=""left"">Disclaimer</th><td>All cards are sold as-is. Review item condition and images. No refunds or returns. Contact us before leaving negative feedback.</td></tr></table></div>",FixedPrice,GTC,3.49,,1,,ImmediatePayRequired,,United States,,Flat,USPSFirstClass,1,0.0,,,1,,,ReturnsNotAccepted,,,,,,,,,,,,,No,No,,,
Add,BAS-002196-necf7,261328,0,2024 Topps Chrome AUSTIN RILEY #84 Refractors Atlanta Braves,,,4000,No,BASEBALL,,,,,,,,MLB,,,No,Excellent,,,,Sports Trading Card,,,,,,,,,,,,,,,,,,,,,"<div style=""background:#FDFEFE;border:1px solid #CBD4C2;color:#353535;padding:40px;line-height:1.6;font-family:Arial,sans-serif;font-size:16px;""><h1 style=""text-align:center;"">2024 Topps Chrome AUSTIN RILEY #84 Refractors Atlanta Braves</h1><table style=""width:100%;margin-top:30px;border-spacing:0;""><tr><th align=""left"">Payment</th><td>Payment is due within 4 days. Unpaid items may be canceled and relisted.</td></tr><tr><th align=""left"">Shipping</th><td>Items ship via eBay Standard Envelope. Combined shipping may apply. Usually ships within 1 business day.</td></tr><tr><th align=""left"">Disclaimer</th><td>All cards are sold as-is. Review item condition and images. No refunds or returns. Contact us before leaving negative feedback.</td></tr></table></div>",FixedPrice,GTC,3.49,,1,,ImmediatePayRequired,,United States,,Flat,USPSFirstClass,1,0.0,,,1,,,ReturnsNotAccepted,,,,,,,,,,,,,No,No,,,
Add,BAS-002220-necnh,261328,0,2024 Topps Update PARKER MEADOWS #89US-4 35th Anniversary Detroit Tigers,,,4000,No,BASEBALL,,,,,,,,MLB,,,No,Excellent,,,,Sports Trading Card,,,,,,,,,,,,,,,,,,,,,"<div style=""background:#FDFEFE;border:1px solid #CBD4C2;color:#353535;padding:40px;line-height:1.6;font-family:Arial,sans-serif;font-size:16px;""><h1 style=""text-align:center;"">2024 Topps Update PARKER MEADOWS #89US-4 35th Anniversary Detroit Tigers</h1><table style=""width:100%;margin-top:30px;border-spacing:0;""><tr><th align=""left"">Payment</th><td>Payment is due within 4 days. Unpaid items may be canceled and relisted.</td></tr><tr><th align=""left"">Shipping</th><td>Items ship via eBay Standard Envelope. Combined shipping may apply. Usually ships within 1 business day.</td></tr><tr><th align=""left"">Disclaimer</th><td>All cards are sold as-is. Review item condition and images. No refunds or returns. Contact us before leaving negative feedback.</td></tr></table></div>",FixedPrice,GTC,3.49,,1,,ImmediatePayRequired,,United States,,Flat,USPSFirstClass,1,0.0,,,1,,,ReturnsNotAccepted,,,,,,,,,,,,,No,No,,,
Add,BAS-002221-necni,261328,0,2024 Topps Update NOLAN RYAN #89US-42 35th Anniversary California Angels,,,4000,No,BASEBALL,,,,,,,,MLB,,,No,Excellent,,,,Sports Trading Card,,,,,,,,,,,,,,,,,,,,,"<div style=""background:#FDFEFE;border:1px solid #CBD4C2;color:#353535;padding:40px;line-height:1.6;font-family:Arial,sans-serif;font-size:16px;""><h1 style=""text-align:center;"">2024 Topps Update NOLAN RYAN #89US-42 35th Anniversary California Angels</h1><table style=""width:100%;margin-top:30px;border-spacing:0;""><tr><th align=""left"">Payment</th><td>Payment is due within 4 days. Unpaid items may be canceled and relisted.</td></tr><tr><th align=""left"">Shipping</th><td>Items ship via eBay Standard Envelope. Combined shipping may apply. Usually ships within 1 business day.</td></tr><tr><th align=""left"">Disclaimer</th><td>All cards are sold as-is. Review item condition and images. No refunds or returns. Contact us before leaving negative feedback.</td></tr></table></div>",FixedPrice,GTC,5.49,,1,,ImmediatePayRequired,,United States,,Flat,USPSFirstClass,1,0.0,,,1,,,ReturnsNotAccepted,,,,,,,,,,,,,No,No,,,
Add,BAS-002197-necf8,261328,0,2024 Topps Update COLT KEITH #US73 Aqua Detroit Tigers,,,4000,No,BASEBALL,,,,,,,,MLB,,,No,Excellent,,,,Sports Trading Card,,,,,,,,,,,,,,,,,,,,,"<div style=""background:#FDFEFE;border:1px solid #CBD4C2;color:#353535;padding:40px;line-height:1.6;font-family:Arial,sans-serif;font-size:16px;""><h1 style=""text-align:center;"">2024 Topps Update COLT KEITH #US73 Aqua Detroit Tigers</h1><table style=""width:100%;margin-top:30px;border-spacing:0;""><tr><th align=""left"">Payment</th><td>Payment is due within 4 days. Unpaid items may be canceled and relisted.</td></tr><tr><th align=""left"">Shipping</th><td>Items ship via eBay Standard Envelope. Combined shipping may apply. Usually ships within 1 business day.</td></tr><tr><th align=""left"">Disclaimer</th><td>All cards are sold as-is. Review item condition and images. No refunds or returns. Contact us before leaving negative feedback.</td></tr></table></div>",FixedPrice,GTC,4.49,,1,,ImmediatePayRequired,,United States,,Flat,USPSFirstClass,1,0.0,,,1,,,ReturnsNotAccepted,,,,,,,,,,,,,No,No,,,
Add,BAS-002222-necnj,261328,0,2024 Topps Update KEN GRIFFEY JR. #89US-45 35th Anniversary Seattle Mariners,,,4000,No,BASEBALL,,,,,,,,MLB,,,No,Excellent,,,,Sports Trading Card,,,,,,,,,,,,,,,,,,,,,"<div style=""background:#FDFEFE;border:1px solid #CBD4C2;color:#353535;padding:40px;line-height:1.6;font-family:Arial,sans-serif;font-size:16px;""><h1 style=""text-align:center;"">2024 Topps Update KEN GRIFFEY JR. #89US-45 35th Anniversary Seattle Mariners</h1><table style=""width:100%;margin-top:30px;border-spacing:0;""><tr><th align=""left"">Payment</th><td>Payment is due within 4 days. Unpaid items may be canceled and relisted.</td></tr><tr><th align=""left"">Shipping</th><td>Items ship via eBay Standard Envelope. Combined shipping may apply. Usually ships within 1 business day.</td></tr><tr><th align=""left"">Disclaimer</th><td>All cards are sold as-is. Review item condition and images. No refunds or returns. Contact us before leaving negative feedback.</td></tr></table></div>",FixedPrice,GTC,5.49,,1,,ImmediatePayRequired,,United States,,Flat,USPSFirstClass,1,0.0,,,1,,,ReturnsNotAccepted,,,,,,,,,,,,,No,No,,,
Add,BAS-002198-necf9,261328,0,2024 Topps Update RAFAEL DEVERS #ASG-36 2024 All-Star Game Boston Red Sox,,,4000,No,BASEBALL,,,,,,,,MLB,,,No,Excellent,,,,Sports Trading Card,,,,,,,,,,,,,,,,,,,,,"<div style=""background:#FDFEFE;border:1px solid #CBD4C2;color:#353535;padding:40px;line-height:1.6;font-family:Arial,sans-serif;font-size:16px;""><h1 style=""text-align:center;"">2024 Topps Update RAFAEL DEVERS #ASG-36 2024 All-Star Game Boston Red Sox</h1><table style=""width:100%;margin-top:30px;border-spacing:0;""><tr><th align=""left"">Payment</th><td>Payment is due within 4 days. Unpaid items may be canceled and relisted.</td></tr><tr><th align=""left"">Shipping</th><td>Items ship via eBay Standard Envelope. Combined shipping may apply. Usually ships within 1 business day.</td></tr><tr><th align=""left"">Disclaimer</th><td>All cards are sold as-is. Review item condition and images. No refunds or returns. Contact us before leaving negative feedback.</td></tr></table></div>",FixedPrice,GTC,2.99,,1,,ImmediatePayRequired,,United States,,Flat,USPSFirstClass,1,0.0,,,1,,,ReturnsNotAccepted,,,,,,,,,,,,,No,No,,,
Add,BAS-002224-necnl,261328,0,"2024 Topps Update CHANDLER SEAGLE / Mason McCoy RCOM, RC #US227 San Diego Padres",,,4000,No,BASEBALL,,,,,,,,MLB,,,No,Excellent,,,,Sports Trading Card,,,,,,,,,,,,,,,,,,,,,"<div style=""background:#FDFEFE;border:1px solid #CBD4C2;color:#353535;padding:40px;line-height:1.6;font-family:Arial,sans-serif;font-size:16px;""><h1 style=""text-align:center;"">2024 Topps Update CHANDLER SEAGLE / Mason McCoy RCOM, RC #US227 San Diego Padres</h1><table style=""width:100%;margin-top:30px;border-spacing:0;""><tr><th align=""left"">Payment</th><td>Payment is due within 4 days. Unpaid items may be canceled and relisted.</td></tr><tr><th align=""left"">Shipping</th><td>Items ship via eBay Standard Envelope. Combined shipping may apply. Usually ships within 1 business day.</td></tr><tr><th align=""left"">Disclaimer</th><td>All cards are sold as-is. Review item condition and images. No refunds or returns. Contact us before leaving negative feedback.</td></tr></table></div>",FixedPrice,GTC,3.49,,1,,ImmediatePayRequired,,United States,,Flat,USPSFirstClass,1,0.0,,,1,,,ReturnsNotAccepted,,,,,,,,,,,,,Yes,No,,,
Add,BAS-002223-necnk,261328,0,2024 Bowman CEDDANNE RAFAELA #ROY-5 ROY Favorites Mojo Refractors Red Sox,,,4000,No,BASEBALL,,,,,,,,MLB,,,No,Excellent,,,,Sports Trading Card,,,,,,,,,,,,,,,,,,,,,"<div style=""background:#FDFEFE;border:1px solid #CBD4C2;color:#353535;padding:40px;line-height:1.6;font-family:Arial,sans-serif;font-size:16px;""><h1 style=""text-align:center;"">2024 Bowman CEDDANNE RAFAELA #ROY-5 ROY Favorites Mojo Refractors Red Sox</h1><table style=""width:100%;margin-top:30px;border-spacing:0;""><tr><th align=""left"">Payment</th><td>Payment is due within 4 days. Unpaid items may be canceled and relisted.</td></tr><tr><th align=""left"">Shipping</th><td>Items ship via eBay Standard Envelope. Combined shipping may apply. Usually ships within 1 business day.</td></tr><tr><th align=""left"">Disclaimer</th><td>All cards are sold as-is. Review item condition and images. No refunds or returns. Contact us before leaving negative feedback.</td></tr></table></div>",FixedPrice,GTC,3.49,,1,,ImmediatePayRequired,,United States,,Flat,USPSFirstClass,1,0.0,,,1,,,ReturnsNotAccepted,,,,,,,,,,,,,No,No,,,
Add,BAS-002199-necfa,261328,0,2024 Topps DADDY YANKEE #FP-4 First Pitch Miami Marlins,,,4000,No,BASEBALL,,,,,,,,MLB,,,No,Excellent,,,,Sports Trading Card,,,,,,,,,,,,,,,,,,,,,"<div style=""background:#FDFEFE;border:1px solid #CBD4C2;color:#353535;padding:40px;line-height:1.6;font-family:Arial,sans-serif;font-size:16px;""><h1 style=""text-align:center;"">2024 Topps DADDY YANKEE #FP-4 First Pitch Miami Marlins</h1><table style=""width:100%;margin-top:30px;border-spacing:0;""><tr><th align=""left"">Payment</th><td>Payment is due within 4 days. Unpaid items may be canceled and relisted.</td></tr><tr><th align=""left"">Shipping</th><td>Items ship via eBay Standard Envelope. Combined shipping may apply. Usually ships within 1 business day.</td></tr><tr><th align=""left"">Disclaimer</th><td>All cards are sold as-is. Review item condition and images. No refunds or returns. Contact us before leaving negative feedback.</td></tr></table></div>",FixedPrice,GTC,3.49,,1,,ImmediatePayRequired,,United States,,Flat,USPSFirstClass,1,0.0,,,1,,,ReturnsNotAccepted,,,,,,,,,,,,,No,No,,,
Add,BAS-002201-necfc,261328,0,2024 Topps Update DAVIS SCHNEIDER #CSMLB-71 Stars of MLB Chrome Blue Jays,,,4000,No,BASEBALL,,,,,,,,MLB,,,No,Excellent,,,,Sports Trading Card,,,,,,,,,,,,,,,,,,,,,"<div style=""background:#FDFEFE;border:1px solid #CBD4C2;color:#353535;padding:40px;line-height:1.6;font-family:Arial,sans-serif;font-size:16px;""><h1 style=""text-align:center;"">2024 Topps Update DAVIS SCHNEIDER #CSMLB-71 Stars of MLB Chrome Blue Jays</h1><table style=""width:100%;margin-top:30px;border-spacing:0;""><tr><th align=""left"">Payment</th><td>Payment is due within 4 days. Unpaid items may be canceled and relisted.</td></tr><tr><th align=""left"">Shipping</th><td>Items ship via eBay Standard Envelope. Combined shipping may apply. Usually ships within 1 business day.</td></tr><tr><th align=""left"">Disclaimer</th><td>All cards are sold as-is. Review item condition and images. No refunds or returns. Contact us before leaving negative feedback.</td></tr></table></div>",FixedPrice,GTC,2.99,,1,,ImmediatePayRequired,,United States,,Flat,USPSFirstClass,1,0.0,,,1,,,ReturnsNotAccepted,,,,,,,,,,,,,No,No,,,
Add,BAS-002202-necfd,261328,0,2024 Topps CEDDANNE RAFAELA #CTC-27 City to City Boston Red Sox,,,4000,No,BASEBALL,,,,,,,,MLB,,,No,Excellent,,,,Sports Trading Card,,,,,,,,,,,,,,,,,,,,,"<div style=""background:#FDFEFE;border:1px solid #CBD4C2;color:#353535;padding:40px;line-height:1.6;font-family:Arial,sans-serif;font-size:16px;""><h1 style=""text-align:center;"">2024 Topps CEDDANNE RAFAELA #CTC-27 City to City Boston Red Sox</h1><table style=""width:100%;margin-top:30px;border-spacing:0;""><tr><th align=""left"">Payment</th><td>Payment is due within 4 days. Unpaid items may be canceled and relisted.</td></tr><tr><th align=""left"">Shipping</th><td>Items ship via eBay Standard Envelope. Combined shipping may apply. Usually ships within 1 business day.</td></tr><tr><th align=""left"">Disclaimer</th><td>All cards are sold as-is. Review item condition and images. No refunds or returns. Contact us before leaving negative feedback.</td></tr></table></div>",FixedPrice,GTC,3.49,,1,,ImmediatePayRequired,,United States,,Flat,USPSFirstClass,1,0.0,,,1,,,ReturnsNotAccepted,,,,,,,,,,,,,No,No,,,
Add,BAS-002203-necfe,261328,0,2023 Topps Chrome VINNIE PASQUANTINO #119 Kansas City Royals,,,4000,No,BASEBALL,,,,,,,,MLB,,,No,Excellent,,,,Sports Trading Card,,,,,,,,,,,,,,,,,,,,,"<div style=""background:#FDFEFE;border:1px solid #CBD4C2;color:#353535;padding:40px;line-height:1.6;font-family:Arial,sans-serif;font-size:16px;""><h1 style=""text-align:center;"">2023 Topps Chrome VINNIE PASQUANTINO #119 Kansas City Royals</h1><table style=""width:100%;margin-top:30px;border-spacing:0;""><tr><th align=""left"">Payment</th><td>Payment is due within 4 days. Unpaid items may be canceled and relisted.</td></tr><tr><th align=""left"">Shipping</th><td>Items ship via eBay Standard Envelope. Combined shipping may apply. Usually ships within 1 business day.</td></tr><tr><th align=""left"">Disclaimer</th><td>All cards are sold as-is. Review item condition and images. No refunds or returns. Contact us before leaving negative feedback.</td></tr></table></div>",FixedPrice,GTC,3.49,,1,,ImmediatePayRequired,,United States,,Flat,USPSFirstClass,1,0.0,,,1,,,ReturnsNotAccepted,,,,,,,,,,,,,No,No,,,
Add,BAS-002205-necfg,261328,0,2024 Topps Chrome COSMIC LAWRENCE BUTLER #22 Refractors Oakland Athletics,,,4000,No,BASEBALL,,,,,,,,MLB,,,No,Excellent,,,,Sports Trading Card,,,,,,,,,,,,,,,,,,,,,"<div style=""background:#FDFEFE;border:1px solid #CBD4C2;color:#353535;padding:40px;line-height:1.6;font-family:Arial,sans-serif;font-size:16px;""><h1 style=""text-align:center;"">2024 Topps Chrome COSMIC LAWRENCE BUTLER #22 Refractors Oakland Athletics</h1><table style=""width:100%;margin-top:30px;border-spacing:0;""><tr><th align=""left"">Payment</th><td>Payment is due within 4 days. Unpaid items may be canceled and relisted.</td></tr><tr><th align=""left"">Shipping</th><td>Items ship via eBay Standard Envelope. Combined shipping may apply. Usually ships within 1 business day.</td></tr><tr><th align=""left"">Disclaimer</th><td>All cards are sold as-is. Review item condition and images. No refunds or returns. Contact us before leaving negative feedback.</td></tr></table></div>",FixedPrice,GTC,6.79,,1,,ImmediatePayRequired,,United States,,Flat,USPSFirstClass,1,0.0,,,1,,,ReturnsNotAccepted,,,,,,,,,,,,,No,No,,,
Add,BAS-002207-necfi,261328,0,2024 Topps SHOTA IMANAGA #442 Chicago Cubs,,,4000,No,BASEBALL,,,,,,,,MLB,,,No,Excellent,,,,Sports Trading Card,,,,,,,,,,,,,,,,,,,,,"<div style=""background:#FDFEFE;border:1px solid #CBD4C2;color:#353535;padding:40px;line-height:1.6;font-family:Arial,sans-serif;font-size:16px;""><h1 style=""text-align:center;"">2024 Topps SHOTA IMANAGA #442 Chicago Cubs</h1><table style=""width:100%;margin-top:30px;border-spacing:0;""><tr><th align=""left"">Payment</th><td>Payment is due within 4 days. Unpaid items may be canceled and relisted.</td></tr><tr><th align=""left"">Shipping</th><td>Items ship via eBay Standard Envelope. Combined shipping may apply. Usually ships within 1 business day.</td></tr><tr><th align=""left"">Disclaimer</th><td>All cards are sold as-is. Review item condition and images. No refunds or returns. Contact us before leaving negative feedback.</td></tr></table></div>",FixedPrice,GTC,3.49,,1,,ImmediatePayRequired,,United States,,Flat,USPSFirstClass,1,0.0,,,1,,,ReturnsNotAccepted,,,,,,,,,,,,,No,No,,,
Add,BAS-002206-necfh,261328,0,2024 Topps Chrome Logofractor Edition LUIS CASTILLO #129 Seattle Mariners,,,4000,No,BASEBALL,,,,,,,,MLB,,,No,Excellent,,,,Sports Trading Card,,,,,,,,,,,,,,,,,,,,,"<div style=""background:#FDFEFE;border:1px solid #CBD4C2;color:#353535;padding:40px;line-height:1.6;font-family:Arial,sans-serif;font-size:16px;""><h1 style=""text-align:center;"">2024 Topps Chrome Logofractor Edition LUIS CASTILLO #129 Seattle Mariners</h1><table style=""width:100%;margin-top:30px;border-spacing:0;""><tr><th align=""left"">Payment</th><td>Payment is due within 4 days. Unpaid items may be canceled and relisted.</td></tr><tr><th align=""left"">Shipping</th><td>Items ship via eBay Standard Envelope. Combined shipping may apply. Usually ships within 1 business day.</td></tr><tr><th align=""left"">Disclaimer</th><td>All cards are sold as-is. Review item condition and images. No refunds or returns. Contact us before leaving negative feedback.</td></tr></table></div>",FixedPrice,GTC,3.49,,1,,ImmediatePayRequired,,United States,,Flat,USPSFirstClass,1,0.0,,,1,,,ReturnsNotAccepted,,,,,,,,,,,,,No,No,,,
Add,BAS-002209-necfk,261328,0,2021 Topps Update SATCHEL PAIGE #PDC-63 Topps Platinum Players Die Cuts Browns,,,4000,No,BASEBALL,,,,,,,,MLB,,,No,Excellent,,,,Sports Trading Card,,,,,,,,,,,,,,,,,,,,,"<div style=""background:#FDFEFE;border:1px solid #CBD4C2;color:#353535;padding:40px;line-height:1.6;font-family:Arial,sans-serif;font-size:16px;""><h1 style=""text-align:center;"">2021 Topps Update SATCHEL PAIGE #PDC-63 Topps Platinum Players Die Cuts Browns</h1><table style=""width:100%;margin-top:30px;border-spacing:0;""><tr><th align=""left"">Payment</th><td>Payment is due within 4 days. Unpaid items may be canceled and relisted.</td></tr><tr><th align=""left"">Shipping</th><td>Items ship via eBay Standard Envelope. Combined shipping may apply. Usually ships within 1 business day.</td></tr><tr><th align=""left"">Disclaimer</th><td>All cards are sold as-is. Review item condition and images. No refunds or returns. Contact us before leaving negative feedback.</td></tr></table></div>",FixedPrice,GTC,3.49,,1,,ImmediatePayRequired,,United States,,Flat,USPSFirstClass,1,0.0,,,1,,,ReturnsNotAccepted,,,,,,,,,,,,,No,No,,,
Add,BAS-002211-necfm,261328,0,2025 Topps NL LEADERS AVG (ARRAEZ/OHTANI/OZUNA) LL #347 Rainbow Foil,,,4000,No,BASEBALL,,,,,,,,MLB,,,No,Excellent,,,,Sports Trading Card,,,,,,,,,,,,,,,,,,,,,"<div style=""background:#FDFEFE;border:1px solid #CBD4C2;color:#353535;padding:40px;line-height:1.6;font-family:Arial,sans-serif;font-size:16px;""><h1 style=""text-align:center;"">2025 Topps NL LEADERS AVG (ARRAEZ/OHTANI/OZUNA) LL #347 Rainbow Foil</h1><table style=""width:100%;margin-top:30px;border-spacing:0;""><tr><th align=""left"">Payment</th><td>Payment is due within 4 days. Unpaid items may be canceled and relisted.</td></tr><tr><th align=""left"">Shipping</th><td>Items ship via eBay Standard Envelope. Combined shipping may apply. Usually ships within 1 business day.</td></tr><tr><th align=""left"">Disclaimer</th><td>All cards are sold as-is. Review item condition and images. No refunds or returns. Contact us before leaving negative feedback.</td></tr></table></div>",FixedPrice,GTC,3.99,,1,,ImmediatePayRequired,,United States,,Flat,USPSFirstClass,1,0.0,,,1,,,ReturnsNotAccepted,,,,,,,,,,,,,No,No,,,
Add,BAS-002067-mygpn,261328,0,2024 Stadium Club VLADIMIR GUERRERO JR. #290 Chrome Green Refractors Blue Jays,,,4000,No,BASEBALL,,,,,,,,MLB,,,No,Excellent,,,,Sports Trading Card,,,,,,,,,,,,,,,,,,,,,"<div style=""background:#FDFEFE;border:1px solid #CBD4C2;color:#353535;padding:40px;line-height:1.6;font-family:Arial,sans-serif;font-size:16px;""><h1 style=""text-align:center;"">2024 Stadium Club VLADIMIR GUERRERO JR. #290 Chrome Green Refractors Blue Jays</h1><table style=""width:100%;margin-top:30px;border-spacing:0;""><tr><th align=""left"">Payment</th><td>Payment is due within 4 days. Unpaid items may be canceled and relisted.</td></tr><tr><th align=""left"">Shipping</th><td>Items ship via eBay Standard Envelope. Combined shipping may apply. Usually ships within 1 business day.</td></tr><tr><th align=""left"">Disclaimer</th><td>All cards are sold as-is. Review item condition and images. No refunds or returns. Contact us before leaving negative feedback.</td></tr></table></div>",FixedPrice,GTC,17.09,,1,,ImmediatePayRequired,,United States,,Flat,USPSFirstClass,1,0.0,,,1,,,ReturnsNotAccepted,,,,,,,,,,,,,No,No,,,
Add,BAS-002227-ng97a,261328,0,2025 Topps AARON JUDGE #SMLB-2 Stars of MLB New York Yankees,,,4000,No,BASEBALL,,,,,,,,MLB,,,No,Excellent,,,,Sports Trading Card,,,,,,,,,,,,,,,,,,,,,"<div style=""background:#FDFEFE;border:1px solid #CBD4C2;color:#353535;padding:40px;line-height:1.6;font-family:Arial,sans-serif;font-size:16px;""><h1 style=""text-align:center;"">2025 Topps AARON JUDGE #SMLB-2 Stars of MLB New York Yankees</h1><table style=""width:100%;margin-top:30px;border-spacing:0;""><tr><th align=""left"">Payment</th><td>Payment is due within 4 days. Unpaid items may be canceled and relisted.</td></tr><tr><th align=""left"">Shipping</th><td>Items ship via eBay Standard Envelope. Combined shipping may apply. Usually ships within 1 business day.</td></tr><tr><th align=""left"">Disclaimer</th><td>All cards are sold as-is. Review item condition and images. No refunds or returns. Contact us before leaving negative feedback.</td></tr></table></div>",FixedPrice,GTC,2.49,,1,,ImmediatePayRequired,,United States,,Flat,USPSFirstClass,1,0.0,,,1,,,ReturnsNotAccepted,,,,,,,,,,,,,No,No,,,
Add,BAS-002228-ng97b,261328,0,2025 Topps Heritage WYATT LANGFORD #29 Texas Rangers,,,4000,No,BASEBALL,,,,,,,,MLB,,,No,Excellent,,,,Sports Trading Card,,,,,,,,,,,,,,,,,,,,,"<div style=""background:#FDFEFE;border:1px solid #CBD4C2;color:#353535;padding:40px;line-height:1.6;font-family:Arial,sans-serif;font-size:16px;""><h1 style=""text-align:center;"">2025 Topps Heritage WYATT LANGFORD #29 Texas Rangers</h1><table style=""width:100%;margin-top:30px;border-spacing:0;""><tr><th align=""left"">Payment</th><td>Payment is due within 4 days. Unpaid items may be canceled and relisted.</td></tr><tr><th align=""left"">Shipping</th><td>Items ship via eBay Standard Envelope. Combined shipping may apply. Usually ships within 1 business day.</td></tr><tr><th align=""left"">Disclaimer</th><td>All cards are sold as-is. Review item condition and images. No refunds or returns. Contact us before leaving negative feedback.</td></tr></table></div>",FixedPrice,GTC,6.0,,1,,ImmediatePayRequired,,United States,,Flat,USPSFirstClass,1,0.0,,,1,,,ReturnsNotAccepted,,,,,,,,,,,,,No,No,,,
Add,BAS-002230-ng97d,261328,0,2024 Bowman WYATT LANGFORD #BCP-64 Chrome Prospects Mojo Refractors Rangers,,,4000,No,BASEBALL,,,,,,,,MLB,,,No,Excellent,,,,Sports Trading Card,,,,,,,,,,,,,,,,,,,,,"<div style=""background:#FDFEFE;border:1px solid #CBD4C2;color:#353535;padding:40px;line-height:1.6;font-family:Arial,sans-serif;font-size:16px;""><h1 style=""text-align:center;"">2024 Bowman WYATT LANGFORD #BCP-64 Chrome Prospects Mojo Refractors Rangers</h1><table style=""width:100%;margin-top:30px;border-spacing:0;""><tr><th align=""left"">Payment</th><td>Payment is due within 4 days. Unpaid items may be canceled and relisted.</td></tr><tr><th align=""left"">Shipping</th><td>Items ship via eBay Standard Envelope. Combined shipping may apply. Usually ships within 1 business day.</td></tr><tr><th align=""left"">Disclaimer</th><td>All cards are sold as-is. Review item condition and images. No refunds or returns. Contact us before leaving negative feedback.</td></tr></table></div>",FixedPrice,GTC,3.99,,1,,ImmediatePayRequired,,United States,,Flat,USPSFirstClass,1,0.0,,,1,,,ReturnsNotAccepted,,,,,,,,,,,,,No,No,,,
Add,BAS-002231-ng97e,261328,0,2025 Topps Chrome WYATT LANGFORD #68 Prism Refractors Texas Rangers,,,4000,No,BASEBALL,,,,,,,,MLB,,,No,Excellent,,,,Sports Trading Card,,,,,,,,,,,,,,,,,,,,,"<div style=""background:#FDFEFE;border:1px solid #CBD4C2;color:#353535;padding:40px;line-height:1.6;font-family:Arial,sans-serif;font-size:16px;""><h1 style=""text-align:center;"">2025 Topps Chrome WYATT LANGFORD #68 Prism Refractors Texas Rangers</h1><table style=""width:100%;margin-top:30px;border-spacing:0;""><tr><th align=""left"">Payment</th><td>Payment is due within 4 days. Unpaid items may be canceled and relisted.</td></tr><tr><th align=""left"">Shipping</th><td>Items ship via eBay Standard Envelope. Combined shipping may apply. Usually ships within 1 business day.</td></tr><tr><th align=""left"">Disclaimer</th><td>All cards are sold as-is. Review item condition and images. No refunds or returns. Contact us before leaving negative feedback.</td></tr></table></div>",FixedPrice,GTC,2.49,,1,,ImmediatePayRequired,,United States,,Flat,USPSFirstClass,1,0.0,,,1,,,ReturnsNotAccepted,,,,,,,,,,,,,No,No,,,
Add,BAS-002232-ng97f,261328,0,2025 Topps National League LEADERS RBI (OHTANI/ADAMES/ MACHADO),,,4000,No,BASEBALL,,,,,,,,MLB,,,No,Excellent,,,,Sports Trading Card,,,,,,,,,,,,,,,,,,,,,"<div style=""background:#FDFEFE;border:1px solid #CBD4C2;color:#353535;padding:40px;line-height:1.6;font-family:Arial,sans-serif;font-size:16px;""><h1 style=""text-align:center;"">2025 Topps National League LEADERS RBI (OHTANI/ADAMES/ MACHADO)</h1><table style=""width:100%;margin-top:30px;border-spacing:0;""><tr><th align=""left"">Payment</th><td>Payment is due within 4 days. Unpaid items may be canceled and relisted.</td></tr><tr><th align=""left"">Shipping</th><td>Items ship via eBay Standard Envelope. Combined shipping may apply. Usually ships within 1 business day.</td></tr><tr><th align=""left"">Disclaimer</th><td>All cards are sold as-is. Review item condition and images. No refunds or returns. Contact us before leaving negative feedback.</td></tr></table></div>",FixedPrice,GTC,1.25,,1,,ImmediatePayRequired,,United States,,Flat,USPSFirstClass,1,0.0,,,1,,,ReturnsNotAccepted,,,,,,,,,,,,,No,No,,,
Add,BAS-002233-ng97g,261328,0,2024 Topps Chrome Update ANDREW ABBOTT #USC34 Negative Refractors Reds,,,4000,No,BASEBALL,,,,,,,,MLB,,,No,Excellent,,,,Sports Trading Card,,,,,,,,,,,,,,,,,,,,,"<div style=""background:#FDFEFE;border:1px solid #CBD4C2;color:#353535;padding:40px;line-height:1.6;font-family:Arial,sans-serif;font-size:16px;""><h1 style=""text-align:center;"">2024 Topps Chrome Update ANDREW ABBOTT #USC34 Negative Refractors Reds</h1><table style=""width:100%;margin-top:30px;border-spacing:0;""><tr><th align=""left"">Payment</th><td>Payment is due within 4 days. Unpaid items may be canceled and relisted.</td></tr><tr><th align=""left"">Shipping</th><td>Items ship via eBay Standard Envelope. Combined shipping may apply. Usually ships within 1 business day.</td></tr><tr><th align=""left"">Disclaimer</th><td>All cards are sold as-is. Review item condition and images. No refunds or returns. Contact us before leaving negative feedback.</td></tr></table></div>",FixedPrice,GTC,3.99,,1,,ImmediatePayRequired,,United States,,Flat,USPSFirstClass,1,0.0,,,1,,,ReturnsNotAccepted,,,,,,,,,,,,,No,No,,,
Add,BAS-002236-ng97j,261328,0,2024 Bowman Chrome JUNIOR CAMINERO #56 Tampa Bay Rays,,,4000,No,BASEBALL,,,,,,,,MLB,,,No,Excellent,,,,Sports Trading Card,,,,,,,,,,,,,,,,,,,,,"<div style=""background:#FDFEFE;border:1px solid #CBD4C2;color:#353535;padding:40px;line-height:1.6;font-family:Arial,sans-serif;font-size:16px;""><h1 style=""text-align:center;"">2024 Bowman Chrome JUNIOR CAMINERO #56 Tampa Bay Rays</h1><table style=""width:100%;margin-top:30px;border-spacing:0;""><tr><th align=""left"">Payment</th><td>Payment is due within 4 days. Unpaid items may be canceled and relisted.</td></tr><tr><th align=""left"">Shipping</th><td>Items ship via eBay Standard Envelope. Combined shipping may apply. Usually ships within 1 business day.</td></tr><tr><th align=""left"">Disclaimer</th><td>All cards are sold as-is. Review item condition and images. No refunds or returns. Contact us before leaving negative feedback.</td></tr></table></div>",FixedPrice,GTC,3.49,,1,,ImmediatePayRequired,,United States,,Flat,USPSFirstClass,1,0.0,,,1,,,ReturnsNotAccepted,,,,,,,,,,,,,No,No,,,
Add,BAS-002238-ng97l,261328,0,2024 Topps Heritage JUNIOR CAMINERO #267 Tampa Bay Rays,,,4000,No,BASEBALL,,,,,,,,MLB,,,No,Excellent,,,,Sports Trading Card,,,,,,,,,,,,,,,,,,,,,"<div style=""background:#FDFEFE;border:1px solid #CBD4C2;color:#353535;padding:40px;line-height:1.6;font-family:Arial,sans-serif;font-size:16px;""><h1 style=""text-align:center;"">2024 Topps Heritage JUNIOR CAMINERO #267 Tampa Bay Rays</h1><table style=""width:100%;margin-top:30px;border-spacing:0;""><tr><th align=""left"">Payment</th><td>Payment is due within 4 days. Unpaid items may be canceled and relisted.</td></tr><tr><th align=""left"">Shipping</th><td>Items ship via eBay Standard Envelope. Combined shipping may apply. Usually ships within 1 business day.</td></tr><tr><th align=""left"">Disclaimer</th><td>All cards are sold as-is. Review item condition and images. No refunds or returns. Contact us before leaving negative feedback.</td></tr></table></div>",FixedPrice,GTC,2.49,,1,,ImmediatePayRequired,,United States,,Flat,USPSFirstClass,1,0.0,,,1,,,ReturnsNotAccepted,,,,,,,,,,,,,No,No,,,
Add,BAS-002240-ng97n,261328,0,2024 Topps Update WYATT LANGFORD #US151 Rainbow Foil Texas Rangers,,,4000,No,BASEBALL,,,,,,,,MLB,,,No,Excellent,,,,Sports Trading Card,,,,,,,,,,,,,,,,,,,,,"<div style=""background:#FDFEFE;border:1px solid #CBD4C2;color:#353535;padding:40px;line-height:1.6;font-family:Arial,sans-serif;font-size:16px;""><h1 style=""text-align:center;"">2024 Topps Update WYATT LANGFORD #US151 Rainbow Foil Texas Rangers</h1><table style=""width:100%;margin-top:30px;border-spacing:0;""><tr><th align=""left"">Payment</th><td>Payment is due within 4 days. Unpaid items may be canceled and relisted.</td></tr><tr><th align=""left"">Shipping</th><td>Items ship via eBay Standard Envelope. Combined shipping may apply. Usually ships within 1 business day.</td></tr><tr><th align=""left"">Disclaimer</th><td>All cards are sold as-is. Review item condition and images. No refunds or returns. Contact us before leaving negative feedback.</td></tr></table></div>",FixedPrice,GTC,3.99,,1,,ImmediatePayRequired,,United States,,Flat,USPSFirstClass,1,0.0,,,1,,,ReturnsNotAccepted,,,,,,,,,,,,,No,No,,,
Add,BAS-002244-ng97u,261328,0,2024 Bowman Draft JOSWA LUGO #BDC-93 Chrome Refractor Los Angeles Angels,,,4000,No,BASEBALL,,,,,,,,MLB,,,No,Excellent,,,,Sports Trading Card,,,,,,,,,,,,,,,,,,,,,"<div style=""background:#FDFEFE;border:1px solid #CBD4C2;color:#353535;padding:40px;line-height:1.6;font-family:Arial,sans-serif;font-size:16px;""><h1 style=""text-align:center;"">2024 Bowman Draft JOSWA LUGO #BDC-93 Chrome Refractor Los Angeles Angels</h1><table style=""width:100%;margin-top:30px;border-spacing:0;""><tr><th align=""left"">Payment</th><td>Payment is due within 4 days. Unpaid items may be canceled and relisted.</td></tr><tr><th align=""left"">Shipping</th><td>Items ship via eBay Standard Envelope. Combined shipping may apply. Usually ships within 1 business day.</td></tr><tr><th align=""left"">Disclaimer</th><td>All cards are sold as-is. Review item condition and images. No refunds or returns. Contact us before leaving negative feedback.</td></tr></table></div>",FixedPrice,GTC,4.49,,1,,ImmediatePayRequired,,United States,,Flat,USPSFirstClass,1,0.0,,,1,,,ReturnsNotAccepted,,,,,,,,,,,,,No,No,,,
Add,BAS-002245-ng97x,261328,0,2025 Bowman ESTEBAN GONZALEZ #BCP-70 Reptilian Refractor Guardians,,,4000,No,BASEBALL,,,,,,,,MLB,,,No,Excellent,,,,Sports Trading Card,,,,,,,,,,,,,,,,,,,,,"<div style=""background:#FDFEFE;border:1px solid #CBD4C2;color:#353535;padding:40px;line-height:1.6;font-family:Arial,sans-serif;font-size:16px;""><h1 style=""text-align:center;"">2025 Bowman ESTEBAN GONZALEZ #BCP-70 Reptilian Refractor Guardians</h1><table style=""width:100%;margin-top:30px;border-spacing:0;""><tr><th align=""left"">Payment</th><td>Payment is due within 4 days. Unpaid items may be canceled and relisted.</td></tr><tr><th align=""left"">Shipping</th><td>Items ship via eBay Standard Envelope. Combined shipping may apply. Usually ships within 1 business day.</td></tr><tr><th align=""left"">Disclaimer</th><td>All cards are sold as-is. Review item condition and images. No refunds or returns. Contact us before leaving negative feedback.</td></tr></table></div>",FixedPrice,GTC,2.49,,1,,ImmediatePayRequired,,United States,,Flat,USPSFirstClass,1,0.0,,,1,,,ReturnsNotAccepted,,,,,,,,,,,,,No,No,,,
Add,BAS-002248-ng986,261328,0,2024 Bowman Draft TYTUS CISSELL #BDC-157 Chrome Sky Blue Refractor Dbacks,,,4000,No,BASEBALL,,,,,,,,MLB,,,No,Excellent,,,,Sports Trading Card,,,,,,,,,,,,,,,,,,,,,"<div style=""background:#FDFEFE;border:1px solid #CBD4C2;color:#353535;padding:40px;line-height:1.6;font-family:Arial,sans-serif;font-size:16px;""><h1 style=""text-align:center;"">2024 Bowman Draft TYTUS CISSELL #BDC-157 Chrome Sky Blue Refractor Dbacks</h1><table style=""width:100%;margin-top:30px;border-spacing:0;""><tr><th align=""left"">Payment</th><td>Payment is due within 4 days. Unpaid items may be canceled and relisted.</td></tr><tr><th align=""left"">Shipping</th><td>Items ship via eBay Standard Envelope. Combined shipping may apply. Usually ships within 1 business day.</td></tr><tr><th align=""left"">Disclaimer</th><td>All cards are sold as-is. Review item condition and images. No refunds or returns. Contact us before leaving negative feedback.</td></tr></table></div>",FixedPrice,GTC,3.49,,1,,ImmediatePayRequired,,United States,,Flat,USPSFirstClass,1,0.0,,,1,,,ReturnsNotAccepted,,,,,,,,,,,,,No,No,,,
Add,BAS-002249-ng987,261328,0,2024 Topps Heritage JORDAN LAWLAR #429 White Border Arizona Diamondbacks,,,4000,No,BASEBALL,,,,,,,,MLB,,,No,Excellent,,,,Sports Trading Card,,,,,,,,,,,,,,,,,,,,,"<div style=""background:#FDFEFE;border:1px solid #CBD4C2;color:#353535;padding:40px;line-height:1.6;font-family:Arial,sans-serif;font-size:16px;""><h1 style=""text-align:center;"">2024 Topps Heritage JORDAN LAWLAR #429 White Border Arizona Diamondbacks</h1><table style=""width:100%;margin-top:30px;border-spacing:0;""><tr><th align=""left"">Payment</th><td>Payment is due within 4 days. Unpaid items may be canceled and relisted.</td></tr><tr><th align=""left"">Shipping</th><td>Items ship via eBay Standard Envelope. Combined shipping may apply. Usually ships within 1 business day.</td></tr><tr><th align=""left"">Disclaimer</th><td>All cards are sold as-is. Review item condition and images. No refunds or returns. Contact us before leaving negative feedback.</td></tr></table></div>",FixedPrice,GTC,4.49,,1,,ImmediatePayRequired,,United States,,Flat,USPSFirstClass,1,0.0,,,1,,,ReturnsNotAccepted,,,,,,,,,,,,,No,No,,,
Add,BAS-002251-ng989,261328,0,2024 Topps Chrome JASSON DOMÍNGUEZ #89 Sepia Refractors New York Yankees,,,4000,No,BASEBALL,,,,,,,,MLB,,,No,Excellent,,,,Sports Trading Card,,,,,,,,,,,,,,,,,,,,,"<div style=""background:#FDFEFE;border:1px solid #CBD4C2;color:#353535;padding:40px;line-height:1.6;font-family:Arial,sans-serif;font-size:16px;""><h1 style=""text-align:center;"">2024 Topps Chrome JASSON DOMÍNGUEZ #89 Sepia Refractors New York Yankees</h1><table style=""width:100%;margin-top:30px;border-spacing:0;""><tr><th align=""left"">Payment</th><td>Payment is due within 4 days. Unpaid items may be canceled and relisted.</td></tr><tr><th align=""left"">Shipping</th><td>Items ship via eBay Standard Envelope. Combined shipping may apply. Usually ships within 1 business day.</td></tr><tr><th align=""left"">Disclaimer</th><td>All cards are sold as-is. Review item condition and images. No refunds or returns. Contact us before leaving negative feedback.</td></tr></table></div>",FixedPrice,GTC,5.39,,1,,ImmediatePayRequired,,United States,,Flat,USPSFirstClass,1,0.0,,,1,,,ReturnsNotAccepted,,,,,,,,,,,,,No,No,,,
Add,BAS-002256-ng98e,261328,0,2024 Topps Now TARIK SKUBAL #773 Detroit Tigers,,,4000,No,BASEBALL,,,,,,,,MLB,,,No,Excellent,,,,Sports Trading Card,,,,,,,,,,,,,,,,,,,,,"<div style=""background:#FDFEFE;border:1px solid #CBD4C2;color:#353535;padding:40px;line-height:1.6;font-family:Arial,sans-serif;font-size:16px;""><h1 style=""text-align:center;"">2024 Topps Now TARIK SKUBAL #773 Detroit Tigers</h1><table style=""width:100%;margin-top:30px;border-spacing:0;""><tr><th align=""left"">Payment</th><td>Payment is due within 4 days. Unpaid items may be canceled and relisted.</td></tr><tr><th align=""left"">Shipping</th><td>Items ship via eBay Standard Envelope. Combined shipping may apply. Usually ships within 1 business day.</td></tr><tr><th align=""left"">Disclaimer</th><td>All cards are sold as-is. Review item condition and images. No refunds or returns. Contact us before leaving negative feedback.</td></tr></table></div>",FixedPrice,GTC,5.79,,1,,ImmediatePayRequired,,United States,,Flat,USPSFirstClass,1,0.0,,,1,,,ReturnsNotAccepted,,,,,,,,,,,,,No,No,,,
Add,BAS-002255-ng98d,261328,0,2024 Stadium Club ANTHONY VENEZIANO #SCBA-AV Autographs Kansas City Royals Auto,,,4000,No,BASEBALL,,,,,,,,MLB,,,No,Excellent,,,,Sports Trading Card,,,,,,,,,,,,,,,,,,,,,"<div style=""background:#FDFEFE;border:1px solid #CBD4C2;color:#353535;padding:40px;line-height:1.6;font-family:Arial,sans-serif;font-size:16px;""><h1 style=""text-align:center;"">2024 Stadium Club ANTHONY VENEZIANO #SCBA-AV Autographs Kansas City Royals Auto</h1><table style=""width:100%;margin-top:30px;border-spacing:0;""><tr><th align=""left"">Payment</th><td>Payment is due within 4 days. Unpaid items may be canceled and relisted.</td></tr><tr><th align=""left"">Shipping</th><td>Items ship via eBay Standard Envelope. Combined shipping may apply. Usually ships within 1 business day.</td></tr><tr><th align=""left"">Disclaimer</th><td>All cards are sold as-is. Review item condition and images. No refunds or returns. Contact us before leaving negative feedback.</td></tr></table></div>",FixedPrice,GTC,3.99,,1,,ImmediatePayRequired,,United States,,Flat,USPSFirstClass,1,0.0,,,1,,,ReturnsNotAccepted,,,,,,,,,,,,,No,No,,,
Add,BAS-002258-ng98g,261328,0,2024 Topps Now LUIS ARRAEZ #775 San Diego Padres,,,4000,No,BASEBALL,,,,,,,,MLB,,,No,Excellent,,,,Sports Trading Card,,,,,,,,,,,,,,,,,,,,,"<div style=""background:#FDFEFE;border:1px solid #CBD4C2;color:#353535;padding:40px;line-height:1.6;font-family:Arial,sans-serif;font-size:16px;""><h1 style=""text-align:center;"">2024 Topps Now LUIS ARRAEZ #775 San Diego Padres</h1><table style=""width:100%;margin-top:30px;border-spacing:0;""><tr><th align=""left"">Payment</th><td>Payment is due within 4 days. Unpaid items may be canceled and relisted.</td></tr><tr><th align=""left"">Shipping</th><td>Items ship via eBay Standard Envelope. Combined shipping may apply. Usually ships within 1 business day.</td></tr><tr><th align=""left"">Disclaimer</th><td>All cards are sold as-is. Review item condition and images. No refunds or returns. Contact us before leaving negative feedback.</td></tr></table></div>",FixedPrice,GTC,18.0,,1,,ImmediatePayRequired,,United States,,Flat,USPSFirstClass,1,0.0,,,1,,,ReturnsNotAccepted,,,,,,,,,,,,,No,No,,,
Add,BAS-002259-ng98h,261328,0,1987 Fleer Update GREG MADDUX #U-68 Chicago Cubs,,,4000,No,BASEBALL,,,,,,,,MLB,,,No,Excellent,,,,Sports Trading Card,,,,,,,,,,,,,,,,,,,,,"<div style=""background:#FDFEFE;border:1px solid #CBD4C2;color:#353535;padding:40px;line-height:1.6;font-family:Arial,sans-serif;font-size:16px;""><h1 style=""text-align:center;"">1987 Fleer Update GREG MADDUX #U-68 Chicago Cubs</h1><table style=""width:100%;margin-top:30px;border-spacing:0;""><tr><th align=""left"">Payment</th><td>Payment is due within 4 days. Unpaid items may be canceled and relisted.</td></tr><tr><th align=""left"">Shipping</th><td>Items ship via eBay Standard Envelope. Combined shipping may apply. Usually ships within 1 business day.</td></tr><tr><th align=""left"">Disclaimer</th><td>All cards are sold as-is. Review item condition and images. No refunds or returns. Contact us before leaving negative feedback.</td></tr></table></div>",FixedPrice,GTC,4.99,,1,,ImmediatePayRequired,,United States,,Flat,USPSFirstClass,1,0.0,,,1,,,ReturnsNotAccepted,,,,,,,,,,,,,No,No,,,
Add,BAS-002260-ng98i,261328,0,2024 Topps ARCHIVES RYNE SANDBERG #41 Chicago Cubs,,,4000,No,BASEBALL,,,,,,,,MLB,,,No,Excellent,,,,Sports Trading Card,,,,,,,,,,,,,,,,,,,,,"<div style=""background:#FDFEFE;border:1px solid #CBD4C2;color:#353535;padding:40px;line-height:1.6;font-family:Arial,sans-serif;font-size:16px;""><h1 style=""text-align:center;"">2024 Topps ARCHIVES RYNE SANDBERG #41 Chicago Cubs</h1><table style=""width:100%;margin-top:30px;border-spacing:0;""><tr><th align=""left"">Payment</th><td>Payment is due within 4 days. Unpaid items may be canceled and relisted.</td></tr><tr><th align=""left"">Shipping</th><td>Items ship via eBay Standard Envelope. Combined shipping may apply. Usually ships within 1 business day.</td></tr><tr><th align=""left"">Disclaimer</th><td>All cards are sold as-is. Review item condition and images. No refunds or returns. Contact us before leaving negative feedback.</td></tr></table></div>",FixedPrice,GTC,3.99,,1,,ImmediatePayRequired,,United States,,Flat,USPSFirstClass,1,0.0,,,1,,,ReturnsNotAccepted,,,,,,,,,,,,,No,No,,,
Add,BAS-002264-ng98m,261328,0,2022 Panini Prizm VLADIMIR GUERRERO JR. #IL-7 Illumination Green Prizm Blue Jays,,,4000,No,BASEBALL,,,,,,,,MLB,,,No,Excellent,,,,Sports Trading Card,,,,,,,,,,,,,,,,,,,,,"<div style=""background:#FDFEFE;border:1px solid #CBD4C2;color:#353535;padding:40px;line-height:1.6;font-family:Arial,sans-serif;font-size:16px;""><h1 style=""text-align:center;"">2022 Panini Prizm VLADIMIR GUERRERO JR. #IL-7 Illumination Green Prizm Blue Jays</h1><table style=""width:100%;margin-top:30px;border-spacing:0;""><tr><th align=""left"">Payment</th><td>Payment is due within 4 days. Unpaid items may be canceled and relisted.</td></tr><tr><th align=""left"">Shipping</th><td>Items ship via eBay Standard Envelope. Combined shipping may apply. Usually ships within 1 business day.</td></tr><tr><th align=""left"">Disclaimer</th><td>All cards are sold as-is. Review item condition and images. No refunds or returns. Contact us before leaving negative feedback.</td></tr></table></div>",FixedPrice,GTC,4.49,,1,,ImmediatePayRequired,,United States,,Flat,USPSFirstClass,1,0.0,,,1,,,ReturnsNotAccepted,,,,,,,,,,,,,No,No,,,
Add,BAS-002266-ng98o,261328,0,2024 Bowman Draft JARED SERNA #BDC-161 Chrome Fuchsia Lunar Marlins /199,,,4000,No,BASEBALL,,,,,,,,MLB,,,No,Excellent,,,,Sports Trading Card,,,,,,,,,,,,,,,,,,,,,"<div style=""background:#FDFEFE;border:1px solid #CBD4C2;color:#353535;padding:40px;line-height:1.6;font-family:Arial,sans-serif;font-size:16px;""><h1 style=""text-align:center;"">2024 Bowman Draft JARED SERNA #BDC-161 Chrome Fuchsia Lunar Marlins /199</h1><table style=""width:100%;margin-top:30px;border-spacing:0;""><tr><th align=""left"">Payment</th><td>Payment is due within 4 days. Unpaid items may be canceled and relisted.</td></tr><tr><th align=""left"">Shipping</th><td>Items ship via eBay Standard Envelope. Combined shipping may apply. Usually ships within 1 business day.</td></tr><tr><th align=""left"">Disclaimer</th><td>All cards are sold as-is. Review item condition and images. No refunds or returns. Contact us before leaving negative feedback.</td></tr></table></div>",FixedPrice,GTC,4.49,,1,,ImmediatePayRequired,,United States,,Flat,USPSFirstClass,1,0.0,,,1,,,ReturnsNotAccepted,,,,,,,,,,,,,No,No,,,
Add,BAS-002267-ng98p,261328,0,2022 Topps Chrome CORBIN BURNES #167 Aqua Wave Refractor Milwaukee Brewers #/199,,,4000,No,BASEBALL,,,,,,,,MLB,,,No,Excellent,,,,Sports Trading Card,,,,,,,,,,,,,,,,,,,,,"<div style=""background:#FDFEFE;border:1px solid #CBD4C2;color:#353535;padding:40px;line-height:1.6;font-family:Arial,sans-serif;font-size:16px;""><h1 style=""text-align:center;"">2022 Topps Chrome CORBIN BURNES #167 Aqua Wave Refractor Milwaukee Brewers #/199</h1><table style=""width:100%;margin-top:30px;border-spacing:0;""><tr><th align=""left"">Payment</th><td>Payment is due within 4 days. Unpaid items may be canceled and relisted.</td></tr><tr><th align=""left"">Shipping</th><td>Items ship via eBay Standard Envelope. Combined shipping may apply. Usually ships within 1 business day.</td></tr><tr><th align=""left"">Disclaimer</th><td>All cards are sold as-is. Review item condition and images. No refunds or returns. Contact us before leaving negative feedback.</td></tr></table></div>",FixedPrice,GTC,3.49,,1,,ImmediatePayRequired,,United States,,Flat,USPSFirstClass,1,0.0,,,1,,,ReturnsNotAccepted,,,,,,,,,,,,,No,No,,,
Add,BAS-002273-ng98v,261328,0,2023 Topps BIG League Wrapper Ken Waldichuk #WR-64 Gold Foil Oakland A's /50,,,4000,No,BASEBALL,,,,,,,,MLB,,,No,Excellent,,,,Sports Trading Card,,,,,,,,,,,,,,,,,,,,,"<div style=""background:#FDFEFE;border:1px solid #CBD4C2;color:#353535;padding:40px;line-height:1.6;font-family:Arial,sans-serif;font-size:16px;""><h1 style=""text-align:center;"">2023 Topps BIG League Wrapper Ken Waldichuk #WR-64 Gold Foil Oakland A's /50</h1><table style=""width:100%;margin-top:30px;border-spacing:0;""><tr><th align=""left"">Payment</th><td>Payment is due within 4 days. Unpaid items may be canceled and relisted.</td></tr><tr><th align=""left"">Shipping</th><td>Items ship via eBay Standard Envelope. Combined shipping may apply. Usually ships within 1 business day.</td></tr><tr><th align=""left"">Disclaimer</th><td>All cards are sold as-is. Review item condition and images. No refunds or returns. Contact us before leaving negative feedback.</td></tr></table></div>",FixedPrice,GTC,4.5,,1,,ImmediatePayRequired,,United States,,Flat,USPSFirstClass,1,0.0,,,1,,,ReturnsNotAccepted,,,,,,,,,,,,,No,No,,,
Add,FB-002271-nhab1,261328,0,2024 Panini Prizm Draft PICKS MALIK NABERS #F-MN Fearless Red Ice LSU Tigers,,,4000,No,BASEBALL,,,,,,,,MLB,,,No,Excellent,,,,Sports Trading Card,,,,,,,,,,,,,,,,,,,,,"<div style=""background:#FDFEFE;border:1px solid #CBD4C2;color:#353535;padding:40px;line-height:1.6;font-family:Arial,sans-serif;font-size:16px;""><h1 style=""text-align:center;"">2024 Panini Prizm Draft PICKS MALIK NABERS #F-MN Fearless Red Ice LSU Tigers</h1><table style=""width:100%;margin-top:30px;border-spacing:0;""><tr><th align=""left"">Payment</th><td>Payment is due within 4 days. Unpaid items may be canceled and relisted.</td></tr><tr><th align=""left"">Shipping</th><td>Items ship via eBay Standard Envelope. Combined shipping may apply. Usually ships within 1 business day.</td></tr><tr><th align=""left"">Disclaimer</th><td>All cards are sold as-is. Review item condition and images. No refunds or returns. Contact us before leaving negative feedback.</td></tr></table></div>",FixedPrice,GTC,3.49,,1,,ImmediatePayRequired,,United States,,Flat,USPSFirstClass,1,0.0,,,1,,,ReturnsNotAccepted,,,,,,,,,,,,,No,No,,,
Add,BAS-002277-nieuu,261328,0,2024 Topps Update NOLAN SCHANUEL #RRR-NS Rising Rookies Relics Angels RC,,,4000,No,BASEBALL,,,,,,,,MLB,,,No,Excellent,,,,Sports Trading Card,,,,,,,,,,,,,,,,,,,,,"<div style=""background:#FDFEFE;border:1px solid #CBD4C2;color:#353535;padding:40px;line-height:1.6;font-family:Arial,sans-serif;font-size:16px;""><h1 style=""text-align:center;"">2024 Topps Update NOLAN SCHANUEL #RRR-NS Rising Rookies Relics Angels RC</h1><table style=""width:100%;margin-top:30px;border-spacing:0;""><tr><th align=""left"">Payment</th><td>Payment is due within 4 days. Unpaid items may be canceled and relisted.</td></tr><tr><th align=""left"">Shipping</th><td>Items ship via eBay Standard Envelope. Combined shipping may apply. Usually ships within 1 business day.</td></tr><tr><th align=""left"">Disclaimer</th><td>All cards are sold as-is. Review item condition and images. No refunds or returns. Contact us before leaving negative feedback.</td></tr></table></div>",FixedPrice,GTC,3.99,,1,,ImmediatePayRequired,,United States,,Flat,USPSFirstClass,1,0.0,,,1,,,ReturnsNotAccepted,,,,,,,,,,,,,Yes,No,,,
Add,BAS-002282-nieuz,261328,0,2023 Panini JACE JUNG #CM-JJ Colossal Materials Detroit Tigers #/49,,,4000,No,BASEBALL,,,,,,,,MLB,,,No,Excellent,,,,Sports Trading Card,,,,,,,,,,,,,,,,,,,,,"<div style=""background:#FDFEFE;border:1px solid #CBD4C2;color:#353535;padding:40px;line-height:1.6;font-family:Arial,sans-serif;font-size:16px;""><h1 style=""text-align:center;"">2023 Panini JACE JUNG #CM-JJ Colossal Materials Detroit Tigers #/49</h1><table style=""width:100%;margin-top:30px;border-spacing:0;""><tr><th align=""left"">Payment</th><td>Payment is due within 4 days. Unpaid items may be canceled and relisted.</td></tr><tr><th align=""left"">Shipping</th><td>Items ship via eBay Standard Envelope. Combined shipping may apply. Usually ships within 1 business day.</td></tr><tr><th align=""left"">Disclaimer</th><td>All cards are sold as-is. Review item condition and images. No refunds or returns. Contact us before leaving negative feedback.</td></tr></table></div>",FixedPrice,GTC,9.69,,1,,ImmediatePayRequired,,United States,,Flat,USPSFirstClass,1,0.0,,,1,,,ReturnsNotAccepted,,,,,,,,,,,,,No,No,,,
Add,BAS-002284-niev1,261328,0,2024 Topps Update CHRISTOPHER MOREL #MLMU-CM Materials Relics Black Cubs /199,,,4000,No,BASEBALL,,,,,,,,MLB,,,No,Excellent,,,,Sports Trading Card,,,,,,,,,,,,,,,,,,,,,"<div style=""background:#FDFEFE;border:1px solid #CBD4C2;color:#353535;padding:40px;line-height:1.6;font-family:Arial,sans-serif;font-size:16px;""><h1 style=""text-align:center;"">2024 Topps Update CHRISTOPHER MOREL #MLMU-CM Materials Relics Black Cubs /199</h1><table style=""width:100%;margin-top:30px;border-spacing:0;""><tr><th align=""left"">Payment</th><td>Payment is due within 4 days. Unpaid items may be canceled and relisted.</td></tr><tr><th align=""left"">Shipping</th><td>Items ship via eBay Standard Envelope. Combined shipping may apply. Usually ships within 1 business day.</td></tr><tr><th align=""left"">Disclaimer</th><td>All cards are sold as-is. Review item condition and images. No refunds or returns. Contact us before leaving negative feedback.</td></tr></table></div>",FixedPrice,GTC,3.49,,1,,ImmediatePayRequired,,United States,,Flat,USPSFirstClass,1,0.0,,,1,,,ReturnsNotAccepted,,,,,,,,,,,,,No,No,,,
Add,BAS-002285-niev2,261328,0,2024 Topps GIANCARLO STANTON #MLM-GST Major League Material Relics Yankees,,,4000,No,BASEBALL,,,,,,,,MLB,,,No,Excellent,,,,Sports Trading Card,,,,,,,,,,,,,,,,,,,,,"<div style=""background:#FDFEFE;border:1px solid #CBD4C2;color:#353535;padding:40px;line-height:1.6;font-family:Arial,sans-serif;font-size:16px;""><h1 style=""text-align:center;"">2024 Topps GIANCARLO STANTON #MLM-GST Major League Material Relics Yankees</h1><table style=""width:100%;margin-top:30px;border-spacing:0;""><tr><th align=""left"">Payment</th><td>Payment is due within 4 days. Unpaid items may be canceled and relisted.</td></tr><tr><th align=""left"">Shipping</th><td>Items ship via eBay Standard Envelope. Combined shipping may apply. Usually ships within 1 business day.</td></tr><tr><th align=""left"">Disclaimer</th><td>All cards are sold as-is. Review item condition and images. No refunds or returns. Contact us before leaving negative feedback.</td></tr></table></div>",FixedPrice,GTC,4.49,,1,,ImmediatePayRequired,,United States,,Flat,USPSFirstClass,1,0.0,,,1,,,ReturnsNotAccepted,,,,,,,,,,,,,No,No,,,
Add,BAS-002288-niev5,261328,0,2025 Topps JEREMY PEÑA #MLM-JP Major League Material Relics Blue Astros /150,,,4000,No,BASEBALL,,,,,,,,MLB,,,No,Excellent,,,,Sports Trading Card,,,,,,,,,,,,,,,,,,,,,"<div style=""background:#FDFEFE;border:1px solid #CBD4C2;color:#353535;padding:40px;line-height:1.6;font-family:Arial,sans-serif;font-size:16px;""><h1 style=""text-align:center;"">2025 Topps JEREMY PEÑA #MLM-JP Major League Material Relics Blue Astros /150</h1><table style=""width:100%;margin-top:30px;border-spacing:0;""><tr><th align=""left"">Payment</th><td>Payment is due within 4 days. Unpaid items may be canceled and relisted.</td></tr><tr><th align=""left"">Shipping</th><td>Items ship via eBay Standard Envelope. Combined shipping may apply. Usually ships within 1 business day.</td></tr><tr><th align=""left"">Disclaimer</th><td>All cards are sold as-is. Review item condition and images. No refunds or returns. Contact us before leaving negative feedback.</td></tr></table></div>",FixedPrice,GTC,3.99,,1,,ImmediatePayRequired,,United States,,Flat,USPSFirstClass,1,0.0,,,1,,,ReturnsNotAccepted,,,,,,,,,,,,,No,No,,,
Add,BAS-002290-nphpm,261328,0,2025 Topps HOLIDAY TARIK SKUBAL #H74 Detroit Tigers,,,4000,No,BASEBALL,,,,,,,,MLB,,,No,Excellent,,,,Sports Trading Card,,,,,,,,,,,,,,,,,,,,,"<div style=""background:#FDFEFE;border:1px solid #CBD4C2;color:#353535;padding:40px;line-height:1.6;font-family:Arial,sans-serif;font-size:16px;""><h1 style=""text-align:center;"">2025 Topps HOLIDAY TARIK SKUBAL #H74 Detroit Tigers</h1><table style=""width:100%;margin-top:30px;border-spacing:0;""><tr><th align=""left"">Payment</th><td>Payment is due within 4 days. Unpaid items may be canceled and relisted.</td></tr><tr><th align=""left"">Shipping</th><td>Items ship via eBay Standard Envelope. Combined shipping may apply. Usually ships within 1 business day.</td></tr><tr><th align=""left"">Disclaimer</th><td>All cards are sold as-is. Review item condition and images. No refunds or returns. Contact us before leaving negative feedback.</td></tr></table></div>",FixedPrice,GTC,2.49,,1,,ImmediatePayRequired,,United States,,Flat,USPSFirstClass,1,0.0,,,1,,,ReturnsNotAccepted,,,,,,,,,,,,,No,No,,,
Add,BAS-002291-nphpp,261328,0,2025 Topps HOLIDAY HYESEONG KIM #H174 Light Blue & White Glitter Holiday Dodgers,,,4000,No,BASEBALL,,,,,,,,MLB,,,No,Excellent,,,,Sports Trading Card,,,,,,,,,,,,,,,,,,,,,"<div style=""background:#FDFEFE;border:1px solid #CBD4C2;color:#353535;padding:40px;line-height:1.6;font-family:Arial,sans-serif;font-size:16px;""><h1 style=""text-align:center;"">2025 Topps HOLIDAY HYESEONG KIM #H174 Light Blue & White Glitter Holiday Dodgers</h1><table style=""width:100%;margin-top:30px;border-spacing:0;""><tr><th align=""left"">Payment</th><td>Payment is due within 4 days. Unpaid items may be canceled and relisted.</td></tr><tr><th align=""left"">Shipping</th><td>Items ship via eBay Standard Envelope. Combined shipping may apply. Usually ships within 1 business day.</td></tr><tr><th align=""left"">Disclaimer</th><td>All cards are sold as-is. Review item condition and images. No refunds or returns. Contact us before leaving negative feedback.</td></tr></table></div>",FixedPrice,GTC,2.99,,1,,ImmediatePayRequired,,United States,,Flat,USPSFirstClass,1,0.0,,,1,,,ReturnsNotAccepted,,,,,,,,,,,,,No,No,,,
Add,BAS-002292-nphps,261328,0,2024 Bowman DRUW JONES #GOTD-15 Gladiators of the Diamond Arizona Diamondbacks,,,4000,No,BASEBALL,,,,,,,,MLB,,,No,Excellent,,,,Sports Trading Card,,,,,,,,,,,,,,,,,,,,,"<div style=""background:#FDFEFE;border:1px solid #CBD4C2;color:#353535;padding:40px;line-height:1.6;font-family:Arial,sans-serif;font-size:16px;""><h1 style=""text-align:center;"">2024 Bowman DRUW JONES #GOTD-15 Gladiators of the Diamond Arizona Diamondbacks</h1><table style=""width:100%;margin-top:30px;border-spacing:0;""><tr><th align=""left"">Payment</th><td>Payment is due within 4 days. Unpaid items may be canceled and relisted.</td></tr><tr><th align=""left"">Shipping</th><td>Items ship via eBay Standard Envelope. Combined shipping may apply. Usually ships within 1 business day.</td></tr><tr><th align=""left"">Disclaimer</th><td>All cards are sold as-is. Review item condition and images. No refunds or returns. Contact us before leaving negative feedback.</td></tr></table></div>",FixedPrice,GTC,5.99,,1,,ImmediatePayRequired,,United States,,Flat,USPSFirstClass,1,0.0,,,1,,,ReturnsNotAccepted,,,,,,,,,,,,,No,No,,,
Add,BAS-002293-nphpw,261328,0,2022 Bowman AARON JUDGE #2 New York Yankees,,,4000,No,BASEBALL,,,,,,,,MLB,,,No,Excellent,,,,Sports Trading Card,,,,,,,,,,,,,,,,,,,,,"<div style=""background:#FDFEFE;border:1px solid #CBD4C2;color:#353535;padding:40px;line-height:1.6;font-family:Arial,sans-serif;font-size:16px;""><h1 style=""text-align:center;"">2022 Bowman AARON JUDGE #2 New York Yankees</h1><table style=""width:100%;margin-top:30px;border-spacing:0;""><tr><th align=""left"">Payment</th><td>Payment is due within 4 days. Unpaid items may be canceled and relisted.</td></tr><tr><th align=""left"">Shipping</th><td>Items ship via eBay Standard Envelope. Combined shipping may apply. Usually ships within 1 business day.</td></tr><tr><th align=""left"">Disclaimer</th><td>All cards are sold as-is. Review item condition and images. No refunds or returns. Contact us before leaving negative feedback.</td></tr></table></div>",FixedPrice,GTC,5.49,,1,,ImmediatePayRequired,,United States,,Flat,USPSFirstClass,1,0.0,,,1,,,ReturnsNotAccepted,,,,,,,,,,,,,No,No,,,
Add,BAS-002299-nphqm,261328,0,2021 Bowman 1st Edition ANTHONY VOLPE #BFE-85 New York Yankees,,,4000,No,BASEBALL,,,,,,,,MLB,,,No,Excellent,,,,Sports Trading Card,,,,,,,,,,,,,,,,,,,,,"<div style=""background:#FDFEFE;border:1px solid #CBD4C2;color:#353535;padding:40px;line-height:1.6;font-family:Arial,sans-serif;font-size:16px;""><h1 style=""text-align:center;"">2021 Bowman 1st Edition ANTHONY VOLPE #BFE-85 New York Yankees</h1><table style=""width:100%;margin-top:30px;border-spacing:0;""><tr><th align=""left"">Payment</th><td>Payment is due within 4 days. Unpaid items may be canceled and relisted.</td></tr><tr><th align=""left"">Shipping</th><td>Items ship via eBay Standard Envelope. Combined shipping may apply. Usually ships within 1 business day.</td></tr><tr><th align=""left"">Disclaimer</th><td>All cards are sold as-is. Review item condition and images. No refunds or returns. Contact us before leaving negative feedback.</td></tr></table></div>",FixedPrice,GTC,3.49,,1,,ImmediatePayRequired,,United States,,Flat,USPSFirstClass,1,0.0,,,1,,,ReturnsNotAccepted,,,,,,,,,,,,,No,No,,,
Add,BAS-002300-nphqs,261328,0,2025 Topps HOLIDAY MARCUS SEMIEN #H9 Blue Matte Glitter Texas Rangers,,,4000,No,BASEBALL,,,,,,,,MLB,,,No,Excellent,,,,Sports Trading Card,,,,,,,,,,,,,,,,,,,,,"<div style=""background:#FDFEFE;border:1px solid #CBD4C2;color:#353535;padding:40px;line-height:1.6;font-family:Arial,sans-serif;font-size:16px;""><h1 style=""text-align:center;"">2025 Topps HOLIDAY MARCUS SEMIEN #H9 Blue Matte Glitter Texas Rangers</h1><table style=""width:100%;margin-top:30px;border-spacing:0;""><tr><th align=""left"">Payment</th><td>Payment is due within 4 days. Unpaid items may be canceled and relisted.</td></tr><tr><th align=""left"">Shipping</th><td>Items ship via eBay Standard Envelope. Combined shipping may apply. Usually ships within 1 business day.</td></tr><tr><th align=""left"">Disclaimer</th><td>All cards are sold as-is. Review item condition and images. No refunds or returns. Contact us before leaving negative feedback.</td></tr></table></div>",FixedPrice,GTC,4.99,,1,,ImmediatePayRequired,,United States,,Flat,USPSFirstClass,1,0.0,,,1,,,ReturnsNotAccepted,,,,,,,,,,,,,No,No,,,
Add,BAS-002302-nphqx,261328,0,2025 Topps HOLIDAY BROOKS LEE #H13 Silver Glitter Holiday Minnesota Twins,,,4000,No,BASEBALL,,,,,,,,MLB,,,No,Excellent,,,,Sports Trading Card,,,,,,,,,,,,,,,,,,,,,"<div style=""background:#FDFEFE;border:1px solid #CBD4C2;color:#353535;padding:40px;line-height:1.6;font-family:Arial,sans-serif;font-size:16px;""><h1 style=""text-align:center;"">2025 Topps HOLIDAY BROOKS LEE #H13 Silver Glitter Holiday Minnesota Twins</h1><table style=""width:100%;margin-top:30px;border-spacing:0;""><tr><th align=""left"">Payment</th><td>Payment is due within 4 days. Unpaid items may be canceled and relisted.</td></tr><tr><th align=""left"">Shipping</th><td>Items ship via eBay Standard Envelope. Combined shipping may apply. Usually ships within 1 business day.</td></tr><tr><th align=""left"">Disclaimer</th><td>All cards are sold as-is. Review item condition and images. No refunds or returns. Contact us before leaving negative feedback.</td></tr></table></div>",FixedPrice,GTC,3.99,,1,,ImmediatePayRequired,,United States,,Flat,USPSFirstClass,1,0.0,,,1,,,ReturnsNotAccepted,,,,,,,,,,,,,No,No,,,
Add,BB-002100-npihl,261328,0,2024-25 Topps Now ZACCHARIE RISACHER #2 Atlanta Hawks Basketball,,,4000,No,BASEBALL,,,,,,,,MLB,,,No,Excellent,,,,Sports Trading Card,,,,,,,,,,,,,,,,,,,,,"<div style=""background:#FDFEFE;border:1px solid #CBD4C2;color:#353535;padding:40px;line-height:1.6;font-family:Arial,sans-serif;font-size:16px;""><h1 style=""text-align:center;"">2024-25 Topps Now ZACCHARIE RISACHER #2 Atlanta Hawks Basketball</h1><table style=""width:100%;margin-top:30px;border-spacing:0;""><tr><th align=""left"">Payment</th><td>Payment is due within 4 days. Unpaid items may be canceled and relisted.</td></tr><tr><th align=""left"">Shipping</th><td>Items ship via eBay Standard Envelope. Combined shipping may apply. Usually ships within 1 business day.</td></tr><tr><th align=""left"">Disclaimer</th><td>All cards are sold as-is. Review item condition and images. No refunds or returns. Contact us before leaving negative feedback.</td></tr></table></div>",FixedPrice,GTC,6.49,,1,,ImmediatePayRequired,,United States,,Flat,USPSFirstClass,1,0.0,,,1,,,ReturnsNotAccepted,,,,,,,,,,,,,No,No,,,
Add,BB-002102-npiho,261328,0,2025-26 Topps TRE JOHNSON III #NL-6 No Limit Washington Wizards Basketball,,,4000,No,BASEBALL,,,,,,,,MLB,,,No,Excellent,,,,Sports Trading Card,,,,,,,,,,,,,,,,,,,,,"<div style=""background:#FDFEFE;border:1px solid #CBD4C2;color:#353535;padding:40px;line-height:1.6;font-family:Arial,sans-serif;font-size:16px;""><h1 style=""text-align:center;"">2025-26 Topps TRE JOHNSON III #NL-6 No Limit Washington Wizards Basketball</h1><table style=""width:100%;margin-top:30px;border-spacing:0;""><tr><th align=""left"">Payment</th><td>Payment is due within 4 days. Unpaid items may be canceled and relisted.</td></tr><tr><th align=""left"">Shipping</th><td>Items ship via eBay Standard Envelope. Combined shipping may apply. Usually ships within 1 business day.</td></tr><tr><th align=""left"">Disclaimer</th><td>All cards are sold as-is. Review item condition and images. No refunds or returns. Contact us before leaving negative feedback.</td></tr></table></div>",FixedPrice,GTC,1.99,,1,,ImmediatePayRequired,,United States,,Flat,USPSFirstClass,1,0.0,,,1,,,ReturnsNotAccepted,,,,,,,,,,,,,No,No,,,
Add,BB-002104-npihs,261328,0,2025 Topps CARTER BRYANT #80BK-99 1980-81 Topps Basketball Pink Holo Foil Spurs,,,4000,No,BASEBALL,,,,,,,,MLB,,,No,Excellent,,,,Sports Trading Card,,,,,,,,,,,,,,,,,,,,,"<div style=""background:#FDFEFE;border:1px solid #CBD4C2;color:#353535;padding:40px;line-height:1.6;font-family:Arial,sans-serif;font-size:16px;""><h1 style=""text-align:center;"">2025 Topps CARTER BRYANT #80BK-99 1980-81 Topps Basketball Pink Holo Foil Spurs</h1><table style=""width:100%;margin-top:30px;border-spacing:0;""><tr><th align=""left"">Payment</th><td>Payment is due within 4 days. Unpaid items may be canceled and relisted.</td></tr><tr><th align=""left"">Shipping</th><td>Items ship via eBay Standard Envelope. Combined shipping may apply. Usually ships within 1 business day.</td></tr><tr><th align=""left"">Disclaimer</th><td>All cards are sold as-is. Review item condition and images. No refunds or returns. Contact us before leaving negative feedback.</td></tr></table></div>",FixedPrice,GTC,2.99,,1,,ImmediatePayRequired,,United States,,Flat,USPSFirstClass,1,0.0,,,1,,,ReturnsNotAccepted,,,,,,,,,,,,,No,No,,,
Add,BB-002105-npiht,261328,0,2025-26 Topps ACE BAILEY #RTS-5 Rise to Stardom Utah Jazz Basketball,,,4000,No,BASEBALL,,,,,,,,MLB,,,No,Excellent,,,,Sports Trading Card,,,,,,,,,,,,,,,,,,,,,"<div style=""background:#FDFEFE;border:1px solid #CBD4C2;color:#353535;padding:40px;line-height:1.6;font-family:Arial,sans-serif;font-size:16px;""><h1 style=""text-align:center;"">2025-26 Topps ACE BAILEY #RTS-5 Rise to Stardom Utah Jazz Basketball</h1><table style=""width:100%;margin-top:30px;border-spacing:0;""><tr><th align=""left"">Payment</th><td>Payment is due within 4 days. Unpaid items may be canceled and relisted.</td></tr><tr><th align=""left"">Shipping</th><td>Items ship via eBay Standard Envelope. Combined shipping may apply. Usually ships within 1 business day.</td></tr><tr><th align=""left"">Disclaimer</th><td>All cards are sold as-is. Review item condition and images. No refunds or returns. Contact us before leaving negative feedback.</td></tr></table></div>",FixedPrice,GTC,2.49,,1,,ImmediatePayRequired,,United States,,Flat,USPSFirstClass,1,0.0,,,1,,,ReturnsNotAccepted,,,,,,,,,,,,,No,No,,,
Add,SR-002106-npg3g,261328,0,2021 Topps Chrome Sapphire Edition MLS WILFRID KAPTOUM #98 Revolution,,,4000,No,BASEBALL,,,,,,,,MLB,,,No,Excellent,,,,Sports Trading Card,,,,,,,,,,,,,,,,,,,,,"<div style=""background:#FDFEFE;border:1px solid #CBD4C2;color:#353535;padding:40px;line-height:1.6;font-family:Arial,sans-serif;font-size:16px;""><h1 style=""text-align:center;"">2021 Topps Chrome Sapphire Edition MLS WILFRID KAPTOUM #98 Revolution</h1><table style=""width:100%;margin-top:30px;border-spacing:0;""><tr><th align=""left"">Payment</th><td>Payment is due within 4 days. Unpaid items may be canceled and relisted.</td></tr><tr><th align=""left"">Shipping</th><td>Items ship via eBay Standard Envelope. Combined shipping may apply. Usually ships within 1 business day.</td></tr><tr><th align=""left"">Disclaimer</th><td>All cards are sold as-is. Review item condition and images. No refunds or returns. Contact us before leaving negative feedback.</td></tr></table></div>",FixedPrice,GTC,3.99,,1,,ImmediatePayRequired,,United States,,Flat,USPSFirstClass,1,0.0,,,1,,,ReturnsNotAccepted,,,,,,,,,,,,,No,No,,,
Add,SR-002109-npg3o,261328,0,2021 Topps Chrome Sapphire Edition MLS JESÚS FERREIRA #124 FC Dallas USA,,,4000,No,BASEBALL,,,,,,,,MLB,,,No,Excellent,,,,Sports Trading Card,,,,,,,,,,,,,,,,,,,,,"<div style=""background:#FDFEFE;border:1px solid #CBD4C2;color:#353535;padding:40px;line-height:1.6;font-family:Arial,sans-serif;font-size:16px;""><h1 style=""text-align:center;"">2021 Topps Chrome Sapphire Edition MLS JESÚS FERREIRA #124 FC Dallas USA</h1><table style=""width:100%;margin-top:30px;border-spacing:0;""><tr><th align=""left"">Payment</th><td>Payment is due within 4 days. Unpaid items may be canceled and relisted.</td></tr><tr><th align=""left"">Shipping</th><td>Items ship via eBay Standard Envelope. Combined shipping may apply. Usually ships within 1 business day.</td></tr><tr><th align=""left"">Disclaimer</th><td>All cards are sold as-is. Review item condition and images. No refunds or returns. Contact us before leaving negative feedback.</td></tr></table></div>",FixedPrice,GTC,1.99,,1,,ImmediatePayRequired,,United States,,Flat,USPSFirstClass,1,0.0,,,1,,,ReturnsNotAccepted,,,,,,,,,,,,,No,No,,,
Add,SR-002111-npg3v,261328,0,2024-25 Topps Chrome Bundesliga BUDU ZIVZIVADZE #45 1. FC Heidenheim 1846,,,4000,No,BASEBALL,,,,,,,,MLB,,,No,Excellent,,,,Sports Trading Card,,,,,,,,,,,,,,,,,,,,,"<div style=""background:#FDFEFE;border:1px solid #CBD4C2;color:#353535;padding:40px;line-height:1.6;font-family:Arial,sans-serif;font-size:16px;""><h1 style=""text-align:center;"">2024-25 Topps Chrome Bundesliga BUDU ZIVZIVADZE #45 1. FC Heidenheim 1846</h1><table style=""width:100%;margin-top:30px;border-spacing:0;""><tr><th align=""left"">Payment</th><td>Payment is due within 4 days. Unpaid items may be canceled and relisted.</td></tr><tr><th align=""left"">Shipping</th><td>Items ship via eBay Standard Envelope. Combined shipping may apply. Usually ships within 1 business day.</td></tr><tr><th align=""left"">Disclaimer</th><td>All cards are sold as-is. Review item condition and images. No refunds or returns. Contact us before leaving negative feedback.</td></tr></table></div>",FixedPrice,GTC,3.49,,1,,ImmediatePayRequired,,United States,,Flat,USPSFirstClass,1,0.0,,,1,,,ReturnsNotAccepted,,,,,,,,,,,,,No,No,,,
Add,SR-002108-npg3l,261328,0,2021 Topps Chrome Sapphire Edition MLS FELIPE MORA #112 Portland Timbers,,,4000,No,BASEBALL,,,,,,,,MLB,,,No,Excellent,,,,Sports Trading Card,,,,,,,,,,,,,,,,,,,,,"<div style=""background:#FDFEFE;border:1px solid #CBD4C2;color:#353535;padding:40px;line-height:1.6;font-family:Arial,sans-serif;font-size:16px;""><h1 style=""text-align:center;"">2021 Topps Chrome Sapphire Edition MLS FELIPE MORA #112 Portland Timbers</h1><table style=""width:100%;margin-top:30px;border-spacing:0;""><tr><th align=""left"">Payment</th><td>Payment is due within 4 days. Unpaid items may be canceled and relisted.</td></tr><tr><th align=""left"">Shipping</th><td>Items ship via eBay Standard Envelope. Combined shipping may apply. Usually ships within 1 business day.</td></tr><tr><th align=""left"">Disclaimer</th><td>All cards are sold as-is. Review item condition and images. No refunds or returns. Contact us before leaving negative feedback.</td></tr></table></div>",FixedPrice,GTC,3.49,,1,,ImmediatePayRequired,,United States,,Flat,USPSFirstClass,1,0.0,,,1,,,ReturnsNotAccepted,,,,,,,,,,,,,No,No,,,
Add,SR-002110-npg3s,261328,0,2024-25 Topps Chrome Bundesliga ANTON STACH #47 TSG 1899 Hoffenheim,,,4000,No,BASEBALL,,,,,,,,MLB,,,No,Excellent,,,,Sports Trading Card,,,,,,,,,,,,,,,,,,,,,"<div style=""background:#FDFEFE;border:1px solid #CBD4C2;color:#353535;padding:40px;line-height:1.6;font-family:Arial,sans-serif;font-size:16px;""><h1 style=""text-align:center;"">2024-25 Topps Chrome Bundesliga ANTON STACH #47 TSG 1899 Hoffenheim</h1><table style=""width:100%;margin-top:30px;border-spacing:0;""><tr><th align=""left"">Payment</th><td>Payment is due within 4 days. Unpaid items may be canceled and relisted.</td></tr><tr><th align=""left"">Shipping</th><td>Items ship via eBay Standard Envelope. Combined shipping may apply. Usually ships within 1 business day.</td></tr><tr><th align=""left"">Disclaimer</th><td>All cards are sold as-is. Review item condition and images. No refunds or returns. Contact us before leaving negative feedback.</td></tr></table></div>",FixedPrice,GTC,4.49,,1,,ImmediatePayRequired,,United States,,Flat,USPSFirstClass,1,0.0,,,1,,,ReturnsNotAccepted,,,,,,,,,,,,,No,No,,,
Add,SR-002112-npg3y,261328,0,2024-25 Topps Chrome Bundesliga ERMEDIN DEMIROVIĆ #95 VfB Stuttgart,,,4000,No,BASEBALL,,,,,,,,MLB,,,No,Excellent,,,,Sports Trading Card,,,,,,,,,,,,,,,,,,,,,"<div style=""background:#FDFEFE;border:1px solid #CBD4C2;color:#353535;padding:40px;line-height:1.6;font-family:Arial,sans-serif;font-size:16px;""><h1 style=""text-align:center;"">2024-25 Topps Chrome Bundesliga ERMEDIN DEMIROVIĆ #95 VfB Stuttgart</h1><table style=""width:100%;margin-top:30px;border-spacing:0;""><tr><th align=""left"">Payment</th><td>Payment is due within 4 days. Unpaid items may be canceled and relisted.</td></tr><tr><th align=""left"">Shipping</th><td>Items ship via eBay Standard Envelope. Combined shipping may apply. Usually ships within 1 business day.</td></tr><tr><th align=""left"">Disclaimer</th><td>All cards are sold as-is. Review item condition and images. No refunds or returns. Contact us before leaving negative feedback.</td></tr></table></div>",FixedPrice,GTC,1.99,,1,,ImmediatePayRequired,,United States,,Flat,USPSFirstClass,1,0.0,,,1,,,ReturnsNotAccepted,,,,,,,,,,,,,No,No,,,
Add,SR-002113-npg41,261328,0,2024-25 Topps Chrome Bundesliga BENCE DARDAI #UB-3 Ultrabeam VfL Wolfsburg,,,4000,No,BASEBALL,,,,,,,,MLB,,,No,Excellent,,,,Sports Trading Card,,,,,,,,,,,,,,,,,,,,,"<div style=""background:#FDFEFE;border:1px solid #CBD4C2;color:#353535;padding:40px;line-height:1.6;font-family:Arial,sans-serif;font-size:16px;""><h1 style=""text-align:center;"">2024-25 Topps Chrome Bundesliga BENCE DARDAI #UB-3 Ultrabeam VfL Wolfsburg</h1><table style=""width:100%;margin-top:30px;border-spacing:0;""><tr><th align=""left"">Payment</th><td>Payment is due within 4 days. Unpaid items may be canceled and relisted.</td></tr><tr><th align=""left"">Shipping</th><td>Items ship via eBay Standard Envelope. Combined shipping may apply. Usually ships within 1 business day.</td></tr><tr><th align=""left"">Disclaimer</th><td>All cards are sold as-is. Review item condition and images. No refunds or returns. Contact us before leaving negative feedback.</td></tr></table></div>",FixedPrice,GTC,3.49,,1,,ImmediatePayRequired,,United States,,Flat,USPSFirstClass,1,0.0,,,1,,,ReturnsNotAccepted,,,,,,,,,,,,,No,No,,,
Add,BAS-002305-o0kj7,261328,0,2024 Panini Prizm JAMES WOOD #19 Hype Washington Nationals,,,4000,No,BASEBALL,,,,,,,,MLB,,,No,Excellent,,,,Sports Trading Card,,,,,,,,,,,,,,,,,,,,,"<div style=""background:#FDFEFE;border:1px solid #CBD4C2;color:#353535;padding:40px;line-height:1.6;font-family:Arial,sans-serif;font-size:16px;""><h1 style=""text-align:center;"">2024 Panini Prizm JAMES WOOD #19 Hype Washington Nationals</h1><table style=""width:100%;margin-top:30px;border-spacing:0;""><tr><th align=""left"">Payment</th><td>Payment is due within 4 days. Unpaid items may be canceled and relisted.</td></tr><tr><th align=""left"">Shipping</th><td>Items ship via eBay Standard Envelope. Combined shipping may apply. Usually ships within 1 business day.</td></tr><tr><th align=""left"">Disclaimer</th><td>All cards are sold as-is. Review item condition and images. No refunds or returns. Contact us before leaving negative feedback.</td></tr></table></div>",FixedPrice,GTC,3.49,,1,,ImmediatePayRequired,,United States,,Flat,USPSFirstClass,1,0.0,,,1,,,ReturnsNotAccepted,,,,,,,,,,,,,No,No,,,
Add,BAS-002311-o0kjd,261328,0,2025 Topps - Black NICK SOGARD #94 Boston Red Sox #/74,,,4000,No,BASEBALL,,,,,,,,MLB,,,No,Excellent,,,,Sports Trading Card,,,,,,,,,,,,,,,,,,,,,"<div style=""background:#FDFEFE;border:1px solid #CBD4C2;color:#353535;padding:40px;line-height:1.6;font-family:Arial,sans-serif;font-size:16px;""><h1 style=""text-align:center;"">2025 Topps - Black NICK SOGARD #94 Boston Red Sox #/74</h1><table style=""width:100%;margin-top:30px;border-spacing:0;""><tr><th align=""left"">Payment</th><td>Payment is due within 4 days. Unpaid items may be canceled and relisted.</td></tr><tr><th align=""left"">Shipping</th><td>Items ship via eBay Standard Envelope. Combined shipping may apply. Usually ships within 1 business day.</td></tr><tr><th align=""left"">Disclaimer</th><td>All cards are sold as-is. Review item condition and images. No refunds or returns. Contact us before leaving negative feedback.</td></tr></table></div>",FixedPrice,GTC,13.99,,1,,ImmediatePayRequired,,United States,,Flat,USPSFirstClass,1,0.0,,,1,,,ReturnsNotAccepted,,,,,,,,,,,,,No,No,,,
Add,BAS-002313-o0kjf,261328,0,2024 Bowman Chrome FRANCISCO VILORIO #BCP-169 Prospects Green Mojo Ref /99,,,4000,No,BASEBALL,,,,,,,,MLB,,,No,Excellent,,,,Sports Trading Card,,,,,,,,,,,,,,,,,,,,,"<div style=""background:#FDFEFE;border:1px solid #CBD4C2;color:#353535;padding:40px;line-height:1.6;font-family:Arial,sans-serif;font-size:16px;""><h1 style=""text-align:center;"">2024 Bowman Chrome FRANCISCO VILORIO #BCP-169 Prospects Green Mojo Ref /99</h1><table style=""width:100%;margin-top:30px;border-spacing:0;""><tr><th align=""left"">Payment</th><td>Payment is due within 4 days. Unpaid items may be canceled and relisted.</td></tr><tr><th align=""left"">Shipping</th><td>Items ship via eBay Standard Envelope. Combined shipping may apply. Usually ships within 1 business day.</td></tr><tr><th align=""left"">Disclaimer</th><td>All cards are sold as-is. Review item condition and images. No refunds or returns. Contact us before leaving negative feedback.</td></tr></table></div>",FixedPrice,GTC,5.99,,1,,ImmediatePayRequired,,United States,,Flat,USPSFirstClass,1,0.0,,,1,,,ReturnsNotAccepted,,,,,,,,,,,,,No,No,,,
Add,BAS-002322-o0kjo,261328,0,2025 Bowman JACKSON HOLLIDAY #77 Chrome Mojo Burgundy Refractor O's /275,,,4000,No,BASEBALL,,,,,,,,MLB,,,No,Excellent,,,,Sports Trading Card,,,,,,,,,,,,,,,,,,,,,"<div style=""background:#FDFEFE;border:1px solid #CBD4C2;color:#353535;padding:40px;line-height:1.6;font-family:Arial,sans-serif;font-size:16px;""><h1 style=""text-align:center;"">2025 Bowman JACKSON HOLLIDAY #77 Chrome Mojo Burgundy Refractor O's /275</h1><table style=""width:100%;margin-top:30px;border-spacing:0;""><tr><th align=""left"">Payment</th><td>Payment is due within 4 days. Unpaid items may be canceled and relisted.</td></tr><tr><th align=""left"">Shipping</th><td>Items ship via eBay Standard Envelope. Combined shipping may apply. Usually ships within 1 business day.</td></tr><tr><th align=""left"">Disclaimer</th><td>All cards are sold as-is. Review item condition and images. No refunds or returns. Contact us before leaving negative feedback.</td></tr></table></div>",FixedPrice,GTC,5.99,,1,,ImmediatePayRequired,,United States,,Flat,USPSFirstClass,1,0.0,,,1,,,ReturnsNotAccepted,,,,,,,,,,,,,No,No,,,
Add,BAS-002330-o0kjw,261328,0,1992 Donruss BO JACKSON #470 Chicago White Sox,,,4000,No,BASEBALL,,,,,,,,MLB,,,No,Excellent,,,,Sports Trading Card,,,,,,,,,,,,,,,,,,,,,"<div style=""background:#FDFEFE;border:1px solid #CBD4C2;color:#353535;padding:40px;line-height:1.6;font-family:Arial,sans-serif;font-size:16px;""><h1 style=""text-align:center;"">1992 Donruss BO JACKSON #470 Chicago White Sox</h1><table style=""width:100%;margin-top:30px;border-spacing:0;""><tr><th align=""left"">Payment</th><td>Payment is due within 4 days. Unpaid items may be canceled and relisted.</td></tr><tr><th align=""left"">Shipping</th><td>Items ship via eBay Standard Envelope. Combined shipping may apply. Usually ships within 1 business day.</td></tr><tr><th align=""left"">Disclaimer</th><td>All cards are sold as-is. Review item condition and images. No refunds or returns. Contact us before leaving negative feedback.</td></tr></table></div>",FixedPrice,GTC,3.49,,1,,ImmediatePayRequired,,United States,,Flat,USPSFirstClass,1,0.0,,,1,,,ReturnsNotAccepted,,,,,,,,,,,,,No,No,,,
Add,BAS-002331-o0kjy,261328,0,2025 Bowman CHASE HAMPTON #BCP-57 Yellow Geometric Refractor Yankees /75,,,4000,No,BASEBALL,,,,,,,,MLB,,,No,Excellent,,,,Sports Trading Card,,,,,,,,,,,,,,,,,,,,,"<div style=""background:#FDFEFE;border:1px solid #CBD4C2;color:#353535;padding:40px;line-height:1.6;font-family:Arial,sans-serif;font-size:16px;""><h1 style=""text-align:center;"">2025 Bowman CHASE HAMPTON #BCP-57 Yellow Geometric Refractor Yankees /75</h1><table style=""width:100%;margin-top:30px;border-spacing:0;""><tr><th align=""left"">Payment</th><td>Payment is due within 4 days. Unpaid items may be canceled and relisted.</td></tr><tr><th align=""left"">Shipping</th><td>Items ship via eBay Standard Envelope. Combined shipping may apply. Usually ships within 1 business day.</td></tr><tr><th align=""left"">Disclaimer</th><td>All cards are sold as-is. Review item condition and images. No refunds or returns. Contact us before leaving negative feedback.</td></tr></table></div>",FixedPrice,GTC,18.59,,1,,ImmediatePayRequired,,United States,,Flat,USPSFirstClass,1,0.0,,,1,,,ReturnsNotAccepted,,,,,,,,,,,,,No,No,,,
Add,BAS-002336-o0kk3,261328,0,2025 Bowman HUMBERTO CRUZ #BCP-96 Chrome Prospects Refractor Padres /499,,,4000,No,BASEBALL,,,,,,,,MLB,,,No,Excellent,,,,Sports Trading Card,,,,,,,,,,,,,,,,,,,,,"<div style=""background:#FDFEFE;border:1px solid #CBD4C2;color:#353535;padding:40px;line-height:1.6;font-family:Arial,sans-serif;font-size:16px;""><h1 style=""text-align:center;"">2025 Bowman HUMBERTO CRUZ #BCP-96 Chrome Prospects Refractor Padres /499</h1><table style=""width:100%;margin-top:30px;border-spacing:0;""><tr><th align=""left"">Payment</th><td>Payment is due within 4 days. Unpaid items may be canceled and relisted.</td></tr><tr><th align=""left"">Shipping</th><td>Items ship via eBay Standard Envelope. Combined shipping may apply. Usually ships within 1 business day.</td></tr><tr><th align=""left"">Disclaimer</th><td>All cards are sold as-is. Review item condition and images. No refunds or returns. Contact us before leaving negative feedback.</td></tr></table></div>",FixedPrice,GTC,3.99,,1,,ImmediatePayRequired,,United States,,Flat,USPSFirstClass,1,0.0,,,1,,,ReturnsNotAccepted,,,,,,,,,,,,,No,No,,,
Add,BB-003308-lchd9-6D73064,261328,0,2024-25 Bowman University Chrome AUDI CROOKS #WP-17 Warriors in the Paint,,,4000,No,BASEBALL,,,,,,,,MLB,,,No,Excellent,,,,Sports Trading Card,,,,,,,,,,,,,,,,,,,,,"<div style=""background:#FDFEFE;border:1px solid #CBD4C2;color:#353535;padding:40px;line-height:1.6;font-family:Arial,sans-serif;font-size:16px;""><h1 style=""text-align:center;"">2024-25 Bowman University Chrome AUDI CROOKS #WP-17 Warriors in the Paint</h1><table style=""width:100%;margin-top:30px;border-spacing:0;""><tr><th align=""left"">Payment</th><td>Payment is due within 4 days. Unpaid items may be canceled and relisted.</td></tr><tr><th align=""left"">Shipping</th><td>Items ship via eBay Standard Envelope. Combined shipping may apply. Usually ships within 1 business day.</td></tr><tr><th align=""left"">Disclaimer</th><td>All cards are sold as-is. Review item condition and images. No refunds or returns. Contact us before leaving negative feedback.</td></tr></table></div>",FixedPrice,GTC,4.49,,1,,ImmediatePayRequired,,United States,,Flat,USPSFirstClass,1,0.0,,,1,,,ReturnsNotAccepted,,,,,,,,,,,,,No,No,,,
Add,BAS-002342-o3p91,261328,0,2025 Topps AARON JUDGE #300 New York Yankees,,,4000,No,BASEBALL,,,,,,,,MLB,,,No,Excellent,,,,Sports Trading Card,,,,,,,,,,,,,,,,,,,,,"<div style=""background:#FDFEFE;border:1px solid #CBD4C2;color:#353535;padding:40px;line-height:1.6;font-family:Arial,sans-serif;font-size:16px;""><h1 style=""text-align:center;"">2025 Topps AARON JUDGE #300 New York Yankees</h1><table style=""width:100%;margin-top:30px;border-spacing:0;""><tr><th align=""left"">Payment</th><td>Payment is due within 4 days. Unpaid items may be canceled and relisted.</td></tr><tr><th align=""left"">Shipping</th><td>Items ship via eBay Standard Envelope. Combined shipping may apply. Usually ships within 1 business day.</td></tr><tr><th align=""left"">Disclaimer</th><td>All cards are sold as-is. Review item condition and images. No refunds or returns. Contact us before leaving negative feedback.</td></tr></table></div>",FixedPrice,GTC,2.49,,1,,ImmediatePayRequired,,United States,,Flat,USPSFirstClass,1,0.0,,,1,,,ReturnsNotAccepted,,,,,,,,,,,,,No,No,,,
Add,BAS-002340-o3orp,261328,0,2024 Topps Chrome Update TYLER SODERSTROM #USC22 Ref Oakland Athletics RC Rookie,,,4000,No,BASEBALL,,,,,,,,MLB,,,No,Excellent,,,,Sports Trading Card,,,,,,,,,,,,,,,,,,,,,"<div style=""background:#FDFEFE;border:1px solid #CBD4C2;color:#353535;padding:40px;line-height:1.6;font-family:Arial,sans-serif;font-size:16px;""><h1 style=""text-align:center;"">2024 Topps Chrome Update TYLER SODERSTROM #USC22 Ref Oakland Athletics RC Rookie</h1><table style=""width:100%;margin-top:30px;border-spacing:0;""><tr><th align=""left"">Payment</th><td>Payment is due within 4 days. Unpaid items may be canceled and relisted.</td></tr><tr><th align=""left"">Shipping</th><td>Items ship via eBay Standard Envelope. Combined shipping may apply. Usually ships within 1 business day.</td></tr><tr><th align=""left"">Disclaimer</th><td>All cards are sold as-is. Review item condition and images. No refunds or returns. Contact us before leaving negative feedback.</td></tr></table></div>",FixedPrice,GTC,5.49,,1,,ImmediatePayRequired,,United States,,Flat,USPSFirstClass,1,0.0,,,1,,,ReturnsNotAccepted,,,,,,,,,,,,,Yes,No,,,
Add,BA-000003-o64wc,261328,0,2025 Topps National League LEADERS RBI (SHOHEI OHTANI /ADAMES/MACHADO) LL #86,,,4000,No,BASEBALL,,,,,,,,MLB,,,No,Excellent,,,,Sports Trading Card,,,,,,,,,,,,,,,,,,,,,"<div style=""background:#FDFEFE;border:1px solid #CBD4C2;color:#353535;padding:40px;line-height:1.6;font-family:Arial,sans-serif;font-size:16px;""><h1 style=""text-align:center;"">2025 Topps National League LEADERS RBI (SHOHEI OHTANI /ADAMES/MACHADO) LL #86</h1><table style=""width:100%;margin-top:30px;border-spacing:0;""><tr><th align=""left"">Payment</th><td>Payment is due within 4 days. Unpaid items may be canceled and relisted.</td></tr><tr><th align=""left"">Shipping</th><td>Items ship via eBay Standard Envelope. Combined shipping may apply. Usually ships within 1 business day.</td></tr><tr><th align=""left"">Disclaimer</th><td>All cards are sold as-is. Review item condition and images. No refunds or returns. Contact us before leaving negative feedback.</td></tr></table></div>",FixedPrice,GTC,2.5,,1,,ImmediatePayRequired,,United States,,Flat,USPSFirstClass,1,0.0,,,1,,,ReturnsNotAccepted,,,,,,,,,,,,,No,No,,,
Add,BA-000004-o64we,261328,0,2024 Topps Update JUNIOR CAMINERO #US223 Tampa Bay Rays,,,4000,No,BASEBALL,,,,,,,,MLB,,,No,Excellent,,,,Sports Trading Card,,,,,,,,,,,,,,,,,,,,,"<div style=""background:#FDFEFE;border:1px solid #CBD4C2;color:#353535;padding:40px;line-height:1.6;font-family:Arial,sans-serif;font-size:16px;""><h1 style=""text-align:center;"">2024 Topps Update JUNIOR CAMINERO #US223 Tampa Bay Rays</h1><table style=""width:100%;margin-top:30px;border-spacing:0;""><tr><th align=""left"">Payment</th><td>Payment is due within 4 days. Unpaid items may be canceled and relisted.</td></tr><tr><th align=""left"">Shipping</th><td>Items ship via eBay Standard Envelope. Combined shipping may apply. Usually ships within 1 business day.</td></tr><tr><th align=""left"">Disclaimer</th><td>All cards are sold as-is. Review item condition and images. No refunds or returns. Contact us before leaving negative feedback.</td></tr></table></div>",FixedPrice,GTC,2.99,,1,,ImmediatePayRequired,,United States,,Flat,USPSFirstClass,1,0.0,,,1,,,ReturnsNotAccepted,,,,,,,,,,,,,No,No,,,
Add,BA-000005-o64wf,261328,0,"2019 Topps Heritage ASTROS 2019 Rookie Stars (Tucker/Perez) RS, RC #227 Astros",,,4000,No,BASEBALL,,,,,,,,MLB,,,No,Excellent,,,,Sports Trading Card,,,,,,,,,,,,,,,,,,,,,"<div style=""background:#FDFEFE;border:1px solid #CBD4C2;color:#353535;padding:40px;line-height:1.6;font-family:Arial,sans-serif;font-size:16px;""><h1 style=""text-align:center;"">2019 Topps Heritage ASTROS 2019 Rookie Stars (Tucker/Perez) RS, RC #227 Astros</h1><table style=""width:100%;margin-top:30px;border-spacing:0;""><tr><th align=""left"">Payment</th><td>Payment is due within 4 days. Unpaid items may be canceled and relisted.</td></tr><tr><th align=""left"">Shipping</th><td>Items ship via eBay Standard Envelope. Combined shipping may apply. Usually ships within 1 business day.</td></tr><tr><th align=""left"">Disclaimer</th><td>All cards are sold as-is. Review item condition and images. No refunds or returns. Contact us before leaving negative feedback.</td></tr></table></div>",FixedPrice,GTC,0.99,,1,,ImmediatePayRequired,,United States,,Flat,USPSFirstClass,1,0.0,,,1,,,ReturnsNotAccepted,,,,,,,,,,,,,Yes,No,,,
Add,BA-000007-o64wk,261328,0,2018 Panini Chronicles MICKEY MANTLE #7 Illusions New York Yankees,,,4000,No,BASEBALL,,,,,,,,MLB,,,No,Excellent,,,,Sports Trading Card,,,,,,,,,,,,,,,,,,,,,"<div style=""background:#FDFEFE;border:1px solid #CBD4C2;color:#353535;padding:40px;line-height:1.6;font-family:Arial,sans-serif;font-size:16px;""><h1 style=""text-align:center;"">2018 Panini Chronicles MICKEY MANTLE #7 Illusions New York Yankees</h1><table style=""width:100%;margin-top:30px;border-spacing:0;""><tr><th align=""left"">Payment</th><td>Payment is due within 4 days. Unpaid items may be canceled and relisted.</td></tr><tr><th align=""left"">Shipping</th><td>Items ship via eBay Standard Envelope. Combined shipping may apply. Usually ships within 1 business day.</td></tr><tr><th align=""left"">Disclaimer</th><td>All cards are sold as-is. Review item condition and images. No refunds or returns. Contact us before leaving negative feedback.</td></tr></table></div>",FixedPrice,GTC,3.49,,1,,ImmediatePayRequired,,United States,,Flat,USPSFirstClass,1,0.0,,,1,,,ReturnsNotAccepted,,,,,,,,,,,,,No,No,,,
Add,BA-000008-o64wm,261328,0,2013 Bowman ALBERT PUJOLS #50 Gold Los Angeles Angels,,,4000,No,BASEBALL,,,,,,,,MLB,,,No,Excellent,,,,Sports Trading Card,,,,,,,,,,,,,,,,,,,,,"<div style=""background:#FDFEFE;border:1px solid #CBD4C2;color:#353535;padding:40px;line-height:1.6;font-family:Arial,sans-serif;font-size:16px;""><h1 style=""text-align:center;"">2013 Bowman ALBERT PUJOLS #50 Gold Los Angeles Angels</h1><table style=""width:100%;margin-top:30px;border-spacing:0;""><tr><th align=""left"">Payment</th><td>Payment is due within 4 days. Unpaid items may be canceled and relisted.</td></tr><tr><th align=""left"">Shipping</th><td>Items ship via eBay Standard Envelope. Combined shipping may apply. Usually ships within 1 business day.</td></tr><tr><th align=""left"">Disclaimer</th><td>All cards are sold as-is. Review item condition and images. No refunds or returns. Contact us before leaving negative feedback.</td></tr></table></div>",FixedPrice,GTC,2.99,,1,,ImmediatePayRequired,,United States,,Flat,USPSFirstClass,1,0.0,,,1,,,ReturnsNotAccepted,,,,,,,,,,,,,No,No,,,
Add,BA-000009-o64wp,261328,0,2019 Topps HOLIDAY WILL SMITH #HW99 Los Angeles Dodgers,,,4000,No,BASEBALL,,,,,,,,MLB,,,No,Excellent,,,,Sports Trading Card,,,,,,,,,,,,,,,,,,,,,"<div style=""background:#FDFEFE;border:1px solid #CBD4C2;color:#353535;padding:40px;line-height:1.6;font-family:Arial,sans-serif;font-size:16px;""><h1 style=""text-align:center;"">2019 Topps HOLIDAY WILL SMITH #HW99 Los Angeles Dodgers</h1><table style=""width:100%;margin-top:30px;border-spacing:0;""><tr><th align=""left"">Payment</th><td>Payment is due within 4 days. Unpaid items may be canceled and relisted.</td></tr><tr><th align=""left"">Shipping</th><td>Items ship via eBay Standard Envelope. Combined shipping may apply. Usually ships within 1 business day.</td></tr><tr><th align=""left"">Disclaimer</th><td>All cards are sold as-is. Review item condition and images. No refunds or returns. Contact us before leaving negative feedback.</td></tr></table></div>",FixedPrice,GTC,3.49,,1,,ImmediatePayRequired,,United States,,Flat,USPSFirstClass,1,0.0,,,1,,,ReturnsNotAccepted,,,,,,,,,,,,,No,No,,,
Add,BA-000011-o64wt,261328,0,2021 Panini Diamond Kings MICKEY MANTLE #11 New York Yankees Basketball,,,4000,No,BASEBALL,,,,,,,,MLB,,,No,Excellent,,,,Sports Trading Card,,,,,,,,,,,,,,,,,,,,,"<div style=""background:#FDFEFE;border:1px solid #CBD4C2;color:#353535;padding:40px;line-height:1.6;font-family:Arial,sans-serif;font-size:16px;""><h1 style=""text-align:center;"">2021 Panini Diamond Kings MICKEY MANTLE #11 New York Yankees Basketball</h1><table style=""width:100%;margin-top:30px;border-spacing:0;""><tr><th align=""left"">Payment</th><td>Payment is due within 4 days. Unpaid items may be canceled and relisted.</td></tr><tr><th align=""left"">Shipping</th><td>Items ship via eBay Standard Envelope. Combined shipping may apply. Usually ships within 1 business day.</td></tr><tr><th align=""left"">Disclaimer</th><td>All cards are sold as-is. Review item condition and images. No refunds or returns. Contact us before leaving negative feedback.</td></tr></table></div>",FixedPrice,GTC,2.99,,1,,ImmediatePayRequired,,United States,,Flat,USPSFirstClass,1,0.0,,,1,,,ReturnsNotAccepted,,,,,,,,,,,,,No,No,,,
Add,BA-000010-o64wr,261328,0,2020 Topps Chrome Update DEREK JETER #U-67 New York Yankees,,,4000,No,BASEBALL,,,,,,,,MLB,,,No,Excellent,,,,Sports Trading Card,,,,,,,,,,,,,,,,,,,,,"<div style=""background:#FDFEFE;border:1px solid #CBD4C2;color:#353535;padding:40px;line-height:1.6;font-family:Arial,sans-serif;font-size:16px;""><h1 style=""text-align:center;"">2020 Topps Chrome Update DEREK JETER #U-67 New York Yankees</h1><table style=""width:100%;margin-top:30px;border-spacing:0;""><tr><th align=""left"">Payment</th><td>Payment is due within 4 days. Unpaid items may be canceled and relisted.</td></tr><tr><th align=""left"">Shipping</th><td>Items ship via eBay Standard Envelope. Combined shipping may apply. Usually ships within 1 business day.</td></tr><tr><th align=""left"">Disclaimer</th><td>All cards are sold as-is. Review item condition and images. No refunds or returns. Contact us before leaving negative feedback.</td></tr></table></div>",FixedPrice,GTC,2.99,,1,,ImmediatePayRequired,,United States,,Flat,USPSFirstClass,1,0.0,,,1,,,ReturnsNotAccepted,,,,,,,,,,,,,No,No,,,
Add,BA-000012-o64wv,261328,0,2024 Topps Update WYATT LANGFORD #US341 Texas Rangers,,,4000,No,BASEBALL,,,,,,,,MLB,,,No,Excellent,,,,Sports Trading Card,,,,,,,,,,,,,,,,,,,,,"<div style=""background:#FDFEFE;border:1px solid #CBD4C2;color:#353535;padding:40px;line-height:1.6;font-family:Arial,sans-serif;font-size:16px;""><h1 style=""text-align:center;"">2024 Topps Update WYATT LANGFORD #US341 Texas Rangers</h1><table style=""width:100%;margin-top:30px;border-spacing:0;""><tr><th align=""left"">Payment</th><td>Payment is due within 4 days. Unpaid items may be canceled and relisted.</td></tr><tr><th align=""left"">Shipping</th><td>Items ship via eBay Standard Envelope. Combined shipping may apply. Usually ships within 1 business day.</td></tr><tr><th align=""left"">Disclaimer</th><td>All cards are sold as-is. Review item condition and images. No refunds or returns. Contact us before leaving negative feedback.</td></tr></table></div>",FixedPrice,GTC,6.0,,1,,ImmediatePayRequired,,United States,,Flat,USPSFirstClass,1,0.0,,,1,,,ReturnsNotAccepted,,,,,,,,,,,,,No,No,,,
Add,BA-000014-o64x0,261328,0,2024 Topps Update WYATT LANGFORD #US151 Texas Rangers,,,4000,No,BASEBALL,,,,,,,,MLB,,,No,Excellent,,,,Sports Trading Card,,,,,,,,,,,,,,,,,,,,,"<div style=""background:#FDFEFE;border:1px solid #CBD4C2;color:#353535;padding:40px;line-height:1.6;font-family:Arial,sans-serif;font-size:16px;""><h1 style=""text-align:center;"">2024 Topps Update WYATT LANGFORD #US151 Texas Rangers</h1><table style=""width:100%;margin-top:30px;border-spacing:0;""><tr><th align=""left"">Payment</th><td>Payment is due within 4 days. Unpaid items may be canceled and relisted.</td></tr><tr><th align=""left"">Shipping</th><td>Items ship via eBay Standard Envelope. Combined shipping may apply. Usually ships within 1 business day.</td></tr><tr><th align=""left"">Disclaimer</th><td>All cards are sold as-is. Review item condition and images. No refunds or returns. Contact us before leaving negative feedback.</td></tr></table></div>",FixedPrice,GTC,5.99,,1,,ImmediatePayRequired,,United States,,Flat,USPSFirstClass,1,0.0,,,1,,,ReturnsNotAccepted,,,,,,,,,,,,,No,No,,,
Add,BA-000018-o64x8,261328,0,2023 Topps ANTHONY VOLPE #460 New York Yankees,,,4000,No,BASEBALL,,,,,,,,MLB,,,No,Excellent,,,,Sports Trading Card,,,,,,,,,,,,,,,,,,,,,"<div style=""background:#FDFEFE;border:1px solid #CBD4C2;color:#353535;padding:40px;line-height:1.6;font-family:Arial,sans-serif;font-size:16px;""><h1 style=""text-align:center;"">2023 Topps ANTHONY VOLPE #460 New York Yankees</h1><table style=""width:100%;margin-top:30px;border-spacing:0;""><tr><th align=""left"">Payment</th><td>Payment is due within 4 days. Unpaid items may be canceled and relisted.</td></tr><tr><th align=""left"">Shipping</th><td>Items ship via eBay Standard Envelope. Combined shipping may apply. Usually ships within 1 business day.</td></tr><tr><th align=""left"">Disclaimer</th><td>All cards are sold as-is. Review item condition and images. No refunds or returns. Contact us before leaving negative feedback.</td></tr></table></div>",FixedPrice,GTC,3.49,,1,,ImmediatePayRequired,,United States,,Flat,USPSFirstClass,1,0.0,,,1,,,ReturnsNotAccepted,,,,,,,,,,,,,No,No,,,
Add,BA-000019-o64xa,261328,0,2020 Panini Chronicles MIKE TROUT #1 Los Angeles Angels,,,4000,No,BASEBALL,,,,,,,,MLB,,,No,Excellent,,,,Sports Trading Card,,,,,,,,,,,,,,,,,,,,,"<div style=""background:#FDFEFE;border:1px solid #CBD4C2;color:#353535;padding:40px;line-height:1.6;font-family:Arial,sans-serif;font-size:16px;""><h1 style=""text-align:center;"">2020 Panini Chronicles MIKE TROUT #1 Los Angeles Angels</h1><table style=""width:100%;margin-top:30px;border-spacing:0;""><tr><th align=""left"">Payment</th><td>Payment is due within 4 days. Unpaid items may be canceled and relisted.</td></tr><tr><th align=""left"">Shipping</th><td>Items ship via eBay Standard Envelope. Combined shipping may apply. Usually ships within 1 business day.</td></tr><tr><th align=""left"">Disclaimer</th><td>All cards are sold as-is. Review item condition and images. No refunds or returns. Contact us before leaving negative feedback.</td></tr></table></div>",FixedPrice,GTC,2.99,,1,,ImmediatePayRequired,,United States,,Flat,USPSFirstClass,1,0.0,,,1,,,ReturnsNotAccepted,,,,,,,,,,,,,No,No,,,
Add,BA-000020-o64xd,261328,0,2022 Panini Diamond Kings BABE RUTH #1 New York Yankees Basketball,,,4000,No,BASEBALL,,,,,,,,MLB,,,No,Excellent,,,,Sports Trading Card,,,,,,,,,,,,,,,,,,,,,"<div style=""background:#FDFEFE;border:1px solid #CBD4C2;color:#353535;padding:40px;line-height:1.6;font-family:Arial,sans-serif;font-size:16px;""><h1 style=""text-align:center;"">2022 Panini Diamond Kings BABE RUTH #1 New York Yankees Basketball</h1><table style=""width:100%;margin-top:30px;border-spacing:0;""><tr><th align=""left"">Payment</th><td>Payment is due within 4 days. Unpaid items may be canceled and relisted.</td></tr><tr><th align=""left"">Shipping</th><td>Items ship via eBay Standard Envelope. Combined shipping may apply. Usually ships within 1 business day.</td></tr><tr><th align=""left"">Disclaimer</th><td>All cards are sold as-is. Review item condition and images. No refunds or returns. Contact us before leaving negative feedback.</td></tr></table></div>",FixedPrice,GTC,4.49,,1,,ImmediatePayRequired,,United States,,Flat,USPSFirstClass,1,0.0,,,1,,,ReturnsNotAccepted,,,,,,,,,,,,,No,No,,,
Add,BA-000021-o64xg,261328,0,2022 Panini Diamond Kings RONALD ACUNA JR. #22 Braves Basketball,,,4000,No,BASEBALL,,,,,,,,MLB,,,No,Excellent,,,,Sports Trading Card,,,,,,,,,,,,,,,,,,,,,"<div style=""background:#FDFEFE;border:1px solid #CBD4C2;color:#353535;padding:40px;line-height:1.6;font-family:Arial,sans-serif;font-size:16px;""><h1 style=""text-align:center;"">2022 Panini Diamond Kings RONALD ACUNA JR. #22 Braves Basketball</h1><table style=""width:100%;margin-top:30px;border-spacing:0;""><tr><th align=""left"">Payment</th><td>Payment is due within 4 days. Unpaid items may be canceled and relisted.</td></tr><tr><th align=""left"">Shipping</th><td>Items ship via eBay Standard Envelope. Combined shipping may apply. Usually ships within 1 business day.</td></tr><tr><th align=""left"">Disclaimer</th><td>All cards are sold as-is. Review item condition and images. No refunds or returns. Contact us before leaving negative feedback.</td></tr></table></div>",FixedPrice,GTC,3.49,,1,,ImmediatePayRequired,,United States,,Flat,USPSFirstClass,1,0.0,,,1,,,ReturnsNotAccepted,,,,,,,,,,,,,No,No,,,
Add,BA-000022-o64xi,261328,0,2022 Panini Diamond Kings JUAN SOTO #124 Washington Nationals Basketball,,,4000,No,BASEBALL,,,,,,,,MLB,,,No,Excellent,,,,Sports Trading Card,,,,,,,,,,,,,,,,,,,,,"<div style=""background:#FDFEFE;border:1px solid #CBD4C2;color:#353535;padding:40px;line-height:1.6;font-family:Arial,sans-serif;font-size:16px;""><h1 style=""text-align:center;"">2022 Panini Diamond Kings JUAN SOTO #124 Washington Nationals Basketball</h1><table style=""width:100%;margin-top:30px;border-spacing:0;""><tr><th align=""left"">Payment</th><td>Payment is due within 4 days. Unpaid items may be canceled and relisted.</td></tr><tr><th align=""left"">Shipping</th><td>Items ship via eBay Standard Envelope. Combined shipping may apply. Usually ships within 1 business day.</td></tr><tr><th align=""left"">Disclaimer</th><td>All cards are sold as-is. Review item condition and images. No refunds or returns. Contact us before leaving negative feedback.</td></tr></table></div>",FixedPrice,GTC,4.49,,1,,ImmediatePayRequired,,United States,,Flat,USPSFirstClass,1,0.0,,,1,,,ReturnsNotAccepted,,,,,,,,,,,,,No,No,,,
Add,BA-000024-o64xn,261328,0,2022 Panini Diamond Kings BABE RUTH #AH-8 The Art of Hitting New York Yankees,,,4000,No,BASEBALL,,,,,,,,MLB,,,No,Excellent,,,,Sports Trading Card,,,,,,,,,,,,,,,,,,,,,"<div style=""background:#FDFEFE;border:1px solid #CBD4C2;color:#353535;padding:40px;line-height:1.6;font-family:Arial,sans-serif;font-size:16px;""><h1 style=""text-align:center;"">2022 Panini Diamond Kings BABE RUTH #AH-8 The Art of Hitting New York Yankees</h1><table style=""width:100%;margin-top:30px;border-spacing:0;""><tr><th align=""left"">Payment</th><td>Payment is due within 4 days. Unpaid items may be canceled and relisted.</td></tr><tr><th align=""left"">Shipping</th><td>Items ship via eBay Standard Envelope. Combined shipping may apply. Usually ships within 1 business day.</td></tr><tr><th align=""left"">Disclaimer</th><td>All cards are sold as-is. Review item condition and images. No refunds or returns. Contact us before leaving negative feedback.</td></tr></table></div>",FixedPrice,GTC,2.99,,1,,ImmediatePayRequired,,United States,,Flat,USPSFirstClass,1,0.0,,,1,,,ReturnsNotAccepted,,,,,,,,,,,,,No,No,,,
Add,BA-000025-o64xp,261328,0,2022 Topps ARCHIVES LUIS GIL #124 New York Yankees,,,4000,No,BASEBALL,,,,,,,,MLB,,,No,Excellent,,,,Sports Trading Card,,,,,,,,,,,,,,,,,,,,,"<div style=""background:#FDFEFE;border:1px solid #CBD4C2;color:#353535;padding:40px;line-height:1.6;font-family:Arial,sans-serif;font-size:16px;""><h1 style=""text-align:center;"">2022 Topps ARCHIVES LUIS GIL #124 New York Yankees</h1><table style=""width:100%;margin-top:30px;border-spacing:0;""><tr><th align=""left"">Payment</th><td>Payment is due within 4 days. Unpaid items may be canceled and relisted.</td></tr><tr><th align=""left"">Shipping</th><td>Items ship via eBay Standard Envelope. Combined shipping may apply. Usually ships within 1 business day.</td></tr><tr><th align=""left"">Disclaimer</th><td>All cards are sold as-is. Review item condition and images. No refunds or returns. Contact us before leaving negative feedback.</td></tr></table></div>",FixedPrice,GTC,3.49,,1,,ImmediatePayRequired,,United States,,Flat,USPSFirstClass,1,0.0,,,1,,,ReturnsNotAccepted,,,,,,,,,,,,,No,No,,,
Add,BA-000029-o64xv,261328,0,2024 Bowman's Best JORDAN BECK #26 Refractors Colorado Rockies,,,4000,No,BASEBALL,,,,,,,,MLB,,,No,Excellent,,,,Sports Trading Card,,,,,,,,,,,,,,,,,,,,,"<div style=""background:#FDFEFE;border:1px solid #CBD4C2;color:#353535;padding:40px;line-height:1.6;font-family:Arial,sans-serif;font-size:16px;""><h1 style=""text-align:center;"">2024 Bowman's Best JORDAN BECK #26 Refractors Colorado Rockies</h1><table style=""width:100%;margin-top:30px;border-spacing:0;""><tr><th align=""left"">Payment</th><td>Payment is due within 4 days. Unpaid items may be canceled and relisted.</td></tr><tr><th align=""left"">Shipping</th><td>Items ship via eBay Standard Envelope. Combined shipping may apply. Usually ships within 1 business day.</td></tr><tr><th align=""left"">Disclaimer</th><td>All cards are sold as-is. Review item condition and images. No refunds or returns. Contact us before leaving negative feedback.</td></tr></table></div>",FixedPrice,GTC,3.49,,1,,ImmediatePayRequired,,United States,,Flat,USPSFirstClass,1,0.0,,,1,,,ReturnsNotAccepted,,,,,,,,,,,,,No,No,,,
Add,BA-000030-o64xw,261328,0,2020 Topps DYLAN CEASE #326 Chicago White Sox,,,4000,No,BASEBALL,,,,,,,,MLB,,,No,Excellent,,,,Sports Trading Card,,,,,,,,,,,,,,,,,,,,,"<div style=""background:#FDFEFE;border:1px solid #CBD4C2;color:#353535;padding:40px;line-height:1.6;font-family:Arial,sans-serif;font-size:16px;""><h1 style=""text-align:center;"">2020 Topps DYLAN CEASE #326 Chicago White Sox</h1><table style=""width:100%;margin-top:30px;border-spacing:0;""><tr><th align=""left"">Payment</th><td>Payment is due within 4 days. Unpaid items may be canceled and relisted.</td></tr><tr><th align=""left"">Shipping</th><td>Items ship via eBay Standard Envelope. Combined shipping may apply. Usually ships within 1 business day.</td></tr><tr><th align=""left"">Disclaimer</th><td>All cards are sold as-is. Review item condition and images. No refunds or returns. Contact us before leaving negative feedback.</td></tr></table></div>",FixedPrice,GTC,3.49,,1,,ImmediatePayRequired,,United States,,Flat,USPSFirstClass,1,0.0,,,1,,,ReturnsNotAccepted,,,,,,,,,,,,,No,No,,,
Add,BA-000031-o64xx,261328,0,2023 Bowman JOSH JUNG #43 Texas Rangers,,,4000,No,BASEBALL,,,,,,,,MLB,,,No,Excellent,,,,Sports Trading Card,,,,,,,,,,,,,,,,,,,,,"<div style=""background:#FDFEFE;border:1px solid #CBD4C2;color:#353535;padding:40px;line-height:1.6;font-family:Arial,sans-serif;font-size:16px;""><h1 style=""text-align:center;"">2023 Bowman JOSH JUNG #43 Texas Rangers</h1><table style=""width:100%;margin-top:30px;border-spacing:0;""><tr><th align=""left"">Payment</th><td>Payment is due within 4 days. Unpaid items may be canceled and relisted.</td></tr><tr><th align=""left"">Shipping</th><td>Items ship via eBay Standard Envelope. Combined shipping may apply. Usually ships within 1 business day.</td></tr><tr><th align=""left"">Disclaimer</th><td>All cards are sold as-is. Review item condition and images. No refunds or returns. Contact us before leaving negative feedback.</td></tr></table></div>",FixedPrice,GTC,3.49,,1,,ImmediatePayRequired,,United States,,Flat,USPSFirstClass,1,0.0,,,1,,,ReturnsNotAccepted,,,,,,,,,,,,,No,No,,,
Add,BA-000032-o64xy,261328,0,2024 Topps Chrome Update AUSTIN WELLS #USC197 Refractors New York Yankees,,,4000,No,BASEBALL,,,,,,,,MLB,,,No,Excellent,,,,Sports Trading Card,,,,,,,,,,,,,,,,,,,,,"<div style=""background:#FDFEFE;border:1px solid #CBD4C2;color:#353535;padding:40px;line-height:1.6;font-family:Arial,sans-serif;font-size:16px;""><h1 style=""text-align:center;"">2024 Topps Chrome Update AUSTIN WELLS #USC197 Refractors New York Yankees</h1><table style=""width:100%;margin-top:30px;border-spacing:0;""><tr><th align=""left"">Payment</th><td>Payment is due within 4 days. Unpaid items may be canceled and relisted.</td></tr><tr><th align=""left"">Shipping</th><td>Items ship via eBay Standard Envelope. Combined shipping may apply. Usually ships within 1 business day.</td></tr><tr><th align=""left"">Disclaimer</th><td>All cards are sold as-is. Review item condition and images. No refunds or returns. Contact us before leaving negative feedback.</td></tr></table></div>",FixedPrice,GTC,3.99,,1,,ImmediatePayRequired,,United States,,Flat,USPSFirstClass,1,0.0,,,1,,,ReturnsNotAccepted,,,,,,,,,,,,,No,No,,,
Add,BA-000033-o64xz,261328,0,2024 Bowman XAVIER ISAAC #PP-15 Prospect Power-Up Tampa Bay Rays,,,4000,No,BASEBALL,,,,,,,,MLB,,,No,Excellent,,,,Sports Trading Card,,,,,,,,,,,,,,,,,,,,,"<div style=""background:#FDFEFE;border:1px solid #CBD4C2;color:#353535;padding:40px;line-height:1.6;font-family:Arial,sans-serif;font-size:16px;""><h1 style=""text-align:center;"">2024 Bowman XAVIER ISAAC #PP-15 Prospect Power-Up Tampa Bay Rays</h1><table style=""width:100%;margin-top:30px;border-spacing:0;""><tr><th align=""left"">Payment</th><td>Payment is due within 4 days. Unpaid items may be canceled and relisted.</td></tr><tr><th align=""left"">Shipping</th><td>Items ship via eBay Standard Envelope. Combined shipping may apply. Usually ships within 1 business day.</td></tr><tr><th align=""left"">Disclaimer</th><td>All cards are sold as-is. Review item condition and images. No refunds or returns. Contact us before leaving negative feedback.</td></tr></table></div>",FixedPrice,GTC,3.49,,1,,ImmediatePayRequired,,United States,,Flat,USPSFirstClass,1,0.0,,,1,,,ReturnsNotAccepted,,,,,,,,,,,,,No,No,,,
Add,BA-000034-o64y0,261328,0,2022 Topps Heritage JEREMY PEÑA #629 Houston Astros,,,4000,No,BASEBALL,,,,,,,,MLB,,,No,Excellent,,,,Sports Trading Card,,,,,,,,,,,,,,,,,,,,,"<div style=""background:#FDFEFE;border:1px solid #CBD4C2;color:#353535;padding:40px;line-height:1.6;font-family:Arial,sans-serif;font-size:16px;""><h1 style=""text-align:center;"">2022 Topps Heritage JEREMY PEÑA #629 Houston Astros</h1><table style=""width:100%;margin-top:30px;border-spacing:0;""><tr><th align=""left"">Payment</th><td>Payment is due within 4 days. Unpaid items may be canceled and relisted.</td></tr><tr><th align=""left"">Shipping</th><td>Items ship via eBay Standard Envelope. Combined shipping may apply. Usually ships within 1 business day.</td></tr><tr><th align=""left"">Disclaimer</th><td>All cards are sold as-is. Review item condition and images. No refunds or returns. Contact us before leaving negative feedback.</td></tr></table></div>",FixedPrice,GTC,1.99,,1,,ImmediatePayRequired,,United States,,Flat,USPSFirstClass,1,0.0,,,1,,,ReturnsNotAccepted,,,,,,,,,,,,,No,No,,,
Add,BA-000036-o64y2,261328,0,2022 Topps Heritage SPENCER STRIDER #521 Atlanta Braves,,,4000,No,BASEBALL,,,,,,,,MLB,,,No,Excellent,,,,Sports Trading Card,,,,,,,,,,,,,,,,,,,,,"<div style=""background:#FDFEFE;border:1px solid #CBD4C2;color:#353535;padding:40px;line-height:1.6;font-family:Arial,sans-serif;font-size:16px;""><h1 style=""text-align:center;"">2022 Topps Heritage SPENCER STRIDER #521 Atlanta Braves</h1><table style=""width:100%;margin-top:30px;border-spacing:0;""><tr><th align=""left"">Payment</th><td>Payment is due within 4 days. Unpaid items may be canceled and relisted.</td></tr><tr><th align=""left"">Shipping</th><td>Items ship via eBay Standard Envelope. Combined shipping may apply. Usually ships within 1 business day.</td></tr><tr><th align=""left"">Disclaimer</th><td>All cards are sold as-is. Review item condition and images. No refunds or returns. Contact us before leaving negative feedback.</td></tr></table></div>",FixedPrice,GTC,2.99,,1,,ImmediatePayRequired,,United States,,Flat,USPSFirstClass,1,0.0,,,1,,,ReturnsNotAccepted,,,,,,,,,,,,,No,No,,,
Add,BA-000039-o64y5,261328,0,2022 Bowman PLATINUM SEIYA SUZUKI #75 Chicago Cubs,,,4000,No,BASEBALL,,,,,,,,MLB,,,No,Excellent,,,,Sports Trading Card,,,,,,,,,,,,,,,,,,,,,"<div style=""background:#FDFEFE;border:1px solid #CBD4C2;color:#353535;padding:40px;line-height:1.6;font-family:Arial,sans-serif;font-size:16px;""><h1 style=""text-align:center;"">2022 Bowman PLATINUM SEIYA SUZUKI #75 Chicago Cubs</h1><table style=""width:100%;margin-top:30px;border-spacing:0;""><tr><th align=""left"">Payment</th><td>Payment is due within 4 days. Unpaid items may be canceled and relisted.</td></tr><tr><th align=""left"">Shipping</th><td>Items ship via eBay Standard Envelope. Combined shipping may apply. Usually ships within 1 business day.</td></tr><tr><th align=""left"">Disclaimer</th><td>All cards are sold as-is. Review item condition and images. No refunds or returns. Contact us before leaving negative feedback.</td></tr></table></div>",FixedPrice,GTC,3.49,,1,,ImmediatePayRequired,,United States,,Flat,USPSFirstClass,1,0.0,,,1,,,ReturnsNotAccepted,,,,,,,,,,,,,No,No,,,
Add,BA-000038-o64y4,261328,0,2013 Bowman Draft PICKS & Prospects Christian Yelich #40 Miami Marlins,,,4000,No,BASEBALL,,,,,,,,MLB,,,No,Excellent,,,,Sports Trading Card,,,,,,,,,,,,,,,,,,,,,"<div style=""background:#FDFEFE;border:1px solid #CBD4C2;color:#353535;padding:40px;line-height:1.6;font-family:Arial,sans-serif;font-size:16px;""><h1 style=""text-align:center;"">2013 Bowman Draft PICKS & Prospects Christian Yelich #40 Miami Marlins</h1><table style=""width:100%;margin-top:30px;border-spacing:0;""><tr><th align=""left"">Payment</th><td>Payment is due within 4 days. Unpaid items may be canceled and relisted.</td></tr><tr><th align=""left"">Shipping</th><td>Items ship via eBay Standard Envelope. Combined shipping may apply. Usually ships within 1 business day.</td></tr><tr><th align=""left"">Disclaimer</th><td>All cards are sold as-is. Review item condition and images. No refunds or returns. Contact us before leaving negative feedback.</td></tr></table></div>",FixedPrice,GTC,2.49,,1,,ImmediatePayRequired,,United States,,Flat,USPSFirstClass,1,0.0,,,1,,,ReturnsNotAccepted,,,,,,,,,,,,,No,No,,,
Add,BA-000040-o64y6,261328,0,2018 Topps Update WILLY ADAMES #US25 Tampa Bay Rays,,,4000,No,BASEBALL,,,,,,,,MLB,,,No,Excellent,,,,Sports Trading Card,,,,,,,,,,,,,,,,,,,,,"<div style=""background:#FDFEFE;border:1px solid #CBD4C2;color:#353535;padding:40px;line-height:1.6;font-family:Arial,sans-serif;font-size:16px;""><h1 style=""text-align:center;"">2018 Topps Update WILLY ADAMES #US25 Tampa Bay Rays</h1><table style=""width:100%;margin-top:30px;border-spacing:0;""><tr><th align=""left"">Payment</th><td>Payment is due within 4 days. Unpaid items may be canceled and relisted.</td></tr><tr><th align=""left"">Shipping</th><td>Items ship via eBay Standard Envelope. Combined shipping may apply. Usually ships within 1 business day.</td></tr><tr><th align=""left"">Disclaimer</th><td>All cards are sold as-is. Review item condition and images. No refunds or returns. Contact us before leaving negative feedback.</td></tr></table></div>",FixedPrice,GTC,3.49,,1,,ImmediatePayRequired,,United States,,Flat,USPSFirstClass,1,0.0,,,1,,,ReturnsNotAccepted,,,,,,,,,,,,,No,No,,,
Add,BA-000043-o64y9,261328,0,2018 Topps Update SHANE BIEBER #US198 Cleveland Indians,,,4000,No,BASEBALL,,,,,,,,MLB,,,No,Excellent,,,,Sports Trading Card,,,,,,,,,,,,,,,,,,,,,"<div style=""background:#FDFEFE;border:1px solid #CBD4C2;color:#353535;padding:40px;line-height:1.6;font-family:Arial,sans-serif;font-size:16px;""><h1 style=""text-align:center;"">2018 Topps Update SHANE BIEBER #US198 Cleveland Indians</h1><table style=""width:100%;margin-top:30px;border-spacing:0;""><tr><th align=""left"">Payment</th><td>Payment is due within 4 days. Unpaid items may be canceled and relisted.</td></tr><tr><th align=""left"">Shipping</th><td>Items ship via eBay Standard Envelope. Combined shipping may apply. Usually ships within 1 business day.</td></tr><tr><th align=""left"">Disclaimer</th><td>All cards are sold as-is. Review item condition and images. No refunds or returns. Contact us before leaving negative feedback.</td></tr></table></div>",FixedPrice,GTC,3.49,,1,,ImmediatePayRequired,,United States,,Flat,USPSFirstClass,1,0.0,,,1,,,ReturnsNotAccepted,,,,,,,,,,,,,No,No,,,
Add,BA-000042-o64y8,261328,0,2018 Panini Chronicles WILLY ADAMES #183 Optic Rated Rookies Prizm Rays RC,,,4000,No,BASEBALL,,,,,,,,MLB,,,No,Excellent,,,,Sports Trading Card,,,,,,,,,,,,,,,,,,,,,"<div style=""background:#FDFEFE;border:1px solid #CBD4C2;color:#353535;padding:40px;line-height:1.6;font-family:Arial,sans-serif;font-size:16px;""><h1 style=""text-align:center;"">2018 Panini Chronicles WILLY ADAMES #183 Optic Rated Rookies Prizm Rays RC</h1><table style=""width:100%;margin-top:30px;border-spacing:0;""><tr><th align=""left"">Payment</th><td>Payment is due within 4 days. Unpaid items may be canceled and relisted.</td></tr><tr><th align=""left"">Shipping</th><td>Items ship via eBay Standard Envelope. Combined shipping may apply. Usually ships within 1 business day.</td></tr><tr><th align=""left"">Disclaimer</th><td>All cards are sold as-is. Review item condition and images. No refunds or returns. Contact us before leaving negative feedback.</td></tr></table></div>",FixedPrice,GTC,3.49,,1,,ImmediatePayRequired,,United States,,Flat,USPSFirstClass,1,0.0,,,1,,,ReturnsNotAccepted,,,,,,,,,,,,,Yes,No,,,
Add,BA-000045-o64yb,261328,0,2018 Topps Update OZZIE ALBIES #US162 Atlanta Braves,,,4000,No,BASEBALL,,,,,,,,MLB,,,No,Excellent,,,,Sports Trading Card,,,,,,,,,,,,,,,,,,,,,"<div style=""background:#FDFEFE;border:1px solid #CBD4C2;color:#353535;padding:40px;line-height:1.6;font-family:Arial,sans-serif;font-size:16px;""><h1 style=""text-align:center;"">2018 Topps Update OZZIE ALBIES #US162 Atlanta Braves</h1><table style=""width:100%;margin-top:30px;border-spacing:0;""><tr><th align=""left"">Payment</th><td>Payment is due within 4 days. Unpaid items may be canceled and relisted.</td></tr><tr><th align=""left"">Shipping</th><td>Items ship via eBay Standard Envelope. Combined shipping may apply. Usually ships within 1 business day.</td></tr><tr><th align=""left"">Disclaimer</th><td>All cards are sold as-is. Review item condition and images. No refunds or returns. Contact us before leaving negative feedback.</td></tr></table></div>",FixedPrice,GTC,2.99,,1,,ImmediatePayRequired,,United States,,Flat,USPSFirstClass,1,0.0,,,1,,,ReturnsNotAccepted,,,,,,,,,,,,,No,No,,,
Add,BA-000048-o6gww,261328,0,2025 Topps Chrome Update CARLOS DURAN #USC84 Refractors Athletics,,,4000,No,BASEBALL,,,,,,,,MLB,,,No,Excellent,,,,Sports Trading Card,,,,,,,,,,,,,,,,,,,,,"<div style=""background:#FDFEFE;border:1px solid #CBD4C2;color:#353535;padding:40px;line-height:1.6;font-family:Arial,sans-serif;font-size:16px;""><h1 style=""text-align:center;"">2025 Topps Chrome Update CARLOS DURAN #USC84 Refractors Athletics</h1><table style=""width:100%;margin-top:30px;border-spacing:0;""><tr><th align=""left"">Payment</th><td>Payment is due within 4 days. Unpaid items may be canceled and relisted.</td></tr><tr><th align=""left"">Shipping</th><td>Items ship via eBay Standard Envelope. Combined shipping may apply. Usually ships within 1 business day.</td></tr><tr><th align=""left"">Disclaimer</th><td>All cards are sold as-is. Review item condition and images. No refunds or returns. Contact us before leaving negative feedback.</td></tr></table></div>",FixedPrice,GTC,2.49,,1,,ImmediatePayRequired,,United States,,Flat,USPSFirstClass,1,0.0,,,1,,,ReturnsNotAccepted,,,,,,,,,,,,,No,No,,,
Add,BA-000051-o6gwz,261328,0,2025 Topps HOLIDAY SHEA LANGELIERS #H102 Athletics,,,4000,No,BASEBALL,,,,,,,,MLB,,,No,Excellent,,,,Sports Trading Card,,,,,,,,,,,,,,,,,,,,,"<div style=""background:#FDFEFE;border:1px solid #CBD4C2;color:#353535;padding:40px;line-height:1.6;font-family:Arial,sans-serif;font-size:16px;""><h1 style=""text-align:center;"">2025 Topps HOLIDAY SHEA LANGELIERS #H102 Athletics</h1><table style=""width:100%;margin-top:30px;border-spacing:0;""><tr><th align=""left"">Payment</th><td>Payment is due within 4 days. Unpaid items may be canceled and relisted.</td></tr><tr><th align=""left"">Shipping</th><td>Items ship via eBay Standard Envelope. Combined shipping may apply. Usually ships within 1 business day.</td></tr><tr><th align=""left"">Disclaimer</th><td>All cards are sold as-is. Review item condition and images. No refunds or returns. Contact us before leaving negative feedback.</td></tr></table></div>",FixedPrice,GTC,1.99,,1,,ImmediatePayRequired,,United States,,Flat,USPSFirstClass,1,0.0,,,1,,,ReturnsNotAccepted,,,,,,,,,,,,,No,No,,,
Add,BA-000052-o6gx0,261328,0,2025 Topps HOLIDAY NICK KURTZ #H40 Athletics ROY,,,4000,No,BASEBALL,,,,,,,,MLB,,,No,Excellent,,,,Sports Trading Card,,,,,,,,,,,,,,,,,,,,,"<div style=""background:#FDFEFE;border:1px solid #CBD4C2;color:#353535;padding:40px;line-height:1.6;font-family:Arial,sans-serif;font-size:16px;""><h1 style=""text-align:center;"">2025 Topps HOLIDAY NICK KURTZ #H40 Athletics ROY</h1><table style=""width:100%;margin-top:30px;border-spacing:0;""><tr><th align=""left"">Payment</th><td>Payment is due within 4 days. Unpaid items may be canceled and relisted.</td></tr><tr><th align=""left"">Shipping</th><td>Items ship via eBay Standard Envelope. Combined shipping may apply. Usually ships within 1 business day.</td></tr><tr><th align=""left"">Disclaimer</th><td>All cards are sold as-is. Review item condition and images. No refunds or returns. Contact us before leaving negative feedback.</td></tr></table></div>",FixedPrice,GTC,3.99,,1,,ImmediatePayRequired,,United States,,Flat,USPSFirstClass,1,0.0,,,1,,,ReturnsNotAccepted,,,,,,,,,,,,,No,No,,,
Add,BA-000053-o6gx1,261328,0,2025 Topps HOLIDAY LAWRENCE BUTLER #H80 Holiday Lights Athletics,,,4000,No,BASEBALL,,,,,,,,MLB,,,No,Excellent,,,,Sports Trading Card,,,,,,,,,,,,,,,,,,,,,"<div style=""background:#FDFEFE;border:1px solid #CBD4C2;color:#353535;padding:40px;line-height:1.6;font-family:Arial,sans-serif;font-size:16px;""><h1 style=""text-align:center;"">2025 Topps HOLIDAY LAWRENCE BUTLER #H80 Holiday Lights Athletics</h1><table style=""width:100%;margin-top:30px;border-spacing:0;""><tr><th align=""left"">Payment</th><td>Payment is due within 4 days. Unpaid items may be canceled and relisted.</td></tr><tr><th align=""left"">Shipping</th><td>Items ship via eBay Standard Envelope. Combined shipping may apply. Usually ships within 1 business day.</td></tr><tr><th align=""left"">Disclaimer</th><td>All cards are sold as-is. Review item condition and images. No refunds or returns. Contact us before leaving negative feedback.</td></tr></table></div>",FixedPrice,GTC,1.99,,1,,ImmediatePayRequired,,United States,,Flat,USPSFirstClass,1,0.0,,,1,,,ReturnsNotAccepted,,,,,,,,,,,,,No,No,,,
Add,BA-000054-o6gx2,261328,0,2025 Topps Heritage MICHAEL DARRELL-HICKS #655 Chrome Light Blue Sparkle Pirates,,,4000,No,BASEBALL,,,,,,,,MLB,,,No,Excellent,,,,Sports Trading Card,,,,,,,,,,,,,,,,,,,,,"<div style=""background:#FDFEFE;border:1px solid #CBD4C2;color:#353535;padding:40px;line-height:1.6;font-family:Arial,sans-serif;font-size:16px;""><h1 style=""text-align:center;"">2025 Topps Heritage MICHAEL DARRELL-HICKS #655 Chrome Light Blue Sparkle Pirates</h1><table style=""width:100%;margin-top:30px;border-spacing:0;""><tr><th align=""left"">Payment</th><td>Payment is due within 4 days. Unpaid items may be canceled and relisted.</td></tr><tr><th align=""left"">Shipping</th><td>Items ship via eBay Standard Envelope. Combined shipping may apply. Usually ships within 1 business day.</td></tr><tr><th align=""left"">Disclaimer</th><td>All cards are sold as-is. Review item condition and images. No refunds or returns. Contact us before leaving negative feedback.</td></tr></table></div>",FixedPrice,GTC,2.99,,1,,ImmediatePayRequired,,United States,,Flat,USPSFirstClass,1,0.0,,,1,,,ReturnsNotAccepted,,,,,,,,,,,,,No,No,,,
Add,BA-000055-o6gx3,261328,0,2025 Topps Chrome COSMIC JUSTYN-HENRY MALLOY #75 Detroit Tigers,,,4000,No,BASEBALL,,,,,,,,MLB,,,No,Excellent,,,,Sports Trading Card,,,,,,,,,,,,,,,,,,,,,"<div style=""background:#FDFEFE;border:1px solid #CBD4C2;color:#353535;padding:40px;line-height:1.6;font-family:Arial,sans-serif;font-size:16px;""><h1 style=""text-align:center;"">2025 Topps Chrome COSMIC JUSTYN-HENRY MALLOY #75 Detroit Tigers</h1><table style=""width:100%;margin-top:30px;border-spacing:0;""><tr><th align=""left"">Payment</th><td>Payment is due within 4 days. Unpaid items may be canceled and relisted.</td></tr><tr><th align=""left"">Shipping</th><td>Items ship via eBay Standard Envelope. Combined shipping may apply. Usually ships within 1 business day.</td></tr><tr><th align=""left"">Disclaimer</th><td>All cards are sold as-is. Review item condition and images. No refunds or returns. Contact us before leaving negative feedback.</td></tr></table></div>",FixedPrice,GTC,3.99,,1,,ImmediatePayRequired,,United States,,Flat,USPSFirstClass,1,0.0,,,1,,,ReturnsNotAccepted,,,,,,,,,,,,,No,No,,,
Add,BA-000056-o6gx4,261328,0,2025 Topps Chrome Update RONNY SIMON #USC35 Refractors Pittsburgh Pirates,,,4000,No,BASEBALL,,,,,,,,MLB,,,No,Excellent,,,,Sports Trading Card,,,,,,,,,,,,,,,,,,,,,"<div style=""background:#FDFEFE;border:1px solid #CBD4C2;color:#353535;padding:40px;line-height:1.6;font-family:Arial,sans-serif;font-size:16px;""><h1 style=""text-align:center;"">2025 Topps Chrome Update RONNY SIMON #USC35 Refractors Pittsburgh Pirates</h1><table style=""width:100%;margin-top:30px;border-spacing:0;""><tr><th align=""left"">Payment</th><td>Payment is due within 4 days. Unpaid items may be canceled and relisted.</td></tr><tr><th align=""left"">Shipping</th><td>Items ship via eBay Standard Envelope. Combined shipping may apply. Usually ships within 1 business day.</td></tr><tr><th align=""left"">Disclaimer</th><td>All cards are sold as-is. Review item condition and images. No refunds or returns. Contact us before leaving negative feedback.</td></tr></table></div>",FixedPrice,GTC,2.49,,1,,ImmediatePayRequired,,United States,,Flat,USPSFirstClass,1,0.0,,,1,,,ReturnsNotAccepted,,,,,,,,,,,,,No,No,,,
