Info,Version=1.0.0,Template=fx_category_template_EBAY_US,,,,,,,,,,,,,,,,,,,,,,,,,,,,,,,,,,,,,,,,,,,,,,,,,,,,,,,,,,,,,,,,,,,,,,,,,,,,,,,,,
*Action(SiteID=US|Country=US|Currency=USD|Version=1193|CC=UTF-8),CustomLabel,*Category,StoreCategory,*Title,Subtitle,Relationship,*ConditionID,*C:Graded,*C:Sport,*C:Player/Athlete,*C:Parallel/Variety,*C:Manufacturer,C:Season,*C:Features,*C:Set,CD:Grade - (ID: 27502),*C:League,CD:Professional Grader - (ID: 27501),*C:Team,*C:Autographed,CD:Card Condition - (ID: 40001),*C:Card Name,*C:Card Number,CDA:Certification Number - (ID: 27503),*C:Type,C:Signed By,C:Autograph Authentication,C:Year Manufactured,C:Card Size,C:Country/Region of Manufacturer,C:Material,C:Autograph Format,C:Vintage,C:Original/Licensed Reprint,C:Event/Tournament,C:Language,C:Autograph Authentication Number,C:Bundle Description,C:California Prop 65 Warning,C:Card Thickness,C:Custom Bundle,C:Insert Set,C:Print Run,PicURL,GalleryType,*Description,*Format,*Duration,*StartPrice,BuyItNowPrice,*Quantity,PayPalAccepted,PayPalEmailAddress,ImmediatePayRequired,PaymentInstructions,*Location,PostalCode,ShippingType,ShippingService-1:Option,ShippingService-1:FreeShipping,ShippingService-1:Cost,ShippingService-1:AdditionalCost,ShippingService-2:Option,ShippingService-2:Cost,*DispatchTimeMax,PromotionalShippingDiscount,ShippingDiscountProfileID,*ReturnsAcceptedOption,ReturnsWithinOption,RefundOption,ShippingCostPaidByOption,AdditionalDetails,ShippingProfileName,ReturnProfileName,PaymentProfileName,TakeBackPolicyID,ProductCompliancePolicyID,ScheduleTime,BestOfferEnabled,MinimumBestOfferPrice,BestOfferAutoAcceptPrice,*C:Rookie,*C:Memorabilia
Add,igo7x,261328,0,2025 Topps Hobby RIP NIGHT RANDY JOHNSON #4 Arizona Diamondbacks,,,4000,No,BASEBALL,,,,,,,,MLB,,,No,Excellent,,,,Sports Trading Card,,,,,,,,,,,,,,,,,,,,,"<div style=""background:#FDFEFE;border:1px solid #CBD4C2;color:#353535;padding:40px;line-height:1.6;font-family:Arial,sans-serif;font-size:16px;""><h1 style=""text-align:center;"">2025 Topps Hobby RIP NIGHT RANDY JOHNSON #4 Arizona Diamondbacks</h1><table style=""width:100%;margin-top:30px;border-spacing:0;""><tr><th align=""left"">Payment</th><td>Payment is due within 4 days. Unpaid items may be canceled and relisted.</td></tr><tr><th align=""left"">Shipping</th><td>Items ship via eBay Standard Envelope. Combined shipping may apply. Usually ships within 1 business day.</td></tr><tr><th align=""left"">Disclaimer</th><td>All cards are sold as-is. Review item condition and images. No refunds or returns. Contact us before leaving negative feedback.</td></tr></table></div>",FixedPrice,GTC,2.99,,1,,ImmediatePayRequired,,United States,,Flat,USPSFirstClass,1,0.0,,,1,,,ReturnsNotAccepted,,,,,,,,,,,,,No,No,,,
Add,igo7v,261328,0,2025 Topps Hobby RIP NIGHT BROOKS LEE #14 Minnesota Twins,,,4000,No,BASEBALL,,,,,,,,MLB,,,No,Excellent,,,,Sports Trading Card,,,,,,,,,,,,,,,,,,,,,"<div style=""background:#FDFEFE;border:1px solid #CBD4C2;color:#353535;padding:40px;line-height:1.6;font-family:Arial,sans-serif;font-size:16px;""><h1 style=""text-align:center;"">2025 Topps Hobby RIP NIGHT BROOKS LEE #14 Minnesota Twins</h1><table style=""width:100%;margin-top:30px;border-spacing:0;""><tr><th align=""left"">Payment</th><td>Payment is due within 4 days. Unpaid items may be canceled and relisted.</td></tr><tr><th align=""left"">Shipping</th><td>Items ship via eBay Standard Envelope. Combined shipping may apply. Usually ships within 1 business day.</td></tr><tr><th align=""left"">Disclaimer</th><td>All cards are sold as-is. Review item condition and images. No refunds or returns. Contact us before leaving negative feedback.</td></tr></table></div>",FixedPrice,GTC,2.99,,1,,ImmediatePayRequired,,United States,,Flat,USPSFirstClass,1,0.0,,,1,,,ReturnsNotAccepted,,,,,,,,,,,,,No,No,,,
Add,igo8j,261328,0,2025 Topps TREA TURNER #T90-43 1990 Topps Baseball 35th Anniversary Phillies,,,4000,No,BASEBALL,,,,,,,,MLB,,,No,Excellent,,,,Sports Trading Card,,,,,,,,,,,,,,,,,,,,,"<div style=""background:#FDFEFE;border:1px solid #CBD4C2;color:#353535;padding:40px;line-height:1.6;font-family:Arial,sans-serif;font-size:16px;""><h1 style=""text-align:center;"">2025 Topps TREA TURNER #T90-43 1990 Topps Baseball 35th Anniversary Phillies</h1><table style=""width:100%;margin-top:30px;border-spacing:0;""><tr><th align=""left"">Payment</th><td>Payment is due within 4 days. Unpaid items may be canceled and relisted.</td></tr><tr><th align=""left"">Shipping</th><td>Items ship via eBay Standard Envelope. Combined shipping may apply. Usually ships within 1 business day.</td></tr><tr><th align=""left"">Disclaimer</th><td>All cards are sold as-is. Review item condition and images. No refunds or returns. Contact us before leaving negative feedback.</td></tr></table></div>",FixedPrice,GTC,2.99,,1,,ImmediatePayRequired,,United States,,Flat,USPSFirstClass,1,0.0,,,1,,,ReturnsNotAccepted,,,,,,,,,,,,,No,No,,,
Add,igo8l,261328,0,2025 Topps Heritage RYAN MOUNTCASTLE #27 Dark Blue Baltimore Orioles,,,4000,No,BASEBALL,,,,,,,,MLB,,,No,Excellent,,,,Sports Trading Card,,,,,,,,,,,,,,,,,,,,,"<div style=""background:#FDFEFE;border:1px solid #CBD4C2;color:#353535;padding:40px;line-height:1.6;font-family:Arial,sans-serif;font-size:16px;""><h1 style=""text-align:center;"">2025 Topps Heritage RYAN MOUNTCASTLE #27 Dark Blue Baltimore Orioles</h1><table style=""width:100%;margin-top:30px;border-spacing:0;""><tr><th align=""left"">Payment</th><td>Payment is due within 4 days. Unpaid items may be canceled and relisted.</td></tr><tr><th align=""left"">Shipping</th><td>Items ship via eBay Standard Envelope. Combined shipping may apply. Usually ships within 1 business day.</td></tr><tr><th align=""left"">Disclaimer</th><td>All cards are sold as-is. Review item condition and images. No refunds or returns. Contact us before leaving negative feedback.</td></tr></table></div>",FixedPrice,GTC,2.99,,1,,ImmediatePayRequired,,United States,,Flat,USPSFirstClass,1,0.0,,,1,,,ReturnsNotAccepted,,,,,,,,,,,,,No,No,,,
Add,igo8r,261328,0,"2025 Topps NL RBI (OHTANI / Willy Adames / Manny Machado) LL, SN2025 #86",,,4000,No,BASEBALL,,,,,,,,MLB,,,No,Excellent,,,,Sports Trading Card,,,,,,,,,,,,,,,,,,,,,"<div style=""background:#FDFEFE;border:1px solid #CBD4C2;color:#353535;padding:40px;line-height:1.6;font-family:Arial,sans-serif;font-size:16px;""><h1 style=""text-align:center;"">2025 Topps NL RBI (OHTANI / Willy Adames / Manny Machado) LL, SN2025 #86</h1><table style=""width:100%;margin-top:30px;border-spacing:0;""><tr><th align=""left"">Payment</th><td>Payment is due within 4 days. Unpaid items may be canceled and relisted.</td></tr><tr><th align=""left"">Shipping</th><td>Items ship via eBay Standard Envelope. Combined shipping may apply. Usually ships within 1 business day.</td></tr><tr><th align=""left"">Disclaimer</th><td>All cards are sold as-is. Review item condition and images. No refunds or returns. Contact us before leaving negative feedback.</td></tr></table></div>",FixedPrice,GTC,2.99,,1,,ImmediatePayRequired,,United States,,Flat,USPSFirstClass,1,0.0,,,1,,,ReturnsNotAccepted,,,,,,,,,,,,,No,No,,,
Add,igo8o,261328,0,2025 Topps ORELVIS MARTINEZ #18 Spring Training Toronto Blue Jays,,,4000,No,BASEBALL,,,,,,,,MLB,,,No,Excellent,,,,Sports Trading Card,,,,,,,,,,,,,,,,,,,,,"<div style=""background:#FDFEFE;border:1px solid #CBD4C2;color:#353535;padding:40px;line-height:1.6;font-family:Arial,sans-serif;font-size:16px;""><h1 style=""text-align:center;"">2025 Topps ORELVIS MARTINEZ #18 Spring Training Toronto Blue Jays</h1><table style=""width:100%;margin-top:30px;border-spacing:0;""><tr><th align=""left"">Payment</th><td>Payment is due within 4 days. Unpaid items may be canceled and relisted.</td></tr><tr><th align=""left"">Shipping</th><td>Items ship via eBay Standard Envelope. Combined shipping may apply. Usually ships within 1 business day.</td></tr><tr><th align=""left"">Disclaimer</th><td>All cards are sold as-is. Review item condition and images. No refunds or returns. Contact us before leaving negative feedback.</td></tr></table></div>",FixedPrice,GTC,2.99,,1,,ImmediatePayRequired,,United States,,Flat,USPSFirstClass,1,0.0,,,1,,,ReturnsNotAccepted,,,,,,,,,,,,,No,No,,,
Add,igo8w,261328,0,2025 Topps JORGE ALCALA #336 Gold Minnesota Twins #/2025,,,4000,No,BASEBALL,,,,,,,,MLB,,,No,Excellent,,,,Sports Trading Card,,,,,,,,,,,,,,,,,,,,,"<div style=""background:#FDFEFE;border:1px solid #CBD4C2;color:#353535;padding:40px;line-height:1.6;font-family:Arial,sans-serif;font-size:16px;""><h1 style=""text-align:center;"">2025 Topps JORGE ALCALA #336 Gold Minnesota Twins #/2025</h1><table style=""width:100%;margin-top:30px;border-spacing:0;""><tr><th align=""left"">Payment</th><td>Payment is due within 4 days. Unpaid items may be canceled and relisted.</td></tr><tr><th align=""left"">Shipping</th><td>Items ship via eBay Standard Envelope. Combined shipping may apply. Usually ships within 1 business day.</td></tr><tr><th align=""left"">Disclaimer</th><td>All cards are sold as-is. Review item condition and images. No refunds or returns. Contact us before leaving negative feedback.</td></tr></table></div>",FixedPrice,GTC,4.99,,1,,ImmediatePayRequired,,United States,,Flat,USPSFirstClass,1,0.0,,,1,,,ReturnsNotAccepted,,,,,,,,,,,,,No,No,,,
Add,ijmrx,261328,0,2024 Topps RESURGENCE ADONAI MITCHELL #139 Indianapolis Colts Basketball,,,4000,No,BASEBALL,,,,,,,,MLB,,,No,Excellent,,,,Sports Trading Card,,,,,,,,,,,,,,,,,,,,,"<div style=""background:#FDFEFE;border:1px solid #CBD4C2;color:#353535;padding:40px;line-height:1.6;font-family:Arial,sans-serif;font-size:16px;""><h1 style=""text-align:center;"">2024 Topps RESURGENCE ADONAI MITCHELL #139 Indianapolis Colts Basketball</h1><table style=""width:100%;margin-top:30px;border-spacing:0;""><tr><th align=""left"">Payment</th><td>Payment is due within 4 days. Unpaid items may be canceled and relisted.</td></tr><tr><th align=""left"">Shipping</th><td>Items ship via eBay Standard Envelope. Combined shipping may apply. Usually ships within 1 business day.</td></tr><tr><th align=""left"">Disclaimer</th><td>All cards are sold as-is. Review item condition and images. No refunds or returns. Contact us before leaving negative feedback.</td></tr></table></div>",FixedPrice,GTC,3.99,,1,,ImmediatePayRequired,,United States,,Flat,USPSFirstClass,1,0.0,,,1,,,ReturnsNotAccepted,,,,,,,,,,,,,No,No,,,
Add,ijms8,261328,0,2024 Topps RESURGENCE LAIATU LATU #141 Indianapolis Colts Basketball,,,4000,No,BASEBALL,,,,,,,,MLB,,,No,Excellent,,,,Sports Trading Card,,,,,,,,,,,,,,,,,,,,,"<div style=""background:#FDFEFE;border:1px solid #CBD4C2;color:#353535;padding:40px;line-height:1.6;font-family:Arial,sans-serif;font-size:16px;""><h1 style=""text-align:center;"">2024 Topps RESURGENCE LAIATU LATU #141 Indianapolis Colts Basketball</h1><table style=""width:100%;margin-top:30px;border-spacing:0;""><tr><th align=""left"">Payment</th><td>Payment is due within 4 days. Unpaid items may be canceled and relisted.</td></tr><tr><th align=""left"">Shipping</th><td>Items ship via eBay Standard Envelope. Combined shipping may apply. Usually ships within 1 business day.</td></tr><tr><th align=""left"">Disclaimer</th><td>All cards are sold as-is. Review item condition and images. No refunds or returns. Contact us before leaving negative feedback.</td></tr></table></div>",FixedPrice,GTC,3.49,,1,,ImmediatePayRequired,,United States,,Flat,USPSFirstClass,1,0.0,,,1,,,ReturnsNotAccepted,,,,,,,,,,,,,No,No,,,
Add,ijmti,261328,0,2024 Bowman University Chrome DAVISON IGBINOSUN #54 Pink Lava Refractor Buckeyes,,,4000,No,BASEBALL,,,,,,,,MLB,,,No,Excellent,,,,Sports Trading Card,,,,,,,,,,,,,,,,,,,,,"<div style=""background:#FDFEFE;border:1px solid #CBD4C2;color:#353535;padding:40px;line-height:1.6;font-family:Arial,sans-serif;font-size:16px;""><h1 style=""text-align:center;"">2024 Bowman University Chrome DAVISON IGBINOSUN #54 Pink Lava Refractor Buckeyes</h1><table style=""width:100%;margin-top:30px;border-spacing:0;""><tr><th align=""left"">Payment</th><td>Payment is due within 4 days. Unpaid items may be canceled and relisted.</td></tr><tr><th align=""left"">Shipping</th><td>Items ship via eBay Standard Envelope. Combined shipping may apply. Usually ships within 1 business day.</td></tr><tr><th align=""left"">Disclaimer</th><td>All cards are sold as-is. Review item condition and images. No refunds or returns. Contact us before leaving negative feedback.</td></tr></table></div>",FixedPrice,GTC,4.49,,1,,ImmediatePayRequired,,United States,,Flat,USPSFirstClass,1,0.0,,,1,,,ReturnsNotAccepted,,,,,,,,,,,,,No,No,,,
Add,ijmyh,261328,0,2024 Bowman U Chrome RILEY LEONARD #154 Pink Lava Refractor Fighting Irish,,,4000,No,BASEBALL,,,,,,,,MLB,,,No,Excellent,,,,Sports Trading Card,,,,,,,,,,,,,,,,,,,,,"<div style=""background:#FDFEFE;border:1px solid #CBD4C2;color:#353535;padding:40px;line-height:1.6;font-family:Arial,sans-serif;font-size:16px;""><h1 style=""text-align:center;"">2024 Bowman U Chrome RILEY LEONARD #154 Pink Lava Refractor Fighting Irish</h1><table style=""width:100%;margin-top:30px;border-spacing:0;""><tr><th align=""left"">Payment</th><td>Payment is due within 4 days. Unpaid items may be canceled and relisted.</td></tr><tr><th align=""left"">Shipping</th><td>Items ship via eBay Standard Envelope. Combined shipping may apply. Usually ships within 1 business day.</td></tr><tr><th align=""left"">Disclaimer</th><td>All cards are sold as-is. Review item condition and images. No refunds or returns. Contact us before leaving negative feedback.</td></tr></table></div>",FixedPrice,GTC,3.99,,1,,ImmediatePayRequired,,United States,,Flat,USPSFirstClass,1,0.0,,,1,,,ReturnsNotAccepted,,,,,,,,,,,,,No,No,,,
Add,ip8gz,261328,0,2022 Bowman University Chrome JAHMYR GIBBS #82 Alabama Crimson Tide,,,4000,No,BASEBALL,,,,,,,,MLB,,,No,Excellent,,,,Sports Trading Card,,,,,,,,,,,,,,,,,,,,,"<div style=""background:#FDFEFE;border:1px solid #CBD4C2;color:#353535;padding:40px;line-height:1.6;font-family:Arial,sans-serif;font-size:16px;""><h1 style=""text-align:center;"">2022 Bowman University Chrome JAHMYR GIBBS #82 Alabama Crimson Tide</h1><table style=""width:100%;margin-top:30px;border-spacing:0;""><tr><th align=""left"">Payment</th><td>Payment is due within 4 days. Unpaid items may be canceled and relisted.</td></tr><tr><th align=""left"">Shipping</th><td>Items ship via eBay Standard Envelope. Combined shipping may apply. Usually ships within 1 business day.</td></tr><tr><th align=""left"">Disclaimer</th><td>All cards are sold as-is. Review item condition and images. No refunds or returns. Contact us before leaving negative feedback.</td></tr></table></div>",FixedPrice,GTC,3.99,,1,,ImmediatePayRequired,,United States,,Flat,USPSFirstClass,1,0.0,,,1,,,ReturnsNotAccepted,,,,,,,,,,,,,No,No,,,
Add,ip8h2,261328,0,2024 Bowman University Chrome BRANDON INNISS #23 Ohio State Buckeyes,,,4000,No,BASEBALL,,,,,,,,MLB,,,No,Excellent,,,,Sports Trading Card,,,,,,,,,,,,,,,,,,,,,"<div style=""background:#FDFEFE;border:1px solid #CBD4C2;color:#353535;padding:40px;line-height:1.6;font-family:Arial,sans-serif;font-size:16px;""><h1 style=""text-align:center;"">2024 Bowman University Chrome BRANDON INNISS #23 Ohio State Buckeyes</h1><table style=""width:100%;margin-top:30px;border-spacing:0;""><tr><th align=""left"">Payment</th><td>Payment is due within 4 days. Unpaid items may be canceled and relisted.</td></tr><tr><th align=""left"">Shipping</th><td>Items ship via eBay Standard Envelope. Combined shipping may apply. Usually ships within 1 business day.</td></tr><tr><th align=""left"">Disclaimer</th><td>All cards are sold as-is. Review item condition and images. No refunds or returns. Contact us before leaving negative feedback.</td></tr></table></div>",FixedPrice,GTC,3.99,,1,,ImmediatePayRequired,,United States,,Flat,USPSFirstClass,1,0.0,,,1,,,ReturnsNotAccepted,,,,,,,,,,,,,No,No,,,
Add,ip8h4,261328,0,2024 Bowman University Chrome RILEY LEONARD #154 Pink Lava Fighting Irish,,,4000,No,BASEBALL,,,,,,,,MLB,,,No,Excellent,,,,Sports Trading Card,,,,,,,,,,,,,,,,,,,,,"<div style=""background:#FDFEFE;border:1px solid #CBD4C2;color:#353535;padding:40px;line-height:1.6;font-family:Arial,sans-serif;font-size:16px;""><h1 style=""text-align:center;"">2024 Bowman University Chrome RILEY LEONARD #154 Pink Lava Fighting Irish</h1><table style=""width:100%;margin-top:30px;border-spacing:0;""><tr><th align=""left"">Payment</th><td>Payment is due within 4 days. Unpaid items may be canceled and relisted.</td></tr><tr><th align=""left"">Shipping</th><td>Items ship via eBay Standard Envelope. Combined shipping may apply. Usually ships within 1 business day.</td></tr><tr><th align=""left"">Disclaimer</th><td>All cards are sold as-is. Review item condition and images. No refunds or returns. Contact us before leaving negative feedback.</td></tr></table></div>",FixedPrice,GTC,3.99,,1,,ImmediatePayRequired,,United States,,Flat,USPSFirstClass,1,0.0,,,1,,,ReturnsNotAccepted,,,,,,,,,,,,,No,No,,,
Add,ip8h6,261328,0,2024 Bowman University Chrome GARRETT NUSSMEIER #A-6 Acropolis LSU Tigers,,,4000,No,BASEBALL,,,,,,,,MLB,,,No,Excellent,,,,Sports Trading Card,,,,,,,,,,,,,,,,,,,,,"<div style=""background:#FDFEFE;border:1px solid #CBD4C2;color:#353535;padding:40px;line-height:1.6;font-family:Arial,sans-serif;font-size:16px;""><h1 style=""text-align:center;"">2024 Bowman University Chrome GARRETT NUSSMEIER #A-6 Acropolis LSU Tigers</h1><table style=""width:100%;margin-top:30px;border-spacing:0;""><tr><th align=""left"">Payment</th><td>Payment is due within 4 days. Unpaid items may be canceled and relisted.</td></tr><tr><th align=""left"">Shipping</th><td>Items ship via eBay Standard Envelope. Combined shipping may apply. Usually ships within 1 business day.</td></tr><tr><th align=""left"">Disclaimer</th><td>All cards are sold as-is. Review item condition and images. No refunds or returns. Contact us before leaving negative feedback.</td></tr></table></div>",FixedPrice,GTC,3.99,,1,,ImmediatePayRequired,,United States,,Flat,USPSFirstClass,1,0.0,,,1,,,ReturnsNotAccepted,,,,,,,,,,,,,No,No,,,
Add,ip8h7,261328,0,2024 Bowman University Chrome WALKER WHITE #85 Auburn Tigers,,,4000,No,BASEBALL,,,,,,,,MLB,,,No,Excellent,,,,Sports Trading Card,,,,,,,,,,,,,,,,,,,,,"<div style=""background:#FDFEFE;border:1px solid #CBD4C2;color:#353535;padding:40px;line-height:1.6;font-family:Arial,sans-serif;font-size:16px;""><h1 style=""text-align:center;"">2024 Bowman University Chrome WALKER WHITE #85 Auburn Tigers</h1><table style=""width:100%;margin-top:30px;border-spacing:0;""><tr><th align=""left"">Payment</th><td>Payment is due within 4 days. Unpaid items may be canceled and relisted.</td></tr><tr><th align=""left"">Shipping</th><td>Items ship via eBay Standard Envelope. Combined shipping may apply. Usually ships within 1 business day.</td></tr><tr><th align=""left"">Disclaimer</th><td>All cards are sold as-is. Review item condition and images. No refunds or returns. Contact us before leaving negative feedback.</td></tr></table></div>",FixedPrice,GTC,3.99,,1,,ImmediatePayRequired,,United States,,Flat,USPSFirstClass,1,0.0,,,1,,,ReturnsNotAccepted,,,,,,,,,,,,,No,No,,,
Add,ip8h8,261328,0,2024 Bowman University Chrome KEON KEELEY #113 X-Fractor Alabama Crimson Tide,,,4000,No,BASEBALL,,,,,,,,MLB,,,No,Excellent,,,,Sports Trading Card,,,,,,,,,,,,,,,,,,,,,"<div style=""background:#FDFEFE;border:1px solid #CBD4C2;color:#353535;padding:40px;line-height:1.6;font-family:Arial,sans-serif;font-size:16px;""><h1 style=""text-align:center;"">2024 Bowman University Chrome KEON KEELEY #113 X-Fractor Alabama Crimson Tide</h1><table style=""width:100%;margin-top:30px;border-spacing:0;""><tr><th align=""left"">Payment</th><td>Payment is due within 4 days. Unpaid items may be canceled and relisted.</td></tr><tr><th align=""left"">Shipping</th><td>Items ship via eBay Standard Envelope. Combined shipping may apply. Usually ships within 1 business day.</td></tr><tr><th align=""left"">Disclaimer</th><td>All cards are sold as-is. Review item condition and images. No refunds or returns. Contact us before leaving negative feedback.</td></tr></table></div>",FixedPrice,GTC,3.99,,1,,ImmediatePayRequired,,United States,,Flat,USPSFirstClass,1,0.0,,,1,,,ReturnsNotAccepted,,,,,,,,,,,,,No,No,,,
Add,ip8h9,261328,0,2024 Bowman University Chrome RICKY WHITE III #153 UNLV Rebels,,,4000,No,BASEBALL,,,,,,,,MLB,,,No,Excellent,,,,Sports Trading Card,,,,,,,,,,,,,,,,,,,,,"<div style=""background:#FDFEFE;border:1px solid #CBD4C2;color:#353535;padding:40px;line-height:1.6;font-family:Arial,sans-serif;font-size:16px;""><h1 style=""text-align:center;"">2024 Bowman University Chrome RICKY WHITE III #153 UNLV Rebels</h1><table style=""width:100%;margin-top:30px;border-spacing:0;""><tr><th align=""left"">Payment</th><td>Payment is due within 4 days. Unpaid items may be canceled and relisted.</td></tr><tr><th align=""left"">Shipping</th><td>Items ship via eBay Standard Envelope. Combined shipping may apply. Usually ships within 1 business day.</td></tr><tr><th align=""left"">Disclaimer</th><td>All cards are sold as-is. Review item condition and images. No refunds or returns. Contact us before leaving negative feedback.</td></tr></table></div>",FixedPrice,GTC,3.99,,1,,ImmediatePayRequired,,United States,,Flat,USPSFirstClass,1,0.0,,,1,,,ReturnsNotAccepted,,,,,,,,,,,,,No,No,,,
Add,ip8ha,261328,0,2024 Bowman University Chrome ISAIAH BOND #CI-2 Campus Icons Texas Longhorns,,,4000,No,BASEBALL,,,,,,,,MLB,,,No,Excellent,,,,Sports Trading Card,,,,,,,,,,,,,,,,,,,,,"<div style=""background:#FDFEFE;border:1px solid #CBD4C2;color:#353535;padding:40px;line-height:1.6;font-family:Arial,sans-serif;font-size:16px;""><h1 style=""text-align:center;"">2024 Bowman University Chrome ISAIAH BOND #CI-2 Campus Icons Texas Longhorns</h1><table style=""width:100%;margin-top:30px;border-spacing:0;""><tr><th align=""left"">Payment</th><td>Payment is due within 4 days. Unpaid items may be canceled and relisted.</td></tr><tr><th align=""left"">Shipping</th><td>Items ship via eBay Standard Envelope. Combined shipping may apply. Usually ships within 1 business day.</td></tr><tr><th align=""left"">Disclaimer</th><td>All cards are sold as-is. Review item condition and images. No refunds or returns. Contact us before leaving negative feedback.</td></tr></table></div>",FixedPrice,GTC,3.99,,1,,ImmediatePayRequired,,United States,,Flat,USPSFirstClass,1,0.0,,,1,,,ReturnsNotAccepted,,,,,,,,,,,,,No,No,,,
Add,ip8hb,261328,0,2024 Bowman University Chrome NOAH FIFITA #CI-24 Campus Icons Arizona Wildcats,,,4000,No,BASEBALL,,,,,,,,MLB,,,No,Excellent,,,,Sports Trading Card,,,,,,,,,,,,,,,,,,,,,"<div style=""background:#FDFEFE;border:1px solid #CBD4C2;color:#353535;padding:40px;line-height:1.6;font-family:Arial,sans-serif;font-size:16px;""><h1 style=""text-align:center;"">2024 Bowman University Chrome NOAH FIFITA #CI-24 Campus Icons Arizona Wildcats</h1><table style=""width:100%;margin-top:30px;border-spacing:0;""><tr><th align=""left"">Payment</th><td>Payment is due within 4 days. Unpaid items may be canceled and relisted.</td></tr><tr><th align=""left"">Shipping</th><td>Items ship via eBay Standard Envelope. Combined shipping may apply. Usually ships within 1 business day.</td></tr><tr><th align=""left"">Disclaimer</th><td>All cards are sold as-is. Review item condition and images. No refunds or returns. Contact us before leaving negative feedback.</td></tr></table></div>",FixedPrice,GTC,3.99,,1,,ImmediatePayRequired,,United States,,Flat,USPSFirstClass,1,0.0,,,1,,,ReturnsNotAccepted,,,,,,,,,,,,,No,No,,,
Add,FS-1020-2D00BA7,261328,0,2025 Bowman Chrome Mega Box Mojo Refractor #13 Junior Caminero Tampa Bay Rays,,,4000,No,BASEBALL,,,,,,,,MLB,,,No,Excellent,,,,Sports Trading Card,,,,,,,,,,,,,,,,,,,,,"<div style=""background:#FDFEFE;border:1px solid #CBD4C2;color:#353535;padding:40px;line-height:1.6;font-family:Arial,sans-serif;font-size:16px;""><h1 style=""text-align:center;"">2025 Bowman Chrome Mega Box Mojo Refractor #13 Junior Caminero Tampa Bay Rays</h1><table style=""width:100%;margin-top:30px;border-spacing:0;""><tr><th align=""left"">Payment</th><td>Payment is due within 4 days. Unpaid items may be canceled and relisted.</td></tr><tr><th align=""left"">Shipping</th><td>Items ship via eBay Standard Envelope. Combined shipping may apply. Usually ships within 1 business day.</td></tr><tr><th align=""left"">Disclaimer</th><td>All cards are sold as-is. Review item condition and images. No refunds or returns. Contact us before leaving negative feedback.</td></tr></table></div>",FixedPrice,GTC,1.79,,1,,ImmediatePayRequired,,United States,,Flat,USPSFirstClass,1,0.0,,,1,,,ReturnsNotAccepted,,,,,,,,,,,,,No,No,,,
Add,j7yhd,261328,0,COLE PENNINGTON 2024 Bowman University Chrome #45 Marshall Thundering Herd,,,4000,No,BASEBALL,,,,,,,,MLB,,,No,Excellent,,,,Sports Trading Card,,,,,,,,,,,,,,,,,,,,,"<div style=""background:#FDFEFE;border:1px solid #CBD4C2;color:#353535;padding:40px;line-height:1.6;font-family:Arial,sans-serif;font-size:16px;""><h1 style=""text-align:center;"">COLE PENNINGTON 2024 Bowman University Chrome #45 Marshall Thundering Herd</h1><table style=""width:100%;margin-top:30px;border-spacing:0;""><tr><th align=""left"">Payment</th><td>Payment is due within 4 days. Unpaid items may be canceled and relisted.</td></tr><tr><th align=""left"">Shipping</th><td>Items ship via eBay Standard Envelope. Combined shipping may apply. Usually ships within 1 business day.</td></tr><tr><th align=""left"">Disclaimer</th><td>All cards are sold as-is. Review item condition and images. No refunds or returns. Contact us before leaving negative feedback.</td></tr></table></div>",FixedPrice,GTC,3.49,,1,,ImmediatePayRequired,,United States,,Flat,USPSFirstClass,1,0.0,,,1,,,ReturnsNotAccepted,,,,,,,,,,,,,No,No,,,
Add,j7yhg,261328,0,AYO ADEYI 2024 Bowman University Chrome #18 James Madison Dukes,,,4000,No,BASEBALL,,,,,,,,MLB,,,No,Excellent,,,,Sports Trading Card,,,,,,,,,,,,,,,,,,,,,"<div style=""background:#FDFEFE;border:1px solid #CBD4C2;color:#353535;padding:40px;line-height:1.6;font-family:Arial,sans-serif;font-size:16px;""><h1 style=""text-align:center;"">AYO ADEYI 2024 Bowman University Chrome #18 James Madison Dukes</h1><table style=""width:100%;margin-top:30px;border-spacing:0;""><tr><th align=""left"">Payment</th><td>Payment is due within 4 days. Unpaid items may be canceled and relisted.</td></tr><tr><th align=""left"">Shipping</th><td>Items ship via eBay Standard Envelope. Combined shipping may apply. Usually ships within 1 business day.</td></tr><tr><th align=""left"">Disclaimer</th><td>All cards are sold as-is. Review item condition and images. No refunds or returns. Contact us before leaving negative feedback.</td></tr></table></div>",FixedPrice,GTC,3.49,,1,,ImmediatePayRequired,,United States,,Flat,USPSFirstClass,1,0.0,,,1,,,ReturnsNotAccepted,,,,,,,,,,,,,No,No,,,
Add,j7yhh,261328,0,ANTONIO WILLIAMS 2024 Bowman University Chrome #14 Clemson Tigers,,,4000,No,BASEBALL,,,,,,,,MLB,,,No,Excellent,,,,Sports Trading Card,,,,,,,,,,,,,,,,,,,,,"<div style=""background:#FDFEFE;border:1px solid #CBD4C2;color:#353535;padding:40px;line-height:1.6;font-family:Arial,sans-serif;font-size:16px;""><h1 style=""text-align:center;"">ANTONIO WILLIAMS 2024 Bowman University Chrome #14 Clemson Tigers</h1><table style=""width:100%;margin-top:30px;border-spacing:0;""><tr><th align=""left"">Payment</th><td>Payment is due within 4 days. Unpaid items may be canceled and relisted.</td></tr><tr><th align=""left"">Shipping</th><td>Items ship via eBay Standard Envelope. Combined shipping may apply. Usually ships within 1 business day.</td></tr><tr><th align=""left"">Disclaimer</th><td>All cards are sold as-is. Review item condition and images. No refunds or returns. Contact us before leaving negative feedback.</td></tr></table></div>",FixedPrice,GTC,3.49,,1,,ImmediatePayRequired,,United States,,Flat,USPSFirstClass,1,0.0,,,1,,,ReturnsNotAccepted,,,,,,,,,,,,,No,No,,,
Add,j7yht,261328,0,KHALIL BARNES 2024 Bowman University Chrome #114 Clemson Tigers,,,4000,No,BASEBALL,,,,,,,,MLB,,,No,Excellent,,,,Sports Trading Card,,,,,,,,,,,,,,,,,,,,,"<div style=""background:#FDFEFE;border:1px solid #CBD4C2;color:#353535;padding:40px;line-height:1.6;font-family:Arial,sans-serif;font-size:16px;""><h1 style=""text-align:center;"">KHALIL BARNES 2024 Bowman University Chrome #114 Clemson Tigers</h1><table style=""width:100%;margin-top:30px;border-spacing:0;""><tr><th align=""left"">Payment</th><td>Payment is due within 4 days. Unpaid items may be canceled and relisted.</td></tr><tr><th align=""left"">Shipping</th><td>Items ship via eBay Standard Envelope. Combined shipping may apply. Usually ships within 1 business day.</td></tr><tr><th align=""left"">Disclaimer</th><td>All cards are sold as-is. Review item condition and images. No refunds or returns. Contact us before leaving negative feedback.</td></tr></table></div>",FixedPrice,GTC,3.49,,1,,ImmediatePayRequired,,United States,,Flat,USPSFirstClass,1,0.0,,,1,,,ReturnsNotAccepted,,,,,,,,,,,,,No,No,,,
Add,j7yi2,261328,0,TJ FINLEY 2024 Bowman University Chrome #191 Western Kentucky Hilltoppers,,,4000,No,BASEBALL,,,,,,,,MLB,,,No,Excellent,,,,Sports Trading Card,,,,,,,,,,,,,,,,,,,,,"<div style=""background:#FDFEFE;border:1px solid #CBD4C2;color:#353535;padding:40px;line-height:1.6;font-family:Arial,sans-serif;font-size:16px;""><h1 style=""text-align:center;"">TJ FINLEY 2024 Bowman University Chrome #191 Western Kentucky Hilltoppers</h1><table style=""width:100%;margin-top:30px;border-spacing:0;""><tr><th align=""left"">Payment</th><td>Payment is due within 4 days. Unpaid items may be canceled and relisted.</td></tr><tr><th align=""left"">Shipping</th><td>Items ship via eBay Standard Envelope. Combined shipping may apply. Usually ships within 1 business day.</td></tr><tr><th align=""left"">Disclaimer</th><td>All cards are sold as-is. Review item condition and images. No refunds or returns. Contact us before leaving negative feedback.</td></tr></table></div>",FixedPrice,GTC,3.49,,1,,ImmediatePayRequired,,United States,,Flat,USPSFirstClass,1,0.0,,,1,,,ReturnsNotAccepted,,,,,,,,,,,,,No,No,,,
Add,j7yi3,261328,0,KADEN PRATHER 2024 Bowman University Chrome #110 Maryland Terrapins,,,4000,No,BASEBALL,,,,,,,,MLB,,,No,Excellent,,,,Sports Trading Card,,,,,,,,,,,,,,,,,,,,,"<div style=""background:#FDFEFE;border:1px solid #CBD4C2;color:#353535;padding:40px;line-height:1.6;font-family:Arial,sans-serif;font-size:16px;""><h1 style=""text-align:center;"">KADEN PRATHER 2024 Bowman University Chrome #110 Maryland Terrapins</h1><table style=""width:100%;margin-top:30px;border-spacing:0;""><tr><th align=""left"">Payment</th><td>Payment is due within 4 days. Unpaid items may be canceled and relisted.</td></tr><tr><th align=""left"">Shipping</th><td>Items ship via eBay Standard Envelope. Combined shipping may apply. Usually ships within 1 business day.</td></tr><tr><th align=""left"">Disclaimer</th><td>All cards are sold as-is. Review item condition and images. No refunds or returns. Contact us before leaving negative feedback.</td></tr></table></div>",FixedPrice,GTC,3.49,,1,,ImmediatePayRequired,,United States,,Flat,USPSFirstClass,1,0.0,,,1,,,ReturnsNotAccepted,,,,,,,,,,,,,No,No,,,
Add,j7yid,261328,0,JOSEPH MANJACK IV 2024 Bowman University Chrome #107 Houston Cougars,,,4000,No,BASEBALL,,,,,,,,MLB,,,No,Excellent,,,,Sports Trading Card,,,,,,,,,,,,,,,,,,,,,"<div style=""background:#FDFEFE;border:1px solid #CBD4C2;color:#353535;padding:40px;line-height:1.6;font-family:Arial,sans-serif;font-size:16px;""><h1 style=""text-align:center;"">JOSEPH MANJACK IV 2024 Bowman University Chrome #107 Houston Cougars</h1><table style=""width:100%;margin-top:30px;border-spacing:0;""><tr><th align=""left"">Payment</th><td>Payment is due within 4 days. Unpaid items may be canceled and relisted.</td></tr><tr><th align=""left"">Shipping</th><td>Items ship via eBay Standard Envelope. Combined shipping may apply. Usually ships within 1 business day.</td></tr><tr><th align=""left"">Disclaimer</th><td>All cards are sold as-is. Review item condition and images. No refunds or returns. Contact us before leaving negative feedback.</td></tr></table></div>",FixedPrice,GTC,3.49,,1,,ImmediatePayRequired,,United States,,Flat,USPSFirstClass,1,0.0,,,1,,,ReturnsNotAccepted,,,,,,,,,,,,,No,No,,,
Add,j7yij,261328,0,TREVOR ETIENNE 2024 Bowman University Chrome #177 Georgia Bulldogs,,,4000,No,BASEBALL,,,,,,,,MLB,,,No,Excellent,,,,Sports Trading Card,,,,,,,,,,,,,,,,,,,,,"<div style=""background:#FDFEFE;border:1px solid #CBD4C2;color:#353535;padding:40px;line-height:1.6;font-family:Arial,sans-serif;font-size:16px;""><h1 style=""text-align:center;"">TREVOR ETIENNE 2024 Bowman University Chrome #177 Georgia Bulldogs</h1><table style=""width:100%;margin-top:30px;border-spacing:0;""><tr><th align=""left"">Payment</th><td>Payment is due within 4 days. Unpaid items may be canceled and relisted.</td></tr><tr><th align=""left"">Shipping</th><td>Items ship via eBay Standard Envelope. Combined shipping may apply. Usually ships within 1 business day.</td></tr><tr><th align=""left"">Disclaimer</th><td>All cards are sold as-is. Review item condition and images. No refunds or returns. Contact us before leaving negative feedback.</td></tr></table></div>",FixedPrice,GTC,3.49,,1,,ImmediatePayRequired,,United States,,Flat,USPSFirstClass,1,0.0,,,1,,,ReturnsNotAccepted,,,,,,,,,,,,,No,No,,,
Add,j7yiq,261328,0,DAYLEN EVERETTE 2024 Bowman University Chrome #55 Georgia Bulldogs,,,4000,No,BASEBALL,,,,,,,,MLB,,,No,Excellent,,,,Sports Trading Card,,,,,,,,,,,,,,,,,,,,,"<div style=""background:#FDFEFE;border:1px solid #CBD4C2;color:#353535;padding:40px;line-height:1.6;font-family:Arial,sans-serif;font-size:16px;""><h1 style=""text-align:center;"">DAYLEN EVERETTE 2024 Bowman University Chrome #55 Georgia Bulldogs</h1><table style=""width:100%;margin-top:30px;border-spacing:0;""><tr><th align=""left"">Payment</th><td>Payment is due within 4 days. Unpaid items may be canceled and relisted.</td></tr><tr><th align=""left"">Shipping</th><td>Items ship via eBay Standard Envelope. Combined shipping may apply. Usually ships within 1 business day.</td></tr><tr><th align=""left"">Disclaimer</th><td>All cards are sold as-is. Review item condition and images. No refunds or returns. Contact us before leaving negative feedback.</td></tr></table></div>",FixedPrice,GTC,3.49,,1,,ImmediatePayRequired,,United States,,Flat,USPSFirstClass,1,0.0,,,1,,,ReturnsNotAccepted,,,,,,,,,,,,,No,No,,,
Add,j7yj9,261328,0,JALON WALKER 2024 Bowman University Chrome #89 Georgia Bulldogs,,,4000,No,BASEBALL,,,,,,,,MLB,,,No,Excellent,,,,Sports Trading Card,,,,,,,,,,,,,,,,,,,,,"<div style=""background:#FDFEFE;border:1px solid #CBD4C2;color:#353535;padding:40px;line-height:1.6;font-family:Arial,sans-serif;font-size:16px;""><h1 style=""text-align:center;"">JALON WALKER 2024 Bowman University Chrome #89 Georgia Bulldogs</h1><table style=""width:100%;margin-top:30px;border-spacing:0;""><tr><th align=""left"">Payment</th><td>Payment is due within 4 days. Unpaid items may be canceled and relisted.</td></tr><tr><th align=""left"">Shipping</th><td>Items ship via eBay Standard Envelope. Combined shipping may apply. Usually ships within 1 business day.</td></tr><tr><th align=""left"">Disclaimer</th><td>All cards are sold as-is. Review item condition and images. No refunds or returns. Contact us before leaving negative feedback.</td></tr></table></div>",FixedPrice,GTC,3.49,,1,,ImmediatePayRequired,,United States,,Flat,USPSFirstClass,1,0.0,,,1,,,ReturnsNotAccepted,,,,,,,,,,,,,No,No,,,
Add,j7yja,261328,0,WILL PAULING 2024 Bowman University Chrome #184 Wisconsin Badgers,,,4000,No,BASEBALL,,,,,,,,MLB,,,No,Excellent,,,,Sports Trading Card,,,,,,,,,,,,,,,,,,,,,"<div style=""background:#FDFEFE;border:1px solid #CBD4C2;color:#353535;padding:40px;line-height:1.6;font-family:Arial,sans-serif;font-size:16px;""><h1 style=""text-align:center;"">WILL PAULING 2024 Bowman University Chrome #184 Wisconsin Badgers</h1><table style=""width:100%;margin-top:30px;border-spacing:0;""><tr><th align=""left"">Payment</th><td>Payment is due within 4 days. Unpaid items may be canceled and relisted.</td></tr><tr><th align=""left"">Shipping</th><td>Items ship via eBay Standard Envelope. Combined shipping may apply. Usually ships within 1 business day.</td></tr><tr><th align=""left"">Disclaimer</th><td>All cards are sold as-is. Review item condition and images. No refunds or returns. Contact us before leaving negative feedback.</td></tr></table></div>",FixedPrice,GTC,3.49,,1,,ImmediatePayRequired,,United States,,Flat,USPSFirstClass,1,0.0,,,1,,,ReturnsNotAccepted,,,,,,,,,,,,,No,No,,,
Add,j7yjb,261328,0,DYLAN SAMPSON 2024 Bowman University Chrome #69 Tennessee Volunteers,,,4000,No,BASEBALL,,,,,,,,MLB,,,No,Excellent,,,,Sports Trading Card,,,,,,,,,,,,,,,,,,,,,"<div style=""background:#FDFEFE;border:1px solid #CBD4C2;color:#353535;padding:40px;line-height:1.6;font-family:Arial,sans-serif;font-size:16px;""><h1 style=""text-align:center;"">DYLAN SAMPSON 2024 Bowman University Chrome #69 Tennessee Volunteers</h1><table style=""width:100%;margin-top:30px;border-spacing:0;""><tr><th align=""left"">Payment</th><td>Payment is due within 4 days. Unpaid items may be canceled and relisted.</td></tr><tr><th align=""left"">Shipping</th><td>Items ship via eBay Standard Envelope. Combined shipping may apply. Usually ships within 1 business day.</td></tr><tr><th align=""left"">Disclaimer</th><td>All cards are sold as-is. Review item condition and images. No refunds or returns. Contact us before leaving negative feedback.</td></tr></table></div>",FixedPrice,GTC,3.49,,1,,ImmediatePayRequired,,United States,,Flat,USPSFirstClass,1,0.0,,,1,,,ReturnsNotAccepted,,,,,,,,,,,,,No,No,,,
Add,j7yjg,261328,0,DEONE WALKER 2024 Bowman University Chrome #57 Kentucky Wildcats,,,4000,No,BASEBALL,,,,,,,,MLB,,,No,Excellent,,,,Sports Trading Card,,,,,,,,,,,,,,,,,,,,,"<div style=""background:#FDFEFE;border:1px solid #CBD4C2;color:#353535;padding:40px;line-height:1.6;font-family:Arial,sans-serif;font-size:16px;""><h1 style=""text-align:center;"">DEONE WALKER 2024 Bowman University Chrome #57 Kentucky Wildcats</h1><table style=""width:100%;margin-top:30px;border-spacing:0;""><tr><th align=""left"">Payment</th><td>Payment is due within 4 days. Unpaid items may be canceled and relisted.</td></tr><tr><th align=""left"">Shipping</th><td>Items ship via eBay Standard Envelope. Combined shipping may apply. Usually ships within 1 business day.</td></tr><tr><th align=""left"">Disclaimer</th><td>All cards are sold as-is. Review item condition and images. No refunds or returns. Contact us before leaving negative feedback.</td></tr></table></div>",FixedPrice,GTC,3.49,,1,,ImmediatePayRequired,,United States,,Flat,USPSFirstClass,1,0.0,,,1,,,ReturnsNotAccepted,,,,,,,,,,,,,No,No,,,
Add,j7yjc,261328,0,DEONTAE LAWSON 2024 Bowman University Chrome #58 Alabama Crimson Tide,,,4000,No,BASEBALL,,,,,,,,MLB,,,No,Excellent,,,,Sports Trading Card,,,,,,,,,,,,,,,,,,,,,"<div style=""background:#FDFEFE;border:1px solid #CBD4C2;color:#353535;padding:40px;line-height:1.6;font-family:Arial,sans-serif;font-size:16px;""><h1 style=""text-align:center;"">DEONTAE LAWSON 2024 Bowman University Chrome #58 Alabama Crimson Tide</h1><table style=""width:100%;margin-top:30px;border-spacing:0;""><tr><th align=""left"">Payment</th><td>Payment is due within 4 days. Unpaid items may be canceled and relisted.</td></tr><tr><th align=""left"">Shipping</th><td>Items ship via eBay Standard Envelope. Combined shipping may apply. Usually ships within 1 business day.</td></tr><tr><th align=""left"">Disclaimer</th><td>All cards are sold as-is. Review item condition and images. No refunds or returns. Contact us before leaving negative feedback.</td></tr></table></div>",FixedPrice,GTC,3.49,,1,,ImmediatePayRequired,,United States,,Flat,USPSFirstClass,1,0.0,,,1,,,ReturnsNotAccepted,,,,,,,,,,,,,No,No,,,
Add,j7yjh,261328,0,QUINTON COOLEY 2024 Bowman University Chrome #147 Liberty Flames,,,4000,No,BASEBALL,,,,,,,,MLB,,,No,Excellent,,,,Sports Trading Card,,,,,,,,,,,,,,,,,,,,,"<div style=""background:#FDFEFE;border:1px solid #CBD4C2;color:#353535;padding:40px;line-height:1.6;font-family:Arial,sans-serif;font-size:16px;""><h1 style=""text-align:center;"">QUINTON COOLEY 2024 Bowman University Chrome #147 Liberty Flames</h1><table style=""width:100%;margin-top:30px;border-spacing:0;""><tr><th align=""left"">Payment</th><td>Payment is due within 4 days. Unpaid items may be canceled and relisted.</td></tr><tr><th align=""left"">Shipping</th><td>Items ship via eBay Standard Envelope. Combined shipping may apply. Usually ships within 1 business day.</td></tr><tr><th align=""left"">Disclaimer</th><td>All cards are sold as-is. Review item condition and images. No refunds or returns. Contact us before leaving negative feedback.</td></tr></table></div>",FixedPrice,GTC,3.49,,1,,ImmediatePayRequired,,United States,,Flat,USPSFirstClass,1,0.0,,,1,,,ReturnsNotAccepted,,,,,,,,,,,,,No,No,,,
Add,j7yjj,261328,0,DANIEL HISHAW JR. 2024 Bowman University Chrome #52 Kansas Jayhawks Basketball,,,4000,No,BASEBALL,,,,,,,,MLB,,,No,Excellent,,,,Sports Trading Card,,,,,,,,,,,,,,,,,,,,,"<div style=""background:#FDFEFE;border:1px solid #CBD4C2;color:#353535;padding:40px;line-height:1.6;font-family:Arial,sans-serif;font-size:16px;""><h1 style=""text-align:center;"">DANIEL HISHAW JR. 2024 Bowman University Chrome #52 Kansas Jayhawks Basketball</h1><table style=""width:100%;margin-top:30px;border-spacing:0;""><tr><th align=""left"">Payment</th><td>Payment is due within 4 days. Unpaid items may be canceled and relisted.</td></tr><tr><th align=""left"">Shipping</th><td>Items ship via eBay Standard Envelope. Combined shipping may apply. Usually ships within 1 business day.</td></tr><tr><th align=""left"">Disclaimer</th><td>All cards are sold as-is. Review item condition and images. No refunds or returns. Contact us before leaving negative feedback.</td></tr></table></div>",FixedPrice,GTC,3.49,,1,,ImmediatePayRequired,,United States,,Flat,USPSFirstClass,1,0.0,,,1,,,ReturnsNotAccepted,,,,,,,,,,,,,No,No,,,
Add,j7yjq,261328,0,MASON TAYLOR 2024 Bowman University Chrome #128 LSU Tigers,,,4000,No,BASEBALL,,,,,,,,MLB,,,No,Excellent,,,,Sports Trading Card,,,,,,,,,,,,,,,,,,,,,"<div style=""background:#FDFEFE;border:1px solid #CBD4C2;color:#353535;padding:40px;line-height:1.6;font-family:Arial,sans-serif;font-size:16px;""><h1 style=""text-align:center;"">MASON TAYLOR 2024 Bowman University Chrome #128 LSU Tigers</h1><table style=""width:100%;margin-top:30px;border-spacing:0;""><tr><th align=""left"">Payment</th><td>Payment is due within 4 days. Unpaid items may be canceled and relisted.</td></tr><tr><th align=""left"">Shipping</th><td>Items ship via eBay Standard Envelope. Combined shipping may apply. Usually ships within 1 business day.</td></tr><tr><th align=""left"">Disclaimer</th><td>All cards are sold as-is. Review item condition and images. No refunds or returns. Contact us before leaving negative feedback.</td></tr></table></div>",FixedPrice,GTC,3.49,,1,,ImmediatePayRequired,,United States,,Flat,USPSFirstClass,1,0.0,,,1,,,ReturnsNotAccepted,,,,,,,,,,,,,No,No,,,
Add,j7yk0,261328,0,DONOVAN EDWARDS 2024 Bowman University Chrome #66 Michigan Wolverines Basketball,,,4000,No,BASEBALL,,,,,,,,MLB,,,No,Excellent,,,,Sports Trading Card,,,,,,,,,,,,,,,,,,,,,"<div style=""background:#FDFEFE;border:1px solid #CBD4C2;color:#353535;padding:40px;line-height:1.6;font-family:Arial,sans-serif;font-size:16px;""><h1 style=""text-align:center;"">DONOVAN EDWARDS 2024 Bowman University Chrome #66 Michigan Wolverines Basketball</h1><table style=""width:100%;margin-top:30px;border-spacing:0;""><tr><th align=""left"">Payment</th><td>Payment is due within 4 days. Unpaid items may be canceled and relisted.</td></tr><tr><th align=""left"">Shipping</th><td>Items ship via eBay Standard Envelope. Combined shipping may apply. Usually ships within 1 business day.</td></tr><tr><th align=""left"">Disclaimer</th><td>All cards are sold as-is. Review item condition and images. No refunds or returns. Contact us before leaving negative feedback.</td></tr></table></div>",FixedPrice,GTC,3.49,,1,,ImmediatePayRequired,,United States,,Flat,USPSFirstClass,1,0.0,,,1,,,ReturnsNotAccepted,,,,,,,,,,,,,No,No,,,
Add,j7yk1,261328,0,ETHAN GARBERS 2024 Bowman University Chrome #72 UCLA Bruins,,,4000,No,BASEBALL,,,,,,,,MLB,,,No,Excellent,,,,Sports Trading Card,,,,,,,,,,,,,,,,,,,,,"<div style=""background:#FDFEFE;border:1px solid #CBD4C2;color:#353535;padding:40px;line-height:1.6;font-family:Arial,sans-serif;font-size:16px;""><h1 style=""text-align:center;"">ETHAN GARBERS 2024 Bowman University Chrome #72 UCLA Bruins</h1><table style=""width:100%;margin-top:30px;border-spacing:0;""><tr><th align=""left"">Payment</th><td>Payment is due within 4 days. Unpaid items may be canceled and relisted.</td></tr><tr><th align=""left"">Shipping</th><td>Items ship via eBay Standard Envelope. Combined shipping may apply. Usually ships within 1 business day.</td></tr><tr><th align=""left"">Disclaimer</th><td>All cards are sold as-is. Review item condition and images. No refunds or returns. Contact us before leaving negative feedback.</td></tr></table></div>",FixedPrice,GTC,3.49,,1,,ImmediatePayRequired,,United States,,Flat,USPSFirstClass,1,0.0,,,1,,,ReturnsNotAccepted,,,,,,,,,,,,,No,No,,,
Add,j7yk3,261328,0,KYLE WILLIAMS 2024 Bowman University Chrome #118 WSU Cougars,,,4000,No,BASEBALL,,,,,,,,MLB,,,No,Excellent,,,,Sports Trading Card,,,,,,,,,,,,,,,,,,,,,"<div style=""background:#FDFEFE;border:1px solid #CBD4C2;color:#353535;padding:40px;line-height:1.6;font-family:Arial,sans-serif;font-size:16px;""><h1 style=""text-align:center;"">KYLE WILLIAMS 2024 Bowman University Chrome #118 WSU Cougars</h1><table style=""width:100%;margin-top:30px;border-spacing:0;""><tr><th align=""left"">Payment</th><td>Payment is due within 4 days. Unpaid items may be canceled and relisted.</td></tr><tr><th align=""left"">Shipping</th><td>Items ship via eBay Standard Envelope. Combined shipping may apply. Usually ships within 1 business day.</td></tr><tr><th align=""left"">Disclaimer</th><td>All cards are sold as-is. Review item condition and images. No refunds or returns. Contact us before leaving negative feedback.</td></tr></table></div>",FixedPrice,GTC,3.49,,1,,ImmediatePayRequired,,United States,,Flat,USPSFirstClass,1,0.0,,,1,,,ReturnsNotAccepted,,,,,,,,,,,,,No,No,,,
Add,j7yka,261328,0,SEAN ATKINS 2024 Bowman University Chrome #161 South Florida Bulls Basketball,,,4000,No,BASEBALL,,,,,,,,MLB,,,No,Excellent,,,,Sports Trading Card,,,,,,,,,,,,,,,,,,,,,"<div style=""background:#FDFEFE;border:1px solid #CBD4C2;color:#353535;padding:40px;line-height:1.6;font-family:Arial,sans-serif;font-size:16px;""><h1 style=""text-align:center;"">SEAN ATKINS 2024 Bowman University Chrome #161 South Florida Bulls Basketball</h1><table style=""width:100%;margin-top:30px;border-spacing:0;""><tr><th align=""left"">Payment</th><td>Payment is due within 4 days. Unpaid items may be canceled and relisted.</td></tr><tr><th align=""left"">Shipping</th><td>Items ship via eBay Standard Envelope. Combined shipping may apply. Usually ships within 1 business day.</td></tr><tr><th align=""left"">Disclaimer</th><td>All cards are sold as-is. Review item condition and images. No refunds or returns. Contact us before leaving negative feedback.</td></tr></table></div>",FixedPrice,GTC,3.49,,1,,ImmediatePayRequired,,United States,,Flat,USPSFirstClass,1,0.0,,,1,,,ReturnsNotAccepted,,,,,,,,,,,,,No,No,,,
Add,j7ykv,261328,0,BRYSON BARNES 2024 Bowman University Chrome #29 Utah State Aggies,,,4000,No,BASEBALL,,,,,,,,MLB,,,No,Excellent,,,,Sports Trading Card,,,,,,,,,,,,,,,,,,,,,"<div style=""background:#FDFEFE;border:1px solid #CBD4C2;color:#353535;padding:40px;line-height:1.6;font-family:Arial,sans-serif;font-size:16px;""><h1 style=""text-align:center;"">BRYSON BARNES 2024 Bowman University Chrome #29 Utah State Aggies</h1><table style=""width:100%;margin-top:30px;border-spacing:0;""><tr><th align=""left"">Payment</th><td>Payment is due within 4 days. Unpaid items may be canceled and relisted.</td></tr><tr><th align=""left"">Shipping</th><td>Items ship via eBay Standard Envelope. Combined shipping may apply. Usually ships within 1 business day.</td></tr><tr><th align=""left"">Disclaimer</th><td>All cards are sold as-is. Review item condition and images. No refunds or returns. Contact us before leaving negative feedback.</td></tr></table></div>",FixedPrice,GTC,3.49,,1,,ImmediatePayRequired,,United States,,Flat,USPSFirstClass,1,0.0,,,1,,,ReturnsNotAccepted,,,,,,,,,,,,,No,No,,,
Add,j7ylb,261328,0,RAHEIM SANDERS 2024 Bowman University Chrome #148 South Carolina Gamecocks,,,4000,No,BASEBALL,,,,,,,,MLB,,,No,Excellent,,,,Sports Trading Card,,,,,,,,,,,,,,,,,,,,,"<div style=""background:#FDFEFE;border:1px solid #CBD4C2;color:#353535;padding:40px;line-height:1.6;font-family:Arial,sans-serif;font-size:16px;""><h1 style=""text-align:center;"">RAHEIM SANDERS 2024 Bowman University Chrome #148 South Carolina Gamecocks</h1><table style=""width:100%;margin-top:30px;border-spacing:0;""><tr><th align=""left"">Payment</th><td>Payment is due within 4 days. Unpaid items may be canceled and relisted.</td></tr><tr><th align=""left"">Shipping</th><td>Items ship via eBay Standard Envelope. Combined shipping may apply. Usually ships within 1 business day.</td></tr><tr><th align=""left"">Disclaimer</th><td>All cards are sold as-is. Review item condition and images. No refunds or returns. Contact us before leaving negative feedback.</td></tr></table></div>",FixedPrice,GTC,3.49,,1,,ImmediatePayRequired,,United States,,Flat,USPSFirstClass,1,0.0,,,1,,,ReturnsNotAccepted,,,,,,,,,,,,,No,No,,,
Add,j7yl6,261328,0,JOEY AGUILAR 2024 Bowman University Chrome #103 Appalachian State Mountaineers,,,4000,No,BASEBALL,,,,,,,,MLB,,,No,Excellent,,,,Sports Trading Card,,,,,,,,,,,,,,,,,,,,,"<div style=""background:#FDFEFE;border:1px solid #CBD4C2;color:#353535;padding:40px;line-height:1.6;font-family:Arial,sans-serif;font-size:16px;""><h1 style=""text-align:center;"">JOEY AGUILAR 2024 Bowman University Chrome #103 Appalachian State Mountaineers</h1><table style=""width:100%;margin-top:30px;border-spacing:0;""><tr><th align=""left"">Payment</th><td>Payment is due within 4 days. Unpaid items may be canceled and relisted.</td></tr><tr><th align=""left"">Shipping</th><td>Items ship via eBay Standard Envelope. Combined shipping may apply. Usually ships within 1 business day.</td></tr><tr><th align=""left"">Disclaimer</th><td>All cards are sold as-is. Review item condition and images. No refunds or returns. Contact us before leaving negative feedback.</td></tr></table></div>",FixedPrice,GTC,3.49,,1,,ImmediatePayRequired,,United States,,Flat,USPSFirstClass,1,0.0,,,1,,,ReturnsNotAccepted,,,,,,,,,,,,,No,No,,,
Add,j7ylw,261328,0,MYKEL WILLIAMS 2024 Bowman University Chrome #134 Georgia Bulldogs,,,4000,No,BASEBALL,,,,,,,,MLB,,,No,Excellent,,,,Sports Trading Card,,,,,,,,,,,,,,,,,,,,,"<div style=""background:#FDFEFE;border:1px solid #CBD4C2;color:#353535;padding:40px;line-height:1.6;font-family:Arial,sans-serif;font-size:16px;""><h1 style=""text-align:center;"">MYKEL WILLIAMS 2024 Bowman University Chrome #134 Georgia Bulldogs</h1><table style=""width:100%;margin-top:30px;border-spacing:0;""><tr><th align=""left"">Payment</th><td>Payment is due within 4 days. Unpaid items may be canceled and relisted.</td></tr><tr><th align=""left"">Shipping</th><td>Items ship via eBay Standard Envelope. Combined shipping may apply. Usually ships within 1 business day.</td></tr><tr><th align=""left"">Disclaimer</th><td>All cards are sold as-is. Review item condition and images. No refunds or returns. Contact us before leaving negative feedback.</td></tr></table></div>",FixedPrice,GTC,3.49,,1,,ImmediatePayRequired,,United States,,Flat,USPSFirstClass,1,0.0,,,1,,,ReturnsNotAccepted,,,,,,,,,,,,,No,No,,,
Add,j7ymi,261328,0,JAMAL HAYNES 2024 Bowman University Chrome #90 Georgia Tech Yellow Jackets,,,4000,No,BASEBALL,,,,,,,,MLB,,,No,Excellent,,,,Sports Trading Card,,,,,,,,,,,,,,,,,,,,,"<div style=""background:#FDFEFE;border:1px solid #CBD4C2;color:#353535;padding:40px;line-height:1.6;font-family:Arial,sans-serif;font-size:16px;""><h1 style=""text-align:center;"">JAMAL HAYNES 2024 Bowman University Chrome #90 Georgia Tech Yellow Jackets</h1><table style=""width:100%;margin-top:30px;border-spacing:0;""><tr><th align=""left"">Payment</th><td>Payment is due within 4 days. Unpaid items may be canceled and relisted.</td></tr><tr><th align=""left"">Shipping</th><td>Items ship via eBay Standard Envelope. Combined shipping may apply. Usually ships within 1 business day.</td></tr><tr><th align=""left"">Disclaimer</th><td>All cards are sold as-is. Review item condition and images. No refunds or returns. Contact us before leaving negative feedback.</td></tr></table></div>",FixedPrice,GTC,3.49,,1,,ImmediatePayRequired,,United States,,Flat,USPSFirstClass,1,0.0,,,1,,,ReturnsNotAccepted,,,,,,,,,,,,,No,No,,,
Add,j7ymo,261328,0,JACKSON ARNOLD 2024 Bowman University Chrome #80 Oklahoma Sooners,,,4000,No,BASEBALL,,,,,,,,MLB,,,No,Excellent,,,,Sports Trading Card,,,,,,,,,,,,,,,,,,,,,"<div style=""background:#FDFEFE;border:1px solid #CBD4C2;color:#353535;padding:40px;line-height:1.6;font-family:Arial,sans-serif;font-size:16px;""><h1 style=""text-align:center;"">JACKSON ARNOLD 2024 Bowman University Chrome #80 Oklahoma Sooners</h1><table style=""width:100%;margin-top:30px;border-spacing:0;""><tr><th align=""left"">Payment</th><td>Payment is due within 4 days. Unpaid items may be canceled and relisted.</td></tr><tr><th align=""left"">Shipping</th><td>Items ship via eBay Standard Envelope. Combined shipping may apply. Usually ships within 1 business day.</td></tr><tr><th align=""left"">Disclaimer</th><td>All cards are sold as-is. Review item condition and images. No refunds or returns. Contact us before leaving negative feedback.</td></tr></table></div>",FixedPrice,GTC,3.49,,1,,ImmediatePayRequired,,United States,,Flat,USPSFirstClass,1,0.0,,,1,,,ReturnsNotAccepted,,,,,,,,,,,,,No,No,,,
Add,j7ynl,261328,0,ANTWAUN POWELL-RYLAND 2024 Bowman University Chrome #15 Virginia Tech Hokies,,,4000,No,BASEBALL,,,,,,,,MLB,,,No,Excellent,,,,Sports Trading Card,,,,,,,,,,,,,,,,,,,,,"<div style=""background:#FDFEFE;border:1px solid #CBD4C2;color:#353535;padding:40px;line-height:1.6;font-family:Arial,sans-serif;font-size:16px;""><h1 style=""text-align:center;"">ANTWAUN POWELL-RYLAND 2024 Bowman University Chrome #15 Virginia Tech Hokies</h1><table style=""width:100%;margin-top:30px;border-spacing:0;""><tr><th align=""left"">Payment</th><td>Payment is due within 4 days. Unpaid items may be canceled and relisted.</td></tr><tr><th align=""left"">Shipping</th><td>Items ship via eBay Standard Envelope. Combined shipping may apply. Usually ships within 1 business day.</td></tr><tr><th align=""left"">Disclaimer</th><td>All cards are sold as-is. Review item condition and images. No refunds or returns. Contact us before leaving negative feedback.</td></tr></table></div>",FixedPrice,GTC,3.49,,1,,ImmediatePayRequired,,United States,,Flat,USPSFirstClass,1,0.0,,,1,,,ReturnsNotAccepted,,,,,,,,,,,,,No,No,,,
Add,j7yob,261328,0,MONTRELL JOHNSON JR. 2024 Bowman University Chrome #133 Florida Gators,,,4000,No,BASEBALL,,,,,,,,MLB,,,No,Excellent,,,,Sports Trading Card,,,,,,,,,,,,,,,,,,,,,"<div style=""background:#FDFEFE;border:1px solid #CBD4C2;color:#353535;padding:40px;line-height:1.6;font-family:Arial,sans-serif;font-size:16px;""><h1 style=""text-align:center;"">MONTRELL JOHNSON JR. 2024 Bowman University Chrome #133 Florida Gators</h1><table style=""width:100%;margin-top:30px;border-spacing:0;""><tr><th align=""left"">Payment</th><td>Payment is due within 4 days. Unpaid items may be canceled and relisted.</td></tr><tr><th align=""left"">Shipping</th><td>Items ship via eBay Standard Envelope. Combined shipping may apply. Usually ships within 1 business day.</td></tr><tr><th align=""left"">Disclaimer</th><td>All cards are sold as-is. Review item condition and images. No refunds or returns. Contact us before leaving negative feedback.</td></tr></table></div>",FixedPrice,GTC,3.49,,1,,ImmediatePayRequired,,United States,,Flat,USPSFirstClass,1,0.0,,,1,,,ReturnsNotAccepted,,,,,,,,,,,,,No,No,,,
Add,j7yp4,261328,0,GAVIN SAWCHUK 2024 Bowman University Chrome #RM-13 Ramblin’ Man Oklahoma Sooners,,,4000,No,BASEBALL,,,,,,,,MLB,,,No,Excellent,,,,Sports Trading Card,,,,,,,,,,,,,,,,,,,,,"<div style=""background:#FDFEFE;border:1px solid #CBD4C2;color:#353535;padding:40px;line-height:1.6;font-family:Arial,sans-serif;font-size:16px;""><h1 style=""text-align:center;"">GAVIN SAWCHUK 2024 Bowman University Chrome #RM-13 Ramblin’ Man Oklahoma Sooners</h1><table style=""width:100%;margin-top:30px;border-spacing:0;""><tr><th align=""left"">Payment</th><td>Payment is due within 4 days. Unpaid items may be canceled and relisted.</td></tr><tr><th align=""left"">Shipping</th><td>Items ship via eBay Standard Envelope. Combined shipping may apply. Usually ships within 1 business day.</td></tr><tr><th align=""left"">Disclaimer</th><td>All cards are sold as-is. Review item condition and images. No refunds or returns. Contact us before leaving negative feedback.</td></tr></table></div>",FixedPrice,GTC,3.49,,1,,ImmediatePayRequired,,United States,,Flat,USPSFirstClass,1,0.0,,,1,,,ReturnsNotAccepted,,,,,,,,,,,,,No,No,,,
Add,j7ypi,261328,0,PARKER JENKINS 2024 Bowman University Chrome #141 Houston Cougars,,,4000,No,BASEBALL,,,,,,,,MLB,,,No,Excellent,,,,Sports Trading Card,,,,,,,,,,,,,,,,,,,,,"<div style=""background:#FDFEFE;border:1px solid #CBD4C2;color:#353535;padding:40px;line-height:1.6;font-family:Arial,sans-serif;font-size:16px;""><h1 style=""text-align:center;"">PARKER JENKINS 2024 Bowman University Chrome #141 Houston Cougars</h1><table style=""width:100%;margin-top:30px;border-spacing:0;""><tr><th align=""left"">Payment</th><td>Payment is due within 4 days. Unpaid items may be canceled and relisted.</td></tr><tr><th align=""left"">Shipping</th><td>Items ship via eBay Standard Envelope. Combined shipping may apply. Usually ships within 1 business day.</td></tr><tr><th align=""left"">Disclaimer</th><td>All cards are sold as-is. Review item condition and images. No refunds or returns. Contact us before leaving negative feedback.</td></tr></table></div>",FixedPrice,GTC,3.49,,1,,ImmediatePayRequired,,United States,,Flat,USPSFirstClass,1,0.0,,,1,,,ReturnsNotAccepted,,,,,,,,,,,,,No,No,,,
Add,j7yqi,261328,0,ROCCO BECHT 2024 Bowman University Chrome #155 Iowa State Cyclones,,,4000,No,BASEBALL,,,,,,,,MLB,,,No,Excellent,,,,Sports Trading Card,,,,,,,,,,,,,,,,,,,,,"<div style=""background:#FDFEFE;border:1px solid #CBD4C2;color:#353535;padding:40px;line-height:1.6;font-family:Arial,sans-serif;font-size:16px;""><h1 style=""text-align:center;"">ROCCO BECHT 2024 Bowman University Chrome #155 Iowa State Cyclones</h1><table style=""width:100%;margin-top:30px;border-spacing:0;""><tr><th align=""left"">Payment</th><td>Payment is due within 4 days. Unpaid items may be canceled and relisted.</td></tr><tr><th align=""left"">Shipping</th><td>Items ship via eBay Standard Envelope. Combined shipping may apply. Usually ships within 1 business day.</td></tr><tr><th align=""left"">Disclaimer</th><td>All cards are sold as-is. Review item condition and images. No refunds or returns. Contact us before leaving negative feedback.</td></tr></table></div>",FixedPrice,GTC,3.49,,1,,ImmediatePayRequired,,United States,,Flat,USPSFirstClass,1,0.0,,,1,,,ReturnsNotAccepted,,,,,,,,,,,,,No,No,,,
Add,j7yre,261328,0,ETHAN BURKE 2024 Bowman University Chrome #32 Texas Longhorns,,,4000,No,BASEBALL,,,,,,,,MLB,,,No,Excellent,,,,Sports Trading Card,,,,,,,,,,,,,,,,,,,,,"<div style=""background:#FDFEFE;border:1px solid #CBD4C2;color:#353535;padding:40px;line-height:1.6;font-family:Arial,sans-serif;font-size:16px;""><h1 style=""text-align:center;"">ETHAN BURKE 2024 Bowman University Chrome #32 Texas Longhorns</h1><table style=""width:100%;margin-top:30px;border-spacing:0;""><tr><th align=""left"">Payment</th><td>Payment is due within 4 days. Unpaid items may be canceled and relisted.</td></tr><tr><th align=""left"">Shipping</th><td>Items ship via eBay Standard Envelope. Combined shipping may apply. Usually ships within 1 business day.</td></tr><tr><th align=""left"">Disclaimer</th><td>All cards are sold as-is. Review item condition and images. No refunds or returns. Contact us before leaving negative feedback.</td></tr></table></div>",FixedPrice,GTC,3.49,,1,,ImmediatePayRequired,,United States,,Flat,USPSFirstClass,1,0.0,,,1,,,ReturnsNotAccepted,,,,,,,,,,,,,No,No,,,
Add,j7yrj,261328,0,CJ BAXTER 2024 Bowman University Chrome #42 Texas Longhorns,,,4000,No,BASEBALL,,,,,,,,MLB,,,No,Excellent,,,,Sports Trading Card,,,,,,,,,,,,,,,,,,,,,"<div style=""background:#FDFEFE;border:1px solid #CBD4C2;color:#353535;padding:40px;line-height:1.6;font-family:Arial,sans-serif;font-size:16px;""><h1 style=""text-align:center;"">CJ BAXTER 2024 Bowman University Chrome #42 Texas Longhorns</h1><table style=""width:100%;margin-top:30px;border-spacing:0;""><tr><th align=""left"">Payment</th><td>Payment is due within 4 days. Unpaid items may be canceled and relisted.</td></tr><tr><th align=""left"">Shipping</th><td>Items ship via eBay Standard Envelope. Combined shipping may apply. Usually ships within 1 business day.</td></tr><tr><th align=""left"">Disclaimer</th><td>All cards are sold as-is. Review item condition and images. No refunds or returns. Contact us before leaving negative feedback.</td></tr></table></div>",FixedPrice,GTC,3.49,,1,,ImmediatePayRequired,,United States,,Flat,USPSFirstClass,1,0.0,,,1,,,ReturnsNotAccepted,,,,,,,,,,,,,No,No,,,
Add,j7yrm,261328,0,DJ GIDDENS 2024 Bowman University Chrome #33 Kansas State Wildcats,,,4000,No,BASEBALL,,,,,,,,MLB,,,No,Excellent,,,,Sports Trading Card,,,,,,,,,,,,,,,,,,,,,"<div style=""background:#FDFEFE;border:1px solid #CBD4C2;color:#353535;padding:40px;line-height:1.6;font-family:Arial,sans-serif;font-size:16px;""><h1 style=""text-align:center;"">DJ GIDDENS 2024 Bowman University Chrome #33 Kansas State Wildcats</h1><table style=""width:100%;margin-top:30px;border-spacing:0;""><tr><th align=""left"">Payment</th><td>Payment is due within 4 days. Unpaid items may be canceled and relisted.</td></tr><tr><th align=""left"">Shipping</th><td>Items ship via eBay Standard Envelope. Combined shipping may apply. Usually ships within 1 business day.</td></tr><tr><th align=""left"">Disclaimer</th><td>All cards are sold as-is. Review item condition and images. No refunds or returns. Contact us before leaving negative feedback.</td></tr></table></div>",FixedPrice,GTC,3.49,,1,,ImmediatePayRequired,,United States,,Flat,USPSFirstClass,1,0.0,,,1,,,ReturnsNotAccepted,,,,,,,,,,,,,No,No,,,
Add,j7ysd,261328,0,CONNER HARRELL 2024 Bowman University Chrome #46 North Carolina Tar Heels,,,4000,No,BASEBALL,,,,,,,,MLB,,,No,Excellent,,,,Sports Trading Card,,,,,,,,,,,,,,,,,,,,,"<div style=""background:#FDFEFE;border:1px solid #CBD4C2;color:#353535;padding:40px;line-height:1.6;font-family:Arial,sans-serif;font-size:16px;""><h1 style=""text-align:center;"">CONNER HARRELL 2024 Bowman University Chrome #46 North Carolina Tar Heels</h1><table style=""width:100%;margin-top:30px;border-spacing:0;""><tr><th align=""left"">Payment</th><td>Payment is due within 4 days. Unpaid items may be canceled and relisted.</td></tr><tr><th align=""left"">Shipping</th><td>Items ship via eBay Standard Envelope. Combined shipping may apply. Usually ships within 1 business day.</td></tr><tr><th align=""left"">Disclaimer</th><td>All cards are sold as-is. Review item condition and images. No refunds or returns. Contact us before leaving negative feedback.</td></tr></table></div>",FixedPrice,GTC,3.49,,1,,ImmediatePayRequired,,United States,,Flat,USPSFirstClass,1,0.0,,,1,,,ReturnsNotAccepted,,,,,,,,,,,,,No,No,,,
Add,j7ysr,261328,0,ANDREW MUKUBA 2024 Bowman University Chrome #12 Texas Longhorns,,,4000,No,BASEBALL,,,,,,,,MLB,,,No,Excellent,,,,Sports Trading Card,,,,,,,,,,,,,,,,,,,,,"<div style=""background:#FDFEFE;border:1px solid #CBD4C2;color:#353535;padding:40px;line-height:1.6;font-family:Arial,sans-serif;font-size:16px;""><h1 style=""text-align:center;"">ANDREW MUKUBA 2024 Bowman University Chrome #12 Texas Longhorns</h1><table style=""width:100%;margin-top:30px;border-spacing:0;""><tr><th align=""left"">Payment</th><td>Payment is due within 4 days. Unpaid items may be canceled and relisted.</td></tr><tr><th align=""left"">Shipping</th><td>Items ship via eBay Standard Envelope. Combined shipping may apply. Usually ships within 1 business day.</td></tr><tr><th align=""left"">Disclaimer</th><td>All cards are sold as-is. Review item condition and images. No refunds or returns. Contact us before leaving negative feedback.</td></tr></table></div>",FixedPrice,GTC,3.49,,1,,ImmediatePayRequired,,United States,,Flat,USPSFirstClass,1,0.0,,,1,,,ReturnsNotAccepted,,,,,,,,,,,,,No,No,,,
Add,j7ysx,261328,0,ABU SAMA III 2024 Bowman University Chrome #7 Iowa State Cyclones,,,4000,No,BASEBALL,,,,,,,,MLB,,,No,Excellent,,,,Sports Trading Card,,,,,,,,,,,,,,,,,,,,,"<div style=""background:#FDFEFE;border:1px solid #CBD4C2;color:#353535;padding:40px;line-height:1.6;font-family:Arial,sans-serif;font-size:16px;""><h1 style=""text-align:center;"">ABU SAMA III 2024 Bowman University Chrome #7 Iowa State Cyclones</h1><table style=""width:100%;margin-top:30px;border-spacing:0;""><tr><th align=""left"">Payment</th><td>Payment is due within 4 days. Unpaid items may be canceled and relisted.</td></tr><tr><th align=""left"">Shipping</th><td>Items ship via eBay Standard Envelope. Combined shipping may apply. Usually ships within 1 business day.</td></tr><tr><th align=""left"">Disclaimer</th><td>All cards are sold as-is. Review item condition and images. No refunds or returns. Contact us before leaving negative feedback.</td></tr></table></div>",FixedPrice,GTC,3.49,,1,,ImmediatePayRequired,,United States,,Flat,USPSFirstClass,1,0.0,,,1,,,ReturnsNotAccepted,,,,,,,,,,,,,No,No,,,
Add,j7yt8,261328,0,NICKOLAS MARTIN 2024 Bowman University Chrome #199 Oklahoma State Cowboys,,,4000,No,BASEBALL,,,,,,,,MLB,,,No,Excellent,,,,Sports Trading Card,,,,,,,,,,,,,,,,,,,,,"<div style=""background:#FDFEFE;border:1px solid #CBD4C2;color:#353535;padding:40px;line-height:1.6;font-family:Arial,sans-serif;font-size:16px;""><h1 style=""text-align:center;"">NICKOLAS MARTIN 2024 Bowman University Chrome #199 Oklahoma State Cowboys</h1><table style=""width:100%;margin-top:30px;border-spacing:0;""><tr><th align=""left"">Payment</th><td>Payment is due within 4 days. Unpaid items may be canceled and relisted.</td></tr><tr><th align=""left"">Shipping</th><td>Items ship via eBay Standard Envelope. Combined shipping may apply. Usually ships within 1 business day.</td></tr><tr><th align=""left"">Disclaimer</th><td>All cards are sold as-is. Review item condition and images. No refunds or returns. Contact us before leaving negative feedback.</td></tr></table></div>",FixedPrice,GTC,3.49,,1,,ImmediatePayRequired,,United States,,Flat,USPSFirstClass,1,0.0,,,1,,,ReturnsNotAccepted,,,,,,,,,,,,,No,No,,,
Add,j7ytc,261328,0,OLLIE GORDON II 2024 Bowman University Chrome #197 Oklahoma State Cowboys,,,4000,No,BASEBALL,,,,,,,,MLB,,,No,Excellent,,,,Sports Trading Card,,,,,,,,,,,,,,,,,,,,,"<div style=""background:#FDFEFE;border:1px solid #CBD4C2;color:#353535;padding:40px;line-height:1.6;font-family:Arial,sans-serif;font-size:16px;""><h1 style=""text-align:center;"">OLLIE GORDON II 2024 Bowman University Chrome #197 Oklahoma State Cowboys</h1><table style=""width:100%;margin-top:30px;border-spacing:0;""><tr><th align=""left"">Payment</th><td>Payment is due within 4 days. Unpaid items may be canceled and relisted.</td></tr><tr><th align=""left"">Shipping</th><td>Items ship via eBay Standard Envelope. Combined shipping may apply. Usually ships within 1 business day.</td></tr><tr><th align=""left"">Disclaimer</th><td>All cards are sold as-is. Review item condition and images. No refunds or returns. Contact us before leaving negative feedback.</td></tr></table></div>",FixedPrice,GTC,3.49,,1,,ImmediatePayRequired,,United States,,Flat,USPSFirstClass,1,0.0,,,1,,,ReturnsNotAccepted,,,,,,,,,,,,,No,No,,,
Add,ja0wb,261328,0,2024 Donruss COLT EMERSON #173 Orange Laser Seattle Mariners #/299,,,4000,No,BASEBALL,,,,,,,,MLB,,,No,Excellent,,,,Sports Trading Card,,,,,,,,,,,,,,,,,,,,,"<div style=""background:#FDFEFE;border:1px solid #CBD4C2;color:#353535;padding:40px;line-height:1.6;font-family:Arial,sans-serif;font-size:16px;""><h1 style=""text-align:center;"">2024 Donruss COLT EMERSON #173 Orange Laser Seattle Mariners #/299</h1><table style=""width:100%;margin-top:30px;border-spacing:0;""><tr><th align=""left"">Payment</th><td>Payment is due within 4 days. Unpaid items may be canceled and relisted.</td></tr><tr><th align=""left"">Shipping</th><td>Items ship via eBay Standard Envelope. Combined shipping may apply. Usually ships within 1 business day.</td></tr><tr><th align=""left"">Disclaimer</th><td>All cards are sold as-is. Review item condition and images. No refunds or returns. Contact us before leaving negative feedback.</td></tr></table></div>",FixedPrice,GTC,4.49,,1,,ImmediatePayRequired,,United States,,Flat,USPSFirstClass,1,0.0,,,1,,,ReturnsNotAccepted,,,,,,,,,,,,,No,No,,,
Add,j9xob,261328,0,2024-25 Topps Chrome UEFA Club NICOLAS JACKSON #41 Magenta Lava #/75,,,4000,No,BASEBALL,,,,,,,,MLB,,,No,Excellent,,,,Sports Trading Card,,,,,,,,,,,,,,,,,,,,,"<div style=""background:#FDFEFE;border:1px solid #CBD4C2;color:#353535;padding:40px;line-height:1.6;font-family:Arial,sans-serif;font-size:16px;""><h1 style=""text-align:center;"">2024-25 Topps Chrome UEFA Club NICOLAS JACKSON #41 Magenta Lava #/75</h1><table style=""width:100%;margin-top:30px;border-spacing:0;""><tr><th align=""left"">Payment</th><td>Payment is due within 4 days. Unpaid items may be canceled and relisted.</td></tr><tr><th align=""left"">Shipping</th><td>Items ship via eBay Standard Envelope. Combined shipping may apply. Usually ships within 1 business day.</td></tr><tr><th align=""left"">Disclaimer</th><td>All cards are sold as-is. Review item condition and images. No refunds or returns. Contact us before leaving negative feedback.</td></tr></table></div>",FixedPrice,GTC,5.99,,1,,ImmediatePayRequired,,United States,,Flat,USPSFirstClass,1,0.0,,,1,,,ReturnsNotAccepted,,,,,,,,,,,,,No,No,,,
Add,j9xof,261328,0,2021-22 Topps Chrome UEFA Champions League SADIO MANÉ #110 Rose Gold #/125,,,4000,No,BASEBALL,,,,,,,,MLB,,,No,Excellent,,,,Sports Trading Card,,,,,,,,,,,,,,,,,,,,,"<div style=""background:#FDFEFE;border:1px solid #CBD4C2;color:#353535;padding:40px;line-height:1.6;font-family:Arial,sans-serif;font-size:16px;""><h1 style=""text-align:center;"">2021-22 Topps Chrome UEFA Champions League SADIO MANÉ #110 Rose Gold #/125</h1><table style=""width:100%;margin-top:30px;border-spacing:0;""><tr><th align=""left"">Payment</th><td>Payment is due within 4 days. Unpaid items may be canceled and relisted.</td></tr><tr><th align=""left"">Shipping</th><td>Items ship via eBay Standard Envelope. Combined shipping may apply. Usually ships within 1 business day.</td></tr><tr><th align=""left"">Disclaimer</th><td>All cards are sold as-is. Review item condition and images. No refunds or returns. Contact us before leaving negative feedback.</td></tr></table></div>",FixedPrice,GTC,2.49,,1,,ImmediatePayRequired,,United States,,Flat,USPSFirstClass,1,0.0,,,1,,,ReturnsNotAccepted,,,,,,,,,,,,,No,No,,,
Add,j9xoj,261328,0,2023-24 Topps Chrome UEFA Club KARIM KONATE #30 Purple Ray Wave Refractor #/175,,,4000,No,BASEBALL,,,,,,,,MLB,,,No,Excellent,,,,Sports Trading Card,,,,,,,,,,,,,,,,,,,,,"<div style=""background:#FDFEFE;border:1px solid #CBD4C2;color:#353535;padding:40px;line-height:1.6;font-family:Arial,sans-serif;font-size:16px;""><h1 style=""text-align:center;"">2023-24 Topps Chrome UEFA Club KARIM KONATE #30 Purple Ray Wave Refractor #/175</h1><table style=""width:100%;margin-top:30px;border-spacing:0;""><tr><th align=""left"">Payment</th><td>Payment is due within 4 days. Unpaid items may be canceled and relisted.</td></tr><tr><th align=""left"">Shipping</th><td>Items ship via eBay Standard Envelope. Combined shipping may apply. Usually ships within 1 business day.</td></tr><tr><th align=""left"">Disclaimer</th><td>All cards are sold as-is. Review item condition and images. No refunds or returns. Contact us before leaving negative feedback.</td></tr></table></div>",FixedPrice,GTC,5.49,,1,,ImmediatePayRequired,,United States,,Flat,USPSFirstClass,1,0.0,,,1,,,ReturnsNotAccepted,,,,,,,,,,,,,No,No,,,
Add,j9xon,261328,0,2024-25 Topps UEFA Club Competitions Vinícius Tobias #167 Shakhtar Donetsk,,,4000,No,BASEBALL,,,,,,,,MLB,,,No,Excellent,,,,Sports Trading Card,,,,,,,,,,,,,,,,,,,,,"<div style=""background:#FDFEFE;border:1px solid #CBD4C2;color:#353535;padding:40px;line-height:1.6;font-family:Arial,sans-serif;font-size:16px;""><h1 style=""text-align:center;"">2024-25 Topps UEFA Club Competitions Vinícius Tobias #167 Shakhtar Donetsk</h1><table style=""width:100%;margin-top:30px;border-spacing:0;""><tr><th align=""left"">Payment</th><td>Payment is due within 4 days. Unpaid items may be canceled and relisted.</td></tr><tr><th align=""left"">Shipping</th><td>Items ship via eBay Standard Envelope. Combined shipping may apply. Usually ships within 1 business day.</td></tr><tr><th align=""left"">Disclaimer</th><td>All cards are sold as-is. Review item condition and images. No refunds or returns. Contact us before leaving negative feedback.</td></tr></table></div>",FixedPrice,GTC,2.09,,1,,ImmediatePayRequired,,United States,,Flat,USPSFirstClass,1,0.0,,,1,,,ReturnsNotAccepted,,,,,,,,,,,,,No,No,,,
Add,jba2j,261328,0,2025 Topps Chrome ADOLIS GARCÍA #293 Texas Rangers,,,4000,No,BASEBALL,,,,,,,,MLB,,,No,Excellent,,,,Sports Trading Card,,,,,,,,,,,,,,,,,,,,,"<div style=""background:#FDFEFE;border:1px solid #CBD4C2;color:#353535;padding:40px;line-height:1.6;font-family:Arial,sans-serif;font-size:16px;""><h1 style=""text-align:center;"">2025 Topps Chrome ADOLIS GARCÍA #293 Texas Rangers</h1><table style=""width:100%;margin-top:30px;border-spacing:0;""><tr><th align=""left"">Payment</th><td>Payment is due within 4 days. Unpaid items may be canceled and relisted.</td></tr><tr><th align=""left"">Shipping</th><td>Items ship via eBay Standard Envelope. Combined shipping may apply. Usually ships within 1 business day.</td></tr><tr><th align=""left"">Disclaimer</th><td>All cards are sold as-is. Review item condition and images. No refunds or returns. Contact us before leaving negative feedback.</td></tr></table></div>",FixedPrice,GTC,1.49,,1,,ImmediatePayRequired,,United States,,Flat,USPSFirstClass,1,0.0,,,1,,,ReturnsNotAccepted,,,,,,,,,,,,,No,No,,,
Add,jba2l,261328,0,2025 Topps Chrome COREY SEAGER #24 Texas Rangers,,,4000,No,BASEBALL,,,,,,,,MLB,,,No,Excellent,,,,Sports Trading Card,,,,,,,,,,,,,,,,,,,,,"<div style=""background:#FDFEFE;border:1px solid #CBD4C2;color:#353535;padding:40px;line-height:1.6;font-family:Arial,sans-serif;font-size:16px;""><h1 style=""text-align:center;"">2025 Topps Chrome COREY SEAGER #24 Texas Rangers</h1><table style=""width:100%;margin-top:30px;border-spacing:0;""><tr><th align=""left"">Payment</th><td>Payment is due within 4 days. Unpaid items may be canceled and relisted.</td></tr><tr><th align=""left"">Shipping</th><td>Items ship via eBay Standard Envelope. Combined shipping may apply. Usually ships within 1 business day.</td></tr><tr><th align=""left"">Disclaimer</th><td>All cards are sold as-is. Review item condition and images. No refunds or returns. Contact us before leaving negative feedback.</td></tr></table></div>",FixedPrice,GTC,2.99,,1,,ImmediatePayRequired,,United States,,Flat,USPSFirstClass,1,0.0,,,1,,,ReturnsNotAccepted,,,,,,,,,,,,,No,No,,,
Add,jba2n,261328,0,2025 Topps Chrome JACOB DEGROM #214 Texas Rangers,,,4000,No,BASEBALL,,,,,,,,MLB,,,No,Excellent,,,,Sports Trading Card,,,,,,,,,,,,,,,,,,,,,"<div style=""background:#FDFEFE;border:1px solid #CBD4C2;color:#353535;padding:40px;line-height:1.6;font-family:Arial,sans-serif;font-size:16px;""><h1 style=""text-align:center;"">2025 Topps Chrome JACOB DEGROM #214 Texas Rangers</h1><table style=""width:100%;margin-top:30px;border-spacing:0;""><tr><th align=""left"">Payment</th><td>Payment is due within 4 days. Unpaid items may be canceled and relisted.</td></tr><tr><th align=""left"">Shipping</th><td>Items ship via eBay Standard Envelope. Combined shipping may apply. Usually ships within 1 business day.</td></tr><tr><th align=""left"">Disclaimer</th><td>All cards are sold as-is. Review item condition and images. No refunds or returns. Contact us before leaving negative feedback.</td></tr></table></div>",FixedPrice,GTC,2.49,,1,,ImmediatePayRequired,,United States,,Flat,USPSFirstClass,1,0.0,,,1,,,ReturnsNotAccepted,,,,,,,,,,,,,No,No,,,
Add,jba2o,261328,0,2025 Topps Chrome COREY SEAGER #F15-15 Fortune 15 Texas Rangers,,,4000,No,BASEBALL,,,,,,,,MLB,,,No,Excellent,,,,Sports Trading Card,,,,,,,,,,,,,,,,,,,,,"<div style=""background:#FDFEFE;border:1px solid #CBD4C2;color:#353535;padding:40px;line-height:1.6;font-family:Arial,sans-serif;font-size:16px;""><h1 style=""text-align:center;"">2025 Topps Chrome COREY SEAGER #F15-15 Fortune 15 Texas Rangers</h1><table style=""width:100%;margin-top:30px;border-spacing:0;""><tr><th align=""left"">Payment</th><td>Payment is due within 4 days. Unpaid items may be canceled and relisted.</td></tr><tr><th align=""left"">Shipping</th><td>Items ship via eBay Standard Envelope. Combined shipping may apply. Usually ships within 1 business day.</td></tr><tr><th align=""left"">Disclaimer</th><td>All cards are sold as-is. Review item condition and images. No refunds or returns. Contact us before leaving negative feedback.</td></tr></table></div>",FixedPrice,GTC,2.99,,1,,ImmediatePayRequired,,United States,,Flat,USPSFirstClass,1,0.0,,,1,,,ReturnsNotAccepted,,,,,,,,,,,,,No,No,,,
Add,jba2q,261328,0,2025 Topps Chrome COREY SEAGER #CAE-13 Chrome All-Etch Texas Rangers,,,4000,No,BASEBALL,,,,,,,,MLB,,,No,Excellent,,,,Sports Trading Card,,,,,,,,,,,,,,,,,,,,,"<div style=""background:#FDFEFE;border:1px solid #CBD4C2;color:#353535;padding:40px;line-height:1.6;font-family:Arial,sans-serif;font-size:16px;""><h1 style=""text-align:center;"">2025 Topps Chrome COREY SEAGER #CAE-13 Chrome All-Etch Texas Rangers</h1><table style=""width:100%;margin-top:30px;border-spacing:0;""><tr><th align=""left"">Payment</th><td>Payment is due within 4 days. Unpaid items may be canceled and relisted.</td></tr><tr><th align=""left"">Shipping</th><td>Items ship via eBay Standard Envelope. Combined shipping may apply. Usually ships within 1 business day.</td></tr><tr><th align=""left"">Disclaimer</th><td>All cards are sold as-is. Review item condition and images. No refunds or returns. Contact us before leaving negative feedback.</td></tr></table></div>",FixedPrice,GTC,3.99,,1,,ImmediatePayRequired,,United States,,Flat,USPSFirstClass,1,0.0,,,1,,,ReturnsNotAccepted,,,,,,,,,,,,,No,No,,,
Add,jba2r,261328,0,2025 Topps Chrome WYATT LANGFORD #68 Texas Rangers,,,4000,No,BASEBALL,,,,,,,,MLB,,,No,Excellent,,,,Sports Trading Card,,,,,,,,,,,,,,,,,,,,,"<div style=""background:#FDFEFE;border:1px solid #CBD4C2;color:#353535;padding:40px;line-height:1.6;font-family:Arial,sans-serif;font-size:16px;""><h1 style=""text-align:center;"">2025 Topps Chrome WYATT LANGFORD #68 Texas Rangers</h1><table style=""width:100%;margin-top:30px;border-spacing:0;""><tr><th align=""left"">Payment</th><td>Payment is due within 4 days. Unpaid items may be canceled and relisted.</td></tr><tr><th align=""left"">Shipping</th><td>Items ship via eBay Standard Envelope. Combined shipping may apply. Usually ships within 1 business day.</td></tr><tr><th align=""left"">Disclaimer</th><td>All cards are sold as-is. Review item condition and images. No refunds or returns. Contact us before leaving negative feedback.</td></tr></table></div>",FixedPrice,GTC,2.49,,1,,ImmediatePayRequired,,United States,,Flat,USPSFirstClass,1,0.0,,,1,,,ReturnsNotAccepted,,,,,,,,,,,,,No,No,,,
Add,jba2s,261328,0,2025 Topps Chrome WYATT LANGFORD #68 Rainbow Foil Texas Rangers,,,4000,No,BASEBALL,,,,,,,,MLB,,,No,Excellent,,,,Sports Trading Card,,,,,,,,,,,,,,,,,,,,,"<div style=""background:#FDFEFE;border:1px solid #CBD4C2;color:#353535;padding:40px;line-height:1.6;font-family:Arial,sans-serif;font-size:16px;""><h1 style=""text-align:center;"">2025 Topps Chrome WYATT LANGFORD #68 Rainbow Foil Texas Rangers</h1><table style=""width:100%;margin-top:30px;border-spacing:0;""><tr><th align=""left"">Payment</th><td>Payment is due within 4 days. Unpaid items may be canceled and relisted.</td></tr><tr><th align=""left"">Shipping</th><td>Items ship via eBay Standard Envelope. Combined shipping may apply. Usually ships within 1 business day.</td></tr><tr><th align=""left"">Disclaimer</th><td>All cards are sold as-is. Review item condition and images. No refunds or returns. Contact us before leaving negative feedback.</td></tr></table></div>",FixedPrice,GTC,3.99,,1,,ImmediatePayRequired,,United States,,Flat,USPSFirstClass,1,0.0,,,1,,,ReturnsNotAccepted,,,,,,,,,,,,,No,No,,,
Add,jbwvg,261328,0,YAIKEL MIJARES 2024 Bowman Chrome #CPA-YMI Prospects Autos Guardians,,,4000,No,BASEBALL,,,,,,,,MLB,,,No,Excellent,,,,Sports Trading Card,,,,,,,,,,,,,,,,,,,,,"<div style=""background:#FDFEFE;border:1px solid #CBD4C2;color:#353535;padding:40px;line-height:1.6;font-family:Arial,sans-serif;font-size:16px;""><h1 style=""text-align:center;"">YAIKEL MIJARES 2024 Bowman Chrome #CPA-YMI Prospects Autos Guardians</h1><table style=""width:100%;margin-top:30px;border-spacing:0;""><tr><th align=""left"">Payment</th><td>Payment is due within 4 days. Unpaid items may be canceled and relisted.</td></tr><tr><th align=""left"">Shipping</th><td>Items ship via eBay Standard Envelope. Combined shipping may apply. Usually ships within 1 business day.</td></tr><tr><th align=""left"">Disclaimer</th><td>All cards are sold as-is. Review item condition and images. No refunds or returns. Contact us before leaving negative feedback.</td></tr></table></div>",FixedPrice,GTC,6.09,,1,,ImmediatePayRequired,,United States,,Flat,USPSFirstClass,1,0.0,,,1,,,ReturnsNotAccepted,,,,,,,,,,,,,No,No,,,
Add,CDP-F1585A0,261328,0,2025 MLB Topps Now #557 CHRSTIAN YELICH Milwaukee Brewers SHARP,,,4000,No,BASEBALL,,,,,,,,MLB,,,No,Excellent,,,,Sports Trading Card,,,,,,,,,,,,,,,,,,,,,"<div style=""background:#FDFEFE;border:1px solid #CBD4C2;color:#353535;padding:40px;line-height:1.6;font-family:Arial,sans-serif;font-size:16px;""><h1 style=""text-align:center;"">2025 MLB Topps Now #557 CHRSTIAN YELICH Milwaukee Brewers SHARP</h1><table style=""width:100%;margin-top:30px;border-spacing:0;""><tr><th align=""left"">Payment</th><td>Payment is due within 4 days. Unpaid items may be canceled and relisted.</td></tr><tr><th align=""left"">Shipping</th><td>Items ship via eBay Standard Envelope. Combined shipping may apply. Usually ships within 1 business day.</td></tr><tr><th align=""left"">Disclaimer</th><td>All cards are sold as-is. Review item condition and images. No refunds or returns. Contact us before leaving negative feedback.</td></tr></table></div>",FixedPrice,GTC,8.69,,1,,ImmediatePayRequired,,United States,,Flat,USPSFirstClass,1,0.0,,,1,,,ReturnsNotAccepted,,,,,,,,,,,,,No,No,,,
Add,CDP-94F7DAB,261328,0,2024 Topps Chrome - ALL-ETCH EDDIE GEORGE #CAE-EG,,,4000,No,BASEBALL,,,,,,,,MLB,,,No,Excellent,,,,Sports Trading Card,,,,,,,,,,,,,,,,,,,,,"<div style=""background:#FDFEFE;border:1px solid #CBD4C2;color:#353535;padding:40px;line-height:1.6;font-family:Arial,sans-serif;font-size:16px;""><h1 style=""text-align:center;"">2024 Topps Chrome - ALL-ETCH EDDIE GEORGE #CAE-EG</h1><table style=""width:100%;margin-top:30px;border-spacing:0;""><tr><th align=""left"">Payment</th><td>Payment is due within 4 days. Unpaid items may be canceled and relisted.</td></tr><tr><th align=""left"">Shipping</th><td>Items ship via eBay Standard Envelope. Combined shipping may apply. Usually ships within 1 business day.</td></tr><tr><th align=""left"">Disclaimer</th><td>All cards are sold as-is. Review item condition and images. No refunds or returns. Contact us before leaving negative feedback.</td></tr></table></div>",FixedPrice,GTC,3.49,,1,,ImmediatePayRequired,,United States,,Flat,USPSFirstClass,1,0.0,,,1,,,ReturnsNotAccepted,,,,,,,,,,,,,No,No,,,
Add,CDP-72FF8EE,261328,0,2024 Topps Finest - Common TODD HEAP #6 Baltimore,,,4000,No,BASEBALL,,,,,,,,MLB,,,No,Excellent,,,,Sports Trading Card,,,,,,,,,,,,,,,,,,,,,"<div style=""background:#FDFEFE;border:1px solid #CBD4C2;color:#353535;padding:40px;line-height:1.6;font-family:Arial,sans-serif;font-size:16px;""><h1 style=""text-align:center;"">2024 Topps Finest - Common TODD HEAP #6 Baltimore</h1><table style=""width:100%;margin-top:30px;border-spacing:0;""><tr><th align=""left"">Payment</th><td>Payment is due within 4 days. Unpaid items may be canceled and relisted.</td></tr><tr><th align=""left"">Shipping</th><td>Items ship via eBay Standard Envelope. Combined shipping may apply. Usually ships within 1 business day.</td></tr><tr><th align=""left"">Disclaimer</th><td>All cards are sold as-is. Review item condition and images. No refunds or returns. Contact us before leaving negative feedback.</td></tr></table></div>",FixedPrice,GTC,2.99,,1,,ImmediatePayRequired,,United States,,Flat,USPSFirstClass,1,0.0,,,1,,,ReturnsNotAccepted,,,,,,,,,,,,,No,No,,,
Add,CDP-7A251B2,261328,0,2024 Topps Chrome - ALL-CHROME Team Emmitt Smith #ACT-3,,,4000,No,BASEBALL,,,,,,,,MLB,,,No,Excellent,,,,Sports Trading Card,,,,,,,,,,,,,,,,,,,,,"<div style=""background:#FDFEFE;border:1px solid #CBD4C2;color:#353535;padding:40px;line-height:1.6;font-family:Arial,sans-serif;font-size:16px;""><h1 style=""text-align:center;"">2024 Topps Chrome - ALL-CHROME Team Emmitt Smith #ACT-3</h1><table style=""width:100%;margin-top:30px;border-spacing:0;""><tr><th align=""left"">Payment</th><td>Payment is due within 4 days. Unpaid items may be canceled and relisted.</td></tr><tr><th align=""left"">Shipping</th><td>Items ship via eBay Standard Envelope. Combined shipping may apply. Usually ships within 1 business day.</td></tr><tr><th align=""left"">Disclaimer</th><td>All cards are sold as-is. Review item condition and images. No refunds or returns. Contact us before leaving negative feedback.</td></tr></table></div>",FixedPrice,GTC,1.99,,1,,ImmediatePayRequired,,United States,,Flat,USPSFirstClass,1,0.0,,,1,,,ReturnsNotAccepted,,,,,,,,,,,,,No,No,,,
Add,jjs80,261328,0,JAMES PEARCE JR. 2024 Bowman U Chrome #91 Purple Refractor Volunteers #/399,,,4000,No,BASEBALL,,,,,,,,MLB,,,No,Excellent,,,,Sports Trading Card,,,,,,,,,,,,,,,,,,,,,"<div style=""background:#FDFEFE;border:1px solid #CBD4C2;color:#353535;padding:40px;line-height:1.6;font-family:Arial,sans-serif;font-size:16px;""><h1 style=""text-align:center;"">JAMES PEARCE JR. 2024 Bowman U Chrome #91 Purple Refractor Volunteers #/399</h1><table style=""width:100%;margin-top:30px;border-spacing:0;""><tr><th align=""left"">Payment</th><td>Payment is due within 4 days. Unpaid items may be canceled and relisted.</td></tr><tr><th align=""left"">Shipping</th><td>Items ship via eBay Standard Envelope. Combined shipping may apply. Usually ships within 1 business day.</td></tr><tr><th align=""left"">Disclaimer</th><td>All cards are sold as-is. Review item condition and images. No refunds or returns. Contact us before leaving negative feedback.</td></tr></table></div>",FixedPrice,GTC,7.09,,1,,ImmediatePayRequired,,United States,,Flat,USPSFirstClass,1,0.0,,,1,,,ReturnsNotAccepted,,,,,,,,,,,,,No,No,,,
Add,CDP-A9CAFEB,261328,0,2024 Topps Chrome - SUNDAY SWAG MICHAEL IRVIN #SS-12,,,4000,No,BASEBALL,,,,,,,,MLB,,,No,Excellent,,,,Sports Trading Card,,,,,,,,,,,,,,,,,,,,,"<div style=""background:#FDFEFE;border:1px solid #CBD4C2;color:#353535;padding:40px;line-height:1.6;font-family:Arial,sans-serif;font-size:16px;""><h1 style=""text-align:center;"">2024 Topps Chrome - SUNDAY SWAG MICHAEL IRVIN #SS-12</h1><table style=""width:100%;margin-top:30px;border-spacing:0;""><tr><th align=""left"">Payment</th><td>Payment is due within 4 days. Unpaid items may be canceled and relisted.</td></tr><tr><th align=""left"">Shipping</th><td>Items ship via eBay Standard Envelope. Combined shipping may apply. Usually ships within 1 business day.</td></tr><tr><th align=""left"">Disclaimer</th><td>All cards are sold as-is. Review item condition and images. No refunds or returns. Contact us before leaving negative feedback.</td></tr></table></div>",FixedPrice,GTC,3.49,,1,,ImmediatePayRequired,,United States,,Flat,USPSFirstClass,1,0.0,,,1,,,ReturnsNotAccepted,,,,,,,,,,,,,No,No,,,
Add,CDP-44BBB92,261328,0,2024 Topps Chrome - ROOKIES COLE BISHOP #263 Refractor (RC),,,4000,No,BASEBALL,,,,,,,,MLB,,,No,Excellent,,,,Sports Trading Card,,,,,,,,,,,,,,,,,,,,,"<div style=""background:#FDFEFE;border:1px solid #CBD4C2;color:#353535;padding:40px;line-height:1.6;font-family:Arial,sans-serif;font-size:16px;""><h1 style=""text-align:center;"">2024 Topps Chrome - ROOKIES COLE BISHOP #263 Refractor (RC)</h1><table style=""width:100%;margin-top:30px;border-spacing:0;""><tr><th align=""left"">Payment</th><td>Payment is due within 4 days. Unpaid items may be canceled and relisted.</td></tr><tr><th align=""left"">Shipping</th><td>Items ship via eBay Standard Envelope. Combined shipping may apply. Usually ships within 1 business day.</td></tr><tr><th align=""left"">Disclaimer</th><td>All cards are sold as-is. Review item condition and images. No refunds or returns. Contact us before leaving negative feedback.</td></tr></table></div>",FixedPrice,GTC,3.49,,1,,ImmediatePayRequired,,United States,,Flat,USPSFirstClass,1,0.0,,,1,,,ReturnsNotAccepted,,,,,,,,,,,,,Yes,No,,,
Add,jmyx6,261328,0,LEBRON JAMES 2004 Upper Deck Freshman Season #15 Cavs Basketball,,,4000,No,BASEBALL,,,,,,,,MLB,,,No,Excellent,,,,Sports Trading Card,,,,,,,,,,,,,,,,,,,,,"<div style=""background:#FDFEFE;border:1px solid #CBD4C2;color:#353535;padding:40px;line-height:1.6;font-family:Arial,sans-serif;font-size:16px;""><h1 style=""text-align:center;"">LEBRON JAMES 2004 Upper Deck Freshman Season #15 Cavs Basketball</h1><table style=""width:100%;margin-top:30px;border-spacing:0;""><tr><th align=""left"">Payment</th><td>Payment is due within 4 days. Unpaid items may be canceled and relisted.</td></tr><tr><th align=""left"">Shipping</th><td>Items ship via eBay Standard Envelope. Combined shipping may apply. Usually ships within 1 business day.</td></tr><tr><th align=""left"">Disclaimer</th><td>All cards are sold as-is. Review item condition and images. No refunds or returns. Contact us before leaving negative feedback.</td></tr></table></div>",FixedPrice,GTC,7.19,,1,,ImmediatePayRequired,,United States,,Flat,USPSFirstClass,1,0.0,,,1,,,ReturnsNotAccepted,,,,,,,,,,,,,No,No,,,
Add,jmyxb,261328,0,JULIO RODRIGUEZ 2023 Topps #SMLBC-16 Stars of MLB Chrome Seattle Mariners,,,4000,No,BASEBALL,,,,,,,,MLB,,,No,Excellent,,,,Sports Trading Card,,,,,,,,,,,,,,,,,,,,,"<div style=""background:#FDFEFE;border:1px solid #CBD4C2;color:#353535;padding:40px;line-height:1.6;font-family:Arial,sans-serif;font-size:16px;""><h1 style=""text-align:center;"">JULIO RODRIGUEZ 2023 Topps #SMLBC-16 Stars of MLB Chrome Seattle Mariners</h1><table style=""width:100%;margin-top:30px;border-spacing:0;""><tr><th align=""left"">Payment</th><td>Payment is due within 4 days. Unpaid items may be canceled and relisted.</td></tr><tr><th align=""left"">Shipping</th><td>Items ship via eBay Standard Envelope. Combined shipping may apply. Usually ships within 1 business day.</td></tr><tr><th align=""left"">Disclaimer</th><td>All cards are sold as-is. Review item condition and images. No refunds or returns. Contact us before leaving negative feedback.</td></tr></table></div>",FixedPrice,GTC,3.99,,1,,ImmediatePayRequired,,United States,,Flat,USPSFirstClass,1,0.0,,,1,,,ReturnsNotAccepted,,,,,,,,,,,,,No,No,,,
Add,jpltu,261328,0,AARON JUDGE 2022 Topps Heritage #44 New York Yankees,,,4000,No,BASEBALL,,,,,,,,MLB,,,No,Excellent,,,,Sports Trading Card,,,,,,,,,,,,,,,,,,,,,"<div style=""background:#FDFEFE;border:1px solid #CBD4C2;color:#353535;padding:40px;line-height:1.6;font-family:Arial,sans-serif;font-size:16px;""><h1 style=""text-align:center;"">AARON JUDGE 2022 Topps Heritage #44 New York Yankees</h1><table style=""width:100%;margin-top:30px;border-spacing:0;""><tr><th align=""left"">Payment</th><td>Payment is due within 4 days. Unpaid items may be canceled and relisted.</td></tr><tr><th align=""left"">Shipping</th><td>Items ship via eBay Standard Envelope. Combined shipping may apply. Usually ships within 1 business day.</td></tr><tr><th align=""left"">Disclaimer</th><td>All cards are sold as-is. Review item condition and images. No refunds or returns. Contact us before leaving negative feedback.</td></tr></table></div>",FixedPrice,GTC,4.49,,1,,ImmediatePayRequired,,United States,,Flat,USPSFirstClass,1,0.0,,,1,,,ReturnsNotAccepted,,,,,,,,,,,,,No,No,,,
Add,jplun,261328,0,FREDDIE FREEMAN 2024 Topps Allen & Ginter #62 Los Angeles Dodgers,,,4000,No,BASEBALL,,,,,,,,MLB,,,No,Excellent,,,,Sports Trading Card,,,,,,,,,,,,,,,,,,,,,"<div style=""background:#FDFEFE;border:1px solid #CBD4C2;color:#353535;padding:40px;line-height:1.6;font-family:Arial,sans-serif;font-size:16px;""><h1 style=""text-align:center;"">FREDDIE FREEMAN 2024 Topps Allen & Ginter #62 Los Angeles Dodgers</h1><table style=""width:100%;margin-top:30px;border-spacing:0;""><tr><th align=""left"">Payment</th><td>Payment is due within 4 days. Unpaid items may be canceled and relisted.</td></tr><tr><th align=""left"">Shipping</th><td>Items ship via eBay Standard Envelope. Combined shipping may apply. Usually ships within 1 business day.</td></tr><tr><th align=""left"">Disclaimer</th><td>All cards are sold as-is. Review item condition and images. No refunds or returns. Contact us before leaving negative feedback.</td></tr></table></div>",FixedPrice,GTC,3.99,,1,,ImmediatePayRequired,,United States,,Flat,USPSFirstClass,1,0.0,,,1,,,ReturnsNotAccepted,,,,,,,,,,,,,No,No,,,
Add,jplvb,261328,0,SHOTA IMANAGA 2024 Topps Allen & Ginter #181 Chicago Cubs,,,4000,No,BASEBALL,,,,,,,,MLB,,,No,Excellent,,,,Sports Trading Card,,,,,,,,,,,,,,,,,,,,,"<div style=""background:#FDFEFE;border:1px solid #CBD4C2;color:#353535;padding:40px;line-height:1.6;font-family:Arial,sans-serif;font-size:16px;""><h1 style=""text-align:center;"">SHOTA IMANAGA 2024 Topps Allen & Ginter #181 Chicago Cubs</h1><table style=""width:100%;margin-top:30px;border-spacing:0;""><tr><th align=""left"">Payment</th><td>Payment is due within 4 days. Unpaid items may be canceled and relisted.</td></tr><tr><th align=""left"">Shipping</th><td>Items ship via eBay Standard Envelope. Combined shipping may apply. Usually ships within 1 business day.</td></tr><tr><th align=""left"">Disclaimer</th><td>All cards are sold as-is. Review item condition and images. No refunds or returns. Contact us before leaving negative feedback.</td></tr></table></div>",FixedPrice,GTC,3.99,,1,,ImmediatePayRequired,,United States,,Flat,USPSFirstClass,1,0.0,,,1,,,ReturnsNotAccepted,,,,,,,,,,,,,No,No,,,
Add,jplw2,261328,0,JUNIOR CAMINERO 2024 Topps Chrome #213 Tampa Bay Rays,,,4000,No,BASEBALL,,,,,,,,MLB,,,No,Excellent,,,,Sports Trading Card,,,,,,,,,,,,,,,,,,,,,"<div style=""background:#FDFEFE;border:1px solid #CBD4C2;color:#353535;padding:40px;line-height:1.6;font-family:Arial,sans-serif;font-size:16px;""><h1 style=""text-align:center;"">JUNIOR CAMINERO 2024 Topps Chrome #213 Tampa Bay Rays</h1><table style=""width:100%;margin-top:30px;border-spacing:0;""><tr><th align=""left"">Payment</th><td>Payment is due within 4 days. Unpaid items may be canceled and relisted.</td></tr><tr><th align=""left"">Shipping</th><td>Items ship via eBay Standard Envelope. Combined shipping may apply. Usually ships within 1 business day.</td></tr><tr><th align=""left"">Disclaimer</th><td>All cards are sold as-is. Review item condition and images. No refunds or returns. Contact us before leaving negative feedback.</td></tr></table></div>",FixedPrice,GTC,3.99,,1,,ImmediatePayRequired,,United States,,Flat,USPSFirstClass,1,0.0,,,1,,,ReturnsNotAccepted,,,,,,,,,,,,,No,No,,,
Add,jplwo,261328,0,JUNIOR CAMINERO 2024 Topps #CSMLB-50 Stars of MLB Chrome Tampa Bay Rays,,,4000,No,BASEBALL,,,,,,,,MLB,,,No,Excellent,,,,Sports Trading Card,,,,,,,,,,,,,,,,,,,,,"<div style=""background:#FDFEFE;border:1px solid #CBD4C2;color:#353535;padding:40px;line-height:1.6;font-family:Arial,sans-serif;font-size:16px;""><h1 style=""text-align:center;"">JUNIOR CAMINERO 2024 Topps #CSMLB-50 Stars of MLB Chrome Tampa Bay Rays</h1><table style=""width:100%;margin-top:30px;border-spacing:0;""><tr><th align=""left"">Payment</th><td>Payment is due within 4 days. Unpaid items may be canceled and relisted.</td></tr><tr><th align=""left"">Shipping</th><td>Items ship via eBay Standard Envelope. Combined shipping may apply. Usually ships within 1 business day.</td></tr><tr><th align=""left"">Disclaimer</th><td>All cards are sold as-is. Review item condition and images. No refunds or returns. Contact us before leaving negative feedback.</td></tr></table></div>",FixedPrice,GTC,3.99,,1,,ImmediatePayRequired,,United States,,Flat,USPSFirstClass,1,0.0,,,1,,,ReturnsNotAccepted,,,,,,,,,,,,,No,No,,,
Add,jplwy,261328,0,JUNIOR CAMINERO 2024 Donruss #18 Unleashed Tampa Bay Rays,,,4000,No,BASEBALL,,,,,,,,MLB,,,No,Excellent,,,,Sports Trading Card,,,,,,,,,,,,,,,,,,,,,"<div style=""background:#FDFEFE;border:1px solid #CBD4C2;color:#353535;padding:40px;line-height:1.6;font-family:Arial,sans-serif;font-size:16px;""><h1 style=""text-align:center;"">JUNIOR CAMINERO 2024 Donruss #18 Unleashed Tampa Bay Rays</h1><table style=""width:100%;margin-top:30px;border-spacing:0;""><tr><th align=""left"">Payment</th><td>Payment is due within 4 days. Unpaid items may be canceled and relisted.</td></tr><tr><th align=""left"">Shipping</th><td>Items ship via eBay Standard Envelope. Combined shipping may apply. Usually ships within 1 business day.</td></tr><tr><th align=""left"">Disclaimer</th><td>All cards are sold as-is. Review item condition and images. No refunds or returns. Contact us before leaving negative feedback.</td></tr></table></div>",FixedPrice,GTC,3.99,,1,,ImmediatePayRequired,,United States,,Flat,USPSFirstClass,1,0.0,,,1,,,ReturnsNotAccepted,,,,,,,,,,,,,No,No,,,
Add,jplx9,261328,0,JASSON DOMINGUEZ 2022 Bowman #BCP-98 Chrome Prospects Mojo Refractors Yankees,,,4000,No,BASEBALL,,,,,,,,MLB,,,No,Excellent,,,,Sports Trading Card,,,,,,,,,,,,,,,,,,,,,"<div style=""background:#FDFEFE;border:1px solid #CBD4C2;color:#353535;padding:40px;line-height:1.6;font-family:Arial,sans-serif;font-size:16px;""><h1 style=""text-align:center;"">JASSON DOMINGUEZ 2022 Bowman #BCP-98 Chrome Prospects Mojo Refractors Yankees</h1><table style=""width:100%;margin-top:30px;border-spacing:0;""><tr><th align=""left"">Payment</th><td>Payment is due within 4 days. Unpaid items may be canceled and relisted.</td></tr><tr><th align=""left"">Shipping</th><td>Items ship via eBay Standard Envelope. Combined shipping may apply. Usually ships within 1 business day.</td></tr><tr><th align=""left"">Disclaimer</th><td>All cards are sold as-is. Review item condition and images. No refunds or returns. Contact us before leaving negative feedback.</td></tr></table></div>",FixedPrice,GTC,3.99,,1,,ImmediatePayRequired,,United States,,Flat,USPSFirstClass,1,0.0,,,1,,,ReturnsNotAccepted,,,,,,,,,,,,,No,No,,,
Add,jplxe,261328,0,VLADIMIR GUERRERO JR. 2022 Panini Mosaic #HS-5 Hot Sauce Mosaic Blue Jays,,,4000,No,BASEBALL,,,,,,,,MLB,,,No,Excellent,,,,Sports Trading Card,,,,,,,,,,,,,,,,,,,,,"<div style=""background:#FDFEFE;border:1px solid #CBD4C2;color:#353535;padding:40px;line-height:1.6;font-family:Arial,sans-serif;font-size:16px;""><h1 style=""text-align:center;"">VLADIMIR GUERRERO JR. 2022 Panini Mosaic #HS-5 Hot Sauce Mosaic Blue Jays</h1><table style=""width:100%;margin-top:30px;border-spacing:0;""><tr><th align=""left"">Payment</th><td>Payment is due within 4 days. Unpaid items may be canceled and relisted.</td></tr><tr><th align=""left"">Shipping</th><td>Items ship via eBay Standard Envelope. Combined shipping may apply. Usually ships within 1 business day.</td></tr><tr><th align=""left"">Disclaimer</th><td>All cards are sold as-is. Review item condition and images. No refunds or returns. Contact us before leaving negative feedback.</td></tr></table></div>",FixedPrice,GTC,3.99,,1,,ImmediatePayRequired,,United States,,Flat,USPSFirstClass,1,0.0,,,1,,,ReturnsNotAccepted,,,,,,,,,,,,,No,No,,,
Add,jplzf,261328,0,JACKSON CHOURIO 2024 Topps Archives #99NB-12 1999 New Breed Brewers,,,4000,No,BASEBALL,,,,,,,,MLB,,,No,Excellent,,,,Sports Trading Card,,,,,,,,,,,,,,,,,,,,,"<div style=""background:#FDFEFE;border:1px solid #CBD4C2;color:#353535;padding:40px;line-height:1.6;font-family:Arial,sans-serif;font-size:16px;""><h1 style=""text-align:center;"">JACKSON CHOURIO 2024 Topps Archives #99NB-12 1999 New Breed Brewers</h1><table style=""width:100%;margin-top:30px;border-spacing:0;""><tr><th align=""left"">Payment</th><td>Payment is due within 4 days. Unpaid items may be canceled and relisted.</td></tr><tr><th align=""left"">Shipping</th><td>Items ship via eBay Standard Envelope. Combined shipping may apply. Usually ships within 1 business day.</td></tr><tr><th align=""left"">Disclaimer</th><td>All cards are sold as-is. Review item condition and images. No refunds or returns. Contact us before leaving negative feedback.</td></tr></table></div>",FixedPrice,GTC,3.99,,1,,ImmediatePayRequired,,United States,,Flat,USPSFirstClass,1,0.0,,,1,,,ReturnsNotAccepted,,,,,,,,,,,,,No,No,,,
Add,jplzk,261328,0,JUNIOR CAMINERO 2024 Bowman #ROY-8 Rookie of the Year Favorites Tampa Bay Rays,,,4000,No,BASEBALL,,,,,,,,MLB,,,No,Excellent,,,,Sports Trading Card,,,,,,,,,,,,,,,,,,,,,"<div style=""background:#FDFEFE;border:1px solid #CBD4C2;color:#353535;padding:40px;line-height:1.6;font-family:Arial,sans-serif;font-size:16px;""><h1 style=""text-align:center;"">JUNIOR CAMINERO 2024 Bowman #ROY-8 Rookie of the Year Favorites Tampa Bay Rays</h1><table style=""width:100%;margin-top:30px;border-spacing:0;""><tr><th align=""left"">Payment</th><td>Payment is due within 4 days. Unpaid items may be canceled and relisted.</td></tr><tr><th align=""left"">Shipping</th><td>Items ship via eBay Standard Envelope. Combined shipping may apply. Usually ships within 1 business day.</td></tr><tr><th align=""left"">Disclaimer</th><td>All cards are sold as-is. Review item condition and images. No refunds or returns. Contact us before leaving negative feedback.</td></tr></table></div>",FixedPrice,GTC,3.99,,1,,ImmediatePayRequired,,United States,,Flat,USPSFirstClass,1,0.0,,,1,,,ReturnsNotAccepted,,,,,,,,,,,,,Yes,No,,,
Add,jplzo,261328,0,JUNIOR CAMINERO 2024 Donruss #40 Tampa Bay Rays,,,4000,No,BASEBALL,,,,,,,,MLB,,,No,Excellent,,,,Sports Trading Card,,,,,,,,,,,,,,,,,,,,,"<div style=""background:#FDFEFE;border:1px solid #CBD4C2;color:#353535;padding:40px;line-height:1.6;font-family:Arial,sans-serif;font-size:16px;""><h1 style=""text-align:center;"">JUNIOR CAMINERO 2024 Donruss #40 Tampa Bay Rays</h1><table style=""width:100%;margin-top:30px;border-spacing:0;""><tr><th align=""left"">Payment</th><td>Payment is due within 4 days. Unpaid items may be canceled and relisted.</td></tr><tr><th align=""left"">Shipping</th><td>Items ship via eBay Standard Envelope. Combined shipping may apply. Usually ships within 1 business day.</td></tr><tr><th align=""left"">Disclaimer</th><td>All cards are sold as-is. Review item condition and images. No refunds or returns. Contact us before leaving negative feedback.</td></tr></table></div>",FixedPrice,GTC,3.99,,1,,ImmediatePayRequired,,United States,,Flat,USPSFirstClass,1,0.0,,,1,,,ReturnsNotAccepted,,,,,,,,,,,,,No,No,,,
Add,jplzq,261328,0,JUNIOR CAMINERO 2024 Bowman #BAI-20 Bowman A.I. Tampa Bay Rays,,,4000,No,BASEBALL,,,,,,,,MLB,,,No,Excellent,,,,Sports Trading Card,,,,,,,,,,,,,,,,,,,,,"<div style=""background:#FDFEFE;border:1px solid #CBD4C2;color:#353535;padding:40px;line-height:1.6;font-family:Arial,sans-serif;font-size:16px;""><h1 style=""text-align:center;"">JUNIOR CAMINERO 2024 Bowman #BAI-20 Bowman A.I. Tampa Bay Rays</h1><table style=""width:100%;margin-top:30px;border-spacing:0;""><tr><th align=""left"">Payment</th><td>Payment is due within 4 days. Unpaid items may be canceled and relisted.</td></tr><tr><th align=""left"">Shipping</th><td>Items ship via eBay Standard Envelope. Combined shipping may apply. Usually ships within 1 business day.</td></tr><tr><th align=""left"">Disclaimer</th><td>All cards are sold as-is. Review item condition and images. No refunds or returns. Contact us before leaving negative feedback.</td></tr></table></div>",FixedPrice,GTC,3.99,,1,,ImmediatePayRequired,,United States,,Flat,USPSFirstClass,1,0.0,,,1,,,ReturnsNotAccepted,,,,,,,,,,,,,No,No,,,
Add,jplzs,261328,0,JUNIOR CAMINERO 2023 Bowman Platinum #PE-2 Precious Elements Tampa Bay Rays,,,4000,No,BASEBALL,,,,,,,,MLB,,,No,Excellent,,,,Sports Trading Card,,,,,,,,,,,,,,,,,,,,,"<div style=""background:#FDFEFE;border:1px solid #CBD4C2;color:#353535;padding:40px;line-height:1.6;font-family:Arial,sans-serif;font-size:16px;""><h1 style=""text-align:center;"">JUNIOR CAMINERO 2023 Bowman Platinum #PE-2 Precious Elements Tampa Bay Rays</h1><table style=""width:100%;margin-top:30px;border-spacing:0;""><tr><th align=""left"">Payment</th><td>Payment is due within 4 days. Unpaid items may be canceled and relisted.</td></tr><tr><th align=""left"">Shipping</th><td>Items ship via eBay Standard Envelope. Combined shipping may apply. Usually ships within 1 business day.</td></tr><tr><th align=""left"">Disclaimer</th><td>All cards are sold as-is. Review item condition and images. No refunds or returns. Contact us before leaving negative feedback.</td></tr></table></div>",FixedPrice,GTC,3.99,,1,,ImmediatePayRequired,,United States,,Flat,USPSFirstClass,1,0.0,,,1,,,ReturnsNotAccepted,,,,,,,,,,,,,No,No,,,
Add,jplzy,261328,0,JUNIOR CAMINERO 2024 Topps #CTC-13 City to City Tampa Bay Rays,,,4000,No,BASEBALL,,,,,,,,MLB,,,No,Excellent,,,,Sports Trading Card,,,,,,,,,,,,,,,,,,,,,"<div style=""background:#FDFEFE;border:1px solid #CBD4C2;color:#353535;padding:40px;line-height:1.6;font-family:Arial,sans-serif;font-size:16px;""><h1 style=""text-align:center;"">JUNIOR CAMINERO 2024 Topps #CTC-13 City to City Tampa Bay Rays</h1><table style=""width:100%;margin-top:30px;border-spacing:0;""><tr><th align=""left"">Payment</th><td>Payment is due within 4 days. Unpaid items may be canceled and relisted.</td></tr><tr><th align=""left"">Shipping</th><td>Items ship via eBay Standard Envelope. Combined shipping may apply. Usually ships within 1 business day.</td></tr><tr><th align=""left"">Disclaimer</th><td>All cards are sold as-is. Review item condition and images. No refunds or returns. Contact us before leaving negative feedback.</td></tr></table></div>",FixedPrice,GTC,3.99,,1,,ImmediatePayRequired,,United States,,Flat,USPSFirstClass,1,0.0,,,1,,,ReturnsNotAccepted,,,,,,,,,,,,,No,No,,,
Add,jpm06,261328,0,JUNIOR CAMINERO 2024 Topps Heritage #267 Tampa Bay Rays,,,4000,No,BASEBALL,,,,,,,,MLB,,,No,Excellent,,,,Sports Trading Card,,,,,,,,,,,,,,,,,,,,,"<div style=""background:#FDFEFE;border:1px solid #CBD4C2;color:#353535;padding:40px;line-height:1.6;font-family:Arial,sans-serif;font-size:16px;""><h1 style=""text-align:center;"">JUNIOR CAMINERO 2024 Topps Heritage #267 Tampa Bay Rays</h1><table style=""width:100%;margin-top:30px;border-spacing:0;""><tr><th align=""left"">Payment</th><td>Payment is due within 4 days. Unpaid items may be canceled and relisted.</td></tr><tr><th align=""left"">Shipping</th><td>Items ship via eBay Standard Envelope. Combined shipping may apply. Usually ships within 1 business day.</td></tr><tr><th align=""left"">Disclaimer</th><td>All cards are sold as-is. Review item condition and images. No refunds or returns. Contact us before leaving negative feedback.</td></tr></table></div>",FixedPrice,GTC,3.99,,1,,ImmediatePayRequired,,United States,,Flat,USPSFirstClass,1,0.0,,,1,,,ReturnsNotAccepted,,,,,,,,,,,,,No,No,,,
Add,jpm0d,261328,0,FREDDIE FREEMAN 2024 Topps Chrome #S-4 Strokes Los Angeles Dodgers,,,4000,No,BASEBALL,,,,,,,,MLB,,,No,Excellent,,,,Sports Trading Card,,,,,,,,,,,,,,,,,,,,,"<div style=""background:#FDFEFE;border:1px solid #CBD4C2;color:#353535;padding:40px;line-height:1.6;font-family:Arial,sans-serif;font-size:16px;""><h1 style=""text-align:center;"">FREDDIE FREEMAN 2024 Topps Chrome #S-4 Strokes Los Angeles Dodgers</h1><table style=""width:100%;margin-top:30px;border-spacing:0;""><tr><th align=""left"">Payment</th><td>Payment is due within 4 days. Unpaid items may be canceled and relisted.</td></tr><tr><th align=""left"">Shipping</th><td>Items ship via eBay Standard Envelope. Combined shipping may apply. Usually ships within 1 business day.</td></tr><tr><th align=""left"">Disclaimer</th><td>All cards are sold as-is. Review item condition and images. No refunds or returns. Contact us before leaving negative feedback.</td></tr></table></div>",FixedPrice,GTC,3.99,,1,,ImmediatePayRequired,,United States,,Flat,USPSFirstClass,1,0.0,,,1,,,ReturnsNotAccepted,,,,,,,,,,,,,No,No,,,
Add,jpm0g,261328,0,JUAN SOTO 2024 Topps Update #T89CU-75 1989 35th Anniversary Chrome Yankees,,,4000,No,BASEBALL,,,,,,,,MLB,,,No,Excellent,,,,Sports Trading Card,,,,,,,,,,,,,,,,,,,,,"<div style=""background:#FDFEFE;border:1px solid #CBD4C2;color:#353535;padding:40px;line-height:1.6;font-family:Arial,sans-serif;font-size:16px;""><h1 style=""text-align:center;"">JUAN SOTO 2024 Topps Update #T89CU-75 1989 35th Anniversary Chrome Yankees</h1><table style=""width:100%;margin-top:30px;border-spacing:0;""><tr><th align=""left"">Payment</th><td>Payment is due within 4 days. Unpaid items may be canceled and relisted.</td></tr><tr><th align=""left"">Shipping</th><td>Items ship via eBay Standard Envelope. Combined shipping may apply. Usually ships within 1 business day.</td></tr><tr><th align=""left"">Disclaimer</th><td>All cards are sold as-is. Review item condition and images. No refunds or returns. Contact us before leaving negative feedback.</td></tr></table></div>",FixedPrice,GTC,4.49,,1,,ImmediatePayRequired,,United States,,Flat,USPSFirstClass,1,0.0,,,1,,,ReturnsNotAccepted,,,,,,,,,,,,,No,No,,,
Add,jpm0j,261328,0,CHRISTIAN ENCARNACION-STRAND 2024 Topps Update #US201 Royal Blue Cincinnati Reds,,,4000,No,BASEBALL,,,,,,,,MLB,,,No,Excellent,,,,Sports Trading Card,,,,,,,,,,,,,,,,,,,,,"<div style=""background:#FDFEFE;border:1px solid #CBD4C2;color:#353535;padding:40px;line-height:1.6;font-family:Arial,sans-serif;font-size:16px;""><h1 style=""text-align:center;"">CHRISTIAN ENCARNACION-STRAND 2024 Topps Update #US201 Royal Blue Cincinnati Reds</h1><table style=""width:100%;margin-top:30px;border-spacing:0;""><tr><th align=""left"">Payment</th><td>Payment is due within 4 days. Unpaid items may be canceled and relisted.</td></tr><tr><th align=""left"">Shipping</th><td>Items ship via eBay Standard Envelope. Combined shipping may apply. Usually ships within 1 business day.</td></tr><tr><th align=""left"">Disclaimer</th><td>All cards are sold as-is. Review item condition and images. No refunds or returns. Contact us before leaving negative feedback.</td></tr></table></div>",FixedPrice,GTC,3.99,,1,,ImmediatePayRequired,,United States,,Flat,USPSFirstClass,1,0.0,,,1,,,ReturnsNotAccepted,,,,,,,,,,,,,No,No,,,
Add,jpm0l,261328,0,COLT KEITH 2024 Topps Allen & Ginter #279 Chrome Detroit Tigers,,,4000,No,BASEBALL,,,,,,,,MLB,,,No,Excellent,,,,Sports Trading Card,,,,,,,,,,,,,,,,,,,,,"<div style=""background:#FDFEFE;border:1px solid #CBD4C2;color:#353535;padding:40px;line-height:1.6;font-family:Arial,sans-serif;font-size:16px;""><h1 style=""text-align:center;"">COLT KEITH 2024 Topps Allen & Ginter #279 Chrome Detroit Tigers</h1><table style=""width:100%;margin-top:30px;border-spacing:0;""><tr><th align=""left"">Payment</th><td>Payment is due within 4 days. Unpaid items may be canceled and relisted.</td></tr><tr><th align=""left"">Shipping</th><td>Items ship via eBay Standard Envelope. Combined shipping may apply. Usually ships within 1 business day.</td></tr><tr><th align=""left"">Disclaimer</th><td>All cards are sold as-is. Review item condition and images. No refunds or returns. Contact us before leaving negative feedback.</td></tr></table></div>",FixedPrice,GTC,3.99,,1,,ImmediatePayRequired,,United States,,Flat,USPSFirstClass,1,0.0,,,1,,,ReturnsNotAccepted,,,,,,,,,,,,,No,No,,,
Add,jpm0q,261328,0,IT TAKES TWO: MIDDLE-INFIELD MAESTROS 2025 Topps #295 Topps Foil Pattern Reds,,,4000,No,BASEBALL,,,,,,,,MLB,,,No,Excellent,,,,Sports Trading Card,,,,,,,,,,,,,,,,,,,,,"<div style=""background:#FDFEFE;border:1px solid #CBD4C2;color:#353535;padding:40px;line-height:1.6;font-family:Arial,sans-serif;font-size:16px;""><h1 style=""text-align:center;"">IT TAKES TWO: MIDDLE-INFIELD MAESTROS 2025 Topps #295 Topps Foil Pattern Reds</h1><table style=""width:100%;margin-top:30px;border-spacing:0;""><tr><th align=""left"">Payment</th><td>Payment is due within 4 days. Unpaid items may be canceled and relisted.</td></tr><tr><th align=""left"">Shipping</th><td>Items ship via eBay Standard Envelope. Combined shipping may apply. Usually ships within 1 business day.</td></tr><tr><th align=""left"">Disclaimer</th><td>All cards are sold as-is. Review item condition and images. No refunds or returns. Contact us before leaving negative feedback.</td></tr></table></div>",FixedPrice,GTC,7.69,,1,,ImmediatePayRequired,,United States,,Flat,USPSFirstClass,1,0.0,,,1,,,ReturnsNotAccepted,,,,,,,,,,,,,No,No,,,
Add,jpm0r,261328,0,WYATT LANGFORD 2024 Topps Allen & Ginter #278 Chrome Texas Rangers,,,4000,No,BASEBALL,,,,,,,,MLB,,,No,Excellent,,,,Sports Trading Card,,,,,,,,,,,,,,,,,,,,,"<div style=""background:#FDFEFE;border:1px solid #CBD4C2;color:#353535;padding:40px;line-height:1.6;font-family:Arial,sans-serif;font-size:16px;""><h1 style=""text-align:center;"">WYATT LANGFORD 2024 Topps Allen & Ginter #278 Chrome Texas Rangers</h1><table style=""width:100%;margin-top:30px;border-spacing:0;""><tr><th align=""left"">Payment</th><td>Payment is due within 4 days. Unpaid items may be canceled and relisted.</td></tr><tr><th align=""left"">Shipping</th><td>Items ship via eBay Standard Envelope. Combined shipping may apply. Usually ships within 1 business day.</td></tr><tr><th align=""left"">Disclaimer</th><td>All cards are sold as-is. Review item condition and images. No refunds or returns. Contact us before leaving negative feedback.</td></tr></table></div>",FixedPrice,GTC,3.99,,1,,ImmediatePayRequired,,United States,,Flat,USPSFirstClass,1,0.0,,,1,,,ReturnsNotAccepted,,,,,,,,,,,,,No,No,,,
Add,jpm0t,261328,0,JASSON DOMÍNGUEZ 2024 Topps Chrome #89 New York Yankees,,,4000,No,BASEBALL,,,,,,,,MLB,,,No,Excellent,,,,Sports Trading Card,,,,,,,,,,,,,,,,,,,,,"<div style=""background:#FDFEFE;border:1px solid #CBD4C2;color:#353535;padding:40px;line-height:1.6;font-family:Arial,sans-serif;font-size:16px;""><h1 style=""text-align:center;"">JASSON DOMÍNGUEZ 2024 Topps Chrome #89 New York Yankees</h1><table style=""width:100%;margin-top:30px;border-spacing:0;""><tr><th align=""left"">Payment</th><td>Payment is due within 4 days. Unpaid items may be canceled and relisted.</td></tr><tr><th align=""left"">Shipping</th><td>Items ship via eBay Standard Envelope. Combined shipping may apply. Usually ships within 1 business day.</td></tr><tr><th align=""left"">Disclaimer</th><td>All cards are sold as-is. Review item condition and images. No refunds or returns. Contact us before leaving negative feedback.</td></tr></table></div>",FixedPrice,GTC,3.99,,1,,ImmediatePayRequired,,United States,,Flat,USPSFirstClass,1,0.0,,,1,,,ReturnsNotAccepted,,,,,,,,,,,,,No,No,,,
Add,jpm10,261328,0,MOOKIE BETTS 2021 Topps Update #TTA-7 Tek 70th Anniversary Box Topper Dodgers,,,4000,No,BASEBALL,,,,,,,,MLB,,,No,Excellent,,,,Sports Trading Card,,,,,,,,,,,,,,,,,,,,,"<div style=""background:#FDFEFE;border:1px solid #CBD4C2;color:#353535;padding:40px;line-height:1.6;font-family:Arial,sans-serif;font-size:16px;""><h1 style=""text-align:center;"">MOOKIE BETTS 2021 Topps Update #TTA-7 Tek 70th Anniversary Box Topper Dodgers</h1><table style=""width:100%;margin-top:30px;border-spacing:0;""><tr><th align=""left"">Payment</th><td>Payment is due within 4 days. Unpaid items may be canceled and relisted.</td></tr><tr><th align=""left"">Shipping</th><td>Items ship via eBay Standard Envelope. Combined shipping may apply. Usually ships within 1 business day.</td></tr><tr><th align=""left"">Disclaimer</th><td>All cards are sold as-is. Review item condition and images. No refunds or returns. Contact us before leaving negative feedback.</td></tr></table></div>",FixedPrice,GTC,5.49,,1,,ImmediatePayRequired,,United States,,Flat,USPSFirstClass,1,0.0,,,1,,,ReturnsNotAccepted,,,,,,,,,,,,,No,No,,,
Add,jpm13,261328,0,DYLAN CREWS 2024 Topps Now #601 Washington Nationals,,,4000,No,BASEBALL,,,,,,,,MLB,,,No,Excellent,,,,Sports Trading Card,,,,,,,,,,,,,,,,,,,,,"<div style=""background:#FDFEFE;border:1px solid #CBD4C2;color:#353535;padding:40px;line-height:1.6;font-family:Arial,sans-serif;font-size:16px;""><h1 style=""text-align:center;"">DYLAN CREWS 2024 Topps Now #601 Washington Nationals</h1><table style=""width:100%;margin-top:30px;border-spacing:0;""><tr><th align=""left"">Payment</th><td>Payment is due within 4 days. Unpaid items may be canceled and relisted.</td></tr><tr><th align=""left"">Shipping</th><td>Items ship via eBay Standard Envelope. Combined shipping may apply. Usually ships within 1 business day.</td></tr><tr><th align=""left"">Disclaimer</th><td>All cards are sold as-is. Review item condition and images. No refunds or returns. Contact us before leaving negative feedback.</td></tr></table></div>",FixedPrice,GTC,6.49,,1,,ImmediatePayRequired,,United States,,Flat,USPSFirstClass,1,0.0,,,1,,,ReturnsNotAccepted,,,,,,,,,,,,,No,No,,,
Add,jpsbu,261328,0,JORDAN WESTBURG 2024 Topps Update #RRR-WEST Rising Rookies Relics Orioles RC,,,4000,No,BASEBALL,,,,,,,,MLB,,,No,Excellent,,,,Sports Trading Card,,,,,,,,,,,,,,,,,,,,,"<div style=""background:#FDFEFE;border:1px solid #CBD4C2;color:#353535;padding:40px;line-height:1.6;font-family:Arial,sans-serif;font-size:16px;""><h1 style=""text-align:center;"">JORDAN WESTBURG 2024 Topps Update #RRR-WEST Rising Rookies Relics Orioles RC</h1><table style=""width:100%;margin-top:30px;border-spacing:0;""><tr><th align=""left"">Payment</th><td>Payment is due within 4 days. Unpaid items may be canceled and relisted.</td></tr><tr><th align=""left"">Shipping</th><td>Items ship via eBay Standard Envelope. Combined shipping may apply. Usually ships within 1 business day.</td></tr><tr><th align=""left"">Disclaimer</th><td>All cards are sold as-is. Review item condition and images. No refunds or returns. Contact us before leaving negative feedback.</td></tr></table></div>",FixedPrice,GTC,9.69,,1,,ImmediatePayRequired,,United States,,Flat,USPSFirstClass,1,0.0,,,1,,,ReturnsNotAccepted,,,,,,,,,,,,,Yes,No,,,
Add,jpsbv,261328,0,JORDAN LAWLAR 2024 Topps Update #MLMU-JL Major League Materials Relics,,,4000,No,BASEBALL,,,,,,,,MLB,,,No,Excellent,,,,Sports Trading Card,,,,,,,,,,,,,,,,,,,,,"<div style=""background:#FDFEFE;border:1px solid #CBD4C2;color:#353535;padding:40px;line-height:1.6;font-family:Arial,sans-serif;font-size:16px;""><h1 style=""text-align:center;"">JORDAN LAWLAR 2024 Topps Update #MLMU-JL Major League Materials Relics</h1><table style=""width:100%;margin-top:30px;border-spacing:0;""><tr><th align=""left"">Payment</th><td>Payment is due within 4 days. Unpaid items may be canceled and relisted.</td></tr><tr><th align=""left"">Shipping</th><td>Items ship via eBay Standard Envelope. Combined shipping may apply. Usually ships within 1 business day.</td></tr><tr><th align=""left"">Disclaimer</th><td>All cards are sold as-is. Review item condition and images. No refunds or returns. Contact us before leaving negative feedback.</td></tr></table></div>",FixedPrice,GTC,4.99,,1,,ImmediatePayRequired,,United States,,Flat,USPSFirstClass,1,0.0,,,1,,,ReturnsNotAccepted,,,,,,,,,,,,,No,No,,,
Add,jpsbw,261328,0,NOELVI MARTE 2024 Topps Update #MLMU-NM Major League Materials Relics Reds,,,4000,No,BASEBALL,,,,,,,,MLB,,,No,Excellent,,,,Sports Trading Card,,,,,,,,,,,,,,,,,,,,,"<div style=""background:#FDFEFE;border:1px solid #CBD4C2;color:#353535;padding:40px;line-height:1.6;font-family:Arial,sans-serif;font-size:16px;""><h1 style=""text-align:center;"">NOELVI MARTE 2024 Topps Update #MLMU-NM Major League Materials Relics Reds</h1><table style=""width:100%;margin-top:30px;border-spacing:0;""><tr><th align=""left"">Payment</th><td>Payment is due within 4 days. Unpaid items may be canceled and relisted.</td></tr><tr><th align=""left"">Shipping</th><td>Items ship via eBay Standard Envelope. Combined shipping may apply. Usually ships within 1 business day.</td></tr><tr><th align=""left"">Disclaimer</th><td>All cards are sold as-is. Review item condition and images. No refunds or returns. Contact us before leaving negative feedback.</td></tr></table></div>",FixedPrice,GTC,8.19,,1,,ImmediatePayRequired,,United States,,Flat,USPSFirstClass,1,0.0,,,1,,,ReturnsNotAccepted,,,,,,,,,,,,,No,No,,,
Add,jpsc0,261328,0,HESTON KJERSTAD 2024 Topps Update #RRR-HK Rising Rookies Relics Orioles RC,,,4000,No,BASEBALL,,,,,,,,MLB,,,No,Excellent,,,,Sports Trading Card,,,,,,,,,,,,,,,,,,,,,"<div style=""background:#FDFEFE;border:1px solid #CBD4C2;color:#353535;padding:40px;line-height:1.6;font-family:Arial,sans-serif;font-size:16px;""><h1 style=""text-align:center;"">HESTON KJERSTAD 2024 Topps Update #RRR-HK Rising Rookies Relics Orioles RC</h1><table style=""width:100%;margin-top:30px;border-spacing:0;""><tr><th align=""left"">Payment</th><td>Payment is due within 4 days. Unpaid items may be canceled and relisted.</td></tr><tr><th align=""left"">Shipping</th><td>Items ship via eBay Standard Envelope. Combined shipping may apply. Usually ships within 1 business day.</td></tr><tr><th align=""left"">Disclaimer</th><td>All cards are sold as-is. Review item condition and images. No refunds or returns. Contact us before leaving negative feedback.</td></tr></table></div>",FixedPrice,GTC,10.29,,1,,ImmediatePayRequired,,United States,,Flat,USPSFirstClass,1,0.0,,,1,,,ReturnsNotAccepted,,,,,,,,,,,,,Yes,No,,,
Add,jpsc1,261328,0,NOLAN SCHANUEL 2024 Topps Update #RRR-NS Rising Rookies Relics Black #/199 RC,,,4000,No,BASEBALL,,,,,,,,MLB,,,No,Excellent,,,,Sports Trading Card,,,,,,,,,,,,,,,,,,,,,"<div style=""background:#FDFEFE;border:1px solid #CBD4C2;color:#353535;padding:40px;line-height:1.6;font-family:Arial,sans-serif;font-size:16px;""><h1 style=""text-align:center;"">NOLAN SCHANUEL 2024 Topps Update #RRR-NS Rising Rookies Relics Black #/199 RC</h1><table style=""width:100%;margin-top:30px;border-spacing:0;""><tr><th align=""left"">Payment</th><td>Payment is due within 4 days. Unpaid items may be canceled and relisted.</td></tr><tr><th align=""left"">Shipping</th><td>Items ship via eBay Standard Envelope. Combined shipping may apply. Usually ships within 1 business day.</td></tr><tr><th align=""left"">Disclaimer</th><td>All cards are sold as-is. Review item condition and images. No refunds or returns. Contact us before leaving negative feedback.</td></tr></table></div>",FixedPrice,GTC,9.99,,1,,ImmediatePayRequired,,United States,,Flat,USPSFirstClass,1,0.0,,,1,,,ReturnsNotAccepted,,,,,,,,,,,,,Yes,No,,,
Add,jpsc3,261328,0,ANTHONY RIZZO 2024 Topps Update #MLMU-AR Major League Materials Relics Yankees,,,4000,No,BASEBALL,,,,,,,,MLB,,,No,Excellent,,,,Sports Trading Card,,,,,,,,,,,,,,,,,,,,,"<div style=""background:#FDFEFE;border:1px solid #CBD4C2;color:#353535;padding:40px;line-height:1.6;font-family:Arial,sans-serif;font-size:16px;""><h1 style=""text-align:center;"">ANTHONY RIZZO 2024 Topps Update #MLMU-AR Major League Materials Relics Yankees</h1><table style=""width:100%;margin-top:30px;border-spacing:0;""><tr><th align=""left"">Payment</th><td>Payment is due within 4 days. Unpaid items may be canceled and relisted.</td></tr><tr><th align=""left"">Shipping</th><td>Items ship via eBay Standard Envelope. Combined shipping may apply. Usually ships within 1 business day.</td></tr><tr><th align=""left"">Disclaimer</th><td>All cards are sold as-is. Review item condition and images. No refunds or returns. Contact us before leaving negative feedback.</td></tr></table></div>",FixedPrice,GTC,4.49,,1,,ImmediatePayRequired,,United States,,Flat,USPSFirstClass,1,0.0,,,1,,,ReturnsNotAccepted,,,,,,,,,,,,,No,No,,,
Add,jpsca,261328,0,HENRY DAVIS 2024 Topps Update #RRR-HD Rising Rookies Relics Pittsburgh Pirates,,,4000,No,BASEBALL,,,,,,,,MLB,,,No,Excellent,,,,Sports Trading Card,,,,,,,,,,,,,,,,,,,,,"<div style=""background:#FDFEFE;border:1px solid #CBD4C2;color:#353535;padding:40px;line-height:1.6;font-family:Arial,sans-serif;font-size:16px;""><h1 style=""text-align:center;"">HENRY DAVIS 2024 Topps Update #RRR-HD Rising Rookies Relics Pittsburgh Pirates</h1><table style=""width:100%;margin-top:30px;border-spacing:0;""><tr><th align=""left"">Payment</th><td>Payment is due within 4 days. Unpaid items may be canceled and relisted.</td></tr><tr><th align=""left"">Shipping</th><td>Items ship via eBay Standard Envelope. Combined shipping may apply. Usually ships within 1 business day.</td></tr><tr><th align=""left"">Disclaimer</th><td>All cards are sold as-is. Review item condition and images. No refunds or returns. Contact us before leaving negative feedback.</td></tr></table></div>",FixedPrice,GTC,4.99,,1,,ImmediatePayRequired,,United States,,Flat,USPSFirstClass,1,0.0,,,1,,,ReturnsNotAccepted,,,,,,,,,,,,,Yes,No,,,
Add,jpscm,261328,0,JORDAN WESTBURG 2024 Topps Update #MLMU-JW Major League Materials Relics Orioles,,,4000,No,BASEBALL,,,,,,,,MLB,,,No,Excellent,,,,Sports Trading Card,,,,,,,,,,,,,,,,,,,,,"<div style=""background:#FDFEFE;border:1px solid #CBD4C2;color:#353535;padding:40px;line-height:1.6;font-family:Arial,sans-serif;font-size:16px;""><h1 style=""text-align:center;"">JORDAN WESTBURG 2024 Topps Update #MLMU-JW Major League Materials Relics Orioles</h1><table style=""width:100%;margin-top:30px;border-spacing:0;""><tr><th align=""left"">Payment</th><td>Payment is due within 4 days. Unpaid items may be canceled and relisted.</td></tr><tr><th align=""left"">Shipping</th><td>Items ship via eBay Standard Envelope. Combined shipping may apply. Usually ships within 1 business day.</td></tr><tr><th align=""left"">Disclaimer</th><td>All cards are sold as-is. Review item condition and images. No refunds or returns. Contact us before leaving negative feedback.</td></tr></table></div>",FixedPrice,GTC,5.29,,1,,ImmediatePayRequired,,United States,,Flat,USPSFirstClass,1,0.0,,,1,,,ReturnsNotAccepted,,,,,,,,,,,,,No,No,,,
Add,jpscq,261328,0,RILEY GREENE 2024 Topps Heritage #CCR-RG Clubhouse Collection Relics Tigers,,,4000,No,BASEBALL,,,,,,,,MLB,,,No,Excellent,,,,Sports Trading Card,,,,,,,,,,,,,,,,,,,,,"<div style=""background:#FDFEFE;border:1px solid #CBD4C2;color:#353535;padding:40px;line-height:1.6;font-family:Arial,sans-serif;font-size:16px;""><h1 style=""text-align:center;"">RILEY GREENE 2024 Topps Heritage #CCR-RG Clubhouse Collection Relics Tigers</h1><table style=""width:100%;margin-top:30px;border-spacing:0;""><tr><th align=""left"">Payment</th><td>Payment is due within 4 days. Unpaid items may be canceled and relisted.</td></tr><tr><th align=""left"">Shipping</th><td>Items ship via eBay Standard Envelope. Combined shipping may apply. Usually ships within 1 business day.</td></tr><tr><th align=""left"">Disclaimer</th><td>All cards are sold as-is. Review item condition and images. No refunds or returns. Contact us before leaving negative feedback.</td></tr></table></div>",FixedPrice,GTC,6.49,,1,,ImmediatePayRequired,,United States,,Flat,USPSFirstClass,1,0.0,,,1,,,ReturnsNotAccepted,,,,,,,,,,,,,No,No,,,
Add,jpsct,261328,0,JACKSON CHOURIO 2023 Bowman Inception #19 Milwaukee Brewers,,,4000,No,BASEBALL,,,,,,,,MLB,,,No,Excellent,,,,Sports Trading Card,,,,,,,,,,,,,,,,,,,,,"<div style=""background:#FDFEFE;border:1px solid #CBD4C2;color:#353535;padding:40px;line-height:1.6;font-family:Arial,sans-serif;font-size:16px;""><h1 style=""text-align:center;"">JACKSON CHOURIO 2023 Bowman Inception #19 Milwaukee Brewers</h1><table style=""width:100%;margin-top:30px;border-spacing:0;""><tr><th align=""left"">Payment</th><td>Payment is due within 4 days. Unpaid items may be canceled and relisted.</td></tr><tr><th align=""left"">Shipping</th><td>Items ship via eBay Standard Envelope. Combined shipping may apply. Usually ships within 1 business day.</td></tr><tr><th align=""left"">Disclaimer</th><td>All cards are sold as-is. Review item condition and images. No refunds or returns. Contact us before leaving negative feedback.</td></tr></table></div>",FixedPrice,GTC,6.49,,1,,ImmediatePayRequired,,United States,,Flat,USPSFirstClass,1,0.0,,,1,,,ReturnsNotAccepted,,,,,,,,,,,,,No,No,,,
Add,jpscw,261328,0,MARCELO MAYER 2023 Bowman Inception #13 Boston Red Sox,,,4000,No,BASEBALL,,,,,,,,MLB,,,No,Excellent,,,,Sports Trading Card,,,,,,,,,,,,,,,,,,,,,"<div style=""background:#FDFEFE;border:1px solid #CBD4C2;color:#353535;padding:40px;line-height:1.6;font-family:Arial,sans-serif;font-size:16px;""><h1 style=""text-align:center;"">MARCELO MAYER 2023 Bowman Inception #13 Boston Red Sox</h1><table style=""width:100%;margin-top:30px;border-spacing:0;""><tr><th align=""left"">Payment</th><td>Payment is due within 4 days. Unpaid items may be canceled and relisted.</td></tr><tr><th align=""left"">Shipping</th><td>Items ship via eBay Standard Envelope. Combined shipping may apply. Usually ships within 1 business day.</td></tr><tr><th align=""left"">Disclaimer</th><td>All cards are sold as-is. Review item condition and images. No refunds or returns. Contact us before leaving negative feedback.</td></tr></table></div>",FixedPrice,GTC,5.49,,1,,ImmediatePayRequired,,United States,,Flat,USPSFirstClass,1,0.0,,,1,,,ReturnsNotAccepted,,,,,,,,,,,,,No,No,,,
Add,jpmgv,261328,0,ANDREW VAUGHN 2022 Bowman #22 Chicago White Sox,,,4000,No,BASEBALL,,,,,,,,MLB,,,No,Excellent,,,,Sports Trading Card,,,,,,,,,,,,,,,,,,,,,"<div style=""background:#FDFEFE;border:1px solid #CBD4C2;color:#353535;padding:40px;line-height:1.6;font-family:Arial,sans-serif;font-size:16px;""><h1 style=""text-align:center;"">ANDREW VAUGHN 2022 Bowman #22 Chicago White Sox</h1><table style=""width:100%;margin-top:30px;border-spacing:0;""><tr><th align=""left"">Payment</th><td>Payment is due within 4 days. Unpaid items may be canceled and relisted.</td></tr><tr><th align=""left"">Shipping</th><td>Items ship via eBay Standard Envelope. Combined shipping may apply. Usually ships within 1 business day.</td></tr><tr><th align=""left"">Disclaimer</th><td>All cards are sold as-is. Review item condition and images. No refunds or returns. Contact us before leaving negative feedback.</td></tr></table></div>",FixedPrice,GTC,3.99,,1,,ImmediatePayRequired,,United States,,Flat,USPSFirstClass,1,0.0,,,1,,,ReturnsNotAccepted,,,,,,,,,,,,,No,No,,,
Add,jpmgy,261328,0,EURIBIEL ANGELES 2022 Bowman #BCP-32 Chrome Prospects San Diego Padres,,,4000,No,BASEBALL,,,,,,,,MLB,,,No,Excellent,,,,Sports Trading Card,,,,,,,,,,,,,,,,,,,,,"<div style=""background:#FDFEFE;border:1px solid #CBD4C2;color:#353535;padding:40px;line-height:1.6;font-family:Arial,sans-serif;font-size:16px;""><h1 style=""text-align:center;"">EURIBIEL ANGELES 2022 Bowman #BCP-32 Chrome Prospects San Diego Padres</h1><table style=""width:100%;margin-top:30px;border-spacing:0;""><tr><th align=""left"">Payment</th><td>Payment is due within 4 days. Unpaid items may be canceled and relisted.</td></tr><tr><th align=""left"">Shipping</th><td>Items ship via eBay Standard Envelope. Combined shipping may apply. Usually ships within 1 business day.</td></tr><tr><th align=""left"">Disclaimer</th><td>All cards are sold as-is. Review item condition and images. No refunds or returns. Contact us before leaving negative feedback.</td></tr></table></div>",FixedPrice,GTC,3.99,,1,,ImmediatePayRequired,,United States,,Flat,USPSFirstClass,1,0.0,,,1,,,ReturnsNotAccepted,,,,,,,,,,,,,No,No,,,
Add,jpmgz,261328,0,ROBERT HASSELL 2022 Bowman #BTP-37 Bowman Scouts' Top 100 San Diego Padres,,,4000,No,BASEBALL,,,,,,,,MLB,,,No,Excellent,,,,Sports Trading Card,,,,,,,,,,,,,,,,,,,,,"<div style=""background:#FDFEFE;border:1px solid #CBD4C2;color:#353535;padding:40px;line-height:1.6;font-family:Arial,sans-serif;font-size:16px;""><h1 style=""text-align:center;"">ROBERT HASSELL 2022 Bowman #BTP-37 Bowman Scouts' Top 100 San Diego Padres</h1><table style=""width:100%;margin-top:30px;border-spacing:0;""><tr><th align=""left"">Payment</th><td>Payment is due within 4 days. Unpaid items may be canceled and relisted.</td></tr><tr><th align=""left"">Shipping</th><td>Items ship via eBay Standard Envelope. Combined shipping may apply. Usually ships within 1 business day.</td></tr><tr><th align=""left"">Disclaimer</th><td>All cards are sold as-is. Review item condition and images. No refunds or returns. Contact us before leaving negative feedback.</td></tr></table></div>",FixedPrice,GTC,3.99,,1,,ImmediatePayRequired,,United States,,Flat,USPSFirstClass,1,0.0,,,1,,,ReturnsNotAccepted,,,,,,,,,,,,,No,No,,,
Add,jpmh2,261328,0,AARON JUDGE 2022 Bowman #2 New York Yankees,,,4000,No,BASEBALL,,,,,,,,MLB,,,No,Excellent,,,,Sports Trading Card,,,,,,,,,,,,,,,,,,,,,"<div style=""background:#FDFEFE;border:1px solid #CBD4C2;color:#353535;padding:40px;line-height:1.6;font-family:Arial,sans-serif;font-size:16px;""><h1 style=""text-align:center;"">AARON JUDGE 2022 Bowman #2 New York Yankees</h1><table style=""width:100%;margin-top:30px;border-spacing:0;""><tr><th align=""left"">Payment</th><td>Payment is due within 4 days. Unpaid items may be canceled and relisted.</td></tr><tr><th align=""left"">Shipping</th><td>Items ship via eBay Standard Envelope. Combined shipping may apply. Usually ships within 1 business day.</td></tr><tr><th align=""left"">Disclaimer</th><td>All cards are sold as-is. Review item condition and images. No refunds or returns. Contact us before leaving negative feedback.</td></tr></table></div>",FixedPrice,GTC,3.99,,1,,ImmediatePayRequired,,United States,,Flat,USPSFirstClass,1,0.0,,,1,,,ReturnsNotAccepted,,,,,,,,,,,,,No,No,,,
Add,jpmh4,261328,0,SAL FRELICK 2022 Bowman #BCP-149 Chrome Prospects Milwaukee Brewers,,,4000,No,BASEBALL,,,,,,,,MLB,,,No,Excellent,,,,Sports Trading Card,,,,,,,,,,,,,,,,,,,,,"<div style=""background:#FDFEFE;border:1px solid #CBD4C2;color:#353535;padding:40px;line-height:1.6;font-family:Arial,sans-serif;font-size:16px;""><h1 style=""text-align:center;"">SAL FRELICK 2022 Bowman #BCP-149 Chrome Prospects Milwaukee Brewers</h1><table style=""width:100%;margin-top:30px;border-spacing:0;""><tr><th align=""left"">Payment</th><td>Payment is due within 4 days. Unpaid items may be canceled and relisted.</td></tr><tr><th align=""left"">Shipping</th><td>Items ship via eBay Standard Envelope. Combined shipping may apply. Usually ships within 1 business day.</td></tr><tr><th align=""left"">Disclaimer</th><td>All cards are sold as-is. Review item condition and images. No refunds or returns. Contact us before leaving negative feedback.</td></tr></table></div>",FixedPrice,GTC,3.99,,1,,ImmediatePayRequired,,United States,,Flat,USPSFirstClass,1,0.0,,,1,,,ReturnsNotAccepted,,,,,,,,,,,,,No,No,,,
Add,jpmh5,261328,0,FRAN ALDUEY 2022 Bowman #BCP-39 Chrome Prospects Cleveland Guardians,,,4000,No,BASEBALL,,,,,,,,MLB,,,No,Excellent,,,,Sports Trading Card,,,,,,,,,,,,,,,,,,,,,"<div style=""background:#FDFEFE;border:1px solid #CBD4C2;color:#353535;padding:40px;line-height:1.6;font-family:Arial,sans-serif;font-size:16px;""><h1 style=""text-align:center;"">FRAN ALDUEY 2022 Bowman #BCP-39 Chrome Prospects Cleveland Guardians</h1><table style=""width:100%;margin-top:30px;border-spacing:0;""><tr><th align=""left"">Payment</th><td>Payment is due within 4 days. Unpaid items may be canceled and relisted.</td></tr><tr><th align=""left"">Shipping</th><td>Items ship via eBay Standard Envelope. Combined shipping may apply. Usually ships within 1 business day.</td></tr><tr><th align=""left"">Disclaimer</th><td>All cards are sold as-is. Review item condition and images. No refunds or returns. Contact us before leaving negative feedback.</td></tr></table></div>",FixedPrice,GTC,3.99,,1,,ImmediatePayRequired,,United States,,Flat,USPSFirstClass,1,0.0,,,1,,,ReturnsNotAccepted,,,,,,,,,,,,,No,No,,,
Add,jpmh7,261328,0,MIKE TROUT 2022 Bowman #32 Los Angeles Angels,,,4000,No,BASEBALL,,,,,,,,MLB,,,No,Excellent,,,,Sports Trading Card,,,,,,,,,,,,,,,,,,,,,"<div style=""background:#FDFEFE;border:1px solid #CBD4C2;color:#353535;padding:40px;line-height:1.6;font-family:Arial,sans-serif;font-size:16px;""><h1 style=""text-align:center;"">MIKE TROUT 2022 Bowman #32 Los Angeles Angels</h1><table style=""width:100%;margin-top:30px;border-spacing:0;""><tr><th align=""left"">Payment</th><td>Payment is due within 4 days. Unpaid items may be canceled and relisted.</td></tr><tr><th align=""left"">Shipping</th><td>Items ship via eBay Standard Envelope. Combined shipping may apply. Usually ships within 1 business day.</td></tr><tr><th align=""left"">Disclaimer</th><td>All cards are sold as-is. Review item condition and images. No refunds or returns. Contact us before leaving negative feedback.</td></tr></table></div>",FixedPrice,GTC,3.99,,1,,ImmediatePayRequired,,United States,,Flat,USPSFirstClass,1,0.0,,,1,,,ReturnsNotAccepted,,,,,,,,,,,,,No,No,,,
Add,jpmh9,261328,0,CHRISTIAN YELICH 2022 Bowman #94 Milwaukee Brewers,,,4000,No,BASEBALL,,,,,,,,MLB,,,No,Excellent,,,,Sports Trading Card,,,,,,,,,,,,,,,,,,,,,"<div style=""background:#FDFEFE;border:1px solid #CBD4C2;color:#353535;padding:40px;line-height:1.6;font-family:Arial,sans-serif;font-size:16px;""><h1 style=""text-align:center;"">CHRISTIAN YELICH 2022 Bowman #94 Milwaukee Brewers</h1><table style=""width:100%;margin-top:30px;border-spacing:0;""><tr><th align=""left"">Payment</th><td>Payment is due within 4 days. Unpaid items may be canceled and relisted.</td></tr><tr><th align=""left"">Shipping</th><td>Items ship via eBay Standard Envelope. Combined shipping may apply. Usually ships within 1 business day.</td></tr><tr><th align=""left"">Disclaimer</th><td>All cards are sold as-is. Review item condition and images. No refunds or returns. Contact us before leaving negative feedback.</td></tr></table></div>",FixedPrice,GTC,3.99,,1,,ImmediatePayRequired,,United States,,Flat,USPSFirstClass,1,0.0,,,1,,,ReturnsNotAccepted,,,,,,,,,,,,,No,No,,,
Add,jpmhb,261328,0,LUIS GIL 2022 Bowman #ROYF-15 New York Yankees,,,4000,No,BASEBALL,,,,,,,,MLB,,,No,Excellent,,,,Sports Trading Card,,,,,,,,,,,,,,,,,,,,,"<div style=""background:#FDFEFE;border:1px solid #CBD4C2;color:#353535;padding:40px;line-height:1.6;font-family:Arial,sans-serif;font-size:16px;""><h1 style=""text-align:center;"">LUIS GIL 2022 Bowman #ROYF-15 New York Yankees</h1><table style=""width:100%;margin-top:30px;border-spacing:0;""><tr><th align=""left"">Payment</th><td>Payment is due within 4 days. Unpaid items may be canceled and relisted.</td></tr><tr><th align=""left"">Shipping</th><td>Items ship via eBay Standard Envelope. Combined shipping may apply. Usually ships within 1 business day.</td></tr><tr><th align=""left"">Disclaimer</th><td>All cards are sold as-is. Review item condition and images. No refunds or returns. Contact us before leaving negative feedback.</td></tr></table></div>",FixedPrice,GTC,3.99,,1,,ImmediatePayRequired,,United States,,Flat,USPSFirstClass,1,0.0,,,1,,,ReturnsNotAccepted,,,,,,,,,,,,,No,No,,,
Add,jpmhc,261328,0,CURTIS MEAD 2022 Bowman #BCP-10 Chrome Prospects Tampa Bay Rays,,,4000,No,BASEBALL,,,,,,,,MLB,,,No,Excellent,,,,Sports Trading Card,,,,,,,,,,,,,,,,,,,,,"<div style=""background:#FDFEFE;border:1px solid #CBD4C2;color:#353535;padding:40px;line-height:1.6;font-family:Arial,sans-serif;font-size:16px;""><h1 style=""text-align:center;"">CURTIS MEAD 2022 Bowman #BCP-10 Chrome Prospects Tampa Bay Rays</h1><table style=""width:100%;margin-top:30px;border-spacing:0;""><tr><th align=""left"">Payment</th><td>Payment is due within 4 days. Unpaid items may be canceled and relisted.</td></tr><tr><th align=""left"">Shipping</th><td>Items ship via eBay Standard Envelope. Combined shipping may apply. Usually ships within 1 business day.</td></tr><tr><th align=""left"">Disclaimer</th><td>All cards are sold as-is. Review item condition and images. No refunds or returns. Contact us before leaving negative feedback.</td></tr></table></div>",FixedPrice,GTC,3.99,,1,,ImmediatePayRequired,,United States,,Flat,USPSFirstClass,1,0.0,,,1,,,ReturnsNotAccepted,,,,,,,,,,,,,No,No,,,
Add,jpmhe,261328,0,DL HALL 2022 Bowman #BTP-46 Bowman Scouts' Top 100 Baltimore Orioles,,,4000,No,BASEBALL,,,,,,,,MLB,,,No,Excellent,,,,Sports Trading Card,,,,,,,,,,,,,,,,,,,,,"<div style=""background:#FDFEFE;border:1px solid #CBD4C2;color:#353535;padding:40px;line-height:1.6;font-family:Arial,sans-serif;font-size:16px;""><h1 style=""text-align:center;"">DL HALL 2022 Bowman #BTP-46 Bowman Scouts' Top 100 Baltimore Orioles</h1><table style=""width:100%;margin-top:30px;border-spacing:0;""><tr><th align=""left"">Payment</th><td>Payment is due within 4 days. Unpaid items may be canceled and relisted.</td></tr><tr><th align=""left"">Shipping</th><td>Items ship via eBay Standard Envelope. Combined shipping may apply. Usually ships within 1 business day.</td></tr><tr><th align=""left"">Disclaimer</th><td>All cards are sold as-is. Review item condition and images. No refunds or returns. Contact us before leaving negative feedback.</td></tr></table></div>",FixedPrice,GTC,3.99,,1,,ImmediatePayRequired,,United States,,Flat,USPSFirstClass,1,0.0,,,1,,,ReturnsNotAccepted,,,,,,,,,,,,,No,No,,,
Add,jpmhh,261328,0,PEDRO LEON 2022 Bowman #B3D-18 Bowman in 3D Houston Astros,,,4000,No,BASEBALL,,,,,,,,MLB,,,No,Excellent,,,,Sports Trading Card,,,,,,,,,,,,,,,,,,,,,"<div style=""background:#FDFEFE;border:1px solid #CBD4C2;color:#353535;padding:40px;line-height:1.6;font-family:Arial,sans-serif;font-size:16px;""><h1 style=""text-align:center;"">PEDRO LEON 2022 Bowman #B3D-18 Bowman in 3D Houston Astros</h1><table style=""width:100%;margin-top:30px;border-spacing:0;""><tr><th align=""left"">Payment</th><td>Payment is due within 4 days. Unpaid items may be canceled and relisted.</td></tr><tr><th align=""left"">Shipping</th><td>Items ship via eBay Standard Envelope. Combined shipping may apply. Usually ships within 1 business day.</td></tr><tr><th align=""left"">Disclaimer</th><td>All cards are sold as-is. Review item condition and images. No refunds or returns. Contact us before leaving negative feedback.</td></tr></table></div>",FixedPrice,GTC,3.99,,1,,ImmediatePayRequired,,United States,,Flat,USPSFirstClass,1,0.0,,,1,,,ReturnsNotAccepted,,,,,,,,,,,,,No,No,,,
Add,jpmhk,261328,0,MARTIN GIMENEZ 2022 Bowman #BCP-97 Chrome Prospects Toronto Blue Jays,,,4000,No,BASEBALL,,,,,,,,MLB,,,No,Excellent,,,,Sports Trading Card,,,,,,,,,,,,,,,,,,,,,"<div style=""background:#FDFEFE;border:1px solid #CBD4C2;color:#353535;padding:40px;line-height:1.6;font-family:Arial,sans-serif;font-size:16px;""><h1 style=""text-align:center;"">MARTIN GIMENEZ 2022 Bowman #BCP-97 Chrome Prospects Toronto Blue Jays</h1><table style=""width:100%;margin-top:30px;border-spacing:0;""><tr><th align=""left"">Payment</th><td>Payment is due within 4 days. Unpaid items may be canceled and relisted.</td></tr><tr><th align=""left"">Shipping</th><td>Items ship via eBay Standard Envelope. Combined shipping may apply. Usually ships within 1 business day.</td></tr><tr><th align=""left"">Disclaimer</th><td>All cards are sold as-is. Review item condition and images. No refunds or returns. Contact us before leaving negative feedback.</td></tr></table></div>",FixedPrice,GTC,3.99,,1,,ImmediatePayRequired,,United States,,Flat,USPSFirstClass,1,0.0,,,1,,,ReturnsNotAccepted,,,,,,,,,,,,,No,No,,,
Add,jpmhm,261328,0,ADRIAN MOREJON 2020 Bowman #BTP-54 Chrome Bowman Scouts Top 100 San Diego Padres,,,4000,No,BASEBALL,,,,,,,,MLB,,,No,Excellent,,,,Sports Trading Card,,,,,,,,,,,,,,,,,,,,,"<div style=""background:#FDFEFE;border:1px solid #CBD4C2;color:#353535;padding:40px;line-height:1.6;font-family:Arial,sans-serif;font-size:16px;""><h1 style=""text-align:center;"">ADRIAN MOREJON 2020 Bowman #BTP-54 Chrome Bowman Scouts Top 100 San Diego Padres</h1><table style=""width:100%;margin-top:30px;border-spacing:0;""><tr><th align=""left"">Payment</th><td>Payment is due within 4 days. Unpaid items may be canceled and relisted.</td></tr><tr><th align=""left"">Shipping</th><td>Items ship via eBay Standard Envelope. Combined shipping may apply. Usually ships within 1 business day.</td></tr><tr><th align=""left"">Disclaimer</th><td>All cards are sold as-is. Review item condition and images. No refunds or returns. Contact us before leaving negative feedback.</td></tr></table></div>",FixedPrice,GTC,3.99,,1,,ImmediatePayRequired,,United States,,Flat,USPSFirstClass,1,0.0,,,1,,,ReturnsNotAccepted,,,,,,,,,,,,,No,No,,,
Add,jpmhn,261328,0,FRANKLIN PEREZ 2020 Bowman #BCP-63 Chrome Prospects Detroit Tigers,,,4000,No,BASEBALL,,,,,,,,MLB,,,No,Excellent,,,,Sports Trading Card,,,,,,,,,,,,,,,,,,,,,"<div style=""background:#FDFEFE;border:1px solid #CBD4C2;color:#353535;padding:40px;line-height:1.6;font-family:Arial,sans-serif;font-size:16px;""><h1 style=""text-align:center;"">FRANKLIN PEREZ 2020 Bowman #BCP-63 Chrome Prospects Detroit Tigers</h1><table style=""width:100%;margin-top:30px;border-spacing:0;""><tr><th align=""left"">Payment</th><td>Payment is due within 4 days. Unpaid items may be canceled and relisted.</td></tr><tr><th align=""left"">Shipping</th><td>Items ship via eBay Standard Envelope. Combined shipping may apply. Usually ships within 1 business day.</td></tr><tr><th align=""left"">Disclaimer</th><td>All cards are sold as-is. Review item condition and images. No refunds or returns. Contact us before leaving negative feedback.</td></tr></table></div>",FixedPrice,GTC,3.99,,1,,ImmediatePayRequired,,United States,,Flat,USPSFirstClass,1,0.0,,,1,,,ReturnsNotAccepted,,,,,,,,,,,,,No,No,,,
Add,jpmhy,261328,0,SHEA LANGELIERS 2020 Bowman #BCP-21 Chrome Prospects Atlanta Braves,,,4000,No,BASEBALL,,,,,,,,MLB,,,No,Excellent,,,,Sports Trading Card,,,,,,,,,,,,,,,,,,,,,"<div style=""background:#FDFEFE;border:1px solid #CBD4C2;color:#353535;padding:40px;line-height:1.6;font-family:Arial,sans-serif;font-size:16px;""><h1 style=""text-align:center;"">SHEA LANGELIERS 2020 Bowman #BCP-21 Chrome Prospects Atlanta Braves</h1><table style=""width:100%;margin-top:30px;border-spacing:0;""><tr><th align=""left"">Payment</th><td>Payment is due within 4 days. Unpaid items may be canceled and relisted.</td></tr><tr><th align=""left"">Shipping</th><td>Items ship via eBay Standard Envelope. Combined shipping may apply. Usually ships within 1 business day.</td></tr><tr><th align=""left"">Disclaimer</th><td>All cards are sold as-is. Review item condition and images. No refunds or returns. Contact us before leaving negative feedback.</td></tr></table></div>",FixedPrice,GTC,3.99,,1,,ImmediatePayRequired,,United States,,Flat,USPSFirstClass,1,0.0,,,1,,,ReturnsNotAccepted,,,,,,,,,,,,,No,No,,,
Add,jpmib,261328,0,MAX SCHERZER 2022 Bowman #91 New York Mets,,,4000,No,BASEBALL,,,,,,,,MLB,,,No,Excellent,,,,Sports Trading Card,,,,,,,,,,,,,,,,,,,,,"<div style=""background:#FDFEFE;border:1px solid #CBD4C2;color:#353535;padding:40px;line-height:1.6;font-family:Arial,sans-serif;font-size:16px;""><h1 style=""text-align:center;"">MAX SCHERZER 2022 Bowman #91 New York Mets</h1><table style=""width:100%;margin-top:30px;border-spacing:0;""><tr><th align=""left"">Payment</th><td>Payment is due within 4 days. Unpaid items may be canceled and relisted.</td></tr><tr><th align=""left"">Shipping</th><td>Items ship via eBay Standard Envelope. Combined shipping may apply. Usually ships within 1 business day.</td></tr><tr><th align=""left"">Disclaimer</th><td>All cards are sold as-is. Review item condition and images. No refunds or returns. Contact us before leaving negative feedback.</td></tr></table></div>",FixedPrice,GTC,2.09,,1,,ImmediatePayRequired,,United States,,Flat,USPSFirstClass,1,0.0,,,1,,,ReturnsNotAccepted,,,,,,,,,,,,,No,No,,,
Add,jpmii,261328,0,JULIO RODRIGUEZ 2022 Bowman #HIFI-4 Hi-Fi Futures Mojo Refractors Mariners,,,4000,No,BASEBALL,,,,,,,,MLB,,,No,Excellent,,,,Sports Trading Card,,,,,,,,,,,,,,,,,,,,,"<div style=""background:#FDFEFE;border:1px solid #CBD4C2;color:#353535;padding:40px;line-height:1.6;font-family:Arial,sans-serif;font-size:16px;""><h1 style=""text-align:center;"">JULIO RODRIGUEZ 2022 Bowman #HIFI-4 Hi-Fi Futures Mojo Refractors Mariners</h1><table style=""width:100%;margin-top:30px;border-spacing:0;""><tr><th align=""left"">Payment</th><td>Payment is due within 4 days. Unpaid items may be canceled and relisted.</td></tr><tr><th align=""left"">Shipping</th><td>Items ship via eBay Standard Envelope. Combined shipping may apply. Usually ships within 1 business day.</td></tr><tr><th align=""left"">Disclaimer</th><td>All cards are sold as-is. Review item condition and images. No refunds or returns. Contact us before leaving negative feedback.</td></tr></table></div>",FixedPrice,GTC,3.99,,1,,ImmediatePayRequired,,United States,,Flat,USPSFirstClass,1,0.0,,,1,,,ReturnsNotAccepted,,,,,,,,,,,,,No,No,,,
Add,jpmik,261328,0,JACKSON CHOURIO 2022 Bowman #BP-79 Prospects Milwaukee Brewers,,,4000,No,BASEBALL,,,,,,,,MLB,,,No,Excellent,,,,Sports Trading Card,,,,,,,,,,,,,,,,,,,,,"<div style=""background:#FDFEFE;border:1px solid #CBD4C2;color:#353535;padding:40px;line-height:1.6;font-family:Arial,sans-serif;font-size:16px;""><h1 style=""text-align:center;"">JACKSON CHOURIO 2022 Bowman #BP-79 Prospects Milwaukee Brewers</h1><table style=""width:100%;margin-top:30px;border-spacing:0;""><tr><th align=""left"">Payment</th><td>Payment is due within 4 days. Unpaid items may be canceled and relisted.</td></tr><tr><th align=""left"">Shipping</th><td>Items ship via eBay Standard Envelope. Combined shipping may apply. Usually ships within 1 business day.</td></tr><tr><th align=""left"">Disclaimer</th><td>All cards are sold as-is. Review item condition and images. No refunds or returns. Contact us before leaving negative feedback.</td></tr></table></div>",FixedPrice,GTC,3.99,,1,,ImmediatePayRequired,,United States,,Flat,USPSFirstClass,1,0.0,,,1,,,ReturnsNotAccepted,,,,,,,,,,,,,No,No,,,
Add,jpmil,261328,0,KEVIN ALCANTARA 2022 Bowman #BP-31 Prospects Chicago Cubs,,,4000,No,BASEBALL,,,,,,,,MLB,,,No,Excellent,,,,Sports Trading Card,,,,,,,,,,,,,,,,,,,,,"<div style=""background:#FDFEFE;border:1px solid #CBD4C2;color:#353535;padding:40px;line-height:1.6;font-family:Arial,sans-serif;font-size:16px;""><h1 style=""text-align:center;"">KEVIN ALCANTARA 2022 Bowman #BP-31 Prospects Chicago Cubs</h1><table style=""width:100%;margin-top:30px;border-spacing:0;""><tr><th align=""left"">Payment</th><td>Payment is due within 4 days. Unpaid items may be canceled and relisted.</td></tr><tr><th align=""left"">Shipping</th><td>Items ship via eBay Standard Envelope. Combined shipping may apply. Usually ships within 1 business day.</td></tr><tr><th align=""left"">Disclaimer</th><td>All cards are sold as-is. Review item condition and images. No refunds or returns. Contact us before leaving negative feedback.</td></tr></table></div>",FixedPrice,GTC,3.99,,1,,ImmediatePayRequired,,United States,,Flat,USPSFirstClass,1,0.0,,,1,,,ReturnsNotAccepted,,,,,,,,,,,,,No,No,,,
Add,jpmin,261328,0,JOSE ALTUVE 2020 Bowman #88 Houston Astros,,,4000,No,BASEBALL,,,,,,,,MLB,,,No,Excellent,,,,Sports Trading Card,,,,,,,,,,,,,,,,,,,,,"<div style=""background:#FDFEFE;border:1px solid #CBD4C2;color:#353535;padding:40px;line-height:1.6;font-family:Arial,sans-serif;font-size:16px;""><h1 style=""text-align:center;"">JOSE ALTUVE 2020 Bowman #88 Houston Astros</h1><table style=""width:100%;margin-top:30px;border-spacing:0;""><tr><th align=""left"">Payment</th><td>Payment is due within 4 days. Unpaid items may be canceled and relisted.</td></tr><tr><th align=""left"">Shipping</th><td>Items ship via eBay Standard Envelope. Combined shipping may apply. Usually ships within 1 business day.</td></tr><tr><th align=""left"">Disclaimer</th><td>All cards are sold as-is. Review item condition and images. No refunds or returns. Contact us before leaving negative feedback.</td></tr></table></div>",FixedPrice,GTC,3.99,,1,,ImmediatePayRequired,,United States,,Flat,USPSFirstClass,1,0.0,,,1,,,ReturnsNotAccepted,,,,,,,,,,,,,No,No,,,
Add,jpmio,261328,0,CLAYTON KERSHAW 2020 Bowman #90B-CK 1990 Bowman Los Angeles Dodgers,,,4000,No,BASEBALL,,,,,,,,MLB,,,No,Excellent,,,,Sports Trading Card,,,,,,,,,,,,,,,,,,,,,"<div style=""background:#FDFEFE;border:1px solid #CBD4C2;color:#353535;padding:40px;line-height:1.6;font-family:Arial,sans-serif;font-size:16px;""><h1 style=""text-align:center;"">CLAYTON KERSHAW 2020 Bowman #90B-CK 1990 Bowman Los Angeles Dodgers</h1><table style=""width:100%;margin-top:30px;border-spacing:0;""><tr><th align=""left"">Payment</th><td>Payment is due within 4 days. Unpaid items may be canceled and relisted.</td></tr><tr><th align=""left"">Shipping</th><td>Items ship via eBay Standard Envelope. Combined shipping may apply. Usually ships within 1 business day.</td></tr><tr><th align=""left"">Disclaimer</th><td>All cards are sold as-is. Review item condition and images. No refunds or returns. Contact us before leaving negative feedback.</td></tr></table></div>",FixedPrice,GTC,6.49,,1,,ImmediatePayRequired,,United States,,Flat,USPSFirstClass,1,0.0,,,1,,,ReturnsNotAccepted,,,,,,,,,,,,,No,No,,,
Add,jpmiq,261328,0,FERNANDO TATIS JR. 2020 Bowman #47 San Diego Padres,,,4000,No,BASEBALL,,,,,,,,MLB,,,No,Excellent,,,,Sports Trading Card,,,,,,,,,,,,,,,,,,,,,"<div style=""background:#FDFEFE;border:1px solid #CBD4C2;color:#353535;padding:40px;line-height:1.6;font-family:Arial,sans-serif;font-size:16px;""><h1 style=""text-align:center;"">FERNANDO TATIS JR. 2020 Bowman #47 San Diego Padres</h1><table style=""width:100%;margin-top:30px;border-spacing:0;""><tr><th align=""left"">Payment</th><td>Payment is due within 4 days. Unpaid items may be canceled and relisted.</td></tr><tr><th align=""left"">Shipping</th><td>Items ship via eBay Standard Envelope. Combined shipping may apply. Usually ships within 1 business day.</td></tr><tr><th align=""left"">Disclaimer</th><td>All cards are sold as-is. Review item condition and images. No refunds or returns. Contact us before leaving negative feedback.</td></tr></table></div>",FixedPrice,GTC,3.99,,1,,ImmediatePayRequired,,United States,,Flat,USPSFirstClass,1,0.0,,,1,,,ReturnsNotAccepted,,,,,,,,,,,,,No,No,,,
Add,jpmis,261328,0,ALEX KIRILLOFF 2020 Bowman #BCP-80 Chrome Prospects Blue Refractor Twins #/150,,,4000,No,BASEBALL,,,,,,,,MLB,,,No,Excellent,,,,Sports Trading Card,,,,,,,,,,,,,,,,,,,,,"<div style=""background:#FDFEFE;border:1px solid #CBD4C2;color:#353535;padding:40px;line-height:1.6;font-family:Arial,sans-serif;font-size:16px;""><h1 style=""text-align:center;"">ALEX KIRILLOFF 2020 Bowman #BCP-80 Chrome Prospects Blue Refractor Twins #/150</h1><table style=""width:100%;margin-top:30px;border-spacing:0;""><tr><th align=""left"">Payment</th><td>Payment is due within 4 days. Unpaid items may be canceled and relisted.</td></tr><tr><th align=""left"">Shipping</th><td>Items ship via eBay Standard Envelope. Combined shipping may apply. Usually ships within 1 business day.</td></tr><tr><th align=""left"">Disclaimer</th><td>All cards are sold as-is. Review item condition and images. No refunds or returns. Contact us before leaving negative feedback.</td></tr></table></div>",FixedPrice,GTC,3.99,,1,,ImmediatePayRequired,,United States,,Flat,USPSFirstClass,1,0.0,,,1,,,ReturnsNotAccepted,,,,,,,,,,,,,No,No,,,
Add,jpmit,261328,0,YORDAN ALVAREZ 2020 Bowman #25 Houston Astros,,,4000,No,BASEBALL,,,,,,,,MLB,,,No,Excellent,,,,Sports Trading Card,,,,,,,,,,,,,,,,,,,,,"<div style=""background:#FDFEFE;border:1px solid #CBD4C2;color:#353535;padding:40px;line-height:1.6;font-family:Arial,sans-serif;font-size:16px;""><h1 style=""text-align:center;"">YORDAN ALVAREZ 2020 Bowman #25 Houston Astros</h1><table style=""width:100%;margin-top:30px;border-spacing:0;""><tr><th align=""left"">Payment</th><td>Payment is due within 4 days. Unpaid items may be canceled and relisted.</td></tr><tr><th align=""left"">Shipping</th><td>Items ship via eBay Standard Envelope. Combined shipping may apply. Usually ships within 1 business day.</td></tr><tr><th align=""left"">Disclaimer</th><td>All cards are sold as-is. Review item condition and images. No refunds or returns. Contact us before leaving negative feedback.</td></tr></table></div>",FixedPrice,GTC,3.99,,1,,ImmediatePayRequired,,United States,,Flat,USPSFirstClass,1,0.0,,,1,,,ReturnsNotAccepted,,,,,,,,,,,,,No,No,,,
Add,jpmiy,261328,0,XANDER BOGAERTS 2020 Bowman #95 Boston Red Sox,,,4000,No,BASEBALL,,,,,,,,MLB,,,No,Excellent,,,,Sports Trading Card,,,,,,,,,,,,,,,,,,,,,"<div style=""background:#FDFEFE;border:1px solid #CBD4C2;color:#353535;padding:40px;line-height:1.6;font-family:Arial,sans-serif;font-size:16px;""><h1 style=""text-align:center;"">XANDER BOGAERTS 2020 Bowman #95 Boston Red Sox</h1><table style=""width:100%;margin-top:30px;border-spacing:0;""><tr><th align=""left"">Payment</th><td>Payment is due within 4 days. Unpaid items may be canceled and relisted.</td></tr><tr><th align=""left"">Shipping</th><td>Items ship via eBay Standard Envelope. Combined shipping may apply. Usually ships within 1 business day.</td></tr><tr><th align=""left"">Disclaimer</th><td>All cards are sold as-is. Review item condition and images. No refunds or returns. Contact us before leaving negative feedback.</td></tr></table></div>",FixedPrice,GTC,3.99,,1,,ImmediatePayRequired,,United States,,Flat,USPSFirstClass,1,0.0,,,1,,,ReturnsNotAccepted,,,,,,,,,,,,,No,No,,,
Add,jpmj0,261328,0,ADLEY RUTSCHMAN 2020 Bowman #BP-50 Prospects Baltimore Orioles,,,4000,No,BASEBALL,,,,,,,,MLB,,,No,Excellent,,,,Sports Trading Card,,,,,,,,,,,,,,,,,,,,,"<div style=""background:#FDFEFE;border:1px solid #CBD4C2;color:#353535;padding:40px;line-height:1.6;font-family:Arial,sans-serif;font-size:16px;""><h1 style=""text-align:center;"">ADLEY RUTSCHMAN 2020 Bowman #BP-50 Prospects Baltimore Orioles</h1><table style=""width:100%;margin-top:30px;border-spacing:0;""><tr><th align=""left"">Payment</th><td>Payment is due within 4 days. Unpaid items may be canceled and relisted.</td></tr><tr><th align=""left"">Shipping</th><td>Items ship via eBay Standard Envelope. Combined shipping may apply. Usually ships within 1 business day.</td></tr><tr><th align=""left"">Disclaimer</th><td>All cards are sold as-is. Review item condition and images. No refunds or returns. Contact us before leaving negative feedback.</td></tr></table></div>",FixedPrice,GTC,3.99,,1,,ImmediatePayRequired,,United States,,Flat,USPSFirstClass,1,0.0,,,1,,,ReturnsNotAccepted,,,,,,,,,,,,,No,No,,,
Add,jpmj2,261328,0,VLADIMIR GUERRERO JR. 2020 Bowman #50 Toronto Blue Jays,,,4000,No,BASEBALL,,,,,,,,MLB,,,No,Excellent,,,,Sports Trading Card,,,,,,,,,,,,,,,,,,,,,"<div style=""background:#FDFEFE;border:1px solid #CBD4C2;color:#353535;padding:40px;line-height:1.6;font-family:Arial,sans-serif;font-size:16px;""><h1 style=""text-align:center;"">VLADIMIR GUERRERO JR. 2020 Bowman #50 Toronto Blue Jays</h1><table style=""width:100%;margin-top:30px;border-spacing:0;""><tr><th align=""left"">Payment</th><td>Payment is due within 4 days. Unpaid items may be canceled and relisted.</td></tr><tr><th align=""left"">Shipping</th><td>Items ship via eBay Standard Envelope. Combined shipping may apply. Usually ships within 1 business day.</td></tr><tr><th align=""left"">Disclaimer</th><td>All cards are sold as-is. Review item condition and images. No refunds or returns. Contact us before leaving negative feedback.</td></tr></table></div>",FixedPrice,GTC,3.99,,1,,ImmediatePayRequired,,United States,,Flat,USPSFirstClass,1,0.0,,,1,,,ReturnsNotAccepted,,,,,,,,,,,,,No,No,,,
Add,jpmj3,261328,0,RONALD ACUÑA JR. 2020 Bowman #27 Atlanta Braves,,,4000,No,BASEBALL,,,,,,,,MLB,,,No,Excellent,,,,Sports Trading Card,,,,,,,,,,,,,,,,,,,,,"<div style=""background:#FDFEFE;border:1px solid #CBD4C2;color:#353535;padding:40px;line-height:1.6;font-family:Arial,sans-serif;font-size:16px;""><h1 style=""text-align:center;"">RONALD ACUÑA JR. 2020 Bowman #27 Atlanta Braves</h1><table style=""width:100%;margin-top:30px;border-spacing:0;""><tr><th align=""left"">Payment</th><td>Payment is due within 4 days. Unpaid items may be canceled and relisted.</td></tr><tr><th align=""left"">Shipping</th><td>Items ship via eBay Standard Envelope. Combined shipping may apply. Usually ships within 1 business day.</td></tr><tr><th align=""left"">Disclaimer</th><td>All cards are sold as-is. Review item condition and images. No refunds or returns. Contact us before leaving negative feedback.</td></tr></table></div>",FixedPrice,GTC,3.99,,1,,ImmediatePayRequired,,United States,,Flat,USPSFirstClass,1,0.0,,,1,,,ReturnsNotAccepted,,,,,,,,,,,,,No,No,,,
Add,jpmj4,261328,0,ARISTIDES AQUINO 2020 Bowman #79 Cincinnati Reds,,,4000,No,BASEBALL,,,,,,,,MLB,,,No,Excellent,,,,Sports Trading Card,,,,,,,,,,,,,,,,,,,,,"<div style=""background:#FDFEFE;border:1px solid #CBD4C2;color:#353535;padding:40px;line-height:1.6;font-family:Arial,sans-serif;font-size:16px;""><h1 style=""text-align:center;"">ARISTIDES AQUINO 2020 Bowman #79 Cincinnati Reds</h1><table style=""width:100%;margin-top:30px;border-spacing:0;""><tr><th align=""left"">Payment</th><td>Payment is due within 4 days. Unpaid items may be canceled and relisted.</td></tr><tr><th align=""left"">Shipping</th><td>Items ship via eBay Standard Envelope. Combined shipping may apply. Usually ships within 1 business day.</td></tr><tr><th align=""left"">Disclaimer</th><td>All cards are sold as-is. Review item condition and images. No refunds or returns. Contact us before leaving negative feedback.</td></tr></table></div>",FixedPrice,GTC,3.99,,1,,ImmediatePayRequired,,United States,,Flat,USPSFirstClass,1,0.0,,,1,,,ReturnsNotAccepted,,,,,,,,,,,,,No,No,,,
Add,jpmj5,261328,0,MOOKIE BETTS 2022 Bowman #25 Los Angeles Dodgers,,,4000,No,BASEBALL,,,,,,,,MLB,,,No,Excellent,,,,Sports Trading Card,,,,,,,,,,,,,,,,,,,,,"<div style=""background:#FDFEFE;border:1px solid #CBD4C2;color:#353535;padding:40px;line-height:1.6;font-family:Arial,sans-serif;font-size:16px;""><h1 style=""text-align:center;"">MOOKIE BETTS 2022 Bowman #25 Los Angeles Dodgers</h1><table style=""width:100%;margin-top:30px;border-spacing:0;""><tr><th align=""left"">Payment</th><td>Payment is due within 4 days. Unpaid items may be canceled and relisted.</td></tr><tr><th align=""left"">Shipping</th><td>Items ship via eBay Standard Envelope. Combined shipping may apply. Usually ships within 1 business day.</td></tr><tr><th align=""left"">Disclaimer</th><td>All cards are sold as-is. Review item condition and images. No refunds or returns. Contact us before leaving negative feedback.</td></tr></table></div>",FixedPrice,GTC,3.99,,1,,ImmediatePayRequired,,United States,,Flat,USPSFirstClass,1,0.0,,,1,,,ReturnsNotAccepted,,,,,,,,,,,,,No,No,,,
Add,jpmj6,261328,0,XANDER BOGAERTS 2022 Bowman #15 Boston Red Sox,,,4000,No,BASEBALL,,,,,,,,MLB,,,No,Excellent,,,,Sports Trading Card,,,,,,,,,,,,,,,,,,,,,"<div style=""background:#FDFEFE;border:1px solid #CBD4C2;color:#353535;padding:40px;line-height:1.6;font-family:Arial,sans-serif;font-size:16px;""><h1 style=""text-align:center;"">XANDER BOGAERTS 2022 Bowman #15 Boston Red Sox</h1><table style=""width:100%;margin-top:30px;border-spacing:0;""><tr><th align=""left"">Payment</th><td>Payment is due within 4 days. Unpaid items may be canceled and relisted.</td></tr><tr><th align=""left"">Shipping</th><td>Items ship via eBay Standard Envelope. Combined shipping may apply. Usually ships within 1 business day.</td></tr><tr><th align=""left"">Disclaimer</th><td>All cards are sold as-is. Review item condition and images. No refunds or returns. Contact us before leaving negative feedback.</td></tr></table></div>",FixedPrice,GTC,3.99,,1,,ImmediatePayRequired,,United States,,Flat,USPSFirstClass,1,0.0,,,1,,,ReturnsNotAccepted,,,,,,,,,,,,,No,No,,,
Add,jpmj7,261328,0,PETE ALONSO 2022 Bowman #87 New York Mets,,,4000,No,BASEBALL,,,,,,,,MLB,,,No,Excellent,,,,Sports Trading Card,,,,,,,,,,,,,,,,,,,,,"<div style=""background:#FDFEFE;border:1px solid #CBD4C2;color:#353535;padding:40px;line-height:1.6;font-family:Arial,sans-serif;font-size:16px;""><h1 style=""text-align:center;"">PETE ALONSO 2022 Bowman #87 New York Mets</h1><table style=""width:100%;margin-top:30px;border-spacing:0;""><tr><th align=""left"">Payment</th><td>Payment is due within 4 days. Unpaid items may be canceled and relisted.</td></tr><tr><th align=""left"">Shipping</th><td>Items ship via eBay Standard Envelope. Combined shipping may apply. Usually ships within 1 business day.</td></tr><tr><th align=""left"">Disclaimer</th><td>All cards are sold as-is. Review item condition and images. No refunds or returns. Contact us before leaving negative feedback.</td></tr></table></div>",FixedPrice,GTC,3.99,,1,,ImmediatePayRequired,,United States,,Flat,USPSFirstClass,1,0.0,,,1,,,ReturnsNotAccepted,,,,,,,,,,,,,No,No,,,
Add,jpmj8,261328,0,JHONKENSY NOEL 2022 Bowman #BCP-2 Chrome Prospects Cleveland Guardians,,,4000,No,BASEBALL,,,,,,,,MLB,,,No,Excellent,,,,Sports Trading Card,,,,,,,,,,,,,,,,,,,,,"<div style=""background:#FDFEFE;border:1px solid #CBD4C2;color:#353535;padding:40px;line-height:1.6;font-family:Arial,sans-serif;font-size:16px;""><h1 style=""text-align:center;"">JHONKENSY NOEL 2022 Bowman #BCP-2 Chrome Prospects Cleveland Guardians</h1><table style=""width:100%;margin-top:30px;border-spacing:0;""><tr><th align=""left"">Payment</th><td>Payment is due within 4 days. Unpaid items may be canceled and relisted.</td></tr><tr><th align=""left"">Shipping</th><td>Items ship via eBay Standard Envelope. Combined shipping may apply. Usually ships within 1 business day.</td></tr><tr><th align=""left"">Disclaimer</th><td>All cards are sold as-is. Review item condition and images. No refunds or returns. Contact us before leaving negative feedback.</td></tr></table></div>",FixedPrice,GTC,3.99,,1,,ImmediatePayRequired,,United States,,Flat,USPSFirstClass,1,0.0,,,1,,,ReturnsNotAccepted,,,,,,,,,,,,,No,No,,,
Add,jpmj9,261328,0,BRANDON VALENZUELA 2022 Bowman #BP-28 Prospects Sky Blue San Diego Padres #/499,,,4000,No,BASEBALL,,,,,,,,MLB,,,No,Excellent,,,,Sports Trading Card,,,,,,,,,,,,,,,,,,,,,"<div style=""background:#FDFEFE;border:1px solid #CBD4C2;color:#353535;padding:40px;line-height:1.6;font-family:Arial,sans-serif;font-size:16px;""><h1 style=""text-align:center;"">BRANDON VALENZUELA 2022 Bowman #BP-28 Prospects Sky Blue San Diego Padres #/499</h1><table style=""width:100%;margin-top:30px;border-spacing:0;""><tr><th align=""left"">Payment</th><td>Payment is due within 4 days. Unpaid items may be canceled and relisted.</td></tr><tr><th align=""left"">Shipping</th><td>Items ship via eBay Standard Envelope. Combined shipping may apply. Usually ships within 1 business day.</td></tr><tr><th align=""left"">Disclaimer</th><td>All cards are sold as-is. Review item condition and images. No refunds or returns. Contact us before leaving negative feedback.</td></tr></table></div>",FixedPrice,GTC,3.99,,1,,ImmediatePayRequired,,United States,,Flat,USPSFirstClass,1,0.0,,,1,,,ReturnsNotAccepted,,,,,,,,,,,,,No,No,,,
Add,jpmjb,261328,0,KEVIN ALCANTARA 2022 Bowman #VV-11 Virtuosic Vibrations Chicago Cubs,,,4000,No,BASEBALL,,,,,,,,MLB,,,No,Excellent,,,,Sports Trading Card,,,,,,,,,,,,,,,,,,,,,"<div style=""background:#FDFEFE;border:1px solid #CBD4C2;color:#353535;padding:40px;line-height:1.6;font-family:Arial,sans-serif;font-size:16px;""><h1 style=""text-align:center;"">KEVIN ALCANTARA 2022 Bowman #VV-11 Virtuosic Vibrations Chicago Cubs</h1><table style=""width:100%;margin-top:30px;border-spacing:0;""><tr><th align=""left"">Payment</th><td>Payment is due within 4 days. Unpaid items may be canceled and relisted.</td></tr><tr><th align=""left"">Shipping</th><td>Items ship via eBay Standard Envelope. Combined shipping may apply. Usually ships within 1 business day.</td></tr><tr><th align=""left"">Disclaimer</th><td>All cards are sold as-is. Review item condition and images. No refunds or returns. Contact us before leaving negative feedback.</td></tr></table></div>",FixedPrice,GTC,3.99,,1,,ImmediatePayRequired,,United States,,Flat,USPSFirstClass,1,0.0,,,1,,,ReturnsNotAccepted,,,,,,,,,,,,,No,No,,,
Add,jpmja,261328,0,ELIJAH TATIS 2022 Bowman #BCP-23 Chrome Prospects Chicago White Sox,,,4000,No,BASEBALL,,,,,,,,MLB,,,No,Excellent,,,,Sports Trading Card,,,,,,,,,,,,,,,,,,,,,"<div style=""background:#FDFEFE;border:1px solid #CBD4C2;color:#353535;padding:40px;line-height:1.6;font-family:Arial,sans-serif;font-size:16px;""><h1 style=""text-align:center;"">ELIJAH TATIS 2022 Bowman #BCP-23 Chrome Prospects Chicago White Sox</h1><table style=""width:100%;margin-top:30px;border-spacing:0;""><tr><th align=""left"">Payment</th><td>Payment is due within 4 days. Unpaid items may be canceled and relisted.</td></tr><tr><th align=""left"">Shipping</th><td>Items ship via eBay Standard Envelope. Combined shipping may apply. Usually ships within 1 business day.</td></tr><tr><th align=""left"">Disclaimer</th><td>All cards are sold as-is. Review item condition and images. No refunds or returns. Contact us before leaving negative feedback.</td></tr></table></div>",FixedPrice,GTC,3.99,,1,,ImmediatePayRequired,,United States,,Flat,USPSFirstClass,1,0.0,,,1,,,ReturnsNotAccepted,,,,,,,,,,,,,No,No,,,
Add,jpmjc,261328,0,JUAN SOTO 2022 Donruss #20 Holo Orange Washington Nationals,,,4000,No,BASEBALL,,,,,,,,MLB,,,No,Excellent,,,,Sports Trading Card,,,,,,,,,,,,,,,,,,,,,"<div style=""background:#FDFEFE;border:1px solid #CBD4C2;color:#353535;padding:40px;line-height:1.6;font-family:Arial,sans-serif;font-size:16px;""><h1 style=""text-align:center;"">JUAN SOTO 2022 Donruss #20 Holo Orange Washington Nationals</h1><table style=""width:100%;margin-top:30px;border-spacing:0;""><tr><th align=""left"">Payment</th><td>Payment is due within 4 days. Unpaid items may be canceled and relisted.</td></tr><tr><th align=""left"">Shipping</th><td>Items ship via eBay Standard Envelope. Combined shipping may apply. Usually ships within 1 business day.</td></tr><tr><th align=""left"">Disclaimer</th><td>All cards are sold as-is. Review item condition and images. No refunds or returns. Contact us before leaving negative feedback.</td></tr></table></div>",FixedPrice,GTC,5.99,,1,,ImmediatePayRequired,,United States,,Flat,USPSFirstClass,1,0.0,,,1,,,ReturnsNotAccepted,,,,,,,,,,,,,No,No,,,
Add,jq0my,261328,0,FERNANDO TATIS JR. 2024 Bowman Chrome #92 Yellow Refractors Padres #/75,,,4000,No,BASEBALL,,,,,,,,MLB,,,No,Excellent,,,,Sports Trading Card,,,,,,,,,,,,,,,,,,,,,"<div style=""background:#FDFEFE;border:1px solid #CBD4C2;color:#353535;padding:40px;line-height:1.6;font-family:Arial,sans-serif;font-size:16px;""><h1 style=""text-align:center;"">FERNANDO TATIS JR. 2024 Bowman Chrome #92 Yellow Refractors Padres #/75</h1><table style=""width:100%;margin-top:30px;border-spacing:0;""><tr><th align=""left"">Payment</th><td>Payment is due within 4 days. Unpaid items may be canceled and relisted.</td></tr><tr><th align=""left"">Shipping</th><td>Items ship via eBay Standard Envelope. Combined shipping may apply. Usually ships within 1 business day.</td></tr><tr><th align=""left"">Disclaimer</th><td>All cards are sold as-is. Review item condition and images. No refunds or returns. Contact us before leaving negative feedback.</td></tr></table></div>",FixedPrice,GTC,19.59,,1,,ImmediatePayRequired,,United States,,Flat,USPSFirstClass,1,0.0,,,1,,,ReturnsNotAccepted,,,,,,,,,,,,,No,No,,,
Add,jq0o4,261328,0,COLTON COWSER 2024 Bowman Chrome Sapphire Edition #33 Baltimore Orioles,,,4000,No,BASEBALL,,,,,,,,MLB,,,No,Excellent,,,,Sports Trading Card,,,,,,,,,,,,,,,,,,,,,"<div style=""background:#FDFEFE;border:1px solid #CBD4C2;color:#353535;padding:40px;line-height:1.6;font-family:Arial,sans-serif;font-size:16px;""><h1 style=""text-align:center;"">COLTON COWSER 2024 Bowman Chrome Sapphire Edition #33 Baltimore Orioles</h1><table style=""width:100%;margin-top:30px;border-spacing:0;""><tr><th align=""left"">Payment</th><td>Payment is due within 4 days. Unpaid items may be canceled and relisted.</td></tr><tr><th align=""left"">Shipping</th><td>Items ship via eBay Standard Envelope. Combined shipping may apply. Usually ships within 1 business day.</td></tr><tr><th align=""left"">Disclaimer</th><td>All cards are sold as-is. Review item condition and images. No refunds or returns. Contact us before leaving negative feedback.</td></tr></table></div>",FixedPrice,GTC,3.19,,1,,ImmediatePayRequired,,United States,,Flat,USPSFirstClass,1,0.0,,,1,,,ReturnsNotAccepted,,,,,,,,,,,,,No,No,,,
Add,jq0oa,261328,0,NOLAN ARENADO 2018 Topps Chrome #163 Refractor Colorado Rockies,,,4000,No,BASEBALL,,,,,,,,MLB,,,No,Excellent,,,,Sports Trading Card,,,,,,,,,,,,,,,,,,,,,"<div style=""background:#FDFEFE;border:1px solid #CBD4C2;color:#353535;padding:40px;line-height:1.6;font-family:Arial,sans-serif;font-size:16px;""><h1 style=""text-align:center;"">NOLAN ARENADO 2018 Topps Chrome #163 Refractor Colorado Rockies</h1><table style=""width:100%;margin-top:30px;border-spacing:0;""><tr><th align=""left"">Payment</th><td>Payment is due within 4 days. Unpaid items may be canceled and relisted.</td></tr><tr><th align=""left"">Shipping</th><td>Items ship via eBay Standard Envelope. Combined shipping may apply. Usually ships within 1 business day.</td></tr><tr><th align=""left"">Disclaimer</th><td>All cards are sold as-is. Review item condition and images. No refunds or returns. Contact us before leaving negative feedback.</td></tr></table></div>",FixedPrice,GTC,3.99,,1,,ImmediatePayRequired,,United States,,Flat,USPSFirstClass,1,0.0,,,1,,,ReturnsNotAccepted,,,,,,,,,,,,,No,No,,,
Add,jq0ob,261328,0,JARREN DURAN 2022 Bowman Platinum #27 Boston Red Sox,,,4000,No,BASEBALL,,,,,,,,MLB,,,No,Excellent,,,,Sports Trading Card,,,,,,,,,,,,,,,,,,,,,"<div style=""background:#FDFEFE;border:1px solid #CBD4C2;color:#353535;padding:40px;line-height:1.6;font-family:Arial,sans-serif;font-size:16px;""><h1 style=""text-align:center;"">JARREN DURAN 2022 Bowman Platinum #27 Boston Red Sox</h1><table style=""width:100%;margin-top:30px;border-spacing:0;""><tr><th align=""left"">Payment</th><td>Payment is due within 4 days. Unpaid items may be canceled and relisted.</td></tr><tr><th align=""left"">Shipping</th><td>Items ship via eBay Standard Envelope. Combined shipping may apply. Usually ships within 1 business day.</td></tr><tr><th align=""left"">Disclaimer</th><td>All cards are sold as-is. Review item condition and images. No refunds or returns. Contact us before leaving negative feedback.</td></tr></table></div>",FixedPrice,GTC,3.99,,1,,ImmediatePayRequired,,United States,,Flat,USPSFirstClass,1,0.0,,,1,,,ReturnsNotAccepted,,,,,,,,,,,,,No,No,,,
Add,jq0oc,261328,0,JHONKENSY NOEL 2022 Bowman Heritage #BHPC-31 Chrome Prospects,,,4000,No,BASEBALL,,,,,,,,MLB,,,No,Excellent,,,,Sports Trading Card,,,,,,,,,,,,,,,,,,,,,"<div style=""background:#FDFEFE;border:1px solid #CBD4C2;color:#353535;padding:40px;line-height:1.6;font-family:Arial,sans-serif;font-size:16px;""><h1 style=""text-align:center;"">JHONKENSY NOEL 2022 Bowman Heritage #BHPC-31 Chrome Prospects</h1><table style=""width:100%;margin-top:30px;border-spacing:0;""><tr><th align=""left"">Payment</th><td>Payment is due within 4 days. Unpaid items may be canceled and relisted.</td></tr><tr><th align=""left"">Shipping</th><td>Items ship via eBay Standard Envelope. Combined shipping may apply. Usually ships within 1 business day.</td></tr><tr><th align=""left"">Disclaimer</th><td>All cards are sold as-is. Review item condition and images. No refunds or returns. Contact us before leaving negative feedback.</td></tr></table></div>",FixedPrice,GTC,3.99,,1,,ImmediatePayRequired,,United States,,Flat,USPSFirstClass,1,0.0,,,1,,,ReturnsNotAccepted,,,,,,,,,,,,,No,No,,,
Add,jq0oe,261328,0,BLAKE DUNN 2024 Bowman Chrome Sapphire Edition #BCP-187 Prospects,,,4000,No,BASEBALL,,,,,,,,MLB,,,No,Excellent,,,,Sports Trading Card,,,,,,,,,,,,,,,,,,,,,"<div style=""background:#FDFEFE;border:1px solid #CBD4C2;color:#353535;padding:40px;line-height:1.6;font-family:Arial,sans-serif;font-size:16px;""><h1 style=""text-align:center;"">BLAKE DUNN 2024 Bowman Chrome Sapphire Edition #BCP-187 Prospects</h1><table style=""width:100%;margin-top:30px;border-spacing:0;""><tr><th align=""left"">Payment</th><td>Payment is due within 4 days. Unpaid items may be canceled and relisted.</td></tr><tr><th align=""left"">Shipping</th><td>Items ship via eBay Standard Envelope. Combined shipping may apply. Usually ships within 1 business day.</td></tr><tr><th align=""left"">Disclaimer</th><td>All cards are sold as-is. Review item condition and images. No refunds or returns. Contact us before leaving negative feedback.</td></tr></table></div>",FixedPrice,GTC,3.99,,1,,ImmediatePayRequired,,United States,,Flat,USPSFirstClass,1,0.0,,,1,,,ReturnsNotAccepted,,,,,,,,,,,,,No,No,,,
Add,jq0of,261328,0,DAIRON BLANCO 2024 Topps Chrome Update Sapphire Edition #USCS324,,,4000,No,BASEBALL,,,,,,,,MLB,,,No,Excellent,,,,Sports Trading Card,,,,,,,,,,,,,,,,,,,,,"<div style=""background:#FDFEFE;border:1px solid #CBD4C2;color:#353535;padding:40px;line-height:1.6;font-family:Arial,sans-serif;font-size:16px;""><h1 style=""text-align:center;"">DAIRON BLANCO 2024 Topps Chrome Update Sapphire Edition #USCS324</h1><table style=""width:100%;margin-top:30px;border-spacing:0;""><tr><th align=""left"">Payment</th><td>Payment is due within 4 days. Unpaid items may be canceled and relisted.</td></tr><tr><th align=""left"">Shipping</th><td>Items ship via eBay Standard Envelope. Combined shipping may apply. Usually ships within 1 business day.</td></tr><tr><th align=""left"">Disclaimer</th><td>All cards are sold as-is. Review item condition and images. No refunds or returns. Contact us before leaving negative feedback.</td></tr></table></div>",FixedPrice,GTC,4.49,,1,,ImmediatePayRequired,,United States,,Flat,USPSFirstClass,1,0.0,,,1,,,ReturnsNotAccepted,,,,,,,,,,,,,No,No,,,
Add,jq0og,261328,0,ALEX BREGMAN 2024 Topps Chrome #53 Houston Astros,,,4000,No,BASEBALL,,,,,,,,MLB,,,No,Excellent,,,,Sports Trading Card,,,,,,,,,,,,,,,,,,,,,"<div style=""background:#FDFEFE;border:1px solid #CBD4C2;color:#353535;padding:40px;line-height:1.6;font-family:Arial,sans-serif;font-size:16px;""><h1 style=""text-align:center;"">ALEX BREGMAN 2024 Topps Chrome #53 Houston Astros</h1><table style=""width:100%;margin-top:30px;border-spacing:0;""><tr><th align=""left"">Payment</th><td>Payment is due within 4 days. Unpaid items may be canceled and relisted.</td></tr><tr><th align=""left"">Shipping</th><td>Items ship via eBay Standard Envelope. Combined shipping may apply. Usually ships within 1 business day.</td></tr><tr><th align=""left"">Disclaimer</th><td>All cards are sold as-is. Review item condition and images. No refunds or returns. Contact us before leaving negative feedback.</td></tr></table></div>",FixedPrice,GTC,3.99,,1,,ImmediatePayRequired,,United States,,Flat,USPSFirstClass,1,0.0,,,1,,,ReturnsNotAccepted,,,,,,,,,,,,,No,No,,,
Add,jq0oh,261328,0,PETER ALONSO 2019 Bowman #BCP-127 Chrome Prospects New York Mets,,,4000,No,BASEBALL,,,,,,,,MLB,,,No,Excellent,,,,Sports Trading Card,,,,,,,,,,,,,,,,,,,,,"<div style=""background:#FDFEFE;border:1px solid #CBD4C2;color:#353535;padding:40px;line-height:1.6;font-family:Arial,sans-serif;font-size:16px;""><h1 style=""text-align:center;"">PETER ALONSO 2019 Bowman #BCP-127 Chrome Prospects New York Mets</h1><table style=""width:100%;margin-top:30px;border-spacing:0;""><tr><th align=""left"">Payment</th><td>Payment is due within 4 days. Unpaid items may be canceled and relisted.</td></tr><tr><th align=""left"">Shipping</th><td>Items ship via eBay Standard Envelope. Combined shipping may apply. Usually ships within 1 business day.</td></tr><tr><th align=""left"">Disclaimer</th><td>All cards are sold as-is. Review item condition and images. No refunds or returns. Contact us before leaving negative feedback.</td></tr></table></div>",FixedPrice,GTC,3.99,,1,,ImmediatePayRequired,,United States,,Flat,USPSFirstClass,1,0.0,,,1,,,ReturnsNotAccepted,,,,,,,,,,,,,No,No,,,
Add,jq0oi,261328,0,JACKSON JOBE 2021 Bowman's Best #44 Detroit Tigers,,,4000,No,BASEBALL,,,,,,,,MLB,,,No,Excellent,,,,Sports Trading Card,,,,,,,,,,,,,,,,,,,,,"<div style=""background:#FDFEFE;border:1px solid #CBD4C2;color:#353535;padding:40px;line-height:1.6;font-family:Arial,sans-serif;font-size:16px;""><h1 style=""text-align:center;"">JACKSON JOBE 2021 Bowman's Best #44 Detroit Tigers</h1><table style=""width:100%;margin-top:30px;border-spacing:0;""><tr><th align=""left"">Payment</th><td>Payment is due within 4 days. Unpaid items may be canceled and relisted.</td></tr><tr><th align=""left"">Shipping</th><td>Items ship via eBay Standard Envelope. Combined shipping may apply. Usually ships within 1 business day.</td></tr><tr><th align=""left"">Disclaimer</th><td>All cards are sold as-is. Review item condition and images. No refunds or returns. Contact us before leaving negative feedback.</td></tr></table></div>",FixedPrice,GTC,3.99,,1,,ImmediatePayRequired,,United States,,Flat,USPSFirstClass,1,0.0,,,1,,,ReturnsNotAccepted,,,,,,,,,,,,,No,No,,,
Add,jq0ok,261328,0,HUNTER GREENE 2022 Bowman #BTP-47 Bowman Scouts' Top 100 Cincinnati Reds,,,4000,No,BASEBALL,,,,,,,,MLB,,,No,Excellent,,,,Sports Trading Card,,,,,,,,,,,,,,,,,,,,,"<div style=""background:#FDFEFE;border:1px solid #CBD4C2;color:#353535;padding:40px;line-height:1.6;font-family:Arial,sans-serif;font-size:16px;""><h1 style=""text-align:center;"">HUNTER GREENE 2022 Bowman #BTP-47 Bowman Scouts' Top 100 Cincinnati Reds</h1><table style=""width:100%;margin-top:30px;border-spacing:0;""><tr><th align=""left"">Payment</th><td>Payment is due within 4 days. Unpaid items may be canceled and relisted.</td></tr><tr><th align=""left"">Shipping</th><td>Items ship via eBay Standard Envelope. Combined shipping may apply. Usually ships within 1 business day.</td></tr><tr><th align=""left"">Disclaimer</th><td>All cards are sold as-is. Review item condition and images. No refunds or returns. Contact us before leaving negative feedback.</td></tr></table></div>",FixedPrice,GTC,3.99,,1,,ImmediatePayRequired,,United States,,Flat,USPSFirstClass,1,0.0,,,1,,,ReturnsNotAccepted,,,,,,,,,,,,,No,No,,,
Add,jq0on,261328,0,JOSH JUNG 2024 Bowman Chrome Sapphire Edition #99 Texas Rangers,,,4000,No,BASEBALL,,,,,,,,MLB,,,No,Excellent,,,,Sports Trading Card,,,,,,,,,,,,,,,,,,,,,"<div style=""background:#FDFEFE;border:1px solid #CBD4C2;color:#353535;padding:40px;line-height:1.6;font-family:Arial,sans-serif;font-size:16px;""><h1 style=""text-align:center;"">JOSH JUNG 2024 Bowman Chrome Sapphire Edition #99 Texas Rangers</h1><table style=""width:100%;margin-top:30px;border-spacing:0;""><tr><th align=""left"">Payment</th><td>Payment is due within 4 days. Unpaid items may be canceled and relisted.</td></tr><tr><th align=""left"">Shipping</th><td>Items ship via eBay Standard Envelope. Combined shipping may apply. Usually ships within 1 business day.</td></tr><tr><th align=""left"">Disclaimer</th><td>All cards are sold as-is. Review item condition and images. No refunds or returns. Contact us before leaving negative feedback.</td></tr></table></div>",FixedPrice,GTC,3.99,,1,,ImmediatePayRequired,,United States,,Flat,USPSFirstClass,1,0.0,,,1,,,ReturnsNotAccepted,,,,,,,,,,,,,No,No,,,
Add,jq0om,261328,0,PETER ALONSO 2019 Bowman #RFTS-11 Ready for the Show New York Mets,,,4000,No,BASEBALL,,,,,,,,MLB,,,No,Excellent,,,,Sports Trading Card,,,,,,,,,,,,,,,,,,,,,"<div style=""background:#FDFEFE;border:1px solid #CBD4C2;color:#353535;padding:40px;line-height:1.6;font-family:Arial,sans-serif;font-size:16px;""><h1 style=""text-align:center;"">PETER ALONSO 2019 Bowman #RFTS-11 Ready for the Show New York Mets</h1><table style=""width:100%;margin-top:30px;border-spacing:0;""><tr><th align=""left"">Payment</th><td>Payment is due within 4 days. Unpaid items may be canceled and relisted.</td></tr><tr><th align=""left"">Shipping</th><td>Items ship via eBay Standard Envelope. Combined shipping may apply. Usually ships within 1 business day.</td></tr><tr><th align=""left"">Disclaimer</th><td>All cards are sold as-is. Review item condition and images. No refunds or returns. Contact us before leaving negative feedback.</td></tr></table></div>",FixedPrice,GTC,3.99,,1,,ImmediatePayRequired,,United States,,Flat,USPSFirstClass,1,0.0,,,1,,,ReturnsNotAccepted,,,,,,,,,,,,,No,No,,,
Add,jq0op,261328,0,JAZZ CHISHOLM JR. 2021 Bowman's Best #26 Miami Marlins Basketball,,,4000,No,BASEBALL,,,,,,,,MLB,,,No,Excellent,,,,Sports Trading Card,,,,,,,,,,,,,,,,,,,,,"<div style=""background:#FDFEFE;border:1px solid #CBD4C2;color:#353535;padding:40px;line-height:1.6;font-family:Arial,sans-serif;font-size:16px;""><h1 style=""text-align:center;"">JAZZ CHISHOLM JR. 2021 Bowman's Best #26 Miami Marlins Basketball</h1><table style=""width:100%;margin-top:30px;border-spacing:0;""><tr><th align=""left"">Payment</th><td>Payment is due within 4 days. Unpaid items may be canceled and relisted.</td></tr><tr><th align=""left"">Shipping</th><td>Items ship via eBay Standard Envelope. Combined shipping may apply. Usually ships within 1 business day.</td></tr><tr><th align=""left"">Disclaimer</th><td>All cards are sold as-is. Review item condition and images. No refunds or returns. Contact us before leaving negative feedback.</td></tr></table></div>",FixedPrice,GTC,3.99,,1,,ImmediatePayRequired,,United States,,Flat,USPSFirstClass,1,0.0,,,1,,,ReturnsNotAccepted,,,,,,,,,,,,,No,No,,,
Add,jq0oq,261328,0,JAZZ CHISHOLM 2018 Bowman Draft #BDC-16 Chrome Arizona Diamondbacks Basketball,,,4000,No,BASEBALL,,,,,,,,MLB,,,No,Excellent,,,,Sports Trading Card,,,,,,,,,,,,,,,,,,,,,"<div style=""background:#FDFEFE;border:1px solid #CBD4C2;color:#353535;padding:40px;line-height:1.6;font-family:Arial,sans-serif;font-size:16px;""><h1 style=""text-align:center;"">JAZZ CHISHOLM 2018 Bowman Draft #BDC-16 Chrome Arizona Diamondbacks Basketball</h1><table style=""width:100%;margin-top:30px;border-spacing:0;""><tr><th align=""left"">Payment</th><td>Payment is due within 4 days. Unpaid items may be canceled and relisted.</td></tr><tr><th align=""left"">Shipping</th><td>Items ship via eBay Standard Envelope. Combined shipping may apply. Usually ships within 1 business day.</td></tr><tr><th align=""left"">Disclaimer</th><td>All cards are sold as-is. Review item condition and images. No refunds or returns. Contact us before leaving negative feedback.</td></tr></table></div>",FixedPrice,GTC,3.99,,1,,ImmediatePayRequired,,United States,,Flat,USPSFirstClass,1,0.0,,,1,,,ReturnsNotAccepted,,,,,,,,,,,,,No,No,,,
Add,jq0or,261328,0,MARCELO MAYER 2022 Bowman Draft 1st Edition #BD-123 Boston Red Sox,,,4000,No,BASEBALL,,,,,,,,MLB,,,No,Excellent,,,,Sports Trading Card,,,,,,,,,,,,,,,,,,,,,"<div style=""background:#FDFEFE;border:1px solid #CBD4C2;color:#353535;padding:40px;line-height:1.6;font-family:Arial,sans-serif;font-size:16px;""><h1 style=""text-align:center;"">MARCELO MAYER 2022 Bowman Draft 1st Edition #BD-123 Boston Red Sox</h1><table style=""width:100%;margin-top:30px;border-spacing:0;""><tr><th align=""left"">Payment</th><td>Payment is due within 4 days. Unpaid items may be canceled and relisted.</td></tr><tr><th align=""left"">Shipping</th><td>Items ship via eBay Standard Envelope. Combined shipping may apply. Usually ships within 1 business day.</td></tr><tr><th align=""left"">Disclaimer</th><td>All cards are sold as-is. Review item condition and images. No refunds or returns. Contact us before leaving negative feedback.</td></tr></table></div>",FixedPrice,GTC,3.99,,1,,ImmediatePayRequired,,United States,,Flat,USPSFirstClass,1,0.0,,,1,,,ReturnsNotAccepted,,,,,,,,,,,,,No,No,,,
Add,jq0os,261328,0,JACKSON JOBE 2022 Bowman Draft 1st Edition #BD-99 Detroit Tigers,,,4000,No,BASEBALL,,,,,,,,MLB,,,No,Excellent,,,,Sports Trading Card,,,,,,,,,,,,,,,,,,,,,"<div style=""background:#FDFEFE;border:1px solid #CBD4C2;color:#353535;padding:40px;line-height:1.6;font-family:Arial,sans-serif;font-size:16px;""><h1 style=""text-align:center;"">JACKSON JOBE 2022 Bowman Draft 1st Edition #BD-99 Detroit Tigers</h1><table style=""width:100%;margin-top:30px;border-spacing:0;""><tr><th align=""left"">Payment</th><td>Payment is due within 4 days. Unpaid items may be canceled and relisted.</td></tr><tr><th align=""left"">Shipping</th><td>Items ship via eBay Standard Envelope. Combined shipping may apply. Usually ships within 1 business day.</td></tr><tr><th align=""left"">Disclaimer</th><td>All cards are sold as-is. Review item condition and images. No refunds or returns. Contact us before leaving negative feedback.</td></tr></table></div>",FixedPrice,GTC,3.99,,1,,ImmediatePayRequired,,United States,,Flat,USPSFirstClass,1,0.0,,,1,,,ReturnsNotAccepted,,,,,,,,,,,,,No,No,,,
Add,jq0ot,261328,0,2024 Bowman Chrome - MY 1st Bowman Jacob Wilson #M1B-40 (RC) Rookie,,,4000,No,BASEBALL,,,,,,,,MLB,,,No,Excellent,,,,Sports Trading Card,,,,,,,,,,,,,,,,,,,,,"<div style=""background:#FDFEFE;border:1px solid #CBD4C2;color:#353535;padding:40px;line-height:1.6;font-family:Arial,sans-serif;font-size:16px;""><h1 style=""text-align:center;"">2024 Bowman Chrome - MY 1st Bowman Jacob Wilson #M1B-40 (RC) Rookie</h1><table style=""width:100%;margin-top:30px;border-spacing:0;""><tr><th align=""left"">Payment</th><td>Payment is due within 4 days. Unpaid items may be canceled and relisted.</td></tr><tr><th align=""left"">Shipping</th><td>Items ship via eBay Standard Envelope. Combined shipping may apply. Usually ships within 1 business day.</td></tr><tr><th align=""left"">Disclaimer</th><td>All cards are sold as-is. Review item condition and images. No refunds or returns. Contact us before leaving negative feedback.</td></tr></table></div>",FixedPrice,GTC,5.49,,1,,ImmediatePayRequired,,United States,,Flat,USPSFirstClass,1,0.0,,,1,,,ReturnsNotAccepted,,,,,,,,,,,,,Yes,No,,,
Add,jq0ou,261328,0,CORBIN BURNES 2019 Topps Allen & Ginter #206 Milwaukee Brewers,,,4000,No,BASEBALL,,,,,,,,MLB,,,No,Excellent,,,,Sports Trading Card,,,,,,,,,,,,,,,,,,,,,"<div style=""background:#FDFEFE;border:1px solid #CBD4C2;color:#353535;padding:40px;line-height:1.6;font-family:Arial,sans-serif;font-size:16px;""><h1 style=""text-align:center;"">CORBIN BURNES 2019 Topps Allen & Ginter #206 Milwaukee Brewers</h1><table style=""width:100%;margin-top:30px;border-spacing:0;""><tr><th align=""left"">Payment</th><td>Payment is due within 4 days. Unpaid items may be canceled and relisted.</td></tr><tr><th align=""left"">Shipping</th><td>Items ship via eBay Standard Envelope. Combined shipping may apply. Usually ships within 1 business day.</td></tr><tr><th align=""left"">Disclaimer</th><td>All cards are sold as-is. Review item condition and images. No refunds or returns. Contact us before leaving negative feedback.</td></tr></table></div>",FixedPrice,GTC,3.99,,1,,ImmediatePayRequired,,United States,,Flat,USPSFirstClass,1,0.0,,,1,,,ReturnsNotAccepted,,,,,,,,,,,,,No,No,,,
Add,jq0ov,261328,0,ALBERT PUJOLS 2015 Topps Update #RS-21 Rookie Sensations St. Louis Cardinals RC,,,4000,No,BASEBALL,,,,,,,,MLB,,,No,Excellent,,,,Sports Trading Card,,,,,,,,,,,,,,,,,,,,,"<div style=""background:#FDFEFE;border:1px solid #CBD4C2;color:#353535;padding:40px;line-height:1.6;font-family:Arial,sans-serif;font-size:16px;""><h1 style=""text-align:center;"">ALBERT PUJOLS 2015 Topps Update #RS-21 Rookie Sensations St. Louis Cardinals RC</h1><table style=""width:100%;margin-top:30px;border-spacing:0;""><tr><th align=""left"">Payment</th><td>Payment is due within 4 days. Unpaid items may be canceled and relisted.</td></tr><tr><th align=""left"">Shipping</th><td>Items ship via eBay Standard Envelope. Combined shipping may apply. Usually ships within 1 business day.</td></tr><tr><th align=""left"">Disclaimer</th><td>All cards are sold as-is. Review item condition and images. No refunds or returns. Contact us before leaving negative feedback.</td></tr></table></div>",FixedPrice,GTC,3.99,,1,,ImmediatePayRequired,,United States,,Flat,USPSFirstClass,1,0.0,,,1,,,ReturnsNotAccepted,,,,,,,,,,,,,Yes,No,,,
Add,jq0ox,261328,0,BRYCE HARPER 2018 Bowman's Best #PP-BH Power Producers Washington Nationals,,,4000,No,BASEBALL,,,,,,,,MLB,,,No,Excellent,,,,Sports Trading Card,,,,,,,,,,,,,,,,,,,,,"<div style=""background:#FDFEFE;border:1px solid #CBD4C2;color:#353535;padding:40px;line-height:1.6;font-family:Arial,sans-serif;font-size:16px;""><h1 style=""text-align:center;"">BRYCE HARPER 2018 Bowman's Best #PP-BH Power Producers Washington Nationals</h1><table style=""width:100%;margin-top:30px;border-spacing:0;""><tr><th align=""left"">Payment</th><td>Payment is due within 4 days. Unpaid items may be canceled and relisted.</td></tr><tr><th align=""left"">Shipping</th><td>Items ship via eBay Standard Envelope. Combined shipping may apply. Usually ships within 1 business day.</td></tr><tr><th align=""left"">Disclaimer</th><td>All cards are sold as-is. Review item condition and images. No refunds or returns. Contact us before leaving negative feedback.</td></tr></table></div>",FixedPrice,GTC,3.99,,1,,ImmediatePayRequired,,United States,,Flat,USPSFirstClass,1,0.0,,,1,,,ReturnsNotAccepted,,,,,,,,,,,,,No,No,,,
Add,jq0oy,261328,0,BRYCE HARPER 2018 Bowman's Best #5 Washington Nationals,,,4000,No,BASEBALL,,,,,,,,MLB,,,No,Excellent,,,,Sports Trading Card,,,,,,,,,,,,,,,,,,,,,"<div style=""background:#FDFEFE;border:1px solid #CBD4C2;color:#353535;padding:40px;line-height:1.6;font-family:Arial,sans-serif;font-size:16px;""><h1 style=""text-align:center;"">BRYCE HARPER 2018 Bowman's Best #5 Washington Nationals</h1><table style=""width:100%;margin-top:30px;border-spacing:0;""><tr><th align=""left"">Payment</th><td>Payment is due within 4 days. Unpaid items may be canceled and relisted.</td></tr><tr><th align=""left"">Shipping</th><td>Items ship via eBay Standard Envelope. Combined shipping may apply. Usually ships within 1 business day.</td></tr><tr><th align=""left"">Disclaimer</th><td>All cards are sold as-is. Review item condition and images. No refunds or returns. Contact us before leaving negative feedback.</td></tr></table></div>",FixedPrice,GTC,3.99,,1,,ImmediatePayRequired,,United States,,Flat,USPSFirstClass,1,0.0,,,1,,,ReturnsNotAccepted,,,,,,,,,,,,,No,No,,,
Add,jq0oz,261328,0,XANDER BOGAERTS 2022 Topps Chrome Sapphire Edition #8 Boston Red Sox,,,4000,No,BASEBALL,,,,,,,,MLB,,,No,Excellent,,,,Sports Trading Card,,,,,,,,,,,,,,,,,,,,,"<div style=""background:#FDFEFE;border:1px solid #CBD4C2;color:#353535;padding:40px;line-height:1.6;font-family:Arial,sans-serif;font-size:16px;""><h1 style=""text-align:center;"">XANDER BOGAERTS 2022 Topps Chrome Sapphire Edition #8 Boston Red Sox</h1><table style=""width:100%;margin-top:30px;border-spacing:0;""><tr><th align=""left"">Payment</th><td>Payment is due within 4 days. Unpaid items may be canceled and relisted.</td></tr><tr><th align=""left"">Shipping</th><td>Items ship via eBay Standard Envelope. Combined shipping may apply. Usually ships within 1 business day.</td></tr><tr><th align=""left"">Disclaimer</th><td>All cards are sold as-is. Review item condition and images. No refunds or returns. Contact us before leaving negative feedback.</td></tr></table></div>",FixedPrice,GTC,3.99,,1,,ImmediatePayRequired,,United States,,Flat,USPSFirstClass,1,0.0,,,1,,,ReturnsNotAccepted,,,,,,,,,,,,,No,No,,,
Add,jq0p0,261328,0,JORDAN LAWLAR 2023 Bowman 1st Edition #BPPF-92 Arizona Diamondbacks,,,4000,No,BASEBALL,,,,,,,,MLB,,,No,Excellent,,,,Sports Trading Card,,,,,,,,,,,,,,,,,,,,,"<div style=""background:#FDFEFE;border:1px solid #CBD4C2;color:#353535;padding:40px;line-height:1.6;font-family:Arial,sans-serif;font-size:16px;""><h1 style=""text-align:center;"">JORDAN LAWLAR 2023 Bowman 1st Edition #BPPF-92 Arizona Diamondbacks</h1><table style=""width:100%;margin-top:30px;border-spacing:0;""><tr><th align=""left"">Payment</th><td>Payment is due within 4 days. Unpaid items may be canceled and relisted.</td></tr><tr><th align=""left"">Shipping</th><td>Items ship via eBay Standard Envelope. Combined shipping may apply. Usually ships within 1 business day.</td></tr><tr><th align=""left"">Disclaimer</th><td>All cards are sold as-is. Review item condition and images. No refunds or returns. Contact us before leaving negative feedback.</td></tr></table></div>",FixedPrice,GTC,3.99,,1,,ImmediatePayRequired,,United States,,Flat,USPSFirstClass,1,0.0,,,1,,,ReturnsNotAccepted,,,,,,,,,,,,,No,No,,,
Add,jq0p1,261328,0,JACKSON MERRILL 2023 Bowman Draft #BD-157 San Diego Padres,,,4000,No,BASEBALL,,,,,,,,MLB,,,No,Excellent,,,,Sports Trading Card,,,,,,,,,,,,,,,,,,,,,"<div style=""background:#FDFEFE;border:1px solid #CBD4C2;color:#353535;padding:40px;line-height:1.6;font-family:Arial,sans-serif;font-size:16px;""><h1 style=""text-align:center;"">JACKSON MERRILL 2023 Bowman Draft #BD-157 San Diego Padres</h1><table style=""width:100%;margin-top:30px;border-spacing:0;""><tr><th align=""left"">Payment</th><td>Payment is due within 4 days. Unpaid items may be canceled and relisted.</td></tr><tr><th align=""left"">Shipping</th><td>Items ship via eBay Standard Envelope. Combined shipping may apply. Usually ships within 1 business day.</td></tr><tr><th align=""left"">Disclaimer</th><td>All cards are sold as-is. Review item condition and images. No refunds or returns. Contact us before leaving negative feedback.</td></tr></table></div>",FixedPrice,GTC,3.99,,1,,ImmediatePayRequired,,United States,,Flat,USPSFirstClass,1,0.0,,,1,,,ReturnsNotAccepted,,,,,,,,,,,,,No,No,,,
Add,TY-3002-jpmsc,261328,0,NOLAN ARENADO 2024 Topps Allen & Ginter #CS-45 Cycle Succession Cardinals,,,4000,No,BASEBALL,,,,,,,,MLB,,,No,Excellent,,,,Sports Trading Card,,,,,,,,,,,,,,,,,,,,,"<div style=""background:#FDFEFE;border:1px solid #CBD4C2;color:#353535;padding:40px;line-height:1.6;font-family:Arial,sans-serif;font-size:16px;""><h1 style=""text-align:center;"">NOLAN ARENADO 2024 Topps Allen & Ginter #CS-45 Cycle Succession Cardinals</h1><table style=""width:100%;margin-top:30px;border-spacing:0;""><tr><th align=""left"">Payment</th><td>Payment is due within 4 days. Unpaid items may be canceled and relisted.</td></tr><tr><th align=""left"">Shipping</th><td>Items ship via eBay Standard Envelope. Combined shipping may apply. Usually ships within 1 business day.</td></tr><tr><th align=""left"">Disclaimer</th><td>All cards are sold as-is. Review item condition and images. No refunds or returns. Contact us before leaving negative feedback.</td></tr></table></div>",FixedPrice,GTC,6.79,,1,,ImmediatePayRequired,,United States,,Flat,USPSFirstClass,1,0.0,,,1,,,ReturnsNotAccepted,,,,,,,,,,,,,No,No,,,
Add,TY-3006-jpmw6,261328,0,JACKSON MERRILL 2024 Topps Update #ASG-49 2024 All-Star Game San Diego Padres,,,4000,No,BASEBALL,,,,,,,,MLB,,,No,Excellent,,,,Sports Trading Card,,,,,,,,,,,,,,,,,,,,,"<div style=""background:#FDFEFE;border:1px solid #CBD4C2;color:#353535;padding:40px;line-height:1.6;font-family:Arial,sans-serif;font-size:16px;""><h1 style=""text-align:center;"">JACKSON MERRILL 2024 Topps Update #ASG-49 2024 All-Star Game San Diego Padres</h1><table style=""width:100%;margin-top:30px;border-spacing:0;""><tr><th align=""left"">Payment</th><td>Payment is due within 4 days. Unpaid items may be canceled and relisted.</td></tr><tr><th align=""left"">Shipping</th><td>Items ship via eBay Standard Envelope. Combined shipping may apply. Usually ships within 1 business day.</td></tr><tr><th align=""left"">Disclaimer</th><td>All cards are sold as-is. Review item condition and images. No refunds or returns. Contact us before leaving negative feedback.</td></tr></table></div>",FixedPrice,GTC,3.99,,1,,ImmediatePayRequired,,United States,,Flat,USPSFirstClass,1,0.0,,,1,,,ReturnsNotAccepted,,,,,,,,,,,,,No,No,,,
Add,TY-3007-jpmwg,261328,0,2024 Topps Heritage (JAMES MCARTHUR /MCMILLON /CRUZ /BOWLAN) #615 Rangers,,,4000,No,BASEBALL,,,,,,,,MLB,,,No,Excellent,,,,Sports Trading Card,,,,,,,,,,,,,,,,,,,,,"<div style=""background:#FDFEFE;border:1px solid #CBD4C2;color:#353535;padding:40px;line-height:1.6;font-family:Arial,sans-serif;font-size:16px;""><h1 style=""text-align:center;"">2024 Topps Heritage (JAMES MCARTHUR /MCMILLON /CRUZ /BOWLAN) #615 Rangers</h1><table style=""width:100%;margin-top:30px;border-spacing:0;""><tr><th align=""left"">Payment</th><td>Payment is due within 4 days. Unpaid items may be canceled and relisted.</td></tr><tr><th align=""left"">Shipping</th><td>Items ship via eBay Standard Envelope. Combined shipping may apply. Usually ships within 1 business day.</td></tr><tr><th align=""left"">Disclaimer</th><td>All cards are sold as-is. Review item condition and images. No refunds or returns. Contact us before leaving negative feedback.</td></tr></table></div>",FixedPrice,GTC,2.09,,1,,ImmediatePayRequired,,United States,,Flat,USPSFirstClass,1,0.0,,,1,,,ReturnsNotAccepted,,,,,,,,,,,,,No,No,,,
Add,TY-3008-jpmwh,261328,0,JAZZ CHISHOLM 2020 Bowman #BCP-72 Chrome Prospects Miami Marlins Basketball,,,4000,No,BASEBALL,,,,,,,,MLB,,,No,Excellent,,,,Sports Trading Card,,,,,,,,,,,,,,,,,,,,,"<div style=""background:#FDFEFE;border:1px solid #CBD4C2;color:#353535;padding:40px;line-height:1.6;font-family:Arial,sans-serif;font-size:16px;""><h1 style=""text-align:center;"">JAZZ CHISHOLM 2020 Bowman #BCP-72 Chrome Prospects Miami Marlins Basketball</h1><table style=""width:100%;margin-top:30px;border-spacing:0;""><tr><th align=""left"">Payment</th><td>Payment is due within 4 days. Unpaid items may be canceled and relisted.</td></tr><tr><th align=""left"">Shipping</th><td>Items ship via eBay Standard Envelope. Combined shipping may apply. Usually ships within 1 business day.</td></tr><tr><th align=""left"">Disclaimer</th><td>All cards are sold as-is. Review item condition and images. No refunds or returns. Contact us before leaving negative feedback.</td></tr></table></div>",FixedPrice,GTC,3.99,,1,,ImmediatePayRequired,,United States,,Flat,USPSFirstClass,1,0.0,,,1,,,ReturnsNotAccepted,,,,,,,,,,,,,No,No,,,
Add,TY-3009-jpmwi,261328,0,CAL MITCHELL 2020 Bowman #BCP-43 Chrome Prospects Pittsburgh Pirates,,,4000,No,BASEBALL,,,,,,,,MLB,,,No,Excellent,,,,Sports Trading Card,,,,,,,,,,,,,,,,,,,,,"<div style=""background:#FDFEFE;border:1px solid #CBD4C2;color:#353535;padding:40px;line-height:1.6;font-family:Arial,sans-serif;font-size:16px;""><h1 style=""text-align:center;"">CAL MITCHELL 2020 Bowman #BCP-43 Chrome Prospects Pittsburgh Pirates</h1><table style=""width:100%;margin-top:30px;border-spacing:0;""><tr><th align=""left"">Payment</th><td>Payment is due within 4 days. Unpaid items may be canceled and relisted.</td></tr><tr><th align=""left"">Shipping</th><td>Items ship via eBay Standard Envelope. Combined shipping may apply. Usually ships within 1 business day.</td></tr><tr><th align=""left"">Disclaimer</th><td>All cards are sold as-is. Review item condition and images. No refunds or returns. Contact us before leaving negative feedback.</td></tr></table></div>",FixedPrice,GTC,3.99,,1,,ImmediatePayRequired,,United States,,Flat,USPSFirstClass,1,0.0,,,1,,,ReturnsNotAccepted,,,,,,,,,,,,,No,No,,,
Add,TY-3010-jpmwl,261328,0,WILLY ADAMES 2020 Bowman #81 Tampa Bay Rays,,,4000,No,BASEBALL,,,,,,,,MLB,,,No,Excellent,,,,Sports Trading Card,,,,,,,,,,,,,,,,,,,,,"<div style=""background:#FDFEFE;border:1px solid #CBD4C2;color:#353535;padding:40px;line-height:1.6;font-family:Arial,sans-serif;font-size:16px;""><h1 style=""text-align:center;"">WILLY ADAMES 2020 Bowman #81 Tampa Bay Rays</h1><table style=""width:100%;margin-top:30px;border-spacing:0;""><tr><th align=""left"">Payment</th><td>Payment is due within 4 days. Unpaid items may be canceled and relisted.</td></tr><tr><th align=""left"">Shipping</th><td>Items ship via eBay Standard Envelope. Combined shipping may apply. Usually ships within 1 business day.</td></tr><tr><th align=""left"">Disclaimer</th><td>All cards are sold as-is. Review item condition and images. No refunds or returns. Contact us before leaving negative feedback.</td></tr></table></div>",FixedPrice,GTC,3.99,,1,,ImmediatePayRequired,,United States,,Flat,USPSFirstClass,1,0.0,,,1,,,ReturnsNotAccepted,,,,,,,,,,,,,No,No,,,
Add,TY-3011-jpmwn,261328,0,KRIS BRYANT 2020 Bowman #22 Chicago Cubs,,,4000,No,BASEBALL,,,,,,,,MLB,,,No,Excellent,,,,Sports Trading Card,,,,,,,,,,,,,,,,,,,,,"<div style=""background:#FDFEFE;border:1px solid #CBD4C2;color:#353535;padding:40px;line-height:1.6;font-family:Arial,sans-serif;font-size:16px;""><h1 style=""text-align:center;"">KRIS BRYANT 2020 Bowman #22 Chicago Cubs</h1><table style=""width:100%;margin-top:30px;border-spacing:0;""><tr><th align=""left"">Payment</th><td>Payment is due within 4 days. Unpaid items may be canceled and relisted.</td></tr><tr><th align=""left"">Shipping</th><td>Items ship via eBay Standard Envelope. Combined shipping may apply. Usually ships within 1 business day.</td></tr><tr><th align=""left"">Disclaimer</th><td>All cards are sold as-is. Review item condition and images. No refunds or returns. Contact us before leaving negative feedback.</td></tr></table></div>",FixedPrice,GTC,3.99,,1,,ImmediatePayRequired,,United States,,Flat,USPSFirstClass,1,0.0,,,1,,,ReturnsNotAccepted,,,,,,,,,,,,,No,No,,,
Add,TY-3012-jpmwo,261328,0,KETEL MARTE 2020 Bowman #3 Arizona Diamondbacks,,,4000,No,BASEBALL,,,,,,,,MLB,,,No,Excellent,,,,Sports Trading Card,,,,,,,,,,,,,,,,,,,,,"<div style=""background:#FDFEFE;border:1px solid #CBD4C2;color:#353535;padding:40px;line-height:1.6;font-family:Arial,sans-serif;font-size:16px;""><h1 style=""text-align:center;"">KETEL MARTE 2020 Bowman #3 Arizona Diamondbacks</h1><table style=""width:100%;margin-top:30px;border-spacing:0;""><tr><th align=""left"">Payment</th><td>Payment is due within 4 days. Unpaid items may be canceled and relisted.</td></tr><tr><th align=""left"">Shipping</th><td>Items ship via eBay Standard Envelope. Combined shipping may apply. Usually ships within 1 business day.</td></tr><tr><th align=""left"">Disclaimer</th><td>All cards are sold as-is. Review item condition and images. No refunds or returns. Contact us before leaving negative feedback.</td></tr></table></div>",FixedPrice,GTC,3.99,,1,,ImmediatePayRequired,,United States,,Flat,USPSFirstClass,1,0.0,,,1,,,ReturnsNotAccepted,,,,,,,,,,,,,No,No,,,
Add,TY-3014-jpmwr,261328,0,CHRISTIAN YELICH 2020 Bowman #100 Milwaukee Brewers,,,4000,No,BASEBALL,,,,,,,,MLB,,,No,Excellent,,,,Sports Trading Card,,,,,,,,,,,,,,,,,,,,,"<div style=""background:#FDFEFE;border:1px solid #CBD4C2;color:#353535;padding:40px;line-height:1.6;font-family:Arial,sans-serif;font-size:16px;""><h1 style=""text-align:center;"">CHRISTIAN YELICH 2020 Bowman #100 Milwaukee Brewers</h1><table style=""width:100%;margin-top:30px;border-spacing:0;""><tr><th align=""left"">Payment</th><td>Payment is due within 4 days. Unpaid items may be canceled and relisted.</td></tr><tr><th align=""left"">Shipping</th><td>Items ship via eBay Standard Envelope. Combined shipping may apply. Usually ships within 1 business day.</td></tr><tr><th align=""left"">Disclaimer</th><td>All cards are sold as-is. Review item condition and images. No refunds or returns. Contact us before leaving negative feedback.</td></tr></table></div>",FixedPrice,GTC,3.99,,1,,ImmediatePayRequired,,United States,,Flat,USPSFirstClass,1,0.0,,,1,,,ReturnsNotAccepted,,,,,,,,,,,,,No,No,,,
Add,TY-3015-jpmwv,261328,0,CURTIS MEAD 2024 Topps #89B-85 1989 Topps Baseball 35th Anniversary Blue Raysys,,,4000,No,BASEBALL,,,,,,,,MLB,,,No,Excellent,,,,Sports Trading Card,,,,,,,,,,,,,,,,,,,,,"<div style=""background:#FDFEFE;border:1px solid #CBD4C2;color:#353535;padding:40px;line-height:1.6;font-family:Arial,sans-serif;font-size:16px;""><h1 style=""text-align:center;"">CURTIS MEAD 2024 Topps #89B-85 1989 Topps Baseball 35th Anniversary Blue Raysys</h1><table style=""width:100%;margin-top:30px;border-spacing:0;""><tr><th align=""left"">Payment</th><td>Payment is due within 4 days. Unpaid items may be canceled and relisted.</td></tr><tr><th align=""left"">Shipping</th><td>Items ship via eBay Standard Envelope. Combined shipping may apply. Usually ships within 1 business day.</td></tr><tr><th align=""left"">Disclaimer</th><td>All cards are sold as-is. Review item condition and images. No refunds or returns. Contact us before leaving negative feedback.</td></tr></table></div>",FixedPrice,GTC,3.99,,1,,ImmediatePayRequired,,United States,,Flat,USPSFirstClass,1,0.0,,,1,,,ReturnsNotAccepted,,,,,,,,,,,,,No,No,,,
Add,TY-3016-jpmwx,261328,0,EVAN CARTER 2024 Topps Update #89US-49 35th Anniversary Rangers,,,4000,No,BASEBALL,,,,,,,,MLB,,,No,Excellent,,,,Sports Trading Card,,,,,,,,,,,,,,,,,,,,,"<div style=""background:#FDFEFE;border:1px solid #CBD4C2;color:#353535;padding:40px;line-height:1.6;font-family:Arial,sans-serif;font-size:16px;""><h1 style=""text-align:center;"">EVAN CARTER 2024 Topps Update #89US-49 35th Anniversary Rangers</h1><table style=""width:100%;margin-top:30px;border-spacing:0;""><tr><th align=""left"">Payment</th><td>Payment is due within 4 days. Unpaid items may be canceled and relisted.</td></tr><tr><th align=""left"">Shipping</th><td>Items ship via eBay Standard Envelope. Combined shipping may apply. Usually ships within 1 business day.</td></tr><tr><th align=""left"">Disclaimer</th><td>All cards are sold as-is. Review item condition and images. No refunds or returns. Contact us before leaving negative feedback.</td></tr></table></div>",FixedPrice,GTC,3.99,,1,,ImmediatePayRequired,,United States,,Flat,USPSFirstClass,1,0.0,,,1,,,ReturnsNotAccepted,,,,,,,,,,,,,No,No,,,
Add,jqi78,261328,0,BRYAN REYNOLDS 2024 Topps Chrome Black #13 Green Refractors Pirates #/99,,,4000,No,BASEBALL,,,,,,,,MLB,,,No,Excellent,,,,Sports Trading Card,,,,,,,,,,,,,,,,,,,,,"<div style=""background:#FDFEFE;border:1px solid #CBD4C2;color:#353535;padding:40px;line-height:1.6;font-family:Arial,sans-serif;font-size:16px;""><h1 style=""text-align:center;"">BRYAN REYNOLDS 2024 Topps Chrome Black #13 Green Refractors Pirates #/99</h1><table style=""width:100%;margin-top:30px;border-spacing:0;""><tr><th align=""left"">Payment</th><td>Payment is due within 4 days. Unpaid items may be canceled and relisted.</td></tr><tr><th align=""left"">Shipping</th><td>Items ship via eBay Standard Envelope. Combined shipping may apply. Usually ships within 1 business day.</td></tr><tr><th align=""left"">Disclaimer</th><td>All cards are sold as-is. Review item condition and images. No refunds or returns. Contact us before leaving negative feedback.</td></tr></table></div>",FixedPrice,GTC,13.09,,1,,ImmediatePayRequired,,United States,,Flat,USPSFirstClass,1,0.0,,,1,,,ReturnsNotAccepted,,,,,,,,,,,,,No,No,,,
Add,jqi7a,261328,0,GUNNAR HENDERSON 2024 Topps Update #LHC-5 Let Him Cook Baltimore Orioles,,,4000,No,BASEBALL,,,,,,,,MLB,,,No,Excellent,,,,Sports Trading Card,,,,,,,,,,,,,,,,,,,,,"<div style=""background:#FDFEFE;border:1px solid #CBD4C2;color:#353535;padding:40px;line-height:1.6;font-family:Arial,sans-serif;font-size:16px;""><h1 style=""text-align:center;"">GUNNAR HENDERSON 2024 Topps Update #LHC-5 Let Him Cook Baltimore Orioles</h1><table style=""width:100%;margin-top:30px;border-spacing:0;""><tr><th align=""left"">Payment</th><td>Payment is due within 4 days. Unpaid items may be canceled and relisted.</td></tr><tr><th align=""left"">Shipping</th><td>Items ship via eBay Standard Envelope. Combined shipping may apply. Usually ships within 1 business day.</td></tr><tr><th align=""left"">Disclaimer</th><td>All cards are sold as-is. Review item condition and images. No refunds or returns. Contact us before leaving negative feedback.</td></tr></table></div>",FixedPrice,GTC,3.99,,1,,ImmediatePayRequired,,United States,,Flat,USPSFirstClass,1,0.0,,,1,,,ReturnsNotAccepted,,,,,,,,,,,,,No,No,,,
Add,jqi7d,261328,0,RONALD ACUÑA JR. 2024 Topps Update #LHC-4 Let Him Cook Atlanta Braves,,,4000,No,BASEBALL,,,,,,,,MLB,,,No,Excellent,,,,Sports Trading Card,,,,,,,,,,,,,,,,,,,,,"<div style=""background:#FDFEFE;border:1px solid #CBD4C2;color:#353535;padding:40px;line-height:1.6;font-family:Arial,sans-serif;font-size:16px;""><h1 style=""text-align:center;"">RONALD ACUÑA JR. 2024 Topps Update #LHC-4 Let Him Cook Atlanta Braves</h1><table style=""width:100%;margin-top:30px;border-spacing:0;""><tr><th align=""left"">Payment</th><td>Payment is due within 4 days. Unpaid items may be canceled and relisted.</td></tr><tr><th align=""left"">Shipping</th><td>Items ship via eBay Standard Envelope. Combined shipping may apply. Usually ships within 1 business day.</td></tr><tr><th align=""left"">Disclaimer</th><td>All cards are sold as-is. Review item condition and images. No refunds or returns. Contact us before leaving negative feedback.</td></tr></table></div>",FixedPrice,GTC,3.99,,1,,ImmediatePayRequired,,United States,,Flat,USPSFirstClass,1,0.0,,,1,,,ReturnsNotAccepted,,,,,,,,,,,,,No,No,,,
Add,jqi7e,261328,0,BRYCE HARPER 2024 Topps Update #LHC-9 Let Him Cook Philadelphia Phillies,,,4000,No,BASEBALL,,,,,,,,MLB,,,No,Excellent,,,,Sports Trading Card,,,,,,,,,,,,,,,,,,,,,"<div style=""background:#FDFEFE;border:1px solid #CBD4C2;color:#353535;padding:40px;line-height:1.6;font-family:Arial,sans-serif;font-size:16px;""><h1 style=""text-align:center;"">BRYCE HARPER 2024 Topps Update #LHC-9 Let Him Cook Philadelphia Phillies</h1><table style=""width:100%;margin-top:30px;border-spacing:0;""><tr><th align=""left"">Payment</th><td>Payment is due within 4 days. Unpaid items may be canceled and relisted.</td></tr><tr><th align=""left"">Shipping</th><td>Items ship via eBay Standard Envelope. Combined shipping may apply. Usually ships within 1 business day.</td></tr><tr><th align=""left"">Disclaimer</th><td>All cards are sold as-is. Review item condition and images. No refunds or returns. Contact us before leaving negative feedback.</td></tr></table></div>",FixedPrice,GTC,3.99,,1,,ImmediatePayRequired,,United States,,Flat,USPSFirstClass,1,0.0,,,1,,,ReturnsNotAccepted,,,,,,,,,,,,,No,No,,,
Add,jqi7g,261328,0,JULIO RODRÍGUEZ 2024 Topps Update #LHC-11 Let Him Cook Seattle Mariners,,,4000,No,BASEBALL,,,,,,,,MLB,,,No,Excellent,,,,Sports Trading Card,,,,,,,,,,,,,,,,,,,,,"<div style=""background:#FDFEFE;border:1px solid #CBD4C2;color:#353535;padding:40px;line-height:1.6;font-family:Arial,sans-serif;font-size:16px;""><h1 style=""text-align:center;"">JULIO RODRÍGUEZ 2024 Topps Update #LHC-11 Let Him Cook Seattle Mariners</h1><table style=""width:100%;margin-top:30px;border-spacing:0;""><tr><th align=""left"">Payment</th><td>Payment is due within 4 days. Unpaid items may be canceled and relisted.</td></tr><tr><th align=""left"">Shipping</th><td>Items ship via eBay Standard Envelope. Combined shipping may apply. Usually ships within 1 business day.</td></tr><tr><th align=""left"">Disclaimer</th><td>All cards are sold as-is. Review item condition and images. No refunds or returns. Contact us before leaving negative feedback.</td></tr></table></div>",FixedPrice,GTC,3.99,,1,,ImmediatePayRequired,,United States,,Flat,USPSFirstClass,1,0.0,,,1,,,ReturnsNotAccepted,,,,,,,,,,,,,No,No,,,
Add,jqi7j,261328,0,VLADIMIR GUERRERO JR. 2024 Topps Update #LHC-22 Let Him Cook Toronto Blue Jays,,,4000,No,BASEBALL,,,,,,,,MLB,,,No,Excellent,,,,Sports Trading Card,,,,,,,,,,,,,,,,,,,,,"<div style=""background:#FDFEFE;border:1px solid #CBD4C2;color:#353535;padding:40px;line-height:1.6;font-family:Arial,sans-serif;font-size:16px;""><h1 style=""text-align:center;"">VLADIMIR GUERRERO JR. 2024 Topps Update #LHC-22 Let Him Cook Toronto Blue Jays</h1><table style=""width:100%;margin-top:30px;border-spacing:0;""><tr><th align=""left"">Payment</th><td>Payment is due within 4 days. Unpaid items may be canceled and relisted.</td></tr><tr><th align=""left"">Shipping</th><td>Items ship via eBay Standard Envelope. Combined shipping may apply. Usually ships within 1 business day.</td></tr><tr><th align=""left"">Disclaimer</th><td>All cards are sold as-is. Review item condition and images. No refunds or returns. Contact us before leaving negative feedback.</td></tr></table></div>",FixedPrice,GTC,3.99,,1,,ImmediatePayRequired,,United States,,Flat,USPSFirstClass,1,0.0,,,1,,,ReturnsNotAccepted,,,,,,,,,,,,,No,No,,,
Add,jqi7k,261328,0,JUAN SOTO 2024 Topps Update #LHC-24 Let Him Cook New York Yankees,,,4000,No,BASEBALL,,,,,,,,MLB,,,No,Excellent,,,,Sports Trading Card,,,,,,,,,,,,,,,,,,,,,"<div style=""background:#FDFEFE;border:1px solid #CBD4C2;color:#353535;padding:40px;line-height:1.6;font-family:Arial,sans-serif;font-size:16px;""><h1 style=""text-align:center;"">JUAN SOTO 2024 Topps Update #LHC-24 Let Him Cook New York Yankees</h1><table style=""width:100%;margin-top:30px;border-spacing:0;""><tr><th align=""left"">Payment</th><td>Payment is due within 4 days. Unpaid items may be canceled and relisted.</td></tr><tr><th align=""left"">Shipping</th><td>Items ship via eBay Standard Envelope. Combined shipping may apply. Usually ships within 1 business day.</td></tr><tr><th align=""left"">Disclaimer</th><td>All cards are sold as-is. Review item condition and images. No refunds or returns. Contact us before leaving negative feedback.</td></tr></table></div>",FixedPrice,GTC,3.99,,1,,ImmediatePayRequired,,United States,,Flat,USPSFirstClass,1,0.0,,,1,,,ReturnsNotAccepted,,,,,,,,,,,,,No,No,,,
Add,jqi7n,261328,0,DYLAN CREWS 2025 Topps #SMLB-30 Stars of MLB Washington Nationals,,,4000,No,BASEBALL,,,,,,,,MLB,,,No,Excellent,,,,Sports Trading Card,,,,,,,,,,,,,,,,,,,,,"<div style=""background:#FDFEFE;border:1px solid #CBD4C2;color:#353535;padding:40px;line-height:1.6;font-family:Arial,sans-serif;font-size:16px;""><h1 style=""text-align:center;"">DYLAN CREWS 2025 Topps #SMLB-30 Stars of MLB Washington Nationals</h1><table style=""width:100%;margin-top:30px;border-spacing:0;""><tr><th align=""left"">Payment</th><td>Payment is due within 4 days. Unpaid items may be canceled and relisted.</td></tr><tr><th align=""left"">Shipping</th><td>Items ship via eBay Standard Envelope. Combined shipping may apply. Usually ships within 1 business day.</td></tr><tr><th align=""left"">Disclaimer</th><td>All cards are sold as-is. Review item condition and images. No refunds or returns. Contact us before leaving negative feedback.</td></tr></table></div>",FixedPrice,GTC,2.99,,1,,ImmediatePayRequired,,United States,,Flat,USPSFirstClass,1,0.0,,,1,,,ReturnsNotAccepted,,,,,,,,,,,,,No,No,,,
Add,jqi7q,261328,0,ZACH NETO 2024 Topps Chrome #123 Magenta Speckle Refractors Angels #/350,,,4000,No,BASEBALL,,,,,,,,MLB,,,No,Excellent,,,,Sports Trading Card,,,,,,,,,,,,,,,,,,,,,"<div style=""background:#FDFEFE;border:1px solid #CBD4C2;color:#353535;padding:40px;line-height:1.6;font-family:Arial,sans-serif;font-size:16px;""><h1 style=""text-align:center;"">ZACH NETO 2024 Topps Chrome #123 Magenta Speckle Refractors Angels #/350</h1><table style=""width:100%;margin-top:30px;border-spacing:0;""><tr><th align=""left"">Payment</th><td>Payment is due within 4 days. Unpaid items may be canceled and relisted.</td></tr><tr><th align=""left"">Shipping</th><td>Items ship via eBay Standard Envelope. Combined shipping may apply. Usually ships within 1 business day.</td></tr><tr><th align=""left"">Disclaimer</th><td>All cards are sold as-is. Review item condition and images. No refunds or returns. Contact us before leaving negative feedback.</td></tr></table></div>",FixedPrice,GTC,7.79,,1,,ImmediatePayRequired,,United States,,Flat,USPSFirstClass,1,0.0,,,1,,,ReturnsNotAccepted,,,,,,,,,,,,,No,No,,,
Add,jqi7t,261328,0,JACKSON CHOURIO 2024 Topps Chrome Cosmic #179 Milwaukee Brewers,,,4000,No,BASEBALL,,,,,,,,MLB,,,No,Excellent,,,,Sports Trading Card,,,,,,,,,,,,,,,,,,,,,"<div style=""background:#FDFEFE;border:1px solid #CBD4C2;color:#353535;padding:40px;line-height:1.6;font-family:Arial,sans-serif;font-size:16px;""><h1 style=""text-align:center;"">JACKSON CHOURIO 2024 Topps Chrome Cosmic #179 Milwaukee Brewers</h1><table style=""width:100%;margin-top:30px;border-spacing:0;""><tr><th align=""left"">Payment</th><td>Payment is due within 4 days. Unpaid items may be canceled and relisted.</td></tr><tr><th align=""left"">Shipping</th><td>Items ship via eBay Standard Envelope. Combined shipping may apply. Usually ships within 1 business day.</td></tr><tr><th align=""left"">Disclaimer</th><td>All cards are sold as-is. Review item condition and images. No refunds or returns. Contact us before leaving negative feedback.</td></tr></table></div>",FixedPrice,GTC,5.99,,1,,ImmediatePayRequired,,United States,,Flat,USPSFirstClass,1,0.0,,,1,,,ReturnsNotAccepted,,,,,,,,,,,,,No,No,,,
Add,jqi7u,261328,0,JASSON DOMÍNGUEZ 2024 Topps Chrome Cosmic #89 New York Yankees,,,4000,No,BASEBALL,,,,,,,,MLB,,,No,Excellent,,,,Sports Trading Card,,,,,,,,,,,,,,,,,,,,,"<div style=""background:#FDFEFE;border:1px solid #CBD4C2;color:#353535;padding:40px;line-height:1.6;font-family:Arial,sans-serif;font-size:16px;""><h1 style=""text-align:center;"">JASSON DOMÍNGUEZ 2024 Topps Chrome Cosmic #89 New York Yankees</h1><table style=""width:100%;margin-top:30px;border-spacing:0;""><tr><th align=""left"">Payment</th><td>Payment is due within 4 days. Unpaid items may be canceled and relisted.</td></tr><tr><th align=""left"">Shipping</th><td>Items ship via eBay Standard Envelope. Combined shipping may apply. Usually ships within 1 business day.</td></tr><tr><th align=""left"">Disclaimer</th><td>All cards are sold as-is. Review item condition and images. No refunds or returns. Contact us before leaving negative feedback.</td></tr></table></div>",FixedPrice,GTC,3.99,,1,,ImmediatePayRequired,,United States,,Flat,USPSFirstClass,1,0.0,,,1,,,ReturnsNotAccepted,,,,,,,,,,,,,No,No,,,
Add,jqi7x,261328,0,JACKSON HOLLIDAY 2024 Bowman #BCP-47 Chrome Prospects Mojo Refractors Orioles,,,4000,No,BASEBALL,,,,,,,,MLB,,,No,Excellent,,,,Sports Trading Card,,,,,,,,,,,,,,,,,,,,,"<div style=""background:#FDFEFE;border:1px solid #CBD4C2;color:#353535;padding:40px;line-height:1.6;font-family:Arial,sans-serif;font-size:16px;""><h1 style=""text-align:center;"">JACKSON HOLLIDAY 2024 Bowman #BCP-47 Chrome Prospects Mojo Refractors Orioles</h1><table style=""width:100%;margin-top:30px;border-spacing:0;""><tr><th align=""left"">Payment</th><td>Payment is due within 4 days. Unpaid items may be canceled and relisted.</td></tr><tr><th align=""left"">Shipping</th><td>Items ship via eBay Standard Envelope. Combined shipping may apply. Usually ships within 1 business day.</td></tr><tr><th align=""left"">Disclaimer</th><td>All cards are sold as-is. Review item condition and images. No refunds or returns. Contact us before leaving negative feedback.</td></tr></table></div>",FixedPrice,GTC,3.99,,1,,ImmediatePayRequired,,United States,,Flat,USPSFirstClass,1,0.0,,,1,,,ReturnsNotAccepted,,,,,,,,,,,,,No,No,,,
Add,jqi80,261328,0,JORDAN WESTBURG 2024 Bowman #42 Fuchsia Baltimore Orioles #/299,,,4000,No,BASEBALL,,,,,,,,MLB,,,No,Excellent,,,,Sports Trading Card,,,,,,,,,,,,,,,,,,,,,"<div style=""background:#FDFEFE;border:1px solid #CBD4C2;color:#353535;padding:40px;line-height:1.6;font-family:Arial,sans-serif;font-size:16px;""><h1 style=""text-align:center;"">JORDAN WESTBURG 2024 Bowman #42 Fuchsia Baltimore Orioles #/299</h1><table style=""width:100%;margin-top:30px;border-spacing:0;""><tr><th align=""left"">Payment</th><td>Payment is due within 4 days. Unpaid items may be canceled and relisted.</td></tr><tr><th align=""left"">Shipping</th><td>Items ship via eBay Standard Envelope. Combined shipping may apply. Usually ships within 1 business day.</td></tr><tr><th align=""left"">Disclaimer</th><td>All cards are sold as-is. Review item condition and images. No refunds or returns. Contact us before leaving negative feedback.</td></tr></table></div>",FixedPrice,GTC,3.29,,1,,ImmediatePayRequired,,United States,,Flat,USPSFirstClass,1,0.0,,,1,,,ReturnsNotAccepted,,,,,,,,,,,,,No,No,,,
Add,jqi82,261328,0,CURTIS MEAD 2024 Bowman #28 Neon Green Tampa Bay Rays #/399,,,4000,No,BASEBALL,,,,,,,,MLB,,,No,Excellent,,,,Sports Trading Card,,,,,,,,,,,,,,,,,,,,,"<div style=""background:#FDFEFE;border:1px solid #CBD4C2;color:#353535;padding:40px;line-height:1.6;font-family:Arial,sans-serif;font-size:16px;""><h1 style=""text-align:center;"">CURTIS MEAD 2024 Bowman #28 Neon Green Tampa Bay Rays #/399</h1><table style=""width:100%;margin-top:30px;border-spacing:0;""><tr><th align=""left"">Payment</th><td>Payment is due within 4 days. Unpaid items may be canceled and relisted.</td></tr><tr><th align=""left"">Shipping</th><td>Items ship via eBay Standard Envelope. Combined shipping may apply. Usually ships within 1 business day.</td></tr><tr><th align=""left"">Disclaimer</th><td>All cards are sold as-is. Review item condition and images. No refunds or returns. Contact us before leaving negative feedback.</td></tr></table></div>",FixedPrice,GTC,4.49,,1,,ImmediatePayRequired,,United States,,Flat,USPSFirstClass,1,0.0,,,1,,,ReturnsNotAccepted,,,,,,,,,,,,,No,No,,,
Add,jqi83,261328,0,MICHAEL HARRIS II 2023 Topps #226 Silver Pattern Foilboard Atlanta Braves,,,4000,No,BASEBALL,,,,,,,,MLB,,,No,Excellent,,,,Sports Trading Card,,,,,,,,,,,,,,,,,,,,,"<div style=""background:#FDFEFE;border:1px solid #CBD4C2;color:#353535;padding:40px;line-height:1.6;font-family:Arial,sans-serif;font-size:16px;""><h1 style=""text-align:center;"">MICHAEL HARRIS II 2023 Topps #226 Silver Pattern Foilboard Atlanta Braves</h1><table style=""width:100%;margin-top:30px;border-spacing:0;""><tr><th align=""left"">Payment</th><td>Payment is due within 4 days. Unpaid items may be canceled and relisted.</td></tr><tr><th align=""left"">Shipping</th><td>Items ship via eBay Standard Envelope. Combined shipping may apply. Usually ships within 1 business day.</td></tr><tr><th align=""left"">Disclaimer</th><td>All cards are sold as-is. Review item condition and images. No refunds or returns. Contact us before leaving negative feedback.</td></tr></table></div>",FixedPrice,GTC,3.99,,1,,ImmediatePayRequired,,United States,,Flat,USPSFirstClass,1,0.0,,,1,,,ReturnsNotAccepted,,,,,,,,,,,,,No,No,,,
Add,jqi8c,261328,0,MICHAEL HARRIS II 2023 Topps Chrome #79 Atlanta Braves,,,4000,No,BASEBALL,,,,,,,,MLB,,,No,Excellent,,,,Sports Trading Card,,,,,,,,,,,,,,,,,,,,,"<div style=""background:#FDFEFE;border:1px solid #CBD4C2;color:#353535;padding:40px;line-height:1.6;font-family:Arial,sans-serif;font-size:16px;""><h1 style=""text-align:center;"">MICHAEL HARRIS II 2023 Topps Chrome #79 Atlanta Braves</h1><table style=""width:100%;margin-top:30px;border-spacing:0;""><tr><th align=""left"">Payment</th><td>Payment is due within 4 days. Unpaid items may be canceled and relisted.</td></tr><tr><th align=""left"">Shipping</th><td>Items ship via eBay Standard Envelope. Combined shipping may apply. Usually ships within 1 business day.</td></tr><tr><th align=""left"">Disclaimer</th><td>All cards are sold as-is. Review item condition and images. No refunds or returns. Contact us before leaving negative feedback.</td></tr></table></div>",FixedPrice,GTC,3.99,,1,,ImmediatePayRequired,,United States,,Flat,USPSFirstClass,1,0.0,,,1,,,ReturnsNotAccepted,,,,,,,,,,,,,No,No,,,
Add,jqi8v,261328,0,WYATT LANGFORD 2024 Bowman #BCP-64 Chrome Prospects Texas Rangers,,,4000,No,BASEBALL,,,,,,,,MLB,,,No,Excellent,,,,Sports Trading Card,,,,,,,,,,,,,,,,,,,,,"<div style=""background:#FDFEFE;border:1px solid #CBD4C2;color:#353535;padding:40px;line-height:1.6;font-family:Arial,sans-serif;font-size:16px;""><h1 style=""text-align:center;"">WYATT LANGFORD 2024 Bowman #BCP-64 Chrome Prospects Texas Rangers</h1><table style=""width:100%;margin-top:30px;border-spacing:0;""><tr><th align=""left"">Payment</th><td>Payment is due within 4 days. Unpaid items may be canceled and relisted.</td></tr><tr><th align=""left"">Shipping</th><td>Items ship via eBay Standard Envelope. Combined shipping may apply. Usually ships within 1 business day.</td></tr><tr><th align=""left"">Disclaimer</th><td>All cards are sold as-is. Review item condition and images. No refunds or returns. Contact us before leaving negative feedback.</td></tr></table></div>",FixedPrice,GTC,3.99,,1,,ImmediatePayRequired,,United States,,Flat,USPSFirstClass,1,0.0,,,1,,,ReturnsNotAccepted,,,,,,,,,,,,,No,No,,,
Add,jqi8w,261328,0,YU DARVISH 2024 Topps Chrome #237 Blue Sonar Refractors San Diego Padres #/125,,,4000,No,BASEBALL,,,,,,,,MLB,,,No,Excellent,,,,Sports Trading Card,,,,,,,,,,,,,,,,,,,,,"<div style=""background:#FDFEFE;border:1px solid #CBD4C2;color:#353535;padding:40px;line-height:1.6;font-family:Arial,sans-serif;font-size:16px;""><h1 style=""text-align:center;"">YU DARVISH 2024 Topps Chrome #237 Blue Sonar Refractors San Diego Padres #/125</h1><table style=""width:100%;margin-top:30px;border-spacing:0;""><tr><th align=""left"">Payment</th><td>Payment is due within 4 days. Unpaid items may be canceled and relisted.</td></tr><tr><th align=""left"">Shipping</th><td>Items ship via eBay Standard Envelope. Combined shipping may apply. Usually ships within 1 business day.</td></tr><tr><th align=""left"">Disclaimer</th><td>All cards are sold as-is. Review item condition and images. No refunds or returns. Contact us before leaving negative feedback.</td></tr></table></div>",FixedPrice,GTC,5.99,,1,,ImmediatePayRequired,,United States,,Flat,USPSFirstClass,1,0.0,,,1,,,ReturnsNotAccepted,,,,,,,,,,,,,No,No,,,
Add,jqi8z,261328,0,CHRISTIAN ENCARNACION-STRAND 2024 Topps Update #US201 Purple Cincinnati Reds,,,4000,No,BASEBALL,,,,,,,,MLB,,,No,Excellent,,,,Sports Trading Card,,,,,,,,,,,,,,,,,,,,,"<div style=""background:#FDFEFE;border:1px solid #CBD4C2;color:#353535;padding:40px;line-height:1.6;font-family:Arial,sans-serif;font-size:16px;""><h1 style=""text-align:center;"">CHRISTIAN ENCARNACION-STRAND 2024 Topps Update #US201 Purple Cincinnati Reds</h1><table style=""width:100%;margin-top:30px;border-spacing:0;""><tr><th align=""left"">Payment</th><td>Payment is due within 4 days. Unpaid items may be canceled and relisted.</td></tr><tr><th align=""left"">Shipping</th><td>Items ship via eBay Standard Envelope. Combined shipping may apply. Usually ships within 1 business day.</td></tr><tr><th align=""left"">Disclaimer</th><td>All cards are sold as-is. Review item condition and images. No refunds or returns. Contact us before leaving negative feedback.</td></tr></table></div>",FixedPrice,GTC,3.99,,1,,ImmediatePayRequired,,United States,,Flat,USPSFirstClass,1,0.0,,,1,,,ReturnsNotAccepted,,,,,,,,,,,,,No,No,,,
Add,jqi91,261328,0,ALEX VERDUGO 2024 Topps Chrome #11 Green Refractors New York Yankees #/99,,,4000,No,BASEBALL,,,,,,,,MLB,,,No,Excellent,,,,Sports Trading Card,,,,,,,,,,,,,,,,,,,,,"<div style=""background:#FDFEFE;border:1px solid #CBD4C2;color:#353535;padding:40px;line-height:1.6;font-family:Arial,sans-serif;font-size:16px;""><h1 style=""text-align:center;"">ALEX VERDUGO 2024 Topps Chrome #11 Green Refractors New York Yankees #/99</h1><table style=""width:100%;margin-top:30px;border-spacing:0;""><tr><th align=""left"">Payment</th><td>Payment is due within 4 days. Unpaid items may be canceled and relisted.</td></tr><tr><th align=""left"">Shipping</th><td>Items ship via eBay Standard Envelope. Combined shipping may apply. Usually ships within 1 business day.</td></tr><tr><th align=""left"">Disclaimer</th><td>All cards are sold as-is. Review item condition and images. No refunds or returns. Contact us before leaving negative feedback.</td></tr></table></div>",FixedPrice,GTC,4.99,,1,,ImmediatePayRequired,,United States,,Flat,USPSFirstClass,1,0.0,,,1,,,ReturnsNotAccepted,,,,,,,,,,,,,No,No,,,
Add,jqi94,261328,0,JUAN SOTO 2024 Topps Update #BG-9 Topps Black Gold New York Yankees,,,4000,No,BASEBALL,,,,,,,,MLB,,,No,Excellent,,,,Sports Trading Card,,,,,,,,,,,,,,,,,,,,,"<div style=""background:#FDFEFE;border:1px solid #CBD4C2;color:#353535;padding:40px;line-height:1.6;font-family:Arial,sans-serif;font-size:16px;""><h1 style=""text-align:center;"">JUAN SOTO 2024 Topps Update #BG-9 Topps Black Gold New York Yankees</h1><table style=""width:100%;margin-top:30px;border-spacing:0;""><tr><th align=""left"">Payment</th><td>Payment is due within 4 days. Unpaid items may be canceled and relisted.</td></tr><tr><th align=""left"">Shipping</th><td>Items ship via eBay Standard Envelope. Combined shipping may apply. Usually ships within 1 business day.</td></tr><tr><th align=""left"">Disclaimer</th><td>All cards are sold as-is. Review item condition and images. No refunds or returns. Contact us before leaving negative feedback.</td></tr></table></div>",FixedPrice,GTC,3.99,,1,,ImmediatePayRequired,,United States,,Flat,USPSFirstClass,1,0.0,,,1,,,ReturnsNotAccepted,,,,,,,,,,,,,No,No,,,
Add,jqi9a,261328,0,HESTON KJERSTAD 2024 Bowman Sterling #BSR-5 Baltimore Orioles,,,4000,No,BASEBALL,,,,,,,,MLB,,,No,Excellent,,,,Sports Trading Card,,,,,,,,,,,,,,,,,,,,,"<div style=""background:#FDFEFE;border:1px solid #CBD4C2;color:#353535;padding:40px;line-height:1.6;font-family:Arial,sans-serif;font-size:16px;""><h1 style=""text-align:center;"">HESTON KJERSTAD 2024 Bowman Sterling #BSR-5 Baltimore Orioles</h1><table style=""width:100%;margin-top:30px;border-spacing:0;""><tr><th align=""left"">Payment</th><td>Payment is due within 4 days. Unpaid items may be canceled and relisted.</td></tr><tr><th align=""left"">Shipping</th><td>Items ship via eBay Standard Envelope. Combined shipping may apply. Usually ships within 1 business day.</td></tr><tr><th align=""left"">Disclaimer</th><td>All cards are sold as-is. Review item condition and images. No refunds or returns. Contact us before leaving negative feedback.</td></tr></table></div>",FixedPrice,GTC,3.99,,1,,ImmediatePayRequired,,United States,,Flat,USPSFirstClass,1,0.0,,,1,,,ReturnsNotAccepted,,,,,,,,,,,,,No,No,,,
Add,jqi9c,261328,0,JACKSON HOLLIDAY 2024 Topps Pro Debut #PD-27 Norfolk Tides,,,4000,No,BASEBALL,,,,,,,,MLB,,,No,Excellent,,,,Sports Trading Card,,,,,,,,,,,,,,,,,,,,,"<div style=""background:#FDFEFE;border:1px solid #CBD4C2;color:#353535;padding:40px;line-height:1.6;font-family:Arial,sans-serif;font-size:16px;""><h1 style=""text-align:center;"">JACKSON HOLLIDAY 2024 Topps Pro Debut #PD-27 Norfolk Tides</h1><table style=""width:100%;margin-top:30px;border-spacing:0;""><tr><th align=""left"">Payment</th><td>Payment is due within 4 days. Unpaid items may be canceled and relisted.</td></tr><tr><th align=""left"">Shipping</th><td>Items ship via eBay Standard Envelope. Combined shipping may apply. Usually ships within 1 business day.</td></tr><tr><th align=""left"">Disclaimer</th><td>All cards are sold as-is. Review item condition and images. No refunds or returns. Contact us before leaving negative feedback.</td></tr></table></div>",FixedPrice,GTC,3.99,,1,,ImmediatePayRequired,,United States,,Flat,USPSFirstClass,1,0.0,,,1,,,ReturnsNotAccepted,,,,,,,,,,,,,No,No,,,
Add,jqi9f,261328,0,FELNIN CELESTEN 2024 Topps Pro Debut #PD-99 Sparkle Foil ACL Mariners #/175,,,4000,No,BASEBALL,,,,,,,,MLB,,,No,Excellent,,,,Sports Trading Card,,,,,,,,,,,,,,,,,,,,,"<div style=""background:#FDFEFE;border:1px solid #CBD4C2;color:#353535;padding:40px;line-height:1.6;font-family:Arial,sans-serif;font-size:16px;""><h1 style=""text-align:center;"">FELNIN CELESTEN 2024 Topps Pro Debut #PD-99 Sparkle Foil ACL Mariners #/175</h1><table style=""width:100%;margin-top:30px;border-spacing:0;""><tr><th align=""left"">Payment</th><td>Payment is due within 4 days. Unpaid items may be canceled and relisted.</td></tr><tr><th align=""left"">Shipping</th><td>Items ship via eBay Standard Envelope. Combined shipping may apply. Usually ships within 1 business day.</td></tr><tr><th align=""left"">Disclaimer</th><td>All cards are sold as-is. Review item condition and images. No refunds or returns. Contact us before leaving negative feedback.</td></tr></table></div>",FixedPrice,GTC,8.99,,1,,ImmediatePayRequired,,United States,,Flat,USPSFirstClass,1,0.0,,,1,,,ReturnsNotAccepted,,,,,,,,,,,,,No,No,,,
Add,jqia6,261328,0,CEDDANNE RAFAELA 2024 Topps Chrome #118 Raywave Refractors Boston Red Sox,,,4000,No,BASEBALL,,,,,,,,MLB,,,No,Excellent,,,,Sports Trading Card,,,,,,,,,,,,,,,,,,,,,"<div style=""background:#FDFEFE;border:1px solid #CBD4C2;color:#353535;padding:40px;line-height:1.6;font-family:Arial,sans-serif;font-size:16px;""><h1 style=""text-align:center;"">CEDDANNE RAFAELA 2024 Topps Chrome #118 Raywave Refractors Boston Red Sox</h1><table style=""width:100%;margin-top:30px;border-spacing:0;""><tr><th align=""left"">Payment</th><td>Payment is due within 4 days. Unpaid items may be canceled and relisted.</td></tr><tr><th align=""left"">Shipping</th><td>Items ship via eBay Standard Envelope. Combined shipping may apply. Usually ships within 1 business day.</td></tr><tr><th align=""left"">Disclaimer</th><td>All cards are sold as-is. Review item condition and images. No refunds or returns. Contact us before leaving negative feedback.</td></tr></table></div>",FixedPrice,GTC,6.49,,1,,ImmediatePayRequired,,United States,,Flat,USPSFirstClass,1,0.0,,,1,,,ReturnsNotAccepted,,,,,,,,,,,,,No,No,,,
Add,jqiac,261328,0,GABRIEL MORENO 2024 Topps Chrome #21 Aqua Lava Refractors Diamondbacks #/199,,,4000,No,BASEBALL,,,,,,,,MLB,,,No,Excellent,,,,Sports Trading Card,,,,,,,,,,,,,,,,,,,,,"<div style=""background:#FDFEFE;border:1px solid #CBD4C2;color:#353535;padding:40px;line-height:1.6;font-family:Arial,sans-serif;font-size:16px;""><h1 style=""text-align:center;"">GABRIEL MORENO 2024 Topps Chrome #21 Aqua Lava Refractors Diamondbacks #/199</h1><table style=""width:100%;margin-top:30px;border-spacing:0;""><tr><th align=""left"">Payment</th><td>Payment is due within 4 days. Unpaid items may be canceled and relisted.</td></tr><tr><th align=""left"">Shipping</th><td>Items ship via eBay Standard Envelope. Combined shipping may apply. Usually ships within 1 business day.</td></tr><tr><th align=""left"">Disclaimer</th><td>All cards are sold as-is. Review item condition and images. No refunds or returns. Contact us before leaving negative feedback.</td></tr></table></div>",FixedPrice,GTC,4.99,,1,,ImmediatePayRequired,,United States,,Flat,USPSFirstClass,1,0.0,,,1,,,ReturnsNotAccepted,,,,,,,,,,,,,No,No,,,
Add,jqiae,261328,0,HENRY DAVIS 2024 Topps #295 Aqua Pittsburgh Pirates,,,4000,No,BASEBALL,,,,,,,,MLB,,,No,Excellent,,,,Sports Trading Card,,,,,,,,,,,,,,,,,,,,,"<div style=""background:#FDFEFE;border:1px solid #CBD4C2;color:#353535;padding:40px;line-height:1.6;font-family:Arial,sans-serif;font-size:16px;""><h1 style=""text-align:center;"">HENRY DAVIS 2024 Topps #295 Aqua Pittsburgh Pirates</h1><table style=""width:100%;margin-top:30px;border-spacing:0;""><tr><th align=""left"">Payment</th><td>Payment is due within 4 days. Unpaid items may be canceled and relisted.</td></tr><tr><th align=""left"">Shipping</th><td>Items ship via eBay Standard Envelope. Combined shipping may apply. Usually ships within 1 business day.</td></tr><tr><th align=""left"">Disclaimer</th><td>All cards are sold as-is. Review item condition and images. No refunds or returns. Contact us before leaving negative feedback.</td></tr></table></div>",FixedPrice,GTC,4.99,,1,,ImmediatePayRequired,,United States,,Flat,USPSFirstClass,1,0.0,,,1,,,ReturnsNotAccepted,,,,,,,,,,,,,No,No,,,
Add,jqiaf,261328,0,RONALD ACUÑA JR. 2024 Topps Update #BG-3 Topps Black Gold Atlanta Braves,,,4000,No,BASEBALL,,,,,,,,MLB,,,No,Excellent,,,,Sports Trading Card,,,,,,,,,,,,,,,,,,,,,"<div style=""background:#FDFEFE;border:1px solid #CBD4C2;color:#353535;padding:40px;line-height:1.6;font-family:Arial,sans-serif;font-size:16px;""><h1 style=""text-align:center;"">RONALD ACUÑA JR. 2024 Topps Update #BG-3 Topps Black Gold Atlanta Braves</h1><table style=""width:100%;margin-top:30px;border-spacing:0;""><tr><th align=""left"">Payment</th><td>Payment is due within 4 days. Unpaid items may be canceled and relisted.</td></tr><tr><th align=""left"">Shipping</th><td>Items ship via eBay Standard Envelope. Combined shipping may apply. Usually ships within 1 business day.</td></tr><tr><th align=""left"">Disclaimer</th><td>All cards are sold as-is. Review item condition and images. No refunds or returns. Contact us before leaving negative feedback.</td></tr></table></div>",FixedPrice,GTC,3.99,,1,,ImmediatePayRequired,,United States,,Flat,USPSFirstClass,1,0.0,,,1,,,ReturnsNotAccepted,,,,,,,,,,,,,No,No,,,
Add,jqiag,261328,0,MOOKIE BETTS 2024 Topps Update #LHC-17 Let Him Cook Los Angeles Dodgers,,,4000,No,BASEBALL,,,,,,,,MLB,,,No,Excellent,,,,Sports Trading Card,,,,,,,,,,,,,,,,,,,,,"<div style=""background:#FDFEFE;border:1px solid #CBD4C2;color:#353535;padding:40px;line-height:1.6;font-family:Arial,sans-serif;font-size:16px;""><h1 style=""text-align:center;"">MOOKIE BETTS 2024 Topps Update #LHC-17 Let Him Cook Los Angeles Dodgers</h1><table style=""width:100%;margin-top:30px;border-spacing:0;""><tr><th align=""left"">Payment</th><td>Payment is due within 4 days. Unpaid items may be canceled and relisted.</td></tr><tr><th align=""left"">Shipping</th><td>Items ship via eBay Standard Envelope. Combined shipping may apply. Usually ships within 1 business day.</td></tr><tr><th align=""left"">Disclaimer</th><td>All cards are sold as-is. Review item condition and images. No refunds or returns. Contact us before leaving negative feedback.</td></tr></table></div>",FixedPrice,GTC,3.99,,1,,ImmediatePayRequired,,United States,,Flat,USPSFirstClass,1,0.0,,,1,,,ReturnsNotAccepted,,,,,,,,,,,,,No,No,,,
Add,jqiah,261328,0,JORDAN BECK 2024 Topps Update #T89CU-65 35th Anniversary Chrome Rockies,,,4000,No,BASEBALL,,,,,,,,MLB,,,No,Excellent,,,,Sports Trading Card,,,,,,,,,,,,,,,,,,,,,"<div style=""background:#FDFEFE;border:1px solid #CBD4C2;color:#353535;padding:40px;line-height:1.6;font-family:Arial,sans-serif;font-size:16px;""><h1 style=""text-align:center;"">JORDAN BECK 2024 Topps Update #T89CU-65 35th Anniversary Chrome Rockies</h1><table style=""width:100%;margin-top:30px;border-spacing:0;""><tr><th align=""left"">Payment</th><td>Payment is due within 4 days. Unpaid items may be canceled and relisted.</td></tr><tr><th align=""left"">Shipping</th><td>Items ship via eBay Standard Envelope. Combined shipping may apply. Usually ships within 1 business day.</td></tr><tr><th align=""left"">Disclaimer</th><td>All cards are sold as-is. Review item condition and images. No refunds or returns. Contact us before leaving negative feedback.</td></tr></table></div>",FixedPrice,GTC,3.99,,1,,ImmediatePayRequired,,United States,,Flat,USPSFirstClass,1,0.0,,,1,,,ReturnsNotAccepted,,,,,,,,,,,,,No,No,,,
Add,jqig8,261328,0,2023 Bowman Chrome AARON JUDGE #63 New York Yankees,,,4000,No,BASEBALL,,,,,,,,MLB,,,No,Excellent,,,,Sports Trading Card,,,,,,,,,,,,,,,,,,,,,"<div style=""background:#FDFEFE;border:1px solid #CBD4C2;color:#353535;padding:40px;line-height:1.6;font-family:Arial,sans-serif;font-size:16px;""><h1 style=""text-align:center;"">2023 Bowman Chrome AARON JUDGE #63 New York Yankees</h1><table style=""width:100%;margin-top:30px;border-spacing:0;""><tr><th align=""left"">Payment</th><td>Payment is due within 4 days. Unpaid items may be canceled and relisted.</td></tr><tr><th align=""left"">Shipping</th><td>Items ship via eBay Standard Envelope. Combined shipping may apply. Usually ships within 1 business day.</td></tr><tr><th align=""left"">Disclaimer</th><td>All cards are sold as-is. Review item condition and images. No refunds or returns. Contact us before leaving negative feedback.</td></tr></table></div>",FixedPrice,GTC,3.99,,1,,ImmediatePayRequired,,United States,,Flat,USPSFirstClass,1,0.0,,,1,,,ReturnsNotAccepted,,,,,,,,,,,,,No,No,,,
Add,jqigb,261328,0,2023 Bowman AARON JUDGE #59 New York Yankees,,,4000,No,BASEBALL,,,,,,,,MLB,,,No,Excellent,,,,Sports Trading Card,,,,,,,,,,,,,,,,,,,,,"<div style=""background:#FDFEFE;border:1px solid #CBD4C2;color:#353535;padding:40px;line-height:1.6;font-family:Arial,sans-serif;font-size:16px;""><h1 style=""text-align:center;"">2023 Bowman AARON JUDGE #59 New York Yankees</h1><table style=""width:100%;margin-top:30px;border-spacing:0;""><tr><th align=""left"">Payment</th><td>Payment is due within 4 days. Unpaid items may be canceled and relisted.</td></tr><tr><th align=""left"">Shipping</th><td>Items ship via eBay Standard Envelope. Combined shipping may apply. Usually ships within 1 business day.</td></tr><tr><th align=""left"">Disclaimer</th><td>All cards are sold as-is. Review item condition and images. No refunds or returns. Contact us before leaving negative feedback.</td></tr></table></div>",FixedPrice,GTC,3.99,,1,,ImmediatePayRequired,,United States,,Flat,USPSFirstClass,1,0.0,,,1,,,ReturnsNotAccepted,,,,,,,,,,,,,No,No,,,
Add,jqigd,261328,0,2023 Topps Heritage AARON JUDGE #NT-2 Now & Then New York Yankees,,,4000,No,BASEBALL,,,,,,,,MLB,,,No,Excellent,,,,Sports Trading Card,,,,,,,,,,,,,,,,,,,,,"<div style=""background:#FDFEFE;border:1px solid #CBD4C2;color:#353535;padding:40px;line-height:1.6;font-family:Arial,sans-serif;font-size:16px;""><h1 style=""text-align:center;"">2023 Topps Heritage AARON JUDGE #NT-2 Now & Then New York Yankees</h1><table style=""width:100%;margin-top:30px;border-spacing:0;""><tr><th align=""left"">Payment</th><td>Payment is due within 4 days. Unpaid items may be canceled and relisted.</td></tr><tr><th align=""left"">Shipping</th><td>Items ship via eBay Standard Envelope. Combined shipping may apply. Usually ships within 1 business day.</td></tr><tr><th align=""left"">Disclaimer</th><td>All cards are sold as-is. Review item condition and images. No refunds or returns. Contact us before leaving negative feedback.</td></tr></table></div>",FixedPrice,GTC,4.49,,1,,ImmediatePayRequired,,United States,,Flat,USPSFirstClass,1,0.0,,,1,,,ReturnsNotAccepted,,,,,,,,,,,,,No,No,,,
Add,jqige,261328,0,2021 Topps Chrome FERNANDO TATIS JR. #B-10 Beisbol San Diego Padres,,,4000,No,BASEBALL,,,,,,,,MLB,,,No,Excellent,,,,Sports Trading Card,,,,,,,,,,,,,,,,,,,,,"<div style=""background:#FDFEFE;border:1px solid #CBD4C2;color:#353535;padding:40px;line-height:1.6;font-family:Arial,sans-serif;font-size:16px;""><h1 style=""text-align:center;"">2021 Topps Chrome FERNANDO TATIS JR. #B-10 Beisbol San Diego Padres</h1><table style=""width:100%;margin-top:30px;border-spacing:0;""><tr><th align=""left"">Payment</th><td>Payment is due within 4 days. Unpaid items may be canceled and relisted.</td></tr><tr><th align=""left"">Shipping</th><td>Items ship via eBay Standard Envelope. Combined shipping may apply. Usually ships within 1 business day.</td></tr><tr><th align=""left"">Disclaimer</th><td>All cards are sold as-is. Review item condition and images. No refunds or returns. Contact us before leaving negative feedback.</td></tr></table></div>",FixedPrice,GTC,3.99,,1,,ImmediatePayRequired,,United States,,Flat,USPSFirstClass,1,0.0,,,1,,,ReturnsNotAccepted,,,,,,,,,,,,,No,No,,,
Add,jqigh,261328,0,CADE MARLOWE 2024 Topps Chrome #266 Purple Sonar Ref Mariners #/275 Basketball,,,4000,No,BASEBALL,,,,,,,,MLB,,,No,Excellent,,,,Sports Trading Card,,,,,,,,,,,,,,,,,,,,,"<div style=""background:#FDFEFE;border:1px solid #CBD4C2;color:#353535;padding:40px;line-height:1.6;font-family:Arial,sans-serif;font-size:16px;""><h1 style=""text-align:center;"">CADE MARLOWE 2024 Topps Chrome #266 Purple Sonar Ref Mariners #/275 Basketball</h1><table style=""width:100%;margin-top:30px;border-spacing:0;""><tr><th align=""left"">Payment</th><td>Payment is due within 4 days. Unpaid items may be canceled and relisted.</td></tr><tr><th align=""left"">Shipping</th><td>Items ship via eBay Standard Envelope. Combined shipping may apply. Usually ships within 1 business day.</td></tr><tr><th align=""left"">Disclaimer</th><td>All cards are sold as-is. Review item condition and images. No refunds or returns. Contact us before leaving negative feedback.</td></tr></table></div>",FixedPrice,GTC,5.49,,1,,ImmediatePayRequired,,United States,,Flat,USPSFirstClass,1,0.0,,,1,,,ReturnsNotAccepted,,,,,,,,,,,,,No,No,,,
Add,jqigk,261328,0,2024 Bowman CEDDANNE RAFAELA #84 Chrome Mojo Refractors Boston Red Sox,,,4000,No,BASEBALL,,,,,,,,MLB,,,No,Excellent,,,,Sports Trading Card,,,,,,,,,,,,,,,,,,,,,"<div style=""background:#FDFEFE;border:1px solid #CBD4C2;color:#353535;padding:40px;line-height:1.6;font-family:Arial,sans-serif;font-size:16px;""><h1 style=""text-align:center;"">2024 Bowman CEDDANNE RAFAELA #84 Chrome Mojo Refractors Boston Red Sox</h1><table style=""width:100%;margin-top:30px;border-spacing:0;""><tr><th align=""left"">Payment</th><td>Payment is due within 4 days. Unpaid items may be canceled and relisted.</td></tr><tr><th align=""left"">Shipping</th><td>Items ship via eBay Standard Envelope. Combined shipping may apply. Usually ships within 1 business day.</td></tr><tr><th align=""left"">Disclaimer</th><td>All cards are sold as-is. Review item condition and images. No refunds or returns. Contact us before leaving negative feedback.</td></tr></table></div>",FixedPrice,GTC,3.99,,1,,ImmediatePayRequired,,United States,,Flat,USPSFirstClass,1,0.0,,,1,,,ReturnsNotAccepted,,,,,,,,,,,,,No,No,,,
Add,jqign,261328,0,2024 Topps FREDDIE FREEMAN #SB-12 Superstar Blueprint Los Angeles Dodgers,,,4000,No,BASEBALL,,,,,,,,MLB,,,No,Excellent,,,,Sports Trading Card,,,,,,,,,,,,,,,,,,,,,"<div style=""background:#FDFEFE;border:1px solid #CBD4C2;color:#353535;padding:40px;line-height:1.6;font-family:Arial,sans-serif;font-size:16px;""><h1 style=""text-align:center;"">2024 Topps FREDDIE FREEMAN #SB-12 Superstar Blueprint Los Angeles Dodgers</h1><table style=""width:100%;margin-top:30px;border-spacing:0;""><tr><th align=""left"">Payment</th><td>Payment is due within 4 days. Unpaid items may be canceled and relisted.</td></tr><tr><th align=""left"">Shipping</th><td>Items ship via eBay Standard Envelope. Combined shipping may apply. Usually ships within 1 business day.</td></tr><tr><th align=""left"">Disclaimer</th><td>All cards are sold as-is. Review item condition and images. No refunds or returns. Contact us before leaving negative feedback.</td></tr></table></div>",FixedPrice,GTC,3.99,,1,,ImmediatePayRequired,,United States,,Flat,USPSFirstClass,1,0.0,,,1,,,ReturnsNotAccepted,,,,,,,,,,,,,No,No,,,
Add,jqigq,261328,0,2024 Topps Update JULIO RODRÍGUEZ #BG-8 Topps Black Gold Seattle Mariners,,,4000,No,BASEBALL,,,,,,,,MLB,,,No,Excellent,,,,Sports Trading Card,,,,,,,,,,,,,,,,,,,,,"<div style=""background:#FDFEFE;border:1px solid #CBD4C2;color:#353535;padding:40px;line-height:1.6;font-family:Arial,sans-serif;font-size:16px;""><h1 style=""text-align:center;"">2024 Topps Update JULIO RODRÍGUEZ #BG-8 Topps Black Gold Seattle Mariners</h1><table style=""width:100%;margin-top:30px;border-spacing:0;""><tr><th align=""left"">Payment</th><td>Payment is due within 4 days. Unpaid items may be canceled and relisted.</td></tr><tr><th align=""left"">Shipping</th><td>Items ship via eBay Standard Envelope. Combined shipping may apply. Usually ships within 1 business day.</td></tr><tr><th align=""left"">Disclaimer</th><td>All cards are sold as-is. Review item condition and images. No refunds or returns. Contact us before leaving negative feedback.</td></tr></table></div>",FixedPrice,GTC,2.09,,1,,ImmediatePayRequired,,United States,,Flat,USPSFirstClass,1,0.0,,,1,,,ReturnsNotAccepted,,,,,,,,,,,,,No,No,,,
Add,jqigs,261328,0,SAMAD TAYLOR 2024 Topps Chrome #243 Blue Raywave Royals #/150,,,4000,No,BASEBALL,,,,,,,,MLB,,,No,Excellent,,,,Sports Trading Card,,,,,,,,,,,,,,,,,,,,,"<div style=""background:#FDFEFE;border:1px solid #CBD4C2;color:#353535;padding:40px;line-height:1.6;font-family:Arial,sans-serif;font-size:16px;""><h1 style=""text-align:center;"">SAMAD TAYLOR 2024 Topps Chrome #243 Blue Raywave Royals #/150</h1><table style=""width:100%;margin-top:30px;border-spacing:0;""><tr><th align=""left"">Payment</th><td>Payment is due within 4 days. Unpaid items may be canceled and relisted.</td></tr><tr><th align=""left"">Shipping</th><td>Items ship via eBay Standard Envelope. Combined shipping may apply. Usually ships within 1 business day.</td></tr><tr><th align=""left"">Disclaimer</th><td>All cards are sold as-is. Review item condition and images. No refunds or returns. Contact us before leaving negative feedback.</td></tr></table></div>",FixedPrice,GTC,7.69,,1,,ImmediatePayRequired,,United States,,Flat,USPSFirstClass,1,0.0,,,1,,,ReturnsNotAccepted,,,,,,,,,,,,,No,No,,,
Add,jqigt,261328,0,2023 Panini Prizm JACKSON CHOURIO #FT1 Future Tools Milwaukee Brewers,,,4000,No,BASEBALL,,,,,,,,MLB,,,No,Excellent,,,,Sports Trading Card,,,,,,,,,,,,,,,,,,,,,"<div style=""background:#FDFEFE;border:1px solid #CBD4C2;color:#353535;padding:40px;line-height:1.6;font-family:Arial,sans-serif;font-size:16px;""><h1 style=""text-align:center;"">2023 Panini Prizm JACKSON CHOURIO #FT1 Future Tools Milwaukee Brewers</h1><table style=""width:100%;margin-top:30px;border-spacing:0;""><tr><th align=""left"">Payment</th><td>Payment is due within 4 days. Unpaid items may be canceled and relisted.</td></tr><tr><th align=""left"">Shipping</th><td>Items ship via eBay Standard Envelope. Combined shipping may apply. Usually ships within 1 business day.</td></tr><tr><th align=""left"">Disclaimer</th><td>All cards are sold as-is. Review item condition and images. No refunds or returns. Contact us before leaving negative feedback.</td></tr></table></div>",FixedPrice,GTC,3.99,,1,,ImmediatePayRequired,,United States,,Flat,USPSFirstClass,1,0.0,,,1,,,ReturnsNotAccepted,,,,,,,,,,,,,No,No,,,
Add,jqigw,261328,0,2023 Panini Prizm JACKSON CHOURIO #105 Milwaukee Brewers,,,4000,No,BASEBALL,,,,,,,,MLB,,,No,Excellent,,,,Sports Trading Card,,,,,,,,,,,,,,,,,,,,,"<div style=""background:#FDFEFE;border:1px solid #CBD4C2;color:#353535;padding:40px;line-height:1.6;font-family:Arial,sans-serif;font-size:16px;""><h1 style=""text-align:center;"">2023 Panini Prizm JACKSON CHOURIO #105 Milwaukee Brewers</h1><table style=""width:100%;margin-top:30px;border-spacing:0;""><tr><th align=""left"">Payment</th><td>Payment is due within 4 days. Unpaid items may be canceled and relisted.</td></tr><tr><th align=""left"">Shipping</th><td>Items ship via eBay Standard Envelope. Combined shipping may apply. Usually ships within 1 business day.</td></tr><tr><th align=""left"">Disclaimer</th><td>All cards are sold as-is. Review item condition and images. No refunds or returns. Contact us before leaving negative feedback.</td></tr></table></div>",FixedPrice,GTC,3.99,,1,,ImmediatePayRequired,,United States,,Flat,USPSFirstClass,1,0.0,,,1,,,ReturnsNotAccepted,,,,,,,,,,,,,No,No,,,
Add,jrnq5,261328,0,PASCANEL FERRERAS 2024 Bowman Chrome #BCP-240 Speckle Refractors Astros #/299,,,4000,No,BASEBALL,,,,,,,,MLB,,,No,Excellent,,,,Sports Trading Card,,,,,,,,,,,,,,,,,,,,,"<div style=""background:#FDFEFE;border:1px solid #CBD4C2;color:#353535;padding:40px;line-height:1.6;font-family:Arial,sans-serif;font-size:16px;""><h1 style=""text-align:center;"">PASCANEL FERRERAS 2024 Bowman Chrome #BCP-240 Speckle Refractors Astros #/299</h1><table style=""width:100%;margin-top:30px;border-spacing:0;""><tr><th align=""left"">Payment</th><td>Payment is due within 4 days. Unpaid items may be canceled and relisted.</td></tr><tr><th align=""left"">Shipping</th><td>Items ship via eBay Standard Envelope. Combined shipping may apply. Usually ships within 1 business day.</td></tr><tr><th align=""left"">Disclaimer</th><td>All cards are sold as-is. Review item condition and images. No refunds or returns. Contact us before leaving negative feedback.</td></tr></table></div>",FixedPrice,GTC,16.89,,1,,ImmediatePayRequired,,United States,,Flat,USPSFirstClass,1,0.0,,,1,,,ReturnsNotAccepted,,,,,,,,,,,,,No,No,,,
Add,jrnq8,261328,0,MIGUEL PALMA 2024 Bowman Chrome #BCP-166 Speckle Refractors Astros #/299,,,4000,No,BASEBALL,,,,,,,,MLB,,,No,Excellent,,,,Sports Trading Card,,,,,,,,,,,,,,,,,,,,,"<div style=""background:#FDFEFE;border:1px solid #CBD4C2;color:#353535;padding:40px;line-height:1.6;font-family:Arial,sans-serif;font-size:16px;""><h1 style=""text-align:center;"">MIGUEL PALMA 2024 Bowman Chrome #BCP-166 Speckle Refractors Astros #/299</h1><table style=""width:100%;margin-top:30px;border-spacing:0;""><tr><th align=""left"">Payment</th><td>Payment is due within 4 days. Unpaid items may be canceled and relisted.</td></tr><tr><th align=""left"">Shipping</th><td>Items ship via eBay Standard Envelope. Combined shipping may apply. Usually ships within 1 business day.</td></tr><tr><th align=""left"">Disclaimer</th><td>All cards are sold as-is. Review item condition and images. No refunds or returns. Contact us before leaving negative feedback.</td></tr></table></div>",FixedPrice,GTC,8.29,,1,,ImmediatePayRequired,,United States,,Flat,USPSFirstClass,1,0.0,,,1,,,ReturnsNotAccepted,,,,,,,,,,,,,No,No,,,
Add,jrnqb,261328,0,THAYRON LIRANZO 2024 Bowman Chrome #BCP-182 Speckle Refractors Dodgers #/299,,,4000,No,BASEBALL,,,,,,,,MLB,,,No,Excellent,,,,Sports Trading Card,,,,,,,,,,,,,,,,,,,,,"<div style=""background:#FDFEFE;border:1px solid #CBD4C2;color:#353535;padding:40px;line-height:1.6;font-family:Arial,sans-serif;font-size:16px;""><h1 style=""text-align:center;"">THAYRON LIRANZO 2024 Bowman Chrome #BCP-182 Speckle Refractors Dodgers #/299</h1><table style=""width:100%;margin-top:30px;border-spacing:0;""><tr><th align=""left"">Payment</th><td>Payment is due within 4 days. Unpaid items may be canceled and relisted.</td></tr><tr><th align=""left"">Shipping</th><td>Items ship via eBay Standard Envelope. Combined shipping may apply. Usually ships within 1 business day.</td></tr><tr><th align=""left"">Disclaimer</th><td>All cards are sold as-is. Review item condition and images. No refunds or returns. Contact us before leaving negative feedback.</td></tr></table></div>",FixedPrice,GTC,22.39,,1,,ImmediatePayRequired,,United States,,Flat,USPSFirstClass,1,0.0,,,1,,,ReturnsNotAccepted,,,,,,,,,,,,,No,No,,,
Add,jrnqh,261328,0,LUIS GUANIPA 2024 Bowman Chrome #BCP-233 Refractors Braves #/499,,,4000,No,BASEBALL,,,,,,,,MLB,,,No,Excellent,,,,Sports Trading Card,,,,,,,,,,,,,,,,,,,,,"<div style=""background:#FDFEFE;border:1px solid #CBD4C2;color:#353535;padding:40px;line-height:1.6;font-family:Arial,sans-serif;font-size:16px;""><h1 style=""text-align:center;"">LUIS GUANIPA 2024 Bowman Chrome #BCP-233 Refractors Braves #/499</h1><table style=""width:100%;margin-top:30px;border-spacing:0;""><tr><th align=""left"">Payment</th><td>Payment is due within 4 days. Unpaid items may be canceled and relisted.</td></tr><tr><th align=""left"">Shipping</th><td>Items ship via eBay Standard Envelope. Combined shipping may apply. Usually ships within 1 business day.</td></tr><tr><th align=""left"">Disclaimer</th><td>All cards are sold as-is. Review item condition and images. No refunds or returns. Contact us before leaving negative feedback.</td></tr></table></div>",FixedPrice,GTC,3.99,,1,,ImmediatePayRequired,,United States,,Flat,USPSFirstClass,1,0.0,,,1,,,ReturnsNotAccepted,,,,,,,,,,,,,No,No,,,
Add,jrnqf,261328,0,SAL FRELICK 2024 Bowman #39 Neon Green Milwaukee Brewers #/399,,,4000,No,BASEBALL,,,,,,,,MLB,,,No,Excellent,,,,Sports Trading Card,,,,,,,,,,,,,,,,,,,,,"<div style=""background:#FDFEFE;border:1px solid #CBD4C2;color:#353535;padding:40px;line-height:1.6;font-family:Arial,sans-serif;font-size:16px;""><h1 style=""text-align:center;"">SAL FRELICK 2024 Bowman #39 Neon Green Milwaukee Brewers #/399</h1><table style=""width:100%;margin-top:30px;border-spacing:0;""><tr><th align=""left"">Payment</th><td>Payment is due within 4 days. Unpaid items may be canceled and relisted.</td></tr><tr><th align=""left"">Shipping</th><td>Items ship via eBay Standard Envelope. Combined shipping may apply. Usually ships within 1 business day.</td></tr><tr><th align=""left"">Disclaimer</th><td>All cards are sold as-is. Review item condition and images. No refunds or returns. Contact us before leaving negative feedback.</td></tr></table></div>",FixedPrice,GTC,5.49,,1,,ImmediatePayRequired,,United States,,Flat,USPSFirstClass,1,0.0,,,1,,,ReturnsNotAccepted,,,,,,,,,,,,,No,No,,,
Add,jrnqi,261328,0,J.P. CRAWFORD 2024 Topps Chrome #14 Purple Speckle Refractors Mariners #/299,,,4000,No,BASEBALL,,,,,,,,MLB,,,No,Excellent,,,,Sports Trading Card,,,,,,,,,,,,,,,,,,,,,"<div style=""background:#FDFEFE;border:1px solid #CBD4C2;color:#353535;padding:40px;line-height:1.6;font-family:Arial,sans-serif;font-size:16px;""><h1 style=""text-align:center;"">J.P. CRAWFORD 2024 Topps Chrome #14 Purple Speckle Refractors Mariners #/299</h1><table style=""width:100%;margin-top:30px;border-spacing:0;""><tr><th align=""left"">Payment</th><td>Payment is due within 4 days. Unpaid items may be canceled and relisted.</td></tr><tr><th align=""left"">Shipping</th><td>Items ship via eBay Standard Envelope. Combined shipping may apply. Usually ships within 1 business day.</td></tr><tr><th align=""left"">Disclaimer</th><td>All cards are sold as-is. Review item condition and images. No refunds or returns. Contact us before leaving negative feedback.</td></tr></table></div>",FixedPrice,GTC,5.99,,1,,ImmediatePayRequired,,United States,,Flat,USPSFirstClass,1,0.0,,,1,,,ReturnsNotAccepted,,,,,,,,,,,,,No,No,,,
Add,jrnqk,261328,0,SEIYA SUZUKI 2024 Topps Chrome #13 Aqua Raywave Refractors Chicago Cubs #/199,,,4000,No,BASEBALL,,,,,,,,MLB,,,No,Excellent,,,,Sports Trading Card,,,,,,,,,,,,,,,,,,,,,"<div style=""background:#FDFEFE;border:1px solid #CBD4C2;color:#353535;padding:40px;line-height:1.6;font-family:Arial,sans-serif;font-size:16px;""><h1 style=""text-align:center;"">SEIYA SUZUKI 2024 Topps Chrome #13 Aqua Raywave Refractors Chicago Cubs #/199</h1><table style=""width:100%;margin-top:30px;border-spacing:0;""><tr><th align=""left"">Payment</th><td>Payment is due within 4 days. Unpaid items may be canceled and relisted.</td></tr><tr><th align=""left"">Shipping</th><td>Items ship via eBay Standard Envelope. Combined shipping may apply. Usually ships within 1 business day.</td></tr><tr><th align=""left"">Disclaimer</th><td>All cards are sold as-is. Review item condition and images. No refunds or returns. Contact us before leaving negative feedback.</td></tr></table></div>",FixedPrice,GTC,6.89,,1,,ImmediatePayRequired,,United States,,Flat,USPSFirstClass,1,0.0,,,1,,,ReturnsNotAccepted,,,,,,,,,,,,,No,No,,,
Add,jrnql,261328,0,DAVID BEDNAR 2024 Topps Chrome #60 Purple Sonar Refractors Pirates #/275,,,4000,No,BASEBALL,,,,,,,,MLB,,,No,Excellent,,,,Sports Trading Card,,,,,,,,,,,,,,,,,,,,,"<div style=""background:#FDFEFE;border:1px solid #CBD4C2;color:#353535;padding:40px;line-height:1.6;font-family:Arial,sans-serif;font-size:16px;""><h1 style=""text-align:center;"">DAVID BEDNAR 2024 Topps Chrome #60 Purple Sonar Refractors Pirates #/275</h1><table style=""width:100%;margin-top:30px;border-spacing:0;""><tr><th align=""left"">Payment</th><td>Payment is due within 4 days. Unpaid items may be canceled and relisted.</td></tr><tr><th align=""left"">Shipping</th><td>Items ship via eBay Standard Envelope. Combined shipping may apply. Usually ships within 1 business day.</td></tr><tr><th align=""left"">Disclaimer</th><td>All cards are sold as-is. Review item condition and images. No refunds or returns. Contact us before leaving negative feedback.</td></tr></table></div>",FixedPrice,GTC,4.49,,1,,ImmediatePayRequired,,United States,,Flat,USPSFirstClass,1,0.0,,,1,,,ReturnsNotAccepted,,,,,,,,,,,,,No,No,,,
Add,jrnqp,261328,0,CARSON SPIERS 2024 Topps Chrome #167 Purple Speckle Refractors Reds #/299,,,4000,No,BASEBALL,,,,,,,,MLB,,,No,Excellent,,,,Sports Trading Card,,,,,,,,,,,,,,,,,,,,,"<div style=""background:#FDFEFE;border:1px solid #CBD4C2;color:#353535;padding:40px;line-height:1.6;font-family:Arial,sans-serif;font-size:16px;""><h1 style=""text-align:center;"">CARSON SPIERS 2024 Topps Chrome #167 Purple Speckle Refractors Reds #/299</h1><table style=""width:100%;margin-top:30px;border-spacing:0;""><tr><th align=""left"">Payment</th><td>Payment is due within 4 days. Unpaid items may be canceled and relisted.</td></tr><tr><th align=""left"">Shipping</th><td>Items ship via eBay Standard Envelope. Combined shipping may apply. Usually ships within 1 business day.</td></tr><tr><th align=""left"">Disclaimer</th><td>All cards are sold as-is. Review item condition and images. No refunds or returns. Contact us before leaving negative feedback.</td></tr></table></div>",FixedPrice,GTC,8.99,,1,,ImmediatePayRequired,,United States,,Flat,USPSFirstClass,1,0.0,,,1,,,ReturnsNotAccepted,,,,,,,,,,,,,No,No,,,
Add,jrnqr,261328,0,EDUARDO BELTRE 2024 Bowman Chrome #BCP-170 Reptilian Blue Refractors Twins #/150,,,4000,No,BASEBALL,,,,,,,,MLB,,,No,Excellent,,,,Sports Trading Card,,,,,,,,,,,,,,,,,,,,,"<div style=""background:#FDFEFE;border:1px solid #CBD4C2;color:#353535;padding:40px;line-height:1.6;font-family:Arial,sans-serif;font-size:16px;""><h1 style=""text-align:center;"">EDUARDO BELTRE 2024 Bowman Chrome #BCP-170 Reptilian Blue Refractors Twins #/150</h1><table style=""width:100%;margin-top:30px;border-spacing:0;""><tr><th align=""left"">Payment</th><td>Payment is due within 4 days. Unpaid items may be canceled and relisted.</td></tr><tr><th align=""left"">Shipping</th><td>Items ship via eBay Standard Envelope. Combined shipping may apply. Usually ships within 1 business day.</td></tr><tr><th align=""left"">Disclaimer</th><td>All cards are sold as-is. Review item condition and images. No refunds or returns. Contact us before leaving negative feedback.</td></tr></table></div>",FixedPrice,GTC,26.59,,1,,ImmediatePayRequired,,United States,,Flat,USPSFirstClass,1,0.0,,,1,,,ReturnsNotAccepted,,,,,,,,,,,,,No,No,,,
Add,jrnqs,261328,0,2024 Bowman SPENCER NIVENS #BP-37 Prospects Sky Blue Kansas City Royals #/499,,,4000,No,BASEBALL,,,,,,,,MLB,,,No,Excellent,,,,Sports Trading Card,,,,,,,,,,,,,,,,,,,,,"<div style=""background:#FDFEFE;border:1px solid #CBD4C2;color:#353535;padding:40px;line-height:1.6;font-family:Arial,sans-serif;font-size:16px;""><h1 style=""text-align:center;"">2024 Bowman SPENCER NIVENS #BP-37 Prospects Sky Blue Kansas City Royals #/499</h1><table style=""width:100%;margin-top:30px;border-spacing:0;""><tr><th align=""left"">Payment</th><td>Payment is due within 4 days. Unpaid items may be canceled and relisted.</td></tr><tr><th align=""left"">Shipping</th><td>Items ship via eBay Standard Envelope. Combined shipping may apply. Usually ships within 1 business day.</td></tr><tr><th align=""left"">Disclaimer</th><td>All cards are sold as-is. Review item condition and images. No refunds or returns. Contact us before leaving negative feedback.</td></tr></table></div>",FixedPrice,GTC,4.99,,1,,ImmediatePayRequired,,United States,,Flat,USPSFirstClass,1,0.0,,,1,,,ReturnsNotAccepted,,,,,,,,,,,,,No,No,,,
Add,jrnqt,261328,0,NAOYUKI UWASAWA 2024 Bowman Chrome #BCP-171 Refractors Red Sox #/499,,,4000,No,BASEBALL,,,,,,,,MLB,,,No,Excellent,,,,Sports Trading Card,,,,,,,,,,,,,,,,,,,,,"<div style=""background:#FDFEFE;border:1px solid #CBD4C2;color:#353535;padding:40px;line-height:1.6;font-family:Arial,sans-serif;font-size:16px;""><h1 style=""text-align:center;"">NAOYUKI UWASAWA 2024 Bowman Chrome #BCP-171 Refractors Red Sox #/499</h1><table style=""width:100%;margin-top:30px;border-spacing:0;""><tr><th align=""left"">Payment</th><td>Payment is due within 4 days. Unpaid items may be canceled and relisted.</td></tr><tr><th align=""left"">Shipping</th><td>Items ship via eBay Standard Envelope. Combined shipping may apply. Usually ships within 1 business day.</td></tr><tr><th align=""left"">Disclaimer</th><td>All cards are sold as-is. Review item condition and images. No refunds or returns. Contact us before leaving negative feedback.</td></tr></table></div>",FixedPrice,GTC,4.49,,1,,ImmediatePayRequired,,United States,,Flat,USPSFirstClass,1,0.0,,,1,,,ReturnsNotAccepted,,,,,,,,,,,,,No,No,,,
Add,jrnqu,261328,0,BROCK WILKEN 2024 Bowman Chrome #BCP-215 Refractors Brewers #/499,,,4000,No,BASEBALL,,,,,,,,MLB,,,No,Excellent,,,,Sports Trading Card,,,,,,,,,,,,,,,,,,,,,"<div style=""background:#FDFEFE;border:1px solid #CBD4C2;color:#353535;padding:40px;line-height:1.6;font-family:Arial,sans-serif;font-size:16px;""><h1 style=""text-align:center;"">BROCK WILKEN 2024 Bowman Chrome #BCP-215 Refractors Brewers #/499</h1><table style=""width:100%;margin-top:30px;border-spacing:0;""><tr><th align=""left"">Payment</th><td>Payment is due within 4 days. Unpaid items may be canceled and relisted.</td></tr><tr><th align=""left"">Shipping</th><td>Items ship via eBay Standard Envelope. Combined shipping may apply. Usually ships within 1 business day.</td></tr><tr><th align=""left"">Disclaimer</th><td>All cards are sold as-is. Review item condition and images. No refunds or returns. Contact us before leaving negative feedback.</td></tr></table></div>",FixedPrice,GTC,5.99,,1,,ImmediatePayRequired,,United States,,Flat,USPSFirstClass,1,0.0,,,1,,,ReturnsNotAccepted,,,,,,,,,,,,,No,No,,,
Add,jrnqv,261328,0,RHYLAN THOMAS 2024 Bowman Chrome #BCP-217 Refractors Mets #/499,,,4000,No,BASEBALL,,,,,,,,MLB,,,No,Excellent,,,,Sports Trading Card,,,,,,,,,,,,,,,,,,,,,"<div style=""background:#FDFEFE;border:1px solid #CBD4C2;color:#353535;padding:40px;line-height:1.6;font-family:Arial,sans-serif;font-size:16px;""><h1 style=""text-align:center;"">RHYLAN THOMAS 2024 Bowman Chrome #BCP-217 Refractors Mets #/499</h1><table style=""width:100%;margin-top:30px;border-spacing:0;""><tr><th align=""left"">Payment</th><td>Payment is due within 4 days. Unpaid items may be canceled and relisted.</td></tr><tr><th align=""left"">Shipping</th><td>Items ship via eBay Standard Envelope. Combined shipping may apply. Usually ships within 1 business day.</td></tr><tr><th align=""left"">Disclaimer</th><td>All cards are sold as-is. Review item condition and images. No refunds or returns. Contact us before leaving negative feedback.</td></tr></table></div>",FixedPrice,GTC,3.89,,1,,ImmediatePayRequired,,United States,,Flat,USPSFirstClass,1,0.0,,,1,,,ReturnsNotAccepted,,,,,,,,,,,,,No,No,,,
Add,jrnqz,261328,0,ANDRES VALOR 2024 Bowman Chrome #BCP-196 Refractors Miami Marlins #/499,,,4000,No,BASEBALL,,,,,,,,MLB,,,No,Excellent,,,,Sports Trading Card,,,,,,,,,,,,,,,,,,,,,"<div style=""background:#FDFEFE;border:1px solid #CBD4C2;color:#353535;padding:40px;line-height:1.6;font-family:Arial,sans-serif;font-size:16px;""><h1 style=""text-align:center;"">ANDRES VALOR 2024 Bowman Chrome #BCP-196 Refractors Miami Marlins #/499</h1><table style=""width:100%;margin-top:30px;border-spacing:0;""><tr><th align=""left"">Payment</th><td>Payment is due within 4 days. Unpaid items may be canceled and relisted.</td></tr><tr><th align=""left"">Shipping</th><td>Items ship via eBay Standard Envelope. Combined shipping may apply. Usually ships within 1 business day.</td></tr><tr><th align=""left"">Disclaimer</th><td>All cards are sold as-is. Review item condition and images. No refunds or returns. Contact us before leaving negative feedback.</td></tr></table></div>",FixedPrice,GTC,5.49,,1,,ImmediatePayRequired,,United States,,Flat,USPSFirstClass,1,0.0,,,1,,,ReturnsNotAccepted,,,,,,,,,,,,,No,No,,,
Add,jrnr0,261328,0,ELIAS MEDINA 2024 Bowman Chrome #BCP-183 Refractors Los Angeles Dodgers #/499,,,4000,No,BASEBALL,,,,,,,,MLB,,,No,Excellent,,,,Sports Trading Card,,,,,,,,,,,,,,,,,,,,,"<div style=""background:#FDFEFE;border:1px solid #CBD4C2;color:#353535;padding:40px;line-height:1.6;font-family:Arial,sans-serif;font-size:16px;""><h1 style=""text-align:center;"">ELIAS MEDINA 2024 Bowman Chrome #BCP-183 Refractors Los Angeles Dodgers #/499</h1><table style=""width:100%;margin-top:30px;border-spacing:0;""><tr><th align=""left"">Payment</th><td>Payment is due within 4 days. Unpaid items may be canceled and relisted.</td></tr><tr><th align=""left"">Shipping</th><td>Items ship via eBay Standard Envelope. Combined shipping may apply. Usually ships within 1 business day.</td></tr><tr><th align=""left"">Disclaimer</th><td>All cards are sold as-is. Review item condition and images. No refunds or returns. Contact us before leaving negative feedback.</td></tr></table></div>",FixedPrice,GTC,5.99,,1,,ImmediatePayRequired,,United States,,Flat,USPSFirstClass,1,0.0,,,1,,,ReturnsNotAccepted,,,,,,,,,,,,,No,No,,,
Add,jrnr1,261328,0,ALIKA WILLIAMS 2024 Topps Chrome #34 Green Refractors Pittsburgh Pirates #/99,,,4000,No,BASEBALL,,,,,,,,MLB,,,No,Excellent,,,,Sports Trading Card,,,,,,,,,,,,,,,,,,,,,"<div style=""background:#FDFEFE;border:1px solid #CBD4C2;color:#353535;padding:40px;line-height:1.6;font-family:Arial,sans-serif;font-size:16px;""><h1 style=""text-align:center;"">ALIKA WILLIAMS 2024 Topps Chrome #34 Green Refractors Pittsburgh Pirates #/99</h1><table style=""width:100%;margin-top:30px;border-spacing:0;""><tr><th align=""left"">Payment</th><td>Payment is due within 4 days. Unpaid items may be canceled and relisted.</td></tr><tr><th align=""left"">Shipping</th><td>Items ship via eBay Standard Envelope. Combined shipping may apply. Usually ships within 1 business day.</td></tr><tr><th align=""left"">Disclaimer</th><td>All cards are sold as-is. Review item condition and images. No refunds or returns. Contact us before leaving negative feedback.</td></tr></table></div>",FixedPrice,GTC,3.99,,1,,ImmediatePayRequired,,United States,,Flat,USPSFirstClass,1,0.0,,,1,,,ReturnsNotAccepted,,,,,,,,,,,,,No,No,,,
