Info,Version=1.0.0,Template=fx_category_template_EBAY_US,,,,,,,,,,,,,,,,,,,,,,,,,,,,,,,,,,,,,,,,,,,,,,,,,,,,,,,,,,,,,,,,,,,,,,,,,,,,,,,,,,,,,
*Action(SiteID=US|Country=US|Currency=USD|Version=1193|CC=UTF-8),CustomLabel,*Category,StoreCategory,*Title,Subtitle,Relationship,*ConditionID,*C:Graded,*C:Sport,*C:Player/Athlete,*C:Parallel/Variety,*C:Manufacturer,C:Season,*C:Features,*C:Set,CD:Grade - (ID: 27502),*C:League,CD:Professional Grader - (ID: 27501),*C:Team,*C:Autographed,CD:Card Condition - (ID: 40001),*C:Card Name,*C:Card Number,CDA:Certification Number - (ID: 27503),*C:Type,C:Signed By,C:Autograph Authentication,C:Year Manufactured,C:Card Size,C:Country/Region of Manufacturer,C:Material,C:Autograph Format,C:Vintage,C:Original/Licensed Reprint,C:Event/Tournament,C:Language,C:Autograph Authentication Number,C:Bundle Description,C:California Prop 65 Warning,C:Card Thickness,C:Custom Bundle,C:Insert Set,C:Print Run,PicURL,GalleryType,*Description,*Format,*Duration,*StartPrice,BuyItNowPrice,*Quantity,PayPalAccepted,PayPalEmailAddress,ImmediatePayRequired,PaymentInstructions,*Location,PostalCode,ShippingType,ShippingService-1:Option,ShippingService-1:FreeShipping,ShippingService-1:Cost,ShippingService-1:AdditionalCost,ShippingService-2:Option,ShippingService-2:Cost,*DispatchTimeMax,PromotionalShippingDiscount,ShippingDiscountProfileID,*ReturnsAcceptedOption,ReturnsWithinOption,RefundOption,ShippingCostPaidByOption,AdditionalDetails,ShippingProfileName,ReturnProfileName,PaymentProfileName,TakeBackPolicyID,ProductCompliancePolicyID,ScheduleTime,BestOfferEnabled,MinimumBestOfferPrice,BestOfferAutoAcceptPrice,*C:Rookie,*C:Memorabilia,ActiveListings,SoldListings,Confidence,PricingPulledFrom
Revise,BA-000058-ogxyr,261328,0,2025-26 Topps Chrome TYLER HERRO #188 Red White and Blue Refractor MIAMI Heat,,,4000,No,,,,,,,,,,,,,Excellent,,,,,,,,,,,,,,,,,,,,,,,,,,FixedPriceItem,GTC,3.99,,1,,,ImmediatePayRequired,,United States,,Flat,USPSFirstClass,1,0.0,,,,1,,,ReturnsNotAccepted,,,,,,,,,,,,,,Yes,No,,,,
Revise,BA-000060-ogxyw,261328,0,2025-26 Topps Chrome TYRESE MAXEY #185 PHILADELPHIA 76ers Basketball,,,4000,No,,,,,,,,,,,,,Excellent,,,,,,,,,,,,,,,,,,,,,,,,,,FixedPriceItem,GTC,3.49,,1,,,ImmediatePayRequired,,United States,,Flat,USPSFirstClass,1,0.0,,,,1,,,ReturnsNotAccepted,,,,,,,,,,,,,,Yes,No,,,,
Revise,BA-000061-ogxyy,261328,0,2025-26 Topps Chrome JEREMIAH FEARS #257 NEW ORLEANS Pelicans Basketball,,,4000,No,,,,,,,,,,,,,Excellent,,,,,,,,,,,,,,,,,,,,,,,,,,FixedPriceItem,GTC,3.49,,1,,,ImmediatePayRequired,,United States,,Flat,USPSFirstClass,1,0.0,,,,1,,,ReturnsNotAccepted,,,,,,,,,,,,,,Yes,No,,,,
Revise,BA-000062-ogxz0,261328,0,2025-26 Topps Chrome CASON WALLACE #191 OKLAHOMA CITY THUNDER Basketball,,,4000,No,,,,,,,,,,,,,Excellent,,,,,,,,,,,,,,,,,,,,,,,,,,FixedPriceItem,GTC,2.99,,1,,,ImmediatePayRequired,,United States,,Flat,USPSFirstClass,1,0.0,,,,1,,,ReturnsNotAccepted,,,,,,,,,,,,,,Yes,No,,,,
Revise,BA-000063-ogxz2,261328,0,2025-26 Topps Chrome ACE BAILEY #GT-20 GO TIME UTAH JAZZ Basketball,,,4000,No,,,,,,,,,,,,,Excellent,,,,,,,,,,,,,,,,,,,,,,,,,,FixedPriceItem,GTC,3.49,,1,,,ImmediatePayRequired,,United States,,Flat,USPSFirstClass,1,0.0,,,,1,,,ReturnsNotAccepted,,,,,,,,,,,,,,Yes,No,,,,
Revise,BA-000064-ogxz4,261328,0,2025-26 Topps Chrome JALEN Green #BD-8 BALL of DUTY HOUSTON ROCKETS Basketball,,,4000,No,,,,,,,,,,,,,Excellent,,,,,,,,,,,,,,,,,,,,,,,,,,FixedPriceItem,GTC,1.25,,1,,,ImmediatePayRequired,,United States,,Flat,USPSFirstClass,1,0.0,,,,1,,,ReturnsNotAccepted,,,,,,,,,,,,,,Yes,No,,,,
Revise,BA-000065-ogxz6,261328,0,2025-26 Topps Chrome KASPARAS JAKUČIONIS #270 MIAMI Heat Basketball,,,4000,No,,,,,,,,,,,,,Excellent,,,,,,,,,,,,,,,,,,,,,,,,,,FixedPriceItem,GTC,1.25,,1,,,ImmediatePayRequired,,United States,,Flat,USPSFirstClass,1,0.0,,,,1,,,ReturnsNotAccepted,,,,,,,,,,,,,,Yes,No,,,,
Revise,BA-000067-ogxza,261328,0,2025-26 Topps Chrome JOEL EMBIID #IP-10 INSPIRATIONAL PHILADELPHIA 76ers,,,4000,No,,,,,,,,,,,,,Excellent,,,,,,,,,,,,,,,,,,,,,,,,,,FixedPriceItem,GTC,2.99,,1,,,ImmediatePayRequired,,United States,,Flat,USPSFirstClass,1,0.0,,,,1,,,ReturnsNotAccepted,,,,,,,,,,,,,,Yes,No,,,,
Revise,BA-000068-ogxzb,261328,0,2025-26 Topps Chrome D'ANGELO RUSSELL #79 BROOKLYN Nets Basketball,,,4000,No,,,,,,,,,,,,,Excellent,,,,,,,,,,,,,,,,,,,,,,,,,,FixedPriceItem,GTC,2.49,,1,,,ImmediatePayRequired,,United States,,Flat,USPSFirstClass,1,0.0,,,,1,,,ReturnsNotAccepted,,,,,,,,,,,,,,Yes,No,,,,
Revise,BA-000070-ogxzd,261328,0,2025-26 Topps Chrome LIAM MCNEELEY #279 CHARLOTTE HORNETS Basketball,,,4000,No,,,,,,,,,,,,,Excellent,,,,,,,,,,,,,,,,,,,,,,,,,,FixedPriceItem,GTC,3.99,,1,,,ImmediatePayRequired,,United States,,Flat,USPSFirstClass,1,0.0,,,,1,,,ReturnsNotAccepted,,,,,,,,,,,,,,Yes,No,,,,
Revise,BA-000069-ogxzc,261328,0,2025-26 Topps Chrome DANNY WOLF #277 Basketball Refractor BROOKLYN Nets,,,4000,No,,,,,,,,,,,,,Excellent,,,,,,,,,,,,,,,,,,,,,,,,,,FixedPriceItem,GTC,5.99,,1,,,ImmediatePayRequired,,United States,,Flat,USPSFirstClass,1,0.0,,,,1,,,ReturnsNotAccepted,,,,,,,,,,,,,,Yes,No,,,,
Revise,BA-000071-ogxze,261328,0,2025-26 Topps Chrome BRANDON CLARKE #133 Red White and Blue Refractor Grizzlies,,,4000,No,,,,,,,,,,,,,Excellent,,,,,,,,,,,,,,,,,,,,,,,,,,FixedPriceItem,GTC,3.99,,1,,,ImmediatePayRequired,,United States,,Flat,USPSFirstClass,1,0.0,,,,1,,,ReturnsNotAccepted,,,,,,,,,,,,,,Yes,No,,,,
Revise,BA-000073-ogxzg,261328,0,2025-26 Topps Chrome LAMELO BALL #BD-13 BALL of DUTY CHARLOTTE HORNETS,,,4000,No,,,,,,,,,,,,,Excellent,,,,,,,,,,,,,,,,,,,,,,,,,,FixedPriceItem,GTC,2.99,,1,,,ImmediatePayRequired,,United States,,Flat,USPSFirstClass,1,0.0,,,,1,,,ReturnsNotAccepted,,,,,,,,,,,,,,Yes,No,,,,
Revise,BA-000074-ogxzi,261328,0,2025-26 Topps Chrome DAY'RON SHARPE #74 BROOKLYN Nets Basketball,,,4000,No,,,,,,,,,,,,,Excellent,,,,,,,,,,,,,,,,,,,,,,,,,,FixedPriceItem,GTC,2.49,,1,,,ImmediatePayRequired,,United States,,Flat,USPSFirstClass,1,0.0,,,,1,,,ReturnsNotAccepted,,,,,,,,,,,,,,Yes,No,,,,
Revise,BA-000075-ogxzj,261328,0,2025-26 Topps Chrome DERIK QUEEN #263 NEW ORLEANS Pelicans Basketball,,,4000,No,,,,,,,,,,,,,Excellent,,,,,,,,,,,,,,,,,,,,,,,,,,FixedPriceItem,GTC,4.99,,1,,,ImmediatePayRequired,,United States,,Flat,USPSFirstClass,1,0.0,,,,1,,,ReturnsNotAccepted,,,,,,,,,,,,,,Yes,No,,,,
Revise,BA-000076-ogxzk,261328,0,2025-26 Topps Chrome CHAZ LANIER #288 DETROIT Pistons Basketball,,,4000,No,,,,,,,,,,,,,Excellent,,,,,,,,,,,,,,,,,,,,,,,,,,FixedPriceItem,GTC,2.99,,1,,,ImmediatePayRequired,,United States,,Flat,USPSFirstClass,1,0.0,,,,1,,,ReturnsNotAccepted,,,,,,,,,,,,,,Yes,No,,,,
Revise,BA-000079-ogxzn,261328,0,2025-26 Topps Chrome BROOKS BARNHIZER #295 Red White and Blue Refractor THUNDER,,,4000,No,,,,,,,,,,,,,Excellent,,,,,,,,,,,,,,,,,,,,,,,,,,FixedPriceItem,GTC,2.99,,1,,,ImmediatePayRequired,,United States,,Flat,USPSFirstClass,1,0.0,,,,1,,,ReturnsNotAccepted,,,,,,,,,,,,,,Yes,No,,,,
Revise,BA-000080-ogxzo,261328,0,2024-25 Donruss Optic LUKA DONCIC #214 Holo DALLAS MAVERICKS Basketball,,,4000,No,,,,,,,,,,,,,Excellent,,,,,,,,,,,,,,,,,,,,,,,,,,FixedPriceItem,GTC,3.99,,1,,,ImmediatePayRequired,,United States,,Flat,USPSFirstClass,1,0.0,,,,1,,,ReturnsNotAccepted,,,,,,,,,,,,,,Yes,No,,,,
Revise,BA-000081-ogxzp,261328,0,2024-25 Donruss Optic KYSHAWN GEORGE #299 WASHINGTON WIZARDS Basketball,,,4000,No,,,,,,,,,,,,,Excellent,,,,,,,,,,,,,,,,,,,,,,,,,,FixedPriceItem,GTC,4.49,,1,,,ImmediatePayRequired,,United States,,Flat,USPSFirstClass,1,0.0,,,,1,,,ReturnsNotAccepted,,,,,,,,,,,,,,Yes,No,,,,
Revise,BA-000082-ogxzq,261328,0,2024-25 Donruss Optic DYSON DANIELS #56 Holo ATLANTA Hawks Basketball,,,4000,No,,,,,,,,,,,,,Excellent,,,,,,,,,,,,,,,,,,,,,,,,,,FixedPriceItem,GTC,3.49,,1,,,ImmediatePayRequired,,United States,,Flat,USPSFirstClass,1,0.0,,,,1,,,ReturnsNotAccepted,,,,,,,,,,,,,,Yes,No,,,,
Revise,BA-000083-ogxzt,261328,0,2024-25 Donruss Optic IVICA ZUBAC #58 Purple LOS ANGELES Clippers Basketball,,,4000,No,,,,,,,,,,,,,Excellent,,,,,,,,,,,,,,,,,,,,,,,,,,FixedPriceItem,GTC,3.49,,1,,,ImmediatePayRequired,,United States,,Flat,USPSFirstClass,1,0.0,,,,1,,,ReturnsNotAccepted,,,,,,,,,,,,,,Yes,No,,,,
Revise,BA-000085-ogxzv,261328,0,2024-25 Donruss Optic CADE CUNNINGHAM #26 Holo DETROIT Pistons Basketball,,,4000,No,,,,,,,,,,,,,Excellent,,,,,,,,,,,,,,,,,,,,,,,,,,FixedPriceItem,GTC,3.49,,1,,,ImmediatePayRequired,,United States,,Flat,USPSFirstClass,1,0.0,,,,1,,,ReturnsNotAccepted,,,,,,,,,,,,,,Yes,No,,,,
Revise,BA-000086-ogxzw,261328,0,2024-25 Donruss Optic KRISTAPS PORZINGIS #9 WINNER STAYS Holo BOSTON Celtics,,,4000,No,,,,,,,,,,,,,Excellent,,,,,,,,,,,,,,,,,,,,,,,,,,FixedPriceItem,GTC,3.49,,1,,,ImmediatePayRequired,,United States,,Flat,USPSFirstClass,1,0.0,,,,1,,,ReturnsNotAccepted,,,,,,,,,,,,,,Yes,No,,,,
Revise,BA-000087-ogxzx,261328,0,2024-25 Donruss Optic GRADEY DICK #184 Purple TORONTO RAPTORS Basketball,,,4000,No,,,,,,,,,,,,,Excellent,,,,,,,,,,,,,,,,,,,,,,,,,,FixedPriceItem,GTC,3.99,,1,,,ImmediatePayRequired,,United States,,Flat,USPSFirstClass,1,0.0,,,,1,,,ReturnsNotAccepted,,,,,,,,,,,,,,Yes,No,,,,
Revise,BA-000088-ogxzy,261328,0,2024-25 Donruss Optic ANTHONY Black #154 Holo ORLANDO MAGIC Basketball,,,4000,No,,,,,,,,,,,,,Excellent,,,,,,,,,,,,,,,,,,,,,,,,,,FixedPriceItem,GTC,3.99,,1,,,ImmediatePayRequired,,United States,,Flat,USPSFirstClass,1,0.0,,,,1,,,ReturnsNotAccepted,,,,,,,,,,,,,,Yes,No,,,,
Revise,BA-000092-ot9pc,261328,0,2025-26 Topps Chrome ANTHONY EDWARDS #IP-5 INSPIRATIONAL MINNESOTA TIMBERWOLVES,,,4000,No,,,,,,,,,,,,,Excellent,,,,,,,,,,,,,,,,,,,,,,,,,,FixedPriceItem,GTC,2.99,,1,,,ImmediatePayRequired,,United States,,Flat,USPSFirstClass,1,0.0,,,,1,,,ReturnsNotAccepted,,,,,,,,,,,,,,Yes,No,,,,
Revise,BA-000094-ot9ph,261328,0,2025-26 Topps Chrome PAOLO BANCHERO #BD-14 BALL of DUTY ORLANDO MAGIC Basketball,,,4000,No,,,,,,,,,,,,,Excellent,,,,,,,,,,,,,,,,,,,,,,,,,,FixedPriceItem,GTC,3.49,,1,,,ImmediatePayRequired,,United States,,Flat,USPSFirstClass,1,0.0,,,,1,,,ReturnsNotAccepted,,,,,,,,,,,,,,Yes,No,,,,
Revise,BA-000093-ot9pd,261328,0,2025-26 Topps Chrome JA MORANT #SF-2 SLEEK FINISHERS MEMPHIS Grizzlies,,,4000,No,,,,,,,,,,,,,Excellent,,,,,,,,,,,,,,,,,,,,,,,,,,FixedPriceItem,GTC,3.49,,1,,,ImmediatePayRequired,,United States,,Flat,USPSFirstClass,1,0.0,,,,1,,,ReturnsNotAccepted,,,,,,,,,,,,,,Yes,No,,,,
Revise,BA-000096-ot9pl,261328,0,2025-26 Topps Chrome JIMMY BUTLER III #GT-2 GO TIME GOLDEN STATE Warriors,,,4000,No,,,,,,,,,,,,,Excellent,,,,,,,,,,,,,,,,,,,,,,,,,,FixedPriceItem,GTC,2.49,,1,,,ImmediatePayRequired,,United States,,Flat,USPSFirstClass,1,0.0,,,,1,,,ReturnsNotAccepted,,,,,,,,,,,,,,Yes,No,,,,
Revise,BA-000097-ot9po,261328,0,2025-26 Topps Chrome JARACE WALKER #53 PULSAR REF INDIANA Pacers Basketball,,,4000,No,,,,,,,,,,,,,Excellent,,,,,,,,,,,,,,,,,,,,,,,,,,FixedPriceItem,GTC,2.49,,1,,,ImmediatePayRequired,,United States,,Flat,USPSFirstClass,1,0.0,,,,1,,,ReturnsNotAccepted,,,,,,,,,,,,,,Yes,No,,,,
Revise,BA-000099-ot9ps,261328,0,2025-26 Topps Chrome SHAEDON SHARPE #150 Refractor TRAIL BLAZERS Basketball,,,4000,No,,,,,,,,,,,,,Excellent,,,,,,,,,,,,,,,,,,,,,,,,,,FixedPriceItem,GTC,3.49,,1,,,ImmediatePayRequired,,United States,,Flat,USPSFirstClass,1,0.0,,,,1,,,ReturnsNotAccepted,,,,,,,,,,,,,,Yes,No,,,,
Revise,BA-000100-ot9pv,261328,0,2025-26 Topps Chrome SPENCER DINWIDDIE #13 PULSAR Refractor DALLAS MAVERICKS,,,4000,No,,,,,,,,,,,,,Excellent,,,,,,,,,,,,,,,,,,,,,,,,,,FixedPriceItem,GTC,2.99,,1,,,ImmediatePayRequired,,United States,,Flat,USPSFirstClass,1,0.0,,,,1,,,ReturnsNotAccepted,,,,,,,,,,,,,,Yes,No,,,,
Revise,BA-000101-ot9px,261328,0,2025-26 Topps Chrome JAIME JAQUEZ JR. #161 MIAMI Heat Basketball,,,4000,No,,,,,,,,,,,,,Excellent,,,,,,,,,,,,,,,,,,,,,,,,,,FixedPriceItem,GTC,2.99,,1,,,ImmediatePayRequired,,United States,,Flat,USPSFirstClass,1,0.0,,,,1,,,ReturnsNotAccepted,,,,,,,,,,,,,,Yes,No,,,,
Revise,BA-000102-ot9pz,261328,0,2025-26 Topps Chrome JASE RICHARDSON #275 ORLANDO MAGIC Basketball,,,4000,No,,,,,,,,,,,,,Excellent,,,,,,,,,,,,,,,,,,,,,,,,,,FixedPriceItem,GTC,3.49,,1,,,ImmediatePayRequired,,United States,,Flat,USPSFirstClass,1,0.0,,,,1,,,ReturnsNotAccepted,,,,,,,,,,,,,,Yes,No,,,,
Revise,BA-000103-ot9q2,261328,0,2025-26 Topps Chrome KHAMAN MALUACH #260 PHOENIX Suns Basketball,,,4000,No,,,,,,,,,,,,,Excellent,,,,,,,,,,,,,,,,,,,,,,,,,,FixedPriceItem,GTC,3.49,,1,,,ImmediatePayRequired,,United States,,Flat,USPSFirstClass,1,0.0,,,,1,,,ReturnsNotAccepted,,,,,,,,,,,,,,Yes,No,,,,
Revise,BA-000104-ot9q3,261328,0,2025-26 Topps Chrome ZACCHARIE RISACHER #2 ATLANTA Hawks Basketball,,,4000,No,,,,,,,,,,,,,Excellent,,,,,,,,,,,,,,,,,,,,,,,,,,FixedPriceItem,GTC,3.99,,1,,,ImmediatePayRequired,,United States,,Flat,USPSFirstClass,1,0.0,,,,1,,,ReturnsNotAccepted,,,,,,,,,,,,,,Yes,No,,,,
Revise,AA-000003-p439c,261328,0,2025-26 Topps Chrome ACE BAILEY #255 UTAH JAZZ Basketball,,,4000,No,,,,,,,,,,,,,Excellent,,,,,,,,,,,,,,,,,,,,,,,,,,FixedPriceItem,GTC,2.99,,1,,,ImmediatePayRequired,,United States,,Flat,USPSFirstClass,1,0.0,,,,1,,,ReturnsNotAccepted,,,,,,,,,,,,,,Yes,No,,,,
Revise,AA-000004-p439g,261328,0,2025-26 Topps Chrome GIANNIS ANTETOKOUNMPO #IP-3 INSPIRATIONAL MILWAUKEE Bucks,,,4000,No,,,,,,,,,,,,,Excellent,,,,,,,,,,,,,,,,,,,,,,,,,,FixedPriceItem,GTC,2.99,,1,,,ImmediatePayRequired,,United States,,Flat,USPSFirstClass,1,0.0,,,,1,,,ReturnsNotAccepted,,,,,,,,,,,,,,Yes,No,,,,
Revise,AA-000005-p439k,261328,0,2025-26 Topps Chrome ASA NEWELL #273 ATLANTA Hawks Basketball,,,4000,No,,,,,,,,,,,,,Excellent,,,,,,,,,,,,,,,,,,,,,,,,,,FixedPriceItem,GTC,2.99,,1,,,ImmediatePayRequired,,United States,,Flat,USPSFirstClass,1,0.0,,,,1,,,ReturnsNotAccepted,,,,,,,,,,,,,,Yes,No,,,,
Revise,AA-000007-p439s,261328,0,2025-26 Topps Chrome DORIAN FINNEY-SMITH #192 PULSAR Refractor Lakers Basketball,,,4000,No,,,,,,,,,,,,,Excellent,,,,,,,,,,,,,,,,,,,,,,,,,,FixedPriceItem,GTC,2.99,,1,,,ImmediatePayRequired,,United States,,Flat,USPSFirstClass,1,0.0,,,,1,,,ReturnsNotAccepted,,,,,,,,,,,,,,Yes,No,,,,
Revise,AA-000006-p439o,261328,0,2025-26 Topps Chrome DANNY WOLF #277 BROOKLYN Nets Basketball,,,4000,No,,,,,,,,,,,,,Excellent,,,,,,,,,,,,,,,,,,,,,,,,,,FixedPriceItem,GTC,2.99,,1,,,ImmediatePayRequired,,United States,,Flat,USPSFirstClass,1,0.0,,,,1,,,ReturnsNotAccepted,,,,,,,,,,,,,,Yes,No,,,,
Revise,AA-000009-p43a0,261328,0,2025-26 Topps Chrome VJ EDGECOMBE #253 PHILADELPHIA 76ers Basketball,,,4000,No,,,,,,,,,,,,,Excellent,,,,,,,,,,,,,,,,,,,,,,,,,,FixedPriceItem,GTC,5.99,,1,,,ImmediatePayRequired,,United States,,Flat,USPSFirstClass,1,0.0,,,,1,,,ReturnsNotAccepted,,,,,,,,,,,,,,Yes,No,,,,
Revise,AA-000011-p43a7,261328,0,2025-26 Topps Chrome NOA ESSENGUE #262 CHICAGO Bulls Basketball,,,4000,No,,,,,,,,,,,,,Excellent,,,,,,,,,,,,,,,,,,,,,,,,,,FixedPriceItem,GTC,2.99,,1,,,ImmediatePayRequired,,United States,,Flat,USPSFirstClass,1,0.0,,,,1,,,ReturnsNotAccepted,,,,,,,,,,,,,,Yes,No,,,,
Revise,AA-000012-p43ab,261328,0,2025-26 Topps Chrome JAMES HARDEN #IP-17 INSPIRATIONAL LOS ANGELES Clippers,,,4000,No,,,,,,,,,,,,,Excellent,,,,,,,,,,,,,,,,,,,,,,,,,,FixedPriceItem,GTC,2.99,,1,,,ImmediatePayRequired,,United States,,Flat,USPSFirstClass,1,0.0,,,,1,,,ReturnsNotAccepted,,,,,,,,,,,,,,Yes,No,,,,
Revise,AA-000014-p43ai,261328,0,2025-26 Topps Chrome JASE RICHARDSON #275 PULSAR REF ORLANDO MAGIC Basketball,,,4000,No,,,,,,,,,,,,,Excellent,,,,,,,,,,,,,,,,,,,,,,,,,,FixedPriceItem,GTC,2.49,,1,,,ImmediatePayRequired,,United States,,Flat,USPSFirstClass,1,0.0,,,,1,,,ReturnsNotAccepted,,,,,,,,,,,,,,Yes,No,,,,
Revise,AA-000015-p43al,261328,0,2025-26 Topps Chrome RICHAUN HOLMES #236 PULSAR Refractor WASHINGTON WIZARDS,,,4000,No,,,,,,,,,,,,,Excellent,,,,,,,,,,,,,,,,,,,,,,,,,,FixedPriceItem,GTC,2.49,,1,,,ImmediatePayRequired,,United States,,Flat,USPSFirstClass,1,0.0,,,,1,,,ReturnsNotAccepted,,,,,,,,,,,,,,Yes,No,,,,
Revise,AA-000016-p43ap,261328,0,2025-26 Topps Chrome JAMES HARDEN #AC-8 ACTIVATORS LOS ANGELES Clippers,,,4000,No,,,,,,,,,,,,,Excellent,,,,,,,,,,,,,,,,,,,,,,,,,,FixedPriceItem,GTC,3.49,,1,,,ImmediatePayRequired,,United States,,Flat,USPSFirstClass,1,0.0,,,,1,,,ReturnsNotAccepted,,,,,,,,,,,,,,Yes,No,,,,
Revise,AA-000018-p43aw,261328,0,2025-26 Topps Chrome DONOVAN MITCHELL #BD-7 BALL of DUTY CLEVELAND Cavaliers,,,4000,No,,,,,,,,,,,,,Excellent,,,,,,,,,,,,,,,,,,,,,,,,,,FixedPriceItem,GTC,2.99,,1,,,ImmediatePayRequired,,United States,,Flat,USPSFirstClass,1,0.0,,,,1,,,ReturnsNotAccepted,,,,,,,,,,,,,,Yes,No,,,,
Revise,AA-000019-p43b0,261328,0,2025-26 Topps Chrome DWYANE WADE #SF-12 SLEEK FINISHERS MIAMI Heat Basketball,,,4000,No,,,,,,,,,,,,,Excellent,,,,,,,,,,,,,,,,,,,,,,,,,,FixedPriceItem,GTC,3.99,,1,,,ImmediatePayRequired,,United States,,Flat,USPSFirstClass,1,0.0,,,,1,,,ReturnsNotAccepted,,,,,,,,,,,,,,Yes,No,,,,
Revise,AA-000021-p43b8,261328,0,2025-26 Topps Chrome KAWHI LEONARD #AC-1 ACTIVATORS LOS ANGELES Clippers,,,4000,No,,,,,,,,,,,,,Excellent,,,,,,,,,,,,,,,,,,,,,,,,,,FixedPriceItem,GTC,2.99,,1,,,ImmediatePayRequired,,United States,,Flat,USPSFirstClass,1,0.0,,,,1,,,ReturnsNotAccepted,,,,,,,,,,,,,,Yes,No,,,,
Revise,AA-000020-p43b5,261328,0,2025-26 Topps Chrome DYLAN HARPER #GT-17 GO TIME SAN ANTONIO SPURS Basketball,,,4000,No,,,,,,,,,,,,,Excellent,,,,,,,,,,,,,,,,,,,,,,,,,,FixedPriceItem,GTC,3.99,,1,,,ImmediatePayRequired,,United States,,Flat,USPSFirstClass,1,0.0,,,,1,,,ReturnsNotAccepted,,,,,,,,,,,,,,Yes,No,,,,
Revise,TY-KC000052-k3b69-C31BC4E,261328,0,LUKE VOIT 2022 Topps Chrome Sapphire EDITION #445 NEW YORK Yankees,,,4000,No,,,,,,,,,,,,,Excellent,,,,,,,,,,,,,,,,,,,,,,,,,,FixedPriceItem,GTC,3.49,,1,,,ImmediatePayRequired,,United States,,Flat,USPSFirstClass,1,0.0,,,,1,,,ReturnsNotAccepted,,,,,,,,,,,,,,Yes,No,,,,
Revise,j7ys7-4ADA285,261328,0,2024 Bowman UNIVERSITY Chrome LUTHER BURDEN III #55B-1 Tigers,,,4000,No,,,,,,,,,,,,,Excellent,,,,,,,,,,,,,,,,,,,,,,,,,,FixedPriceItem,GTC,3.49,,1,,,ImmediatePayRequired,,United States,,Flat,USPSFirstClass,1,0.0,,,,1,,,ReturnsNotAccepted,,,,,,,,,,,,,,Yes,No,,,,
Revise,BA-000059-pzphi,261328,0,2019 BOWMAN'S BEST KYLE TUCKER #43 HOUSTON Astros RC Rookie Football,,,4000,No,,,,,,,,,,,,,Excellent,,,,,,,,,,,,,,,,,,,,,,,,,,FixedPriceItem,GTC,3.49,,1,,,ImmediatePayRequired,,United States,,Flat,USPSFirstClass,1,0.0,,,,1,,,ReturnsNotAccepted,,,,,,,,,,,,,,Yes,No,,,,
Revise,BA-000061-q0oxc,261328,0,2022 Bowman Draft 1st EDITION MARCELO MAYER #BD-123 BOSTON Red Sox,,,4000,No,,,,,,,,,,,,,Excellent,,,,,,,,,,,,,,,,,,,,,,,,,,FixedPriceItem,GTC,3.49,,1,,,ImmediatePayRequired,,United States,,Flat,USPSFirstClass,1,0.0,,,,1,,,ReturnsNotAccepted,,,,,,,,,,,,,,Yes,No,,,,
Revise,FA-000029-q0pwo,261328,0,2025 Panini PHOENIX ROQUAN SMITH #96 Blue Hyper Prizm BALTIMORE Ravens #/199,,,4000,No,,,,,,,,,,,,,Excellent,,,,,,,,,,,,,,,,,,,,,,,,,,FixedPriceItem,GTC,6.49,,1,,,ImmediatePayRequired,,United States,,Flat,USPSFirstClass,1,0.0,,,,1,,,ReturnsNotAccepted,,,,,,,,,,,,,,Yes,No,,,,
Revise,FA-000028-q0pwn,261328,0,2025 Panini PHOENIX SAM DARNOLD #49 SEATTLE Seahawks Basketball,,,4000,No,,,,,,,,,,,,,Excellent,,,,,,,,,,,,,,,,,,,,,,,,,,FixedPriceItem,GTC,3.49,,1,,,ImmediatePayRequired,,United States,,Flat,USPSFirstClass,1,0.0,,,,1,,,ReturnsNotAccepted,,,,,,,,,,,,,,Yes,No,,,,
Revise,FA-000030-q0pws,261328,0,2025 Panini PHOENIX JOSH ALLEN #129 BUFFALO Bills Football,,,4000,No,,,,,,,,,,,,,Excellent,,,,,,,,,,,,,,,,,,,,,,,,,,FixedPriceItem,GTC,3.25,,1,,,ImmediatePayRequired,,United States,,Flat,USPSFirstClass,1,0.0,,,,1,,,ReturnsNotAccepted,,,,,,,,,,,,,,Yes,No,,,,
Revise,FA-000031-q0pwt,261328,0,2025 Panini PHOENIX BO NIX #83 DENVER Broncos Football,,,4000,No,,,,,,,,,,,,,Excellent,,,,,,,,,,,,,,,,,,,,,,,,,,FixedPriceItem,GTC,2.99,,1,,,ImmediatePayRequired,,United States,,Flat,USPSFirstClass,1,0.0,,,,1,,,ReturnsNotAccepted,,,,,,,,,,,,,,Yes,No,,,,
Revise,FA-000033-q0pwv,261328,0,2025 Panini PHOENIX TREVOR LAWRENCE #23 THUNDERBIRDS JACKSONVILLE Jaguars,,,4000,No,,,,,,,,,,,,,Excellent,,,,,,,,,,,,,,,,,,,,,,,,,,FixedPriceItem,GTC,2.49,,1,,,ImmediatePayRequired,,United States,,Flat,USPSFirstClass,1,0.0,,,,1,,,ReturnsNotAccepted,,,,,,,,,,,,,,Yes,No,,,,
Revise,FA-000033-q0pwu,261328,0,2025 Panini PHOENIX TRE HARRIS #160 Red Winter Prizm LOS ANGELES Chargers #/399,,,4000,No,,,,,,,,,,,,,Excellent,,,,,,,,,,,,,,,,,,,,,,,,,,FixedPriceItem,GTC,2.99,,1,,,ImmediatePayRequired,,United States,,Flat,USPSFirstClass,1,0.0,,,,1,,,ReturnsNotAccepted,,,,,,,,,,,,,,Yes,No,,,,
Revise,CDP-E80618A-65C4FB4,261328,0,ZAY FLOWERS 2023 Panini Mosaic NFL DEBUT REACTIVE Blue Mosaic Rookie #ND-18 RC,,,4000,No,,,,,,,,,,,,,Excellent,,,,,,,,,,,,,,,,,,,,,,,,,,FixedPriceItem,GTC,5.49,,1,,,ImmediatePayRequired,,United States,,Flat,USPSFirstClass,1,0.0,,,,1,,,ReturnsNotAccepted,,,,,,,,,,,,,,Yes,No,,,,
Revise,PA-000003-qbm0n,183454,0,SV04: PARADOX RIFT SPINDA #151/182,,,4000,No,,,,,,,,,,,,,Near mint or better,,,,,,,,,,,,,,,,,,,,,,,,,,FixedPriceItem,GTC,1.99,,1,,,ImmediatePayRequired,,United States,,Flat,USPSFirstClass,1,0.0,,,,1,,,ReturnsNotAccepted,,,,,,,,,,,,,,Yes,No,,,,
Revise,PA-000007-qbm0r,183454,0,SV04: PARADOX RIFT MINIOR #099/182,,,4000,No,,,,,,,,,,,,,Near mint or better,,,,,,,,,,,,,,,,,,,,,,,,,,FixedPriceItem,GTC,1.99,,1,,,ImmediatePayRequired,,United States,,Flat,USPSFirstClass,1,0.0,,,,1,,,ReturnsNotAccepted,,,,,,,,,,,,,,Yes,No,,,,
Revise,PA-000008-qbm0s,183454,0,SV04: PARADOX RIFT CROCALOR #024/182,,,4000,No,,,,,,,,,,,,,Near mint or better,,,,,,,,,,,,,,,,,,,,,,,,,,FixedPriceItem,GTC,1.99,,1,,,ImmediatePayRequired,,United States,,Flat,USPSFirstClass,1,0.0,,,,1,,,ReturnsNotAccepted,,,,,,,,,,,,,,Yes,No,,,,
Revise,PA-000011-qbm0v,183454,0,Deck EXCLUSIVES AEGISLASH #134/182,,,4000,No,,,,,,,,,,,,,Near mint or better,,,,,,,,,,,,,,,,,,,,,,,,,,FixedPriceItem,GTC,1.99,,1,,,ImmediatePayRequired,,United States,,Flat,USPSFirstClass,1,0.0,,,,1,,,ReturnsNotAccepted,,,,,,,,,,,,,,Yes,No,,,,
Revise,PA-000016-qbm10,183454,0,SV04: PARADOX RIFT NATU #071/182,,,4000,No,,,,,,,,,,,,,Near mint or better,,,,,,,,,,,,,,,,,,,,,,,,,,FixedPriceItem,GTC,1.99,,1,,,ImmediatePayRequired,,United States,,Flat,USPSFirstClass,1,0.0,,,,1,,,ReturnsNotAccepted,,,,,,,,,,,,,,Yes,No,,,,
Revise,PA-000014-qbm0y,183454,0,SV04: PARADOX RIFT PUMPKABOO #077/182,,,4000,No,,,,,,,,,,,,,Near mint or better,,,,,,,,,,,,,,,,,,,,,,,,,,FixedPriceItem,GTC,2.49,,1,,,ImmediatePayRequired,,United States,,Flat,USPSFirstClass,1,0.0,,,,1,,,ReturnsNotAccepted,,,,,,,,,,,,,,Yes,No,,,,
Revise,PA-000015-qbm0z,183454,0,SV04: PARADOX RIFT ZUBAT #110/182,,,4000,No,,,,,,,,,,,,,Near mint or better,,,,,,,,,,,,,,,,,,,,,,,,,,FixedPriceItem,GTC,1.99,,1,,,ImmediatePayRequired,,United States,,Flat,USPSFirstClass,1,0.0,,,,1,,,ReturnsNotAccepted,,,,,,,,,,,,,,Yes,No,,,,
Revise,PA-000017-qbm11,183454,0,SV04: PARADOX RIFT PURRLOIN #114/182,,,4000,No,,,,,,,,,,,,,Near mint or better,,,,,,,,,,,,,,,,,,,,,,,,,,FixedPriceItem,GTC,1.99,,1,,,ImmediatePayRequired,,United States,,Flat,USPSFirstClass,1,0.0,,,,1,,,ReturnsNotAccepted,,,,,,,,,,,,,,Yes,No,,,,
Revise,PA-000020-qbm14,183454,0,PRIZE PACK Series Cards PROFESSOR SADA'S VITALITY #170/182,,,4000,No,,,,,,,,,,,,,Near mint or better,,,,,,,,,,,,,,,,,,,,,,,,,,FixedPriceItem,GTC,1.99,,1,,,ImmediatePayRequired,,United States,,Flat,USPSFirstClass,1,0.0,,,,1,,,ReturnsNotAccepted,,,,,,,,,,,,,,Yes,No,,,,
Revise,PA-000023-qbm17,183454,0,Deck EXCLUSIVES XATU #072/182,,,4000,No,,,,,,,,,,,,,Near mint or better,,,,,,,,,,,,,,,,,,,,,,,,,,FixedPriceItem,GTC,2.99,,1,,,ImmediatePayRequired,,United States,,Flat,USPSFirstClass,1,0.0,,,,1,,,ReturnsNotAccepted,,,,,,,,,,,,,,Yes,No,,,,
Revise,PA-000022-qbm16,183454,0,SV04: PARADOX RIFT STEELIX #125/182,,,4000,No,,,,,,,,,,,,,Near mint or better,,,,,,,,,,,,,,,,,,,,,,,,,,FixedPriceItem,GTC,2.49,,1,,,ImmediatePayRequired,,United States,,Flat,USPSFirstClass,1,0.0,,,,1,,,ReturnsNotAccepted,,,,,,,,,,,,,,Yes,No,,,,
Revise,PA-000004-qbm0o,183454,0,SV04: PARADOX RIFT TINKATINK #082/182,,,4000,No,,,,,,,,,,,,,Near mint or better,,,,,,,,,,,,,,,,,,,,,,,,,,FixedPriceItem,GTC,2.49,,1,,,ImmediatePayRequired,,United States,,Flat,USPSFirstClass,1,0.0,,,,1,,,ReturnsNotAccepted,,,,,,,,,,,,,,Yes,No,,,,
Revise,PA-000001-qbm0l,183454,0,SV02: PALDEA EVOLVED SHROODLE #144/193,,,4000,No,,,,,,,,,,,,,Near mint or better,,,,,,,,,,,,,,,,,,,,,,,,,,FixedPriceItem,GTC,3.49,,1,,,ImmediatePayRequired,,United States,,Flat,USPSFirstClass,1,0.0,,,,1,,,ReturnsNotAccepted,,,,,,,,,,,,,,Yes,No,,,,
Revise,PA-000009-qbm0t,183454,0,SV04: PARADOX RIFT YAMASK #075/182,,,4000,No,,,,,,,,,,,,,Near mint or better,,,,,,,,,,,,,,,,,,,,,,,,,,FixedPriceItem,GTC,2.49,,1,,,ImmediatePayRequired,,United States,,Flat,USPSFirstClass,1,0.0,,,,1,,,ReturnsNotAccepted,,,,,,,,,,,,,,Yes,No,,,,
Revise,PA-000010-qbm0u,183454,0,SV04: PARADOX RIFT EXPLOUD #150/182,,,4000,No,,,,,,,,,,,,,Near mint or better,,,,,,,,,,,,,,,,,,,,,,,,,,FixedPriceItem,GTC,2.49,,1,,,ImmediatePayRequired,,United States,,Flat,USPSFirstClass,1,0.0,,,,1,,,ReturnsNotAccepted,,,,,,,,,,,,,,Yes,No,,,,
Revise,PA-000012-qbm0w,183454,0,SVE: SCARLET & VIOLET ENERGIES BASIC DARKNESS ENERGY #007,,,4000,No,,,,,,,,,,,,,Near mint or better,,,,,,,,,,,,,,,,,,,,,,,,,,FixedPriceItem,GTC,1.99,,1,,,ImmediatePayRequired,,United States,,Flat,USPSFirstClass,1,0.0,,,,1,,,ReturnsNotAccepted,,,,,,,,,,,,,,Yes,No,,,,
Revise,PA-000013-qbm0x,183454,0,SVE: SCARLET & VIOLET ENERGIES BASIC METAL ENERGY #008,,,4000,No,,,,,,,,,,,,,Near mint or better,,,,,,,,,,,,,,,,,,,,,,,,,,FixedPriceItem,GTC,1.99,,1,,,ImmediatePayRequired,,United States,,Flat,USPSFirstClass,1,0.0,,,,1,,,ReturnsNotAccepted,,,,,,,,,,,,,,Yes,No,,,,
Revise,PA-000018-qbm12,183454,0,SV04: PARADOX RIFT RIKA #172/182,,,4000,No,,,,,,,,,,,,,Near mint or better,,,,,,,,,,,,,,,,,,,,,,,,,,FixedPriceItem,GTC,1.99,,1,,,ImmediatePayRequired,,United States,,Flat,USPSFirstClass,1,0.0,,,,1,,,ReturnsNotAccepted,,,,,,,,,,,,,,Yes,No,,,,
Revise,PA-000021-qbm15,183454,0,SV04: PARADOX RIFT SLITHER WING #107/182,,,4000,No,,,,,,,,,,,,,Near mint or better,,,,,,,,,,,,,,,,,,,,,,,,,,FixedPriceItem,GTC,4.49,,1,,,ImmediatePayRequired,,United States,,Flat,USPSFirstClass,1,0.0,,,,1,,,ReturnsNotAccepted,,,,,,,,,,,,,,Yes,No,,,,
Revise,BA-000047-qdwfo,261328,0,2015 Bowman Draft #75 KYLE TUCKER RC Rookie Astros Cubs Dodgers Football,,,4000,No,,,,,,,,,,,,,Excellent,,,,,,,,,,,,,,,,,,,,,,,,,,FixedPriceItem,GTC,2.99,,1,,,ImmediatePayRequired,,United States,,Flat,USPSFirstClass,1,0.0,,,,1,,,ReturnsNotAccepted,,,,,,,,,,,,,,Yes,No,,,,
Revise,AA-000025-qltq2,261328,0,2025-26 Topps Chrome NOA ESSENGUE #D-11 DESTINY CHICAGO Bulls Basketball,,,4000,No,,,,,,,,,,,,,Excellent,,,,,,,,,,,,,,,,,,,,,,,,,,FixedPriceItem,GTC,2.49,,1,,,ImmediatePayRequired,,United States,,Flat,USPSFirstClass,1,0.0,,,,1,,,ReturnsNotAccepted,,,,,,,,,,,,,,Yes,No,,,,
Revise,FA-000035-qlwc0,261328,0,2024 Panini MOSAIC COURTLAND SUTTON #20 ELEVATE DENVER Broncos Football,,,4000,No,,,,,,,,,,,,,Excellent,,,,,,,,,,,,,,,,,,,,,,,,,,FixedPriceItem,GTC,3.49,,1,,,ImmediatePayRequired,,United States,,Flat,USPSFirstClass,1,0.0,,,,1,,,ReturnsNotAccepted,,,,,,,,,,,,,,Yes,No,,,,
Revise,FA-000037-qlwc2,261328,0,2024 CLEARLY Donruss COURTLAND SUTTON #18 DENVER Broncos Football,,,4000,No,,,,,,,,,,,,,Excellent,,,,,,,,,,,,,,,,,,,,,,,,,,FixedPriceItem,GTC,3.49,,1,,,ImmediatePayRequired,,United States,,Flat,USPSFirstClass,1,0.0,,,,1,,,ReturnsNotAccepted,,,,,,,,,,,,,,Yes,No,,,,
Revise,BA-000053-qtsgg,261328,0,2025 Bowman Draft MASON PETERS #BDC-27 Chrome SEATTLE Mariners,,,4000,No,,,,,,,,,,,,,Excellent,,,,,,,,,,,,,,,,,,,,,,,,,,FixedPriceItem,GTC,2.99,,1,,,ImmediatePayRequired,,United States,,Flat,USPSFirstClass,1,0.0,,,,1,,,ReturnsNotAccepted,,,,,,,,,,,,,,Yes,No,,,,
Revise,BA-000055-qtsgi,261328,0,2025 Bowman Draft GRIFFIN HUGUS #BDC-101 Chrome Refractor SEATTLE Mariners,,,4000,No,,,,,,,,,,,,,Excellent,,,,,,,,,,,,,,,,,,,,,,,,,,FixedPriceItem,GTC,2.99,,1,,,ImmediatePayRequired,,United States,,Flat,USPSFirstClass,1,0.0,,,,1,,,ReturnsNotAccepted,,,,,,,,,,,,,,Yes,No,,,,
Revise,BA-000056-qvtke,261328,0,2025 Topps Update SHOHEI OHTANI / ROKI SASAKI #US269 DIAMANTE Foil Dodgers,,,4000,No,,,,,,,,,,,,,Excellent,,,,,,,,,,,,,,,,,,,,,,,,,,FixedPriceItem,GTC,6.79,,1,,,ImmediatePayRequired,,United States,,Flat,USPSFirstClass,1,0.0,,,,1,,,ReturnsNotAccepted,,,,,,,,,,,,,,Yes,No,,,,
Revise,BA-000062-qvtkk,261328,0,2025 Topps Update BOBBY WITT JR. #NT-4 NIGHT TERRORS KANSAS CITY Royals,,,4000,No,,,,,,,,,,,,,Excellent,,,,,,,,,,,,,,,,,,,,,,,,,,FixedPriceItem,GTC,2.99,,1,,,ImmediatePayRequired,,United States,,Flat,USPSFirstClass,1,0.0,,,,1,,,ReturnsNotAccepted,,,,,,,,,,,,,,Yes,No,,,,
Revise,BA-000060-qvtki,261328,0,2025 Topps Update CAL RALEIGH #ASG-9 2025 ALL-STAR GAME SEATTLE Mariners,,,4000,No,,,,,,,,,,,,,Excellent,,,,,,,,,,,,,,,,,,,,,,,,,,FixedPriceItem,GTC,3.99,,1,,,ImmediatePayRequired,,United States,,Flat,USPSFirstClass,1,0.0,,,,1,,,ReturnsNotAccepted,,,,,,,,,,,,,,Yes,No,,,,
Revise,BA-000063-qvtkl,261328,0,2025 Bowman Chrome AARON JUDGE #99 NEW YORK Yankees,,,4000,No,,,,,,,,,,,,,Excellent,,,,,,,,,,,,,,,,,,,,,,,,,,FixedPriceItem,GTC,2.99,,1,,,ImmediatePayRequired,,United States,,Flat,USPSFirstClass,1,0.0,,,,1,,,ReturnsNotAccepted,,,,,,,,,,,,,,Yes,No,,,,
Revise,BA-000065-qvtkn,261328,0,2025 Topps Chrome Update MARCELO MAYER #PP-45 POWER PLAYERS BOSTON Red Sox,,,4000,No,,,,,,,,,,,,,Excellent,,,,,,,,,,,,,,,,,,,,,,,,,,FixedPriceItem,GTC,2.99,,1,,,ImmediatePayRequired,,United States,,Flat,USPSFirstClass,1,0.0,,,,1,,,ReturnsNotAccepted,,,,,,,,,,,,,,Yes,No,,,,
Revise,BA-000066-qvtko,261328,0,2025 Topps ARCHIVES LUISANGEL ACUÑA #64SU-8 1964 Topps STAND-UPS NEW YORK Mets,,,4000,No,,,,,,,,,,,,,Excellent,,,,,,,,,,,,,,,,,,,,,,,,,,FixedPriceItem,GTC,2.99,,1,,,ImmediatePayRequired,,United States,,Flat,USPSFirstClass,1,0.0,,,,1,,,ReturnsNotAccepted,,,,,,,,,,,,,,Yes,No,,,,
Revise,BA-000068-qvtkq,261328,0,2025 Topps ARCHIVES MARCELO MAYER #64SU-18 1964 Topps STAND-UPS BOSTON Red Sox,,,4000,No,,,,,,,,,,,,,Excellent,,,,,,,,,,,,,,,,,,,,,,,,,,FixedPriceItem,GTC,3.99,,1,,,ImmediatePayRequired,,United States,,Flat,USPSFirstClass,1,0.0,,,,1,,,ReturnsNotAccepted,,,,,,,,,,,,,,Yes,No,,,,
Revise,BA-000067-qvtkp,261328,0,2025 Topps ARCHIVES NICK KURTZ #64SU-25 1964 Topps STAND-UPS Athletics,,,4000,No,,,,,,,,,,,,,Excellent,,,,,,,,,,,,,,,,,,,,,,,,,,FixedPriceItem,GTC,5.79,,1,,,ImmediatePayRequired,,United States,,Flat,USPSFirstClass,1,0.0,,,,1,,,ReturnsNotAccepted,,,,,,,,,,,,,,Yes,No,,,,
Revise,BA-000069-qvtkr,261328,0,2025 Topps Update ROKI SASAKI #U90-11 zDuplicateDoNotUse 1990 Topps 35th Dodgers,,,4000,No,,,,,,,,,,,,,Excellent,,,,,,,,,,,,,,,,,,,,,,,,,,FixedPriceItem,GTC,3.49,,1,,,ImmediatePayRequired,,United States,,Flat,USPSFirstClass,1,0.0,,,,1,,,ReturnsNotAccepted,,,,,,,,,,,,,,Yes,No,,,,
Revise,BA-000073-qvtkv,261328,0,2025 Bowman Chrome PAUL SKENES #30 PITTSBURGH Pirates,,,4000,No,,,,,,,,,,,,,Excellent,,,,,,,,,,,,,,,,,,,,,,,,,,FixedPriceItem,GTC,3.49,,1,,,ImmediatePayRequired,,United States,,Flat,USPSFirstClass,1,0.0,,,,1,,,ReturnsNotAccepted,,,,,,,,,,,,,,Yes,No,,,,
Revise,BA-000074-qvtkw,261328,0,2025 Topps Update LUKE KEASCHALL #BG-12 Topps Black Gold Pink Foil Twins,,,4000,No,,,,,,,,,,,,,Excellent,,,,,,,,,,,,,,,,,,,,,,,,,,FixedPriceItem,GTC,9.19,,1,,,ImmediatePayRequired,,United States,,Flat,USPSFirstClass,1,0.0,,,,1,,,ReturnsNotAccepted,,,,,,,,,,,,,,Yes,No,,,,
Revise,BA-000076-qvtky,261328,0,2025 Bowman Chrome CAM SMITH #77 HOUSTON Astros,,,4000,No,,,,,,,,,,,,,Excellent,,,,,,,,,,,,,,,,,,,,,,,,,,FixedPriceItem,GTC,2.99,,1,,,ImmediatePayRequired,,United States,,Flat,USPSFirstClass,1,0.0,,,,1,,,ReturnsNotAccepted,,,,,,,,,,,,,,Yes,No,,,,
Revise,BA-000075-qvtkx,261328,0,2025 Topps Update MARCELO MAYER #US276 Holo Foil BOSTON Red Sox,,,4000,No,,,,,,,,,,,,,Excellent,,,,,,,,,,,,,,,,,,,,,,,,,,FixedPriceItem,GTC,3.49,,1,,,ImmediatePayRequired,,United States,,Flat,USPSFirstClass,1,0.0,,,,1,,,ReturnsNotAccepted,,,,,,,,,,,,,,Yes,No,,,,
Revise,BA-000078-qvtl0,261328,0,2025 Topps Update NICK KURTZ #US201 Athletics,,,4000,No,,,,,,,,,,,,,Excellent,,,,,,,,,,,,,,,,,,,,,,,,,,FixedPriceItem,GTC,3.49,,1,,,ImmediatePayRequired,,United States,,Flat,USPSFirstClass,1,0.0,,,,1,,,ReturnsNotAccepted,,,,,,,,,,,,,,Yes,No,,,,
Revise,BA-000080-qvtl2,261328,0,2025 Topps ARCHIVES TYLER SODERSTROM #4 Black FOILBOARD Athletics,,,4000,No,,,,,,,,,,,,,Excellent,,,,,,,,,,,,,,,,,,,,,,,,,,FixedPriceItem,GTC,2.99,,1,,,ImmediatePayRequired,,United States,,Flat,USPSFirstClass,1,0.0,,,,1,,,ReturnsNotAccepted,,,,,,,,,,,,,,Yes,No,,,,
Revise,BA-000079-qvtl1,261328,0,2025 Topps Update HYESEONG KIM #U90-13 1990 Topps Baseball 35th Holo Dodgers,,,4000,No,,,,,,,,,,,,,Excellent,,,,,,,,,,,,,,,,,,,,,,,,,,FixedPriceItem,GTC,2.99,,1,,,ImmediatePayRequired,,United States,,Flat,USPSFirstClass,1,0.0,,,,1,,,ReturnsNotAccepted,,,,,,,,,,,,,,Yes,No,,,,
Revise,BA-000077-qvtkz,261328,0,2025 Topps Update VICTOR MESA JR. #US220 Gold MIAMI Marlins #/2025,,,4000,No,,,,,,,,,,,,,Excellent,,,,,,,,,,,,,,,,,,,,,,,,,,FixedPriceItem,GTC,2.99,,1,,,ImmediatePayRequired,,United States,,Flat,USPSFirstClass,1,0.0,,,,1,,,ReturnsNotAccepted,,,,,,,,,,,,,,Yes,No,,,,
Revise,BA-000083-qvtl5,261328,0,2025 Bowman Chrome KRISTIAN CAMPBELL #MR-16 METEORIC RISE MOJO Mega Red Sox,,,4000,No,,,,,,,,,,,,,Excellent,,,,,,,,,,,,,,,,,,,,,,,,,,FixedPriceItem,GTC,3.99,,1,,,ImmediatePayRequired,,United States,,Flat,USPSFirstClass,1,0.0,,,,1,,,ReturnsNotAccepted,,,,,,,,,,,,,,Yes,No,,,,
Revise,BA-000085-qvtl7,261328,0,2025 Bowman Chrome YOSHINOBU YAMAMOTO #76 LOS ANGELES Dodgers,,,4000,No,,,,,,,,,,,,,Excellent,,,,,,,,,,,,,,,,,,,,,,,,,,FixedPriceItem,GTC,2.99,,1,,,ImmediatePayRequired,,United States,,Flat,USPSFirstClass,1,0.0,,,,1,,,ReturnsNotAccepted,,,,,,,,,,,,,,Yes,No,,,,
Revise,BA-000086-qvtl8,261328,0,2025 Topps Update CAM SMITH #US45 DIAMANTE Foil HOUSTON Astros,,,4000,No,,,,,,,,,,,,,Excellent,,,,,,,,,,,,,,,,,,,,,,,,,,FixedPriceItem,GTC,4.49,,1,,,ImmediatePayRequired,,United States,,Flat,USPSFirstClass,1,0.0,,,,1,,,ReturnsNotAccepted,,,,,,,,,,,,,,Yes,No,,,,
Revise,BA-000088-qvtla,261328,0,2025 Topps Update PAXTON SCHULTZ #US350 Gold TORONTO Blue Jays #/2025,,,4000,No,,,,,,,,,,,,,Excellent,,,,,,,,,,,,,,,,,,,,,,,,,,FixedPriceItem,GTC,4.99,,1,,,ImmediatePayRequired,,United States,,Flat,USPSFirstClass,1,0.0,,,,1,,,ReturnsNotAccepted,,,,,,,,,,,,,,Yes,No,,,,
Revise,BA-000087-qvtl9,261328,0,2025 Bowman Chrome CHARLIE CONDON #BCP-248 Prospects MOJO COLORADO Rockies,,,4000,No,,,,,,,,,,,,,Excellent,,,,,,,,,,,,,,,,,,,,,,,,,,FixedPriceItem,GTC,2.99,,1,,,ImmediatePayRequired,,United States,,Flat,USPSFirstClass,1,0.0,,,,1,,,ReturnsNotAccepted,,,,,,,,,,,,,,Yes,No,,,,
Revise,BA-000090-qvtlc,261328,0,2025 Topps ARCHIVES MARCELO MAYER #236 Black FOILBOARD BOSTON Red Sox,,,4000,No,,,,,,,,,,,,,Excellent,,,,,,,,,,,,,,,,,,,,,,,,,,FixedPriceItem,GTC,9.99,,1,,,ImmediatePayRequired,,United States,,Flat,USPSFirstClass,1,0.0,,,,1,,,ReturnsNotAccepted,,,,,,,,,,,,,,Yes,No,,,,
Revise,BA-000094-qvtlg,261328,0,2025 Bowman Chrome LUISANGEL ACUÑA #32b NEW YORK Mets,,,4000,No,,,,,,,,,,,,,Excellent,,,,,,,,,,,,,,,,,,,,,,,,,,FixedPriceItem,GTC,1.99,,1,,,ImmediatePayRequired,,United States,,Flat,USPSFirstClass,1,0.0,,,,1,,,ReturnsNotAccepted,,,,,,,,,,,,,,Yes,No,,,,
Revise,BA-000095-qvtlh,261328,0,2025 Topps ARCHIVES NICK KURTZ #213 Athletics,,,4000,No,,,,,,,,,,,,,Excellent,,,,,,,,,,,,,,,,,,,,,,,,,,FixedPriceItem,GTC,2.99,,1,,,ImmediatePayRequired,,United States,,Flat,USPSFirstClass,1,0.0,,,,1,,,ReturnsNotAccepted,,,,,,,,,,,,,,Yes,No,,,,
Revise,BA-000099-qvtll,261328,0,2025 Bowman Chrome NICK KURTZ #93 MOJO REFRACTORS Athletics ROY,,,4000,No,,,,,,,,,,,,,Near mint or better,,,,,,,,,,,,,,,,,,,,,,,,,,FixedPriceItem,GTC,8.09,,2,,,ImmediatePayRequired,,United States,,Flat,USPSFirstClass,1,0.0,,,,1,,,ReturnsNotAccepted,,,,,,,,,,,,,,Yes,No,,,,
Revise,FB-1692-itzxn-060F241,261328,0,2021 Panini Select SAM DARNOLD #7 Silver Prizm DIE CUT Panthers (Seahawks),,,4000,No,,,,,,,,,,,,,Near mint or better,,,,,,,,,,,,,,,,,,,,,,,,,,FixedPriceItem,GTC,3.49,,1,,,ImmediatePayRequired,,United States,,Flat,USPSFirstClass,1,0.0,,,,1,,,ReturnsNotAccepted,,,,,,,,,,,,,,Yes,No,,,,
Revise,BA-000137-r5lih,261328,0,2025 Topps Chrome Update Sapphire EDITION TRENT GRISHAM #USC54 NEW YORK Yankees,,,4000,No,,,,,,,,,,,,,Excellent,,,,,,,,,,,,,,,,,,,,,,,,,,FixedPriceItem,GTC,5.99,,1,,,ImmediatePayRequired,,United States,,Flat,USPSFirstClass,1,0.0,,,,1,,,ReturnsNotAccepted,,,,,,,,,,,,,,Yes,No,,,,
Revise,BA-000138-r5lii,261328,0,2025 Bowman Draft DAX KILBY #PP-12 PRIZED Prospects NEW YORK Yankees,,,4000,No,,,,,,,,,,,,,Excellent,,,,,,,,,,,,,,,,,,,,,,,,,,FixedPriceItem,GTC,3.99,,1,,,ImmediatePayRequired,,United States,,Flat,USPSFirstClass,1,0.0,,,,1,,,ReturnsNotAccepted,,,,,,,,,,,,,,Yes,No,,,,
Revise,BA-000156-r6eyf,261328,0,2025 Bowman Draft ENRIQUE BRADFIELD JR. #BD-198 SKY Blue BORDER Orioles #/499,,,4000,No,,,,,,,,,,,,,Excellent,,,,,,,,,,,,,,,,,,,,,,,,,,FixedPriceItem,GTC,4.99,,1,,,ImmediatePayRequired,,United States,,Flat,USPSFirstClass,1,0.0,,,,1,,,ReturnsNotAccepted,,,,,,,,,,,,,,Yes,No,,,,
Revise,BA-000160-r6eyk,261328,0,2025 Bowman Draft GRANT RICHARDSON #BD-171 Blue BORDER Athletics #/150,,,4000,No,,,,,,,,,,,,,Excellent,,,,,,,,,,,,,,,,,,,,,,,,,,FixedPriceItem,GTC,5.99,,1,,,ImmediatePayRequired,,United States,,Flat,USPSFirstClass,1,0.0,,,,1,,,ReturnsNotAccepted,,,,,,,,,,,,,,Yes,No,,,,
Revise,BA-000168-r7ewt,261328,0,2025 Bowman Draft GAGE WOOD #BDC-4 Chrome Refractor PHILADELPHIA Phillies,,,4000,No,,,,,,,,,,,,,Excellent,,,,,,,,,,,,,,,,,,,,,,,,,,FixedPriceItem,GTC,5.99,,1,,,ImmediatePayRequired,,United States,,Flat,USPSFirstClass,1,0.0,,,,1,,,ReturnsNotAccepted,,,,,,,,,,,,,,Yes,No,,,,
Revise,BA-000174-r7ewz,261328,0,2025 Bowman Draft CADEN BODINE #BDC-63 Chrome REF BALTIMORE Orioles Basketball,,,4000,No,,,,,,,,,,,,,Excellent,,,,,,,,,,,,,,,,,,,,,,,,,,FixedPriceItem,GTC,3.49,,2,,,ImmediatePayRequired,,United States,,Flat,USPSFirstClass,1,0.0,,,,1,,,ReturnsNotAccepted,,,,,,,,,,,,,,Yes,No,,,,
Revise,BA-000176-r7ex1,261328,0,2025 Topps Chrome AARON JUDGE #PP-1 POWER PLAYERS NEW YORK Yankees,,,4000,No,,,,,,,,,,,,,Excellent,,,,,,,,,,,,,,,,,,,,,,,,,,FixedPriceItem,GTC,4.49,,1,,,ImmediatePayRequired,,United States,,Flat,USPSFirstClass,1,0.0,,,,1,,,ReturnsNotAccepted,,,,,,,,,,,,,,Yes,No,,,,
Revise,BA-000177-r7ex2,261328,0,2025 Topps Chrome JACK KOCHANOWICZ #121 SEPIA REFRACTORS LOS ANGELES Angels,,,4000,No,,,,,,,,,,,,,Excellent,,,,,,,,,,,,,,,,,,,,,,,,,,FixedPriceItem,GTC,2.99,,1,,,ImmediatePayRequired,,United States,,Flat,USPSFirstClass,1,0.0,,,,1,,,ReturnsNotAccepted,,,,,,,,,,,,,,Yes,No,,,,
Revise,BA-000179-r7ex4,261328,0,2025 Topps Chrome DREW THORPE #275 SEPIA REFRACTORS CHICAGO White Sox,,,4000,No,,,,,,,,,,,,,Excellent,,,,,,,,,,,,,,,,,,,,,,,,,,FixedPriceItem,GTC,2.99,,1,,,ImmediatePayRequired,,United States,,Flat,USPSFirstClass,1,0.0,,,,1,,,ReturnsNotAccepted,,,,,,,,,,,,,,Yes,No,,,,
Revise,BA-000171-r7eww,261328,0,2025 Bowman Draft KANE KEPLEY #BDC-200 Chrome Refractor CHICAGO Cubs,,,4000,No,,,,,,,,,,,,,Excellent,,,,,,,,,,,,,,,,,,,,,,,,,,FixedPriceItem,GTC,2.99,,3,,,ImmediatePayRequired,,United States,,Flat,USPSFirstClass,1,0.0,,,,1,,,ReturnsNotAccepted,,,,,,,,,,,,,,Yes,No,,,,
Revise,BA-000180-r7ex5,261328,0,2025 Topps Chrome JHONKENSY NOEL #291 SEPIA REFRACTORS CLEVELAND Guardians,,,4000,No,,,,,,,,,,,,,Excellent,,,,,,,,,,,,,,,,,,,,,,,,,,FixedPriceItem,GTC,1.99,,1,,,ImmediatePayRequired,,United States,,Flat,USPSFirstClass,1,0.0,,,,1,,,ReturnsNotAccepted,,,,,,,,,,,,,,Yes,No,,,,
Revise,BA-000181-r7ex6,261328,0,2025 Topps Chrome WYATT LANGFORD #FS-13 Future Stars TEXAS Rangers,,,4000,No,,,,,,,,,,,,,Excellent,,,,,,,,,,,,,,,,,,,,,,,,,,FixedPriceItem,GTC,3.49,,1,,,ImmediatePayRequired,,United States,,Flat,USPSFirstClass,1,0.0,,,,1,,,ReturnsNotAccepted,,,,,,,,,,,,,,Yes,No,,,,
Revise,BA-000182-r7ex7,261328,0,2025 Topps Chrome KYLE SCHWARBER #PP-15 POWER PLAYERS PHILADELPHIA Phillies,,,4000,No,,,,,,,,,,,,,Excellent,,,,,,,,,,,,,,,,,,,,,,,,,,FixedPriceItem,GTC,2.49,,1,,,ImmediatePayRequired,,United States,,Flat,USPSFirstClass,1,0.0,,,,1,,,ReturnsNotAccepted,,,,,,,,,,,,,,Yes,No,,,,
Revise,BA-000183-r7ex8,261328,0,2025 Topps Chrome MOOKIE BETTS #CAE-9 Chrome ALL-ETCH LOS ANGELES Dodgers,,,4000,No,,,,,,,,,,,,,Excellent,,,,,,,,,,,,,,,,,,,,,,,,,,FixedPriceItem,GTC,5.49,,1,,,ImmediatePayRequired,,United States,,Flat,USPSFirstClass,1,0.0,,,,1,,,ReturnsNotAccepted,,,,,,,,,,,,,,Yes,No,,,,
Revise,BA-000184-r8m0e,261328,0,2025 Bowman Chrome TOMMY WHITE #BCP-251 Athletics,,,4000,No,,,,,,,,,,,,,Excellent,,,,,,,,,,,,,,,,,,,,,,,,,,FixedPriceItem,GTC,2.99,,1,,,ImmediatePayRequired,,United States,,Flat,USPSFirstClass,1,0.0,,,,1,,,ReturnsNotAccepted,,,,,,,,,,,,,,Yes,No,,,,
Revise,BA-000217-r8os4,261328,0,2025 Bowman Chrome PEDRO CATUY #BCP-210 Prospects ARIZONA Diamondbacks,,,4000,No,,,,,,,,,,,,,Excellent,,,,,,,,,,,,,,,,,,,,,,,,,,FixedPriceItem,GTC,2.49,,1,,,ImmediatePayRequired,,United States,,Flat,USPSFirstClass,1,0.0,,,,1,,,ReturnsNotAccepted,,,,,,,,,,,,,,Yes,No,,,,
Revise,BA-000185-r8m0f,261328,0,2025 Bowman Chrome DJ LAYTON #BCP-252 Prospects BALTIMORE Orioles,,,4000,No,,,,,,,,,,,,,Excellent,,,,,,,,,,,,,,,,,,,,,,,,,,FixedPriceItem,GTC,2.49,,1,,,ImmediatePayRequired,,United States,,Flat,USPSFirstClass,1,0.0,,,,1,,,ReturnsNotAccepted,,,,,,,,,,,,,,Yes,No,,,,
Revise,BA-000209-r8mdr,261328,0,2025 Bowman Chrome JOSE ANDERSON #BCP-193 Prospects MILWAUKEE Brewers,,,4000,No,,,,,,,,,,,,,Excellent,,,,,,,,,,,,,,,,,,,,,,,,,,FixedPriceItem,GTC,2.99,,1,,,ImmediatePayRequired,,United States,,Flat,USPSFirstClass,1,0.0,,,,1,,,ReturnsNotAccepted,,,,,,,,,,,,,,Yes,No,,,,
Revise,BA-000211-r8mdu,261328,0,2025 Bowman Chrome CHRISTOPHER SUERO #BCP-191 Prospects NEW YORK Mets,,,4000,No,,,,,,,,,,,,,Excellent,,,,,,,,,,,,,,,,,,,,,,,,,,FixedPriceItem,GTC,2.99,,1,,,ImmediatePayRequired,,United States,,Flat,USPSFirstClass,1,0.0,,,,1,,,ReturnsNotAccepted,,,,,,,,,,,,,,Yes,No,,,,
Revise,BA-000186-r8m0g,261328,0,2025 Bowman Chrome DIEGO TORNES #BCP-214 Prospects ATLANTA Braves,,,4000,No,,,,,,,,,,,,,Excellent,,,,,,,,,,,,,,,,,,,,,,,,,,FixedPriceItem,GTC,2.99,,1,,,ImmediatePayRequired,,United States,,Flat,USPSFirstClass,1,0.0,,,,1,,,ReturnsNotAccepted,,,,,,,,,,,,,,Yes,No,,,,
Revise,BA-000212-r8mdw,261328,0,2025 Bowman Chrome RAYMER MEDINA #BCP-175 Prospects TAMPA BAY Rays,,,4000,No,,,,,,,,,,,,,Excellent,,,,,,,,,,,,,,,,,,,,,,,,,,FixedPriceItem,GTC,2.99,,1,,,ImmediatePayRequired,,United States,,Flat,USPSFirstClass,1,0.0,,,,1,,,ReturnsNotAccepted,,,,,,,,,,,,,,Yes,No,,,,
Revise,BA-000189-r8m0j,261328,0,2025 Bowman Chrome HIVERSON LÓPEZ #BCP-196 Prospects Guardians Basketball,,,4000,No,,,,,,,,,,,,,Excellent,,,,,,,,,,,,,,,,,,,,,,,,,,FixedPriceItem,GTC,1.50,,1,,,ImmediatePayRequired,,United States,,Flat,USPSFirstClass,1,0.0,,,,1,,,ReturnsNotAccepted,,,,,,,,,,,,,,Yes,No,,,,
Revise,BA-000190-r8m0k,261328,0,2025 Bowman Chrome ELORKY RODRIGUEZ #BCP-186 Prospects TEXAS Rangers,,,4000,No,,,,,,,,,,,,,Excellent,,,,,,,,,,,,,,,,,,,,,,,,,,FixedPriceItem,GTC,3.49,,1,,,ImmediatePayRequired,,United States,,Flat,USPSFirstClass,1,0.0,,,,1,,,ReturnsNotAccepted,,,,,,,,,,,,,,Yes,No,,,,
Revise,BA-000191-r8m0l,261328,0,2025 Bowman Chrome ROYELNY STROP #BCP-221 ST LOUIS Cardinals Football,,,4000,No,,,,,,,,,,,,,Excellent,,,,,,,,,,,,,,,,,,,,,,,,,,FixedPriceItem,GTC,2.49,,1,,,ImmediatePayRequired,,United States,,Flat,USPSFirstClass,1,0.0,,,,1,,,ReturnsNotAccepted,,,,,,,,,,,,,,Yes,No,,,,
Revise,BA-000216-r8me3,261328,0,2025 Bowman Chrome JUNEIKER CACERES #BCP-231 Prospects CLEVELAND Guardians,,,4000,No,,,,,,,,,,,,,Excellent,,,,,,,,,,,,,,,,,,,,,,,,,,FixedPriceItem,GTC,2.99,,1,,,ImmediatePayRequired,,United States,,Flat,USPSFirstClass,1,0.0,,,,1,,,ReturnsNotAccepted,,,,,,,,,,,,,,Yes,No,,,,
Revise,BA-000215-r8me1,261328,0,2025 Bowman Chrome JAKOB CHRISTIAN #BCP-157 Prospects SAN FRANCISCO Giants,,,4000,No,,,,,,,,,,,,,Excellent,,,,,,,,,,,,,,,,,,,,,,,,,,FixedPriceItem,GTC,2.49,,1,,,ImmediatePayRequired,,United States,,Flat,USPSFirstClass,1,0.0,,,,1,,,ReturnsNotAccepted,,,,,,,,,,,,,,Yes,No,,,,
Revise,BA-000195-r8m0p,261328,0,2025 Bowman Chrome KALE FOUNTAIN #BCP-246 Prospects SAN DIEGO Padres,,,4000,No,,,,,,,,,,,,,Excellent,,,,,,,,,,,,,,,,,,,,,,,,,,FixedPriceItem,GTC,2.49,,1,,,ImmediatePayRequired,,United States,,Flat,USPSFirstClass,1,0.0,,,,1,,,ReturnsNotAccepted,,,,,,,,,,,,,,Yes,No,,,,
Revise,BA-000193-r8m0n,261328,0,2025 Bowman Chrome ELIAN DE LA CRUZ #BCP-249 Prospects ARIZONA Diamondbacks,,,4000,No,,,,,,,,,,,,,Excellent,,,,,,,,,,,,,,,,,,,,,,,,,,FixedPriceItem,GTC,2.49,,1,,,ImmediatePayRequired,,United States,,Flat,USPSFirstClass,1,0.0,,,,1,,,ReturnsNotAccepted,,,,,,,,,,,,,,Yes,No,,,,
Revise,BA-000200-r8m0u,261328,0,2025 Bowman Chrome ZACH COLE #BCP-244 Prospects HOUSTON Astros,,,4000,No,,,,,,,,,,,,,Excellent,,,,,,,,,,,,,,,,,,,,,,,,,,FixedPriceItem,GTC,2.99,,1,,,ImmediatePayRequired,,United States,,Flat,USPSFirstClass,1,0.0,,,,1,,,ReturnsNotAccepted,,,,,,,,,,,,,,Yes,No,,,,
Revise,BA-000194-r8m0o,261328,0,2025 Bowman Chrome SADBIEL DELZINE #BCP-235 Prospects BOSTON Red Sox,,,4000,No,,,,,,,,,,,,,Excellent,,,,,,,,,,,,,,,,,,,,,,,,,,FixedPriceItem,GTC,2.99,,1,,,ImmediatePayRequired,,United States,,Flat,USPSFirstClass,1,0.0,,,,1,,,ReturnsNotAccepted,,,,,,,,,,,,,,Yes,No,,,,
Revise,BA-000197-r8m0r,261328,0,2025 Bowman Chrome DJEAN MACARES #BCP-237 Prospects SAN FRANCISCO Giants,,,4000,No,,,,,,,,,,,,,Excellent,,,,,,,,,,,,,,,,,,,,,,,,,,FixedPriceItem,GTC,2.49,,1,,,ImmediatePayRequired,,United States,,Flat,USPSFirstClass,1,0.0,,,,1,,,ReturnsNotAccepted,,,,,,,,,,,,,,Yes,No,,,,
Revise,BA-000201-r8m0v,261328,0,2025 Bowman Chrome ANDREW SALAS #BCP-156 Prospects MIAMI Marlins,,,4000,No,,,,,,,,,,,,,Excellent,,,,,,,,,,,,,,,,,,,,,,,,,,FixedPriceItem,GTC,2.49,,1,,,ImmediatePayRequired,,United States,,Flat,USPSFirstClass,1,0.0,,,,1,,,ReturnsNotAccepted,,,,,,,,,,,,,,Yes,No,,,,
Revise,BA-000202-r8m0w,261328,0,2025 Bowman Chrome MANI CEDENO #BCP-199 Prospects NEW YORK Yankees,,,4000,No,,,,,,,,,,,,,Excellent,,,,,,,,,,,,,,,,,,,,,,,,,,FixedPriceItem,GTC,2.49,,1,,,ImmediatePayRequired,,United States,,Flat,USPSFirstClass,1,0.0,,,,1,,,ReturnsNotAccepted,,,,,,,,,,,,,,Yes,No,,,,
Revise,BA-000204-r8m0y,261328,0,2025 Bowman Chrome HAROLD RIVAS #BCP-216 Prospects BOSTON Red Sox,,,4000,No,,,,,,,,,,,,,Excellent,,,,,,,,,,,,,,,,,,,,,,,,,,FixedPriceItem,GTC,2.49,,1,,,ImmediatePayRequired,,United States,,Flat,USPSFirstClass,1,0.0,,,,1,,,ReturnsNotAccepted,,,,,,,,,,,,,,Yes,No,,,,
Revise,BA-000205-r8m0z,261328,0,2025 Bowman Chrome HEINS BRITO #BCP-203 Prospects CLEVELAND Guardians,,,4000,No,,,,,,,,,,,,,Excellent,,,,,,,,,,,,,,,,,,,,,,,,,,FixedPriceItem,GTC,2.49,,1,,,ImmediatePayRequired,,United States,,Flat,USPSFirstClass,1,0.0,,,,1,,,ReturnsNotAccepted,,,,,,,,,,,,,,Yes,No,,,,
Revise,BA-000207-r8m11,261328,0,2025 Bowman Chrome BRETT BATEMAN #BCP-226 Prospects CHICAGO Cubs,,,4000,No,,,,,,,,,,,,,Excellent,,,,,,,,,,,,,,,,,,,,,,,,,,FixedPriceItem,GTC,2.49,,1,,,ImmediatePayRequired,,United States,,Flat,USPSFirstClass,1,0.0,,,,1,,,ReturnsNotAccepted,,,,,,,,,,,,,,Yes,No,,,,
Revise,BA-000224-ran6o,261328,0,2025 Topps Update NICK KURTZ #US197 RAINBOW Foil Athletics,,,4000,No,,,,,,,,,,,,,Excellent,,,,,,,,,,,,,,,,,,,,,,,,,,FixedPriceItem,GTC,5.99,,1,,,ImmediatePayRequired,,United States,,Flat,USPSFirstClass,1,0.0,,,,1,,,ReturnsNotAccepted,,,,,,,,,,,,,,Yes,No,,,,
Revise,BA-000226-rck3q,261328,0,2023 Bowman ADLEY RUTSCHMAN #ROYF-4 ROY FAVORITES MOJO REFRACTORS O'S,,,4000,No,,,,,,,,,,,,,Excellent,,,,,,,,,,,,,,,,,,,,,,,,,,FixedPriceItem,GTC,3.49,,1,,,ImmediatePayRequired,,United States,,Flat,USPSFirstClass,1,0.0,,,,1,,,ReturnsNotAccepted,,,,,,,,,,,,,,Yes,No,,,,
Revise,BA-000230-rck3u,261328,0,2025 Topps JAMES WOOD #SMLB-18 Stars of MLB WASHINGTON Nationals,,,4000,No,,,,,,,,,,,,,Excellent,,,,,,,,,,,,,,,,,,,,,,,,,,FixedPriceItem,GTC,2.49,,1,,,ImmediatePayRequired,,United States,,Flat,USPSFirstClass,1,0.0,,,,1,,,ReturnsNotAccepted,,,,,,,,,,,,,,Yes,No,,,,
Revise,BA-000227-rck3r,261328,0,2024 Bowman TYLER SODERSTROM #15 Chrome MOJO REFRACTORS OAKLAND Athletics,,,4000,No,,,,,,,,,,,,,Excellent,,,,,,,,,,,,,,,,,,,,,,,,,,FixedPriceItem,GTC,3.99,,1,,,ImmediatePayRequired,,United States,,Flat,USPSFirstClass,1,0.0,,,,1,,,ReturnsNotAccepted,,,,,,,,,,,,,,Yes,No,,,,
Revise,BA-000233-rck3x,261328,0,2024 Panini Prospect EDITION TRAVIS BAZZANA #5 CLEVELAND Guardians,,,4000,No,,,,,,,,,,,,,Excellent,,,,,,,,,,,,,,,,,,,,,,,,,,FixedPriceItem,GTC,2.49,,1,,,ImmediatePayRequired,,United States,,Flat,USPSFirstClass,1,0.0,,,,1,,,ReturnsNotAccepted,,,,,,,,,,,,,,Yes,No,,,,
Revise,BA-000232-rck3w,261328,0,2025 Bowman JANSEL LUIS #BCP-84 Chrome Prospects ARIZONA Diamondbacks,,,4000,No,,,,,,,,,,,,,Excellent,,,,,,,,,,,,,,,,,,,,,,,,,,FixedPriceItem,GTC,2.99,,1,,,ImmediatePayRequired,,United States,,Flat,USPSFirstClass,1,0.0,,,,1,,,ReturnsNotAccepted,,,,,,,,,,,,,,Yes,No,,,,
Revise,BA-000237-rck41,261328,0,2024 Bowman Chrome BOBBY WITT JR. #1 KANSAS CITY Royals,,,4000,No,,,,,,,,,,,,,Excellent,,,,,,,,,,,,,,,,,,,,,,,,,,FixedPriceItem,GTC,3.49,,1,,,ImmediatePayRequired,,United States,,Flat,USPSFirstClass,1,0.0,,,,1,,,ReturnsNotAccepted,,,,,,,,,,,,,,Yes,No,,,,
Revise,BA-000234-rck3y,261328,0,2025 Bowman CHARLIE CONDON #BP-75 Prospects COLORADO Rockies,,,4000,No,,,,,,,,,,,,,Excellent,,,,,,,,,,,,,,,,,,,,,,,,,,FixedPriceItem,GTC,2.49,,1,,,ImmediatePayRequired,,United States,,Flat,USPSFirstClass,1,0.0,,,,1,,,ReturnsNotAccepted,,,,,,,,,,,,,,Yes,No,,,,
Revise,BA-000238-rck42,261328,0,2025 Bowman JAC CAGLIANONE #BCP-103 Chrome Prospects KANSAS CITY Royals,,,4000,No,,,,,,,,,,,,,Excellent,,,,,,,,,,,,,,,,,,,,,,,,,,FixedPriceItem,GTC,2.99,,1,,,ImmediatePayRequired,,United States,,Flat,USPSFirstClass,1,0.0,,,,1,,,ReturnsNotAccepted,,,,,,,,,,,,,,Yes,No,,,,
Revise,BA-000240-rck44,261328,0,2025 Bowman JJ WETHERHOLT #GL-17 GREATNESS LOADING ST. LOUIS Cardinals Football,,,4000,No,,,,,,,,,,,,,Excellent,,,,,,,,,,,,,,,,,,,,,,,,,,FixedPriceItem,GTC,2.99,,1,,,ImmediatePayRequired,,United States,,Flat,USPSFirstClass,1,0.0,,,,1,,,ReturnsNotAccepted,,,,,,,,,,,,,,Yes,No,,,,
Revise,BA-000242-rck46,261328,0,2025 Bowman CARSON BENGE #VIP-17 VERY IMPORTANT Prospects NEW YORK Mets,,,4000,No,,,,,,,,,,,,,Excellent,,,,,,,,,,,,,,,,,,,,,,,,,,FixedPriceItem,GTC,2.49,,1,,,ImmediatePayRequired,,United States,,Flat,USPSFirstClass,1,0.0,,,,1,,,ReturnsNotAccepted,,,,,,,,,,,,,,Yes,No,,,,
Revise,BA-000246-rck4a,261328,0,2024 Leaf FUTURES NICK KURTZ #147 Gold #/249 RC A'S Rookie,,,4000,No,,,,,,,,,,,,,Excellent,,,,,,,,,,,,,,,,,,,,,,,,,,FixedPriceItem,GTC,16.59,,1,,,ImmediatePayRequired,,United States,,Flat,USPSFirstClass,1,0.0,,,,1,,,ReturnsNotAccepted,,,,,,,,,,,,,,Yes,No,,,,
Revise,BA-000247-rck4b,261328,0,2025 Topps ROKI SASAKI #SMLB-53 Stars of MLB LOS ANGELES Dodgers,,,4000,No,,,,,,,,,,,,,Excellent,,,,,,,,,,,,,,,,,,,,,,,,,,FixedPriceItem,GTC,1.99,,1,,,ImmediatePayRequired,,United States,,Flat,USPSFirstClass,1,0.0,,,,1,,,ReturnsNotAccepted,,,,,,,,,,,,,,Yes,No,,,,
Revise,BA-000251-rck4f,261328,0,2025 Topps JACOB WILSON #314 Athletics,,,4000,No,,,,,,,,,,,,,Excellent,,,,,,,,,,,,,,,,,,,,,,,,,,FixedPriceItem,GTC,2.49,,1,,,ImmediatePayRequired,,United States,,Flat,USPSFirstClass,1,0.0,,,,1,,,ReturnsNotAccepted,,,,,,,,,,,,,,Yes,No,,,,
Revise,BA-000253-rck4h,261328,0,2021 Panini Prizm JOSE ALTUVE #179 RED/WHITE/BLUE Prizm HOUSTON Astros,,,4000,No,,,,,,,,,,,,,Excellent,,,,,,,,,,,,,,,,,,,,,,,,,,FixedPriceItem,GTC,3.49,,1,,,ImmediatePayRequired,,United States,,Flat,USPSFirstClass,1,0.0,,,,1,,,ReturnsNotAccepted,,,,,,,,,,,,,,Yes,No,,,,
Revise,BA-000255-rck4j,261328,0,2025 Bowman LEO DE VRIES #VIP-14 VERY IMPORTANT Prospects SAN DIEGO Padres,,,4000,No,,,,,,,,,,,,,Excellent,,,,,,,,,,,,,,,,,,,,,,,,,,FixedPriceItem,GTC,1.99,,1,,,ImmediatePayRequired,,United States,,Flat,USPSFirstClass,1,0.0,,,,1,,,ReturnsNotAccepted,,,,,,,,,,,,,,Yes,No,,,,
Revise,BA-000256-rck4k,261328,0,2025 Bowman JACOB WILSON #9 Athletics,,,4000,No,,,,,,,,,,,,,Excellent,,,,,,,,,,,,,,,,,,,,,,,,,,FixedPriceItem,GTC,2.49,,1,,,ImmediatePayRequired,,United States,,Flat,USPSFirstClass,1,0.0,,,,1,,,ReturnsNotAccepted,,,,,,,,,,,,,,Yes,No,,,,
Revise,BA-000257-rck4l,261328,0,2025 Bowman JESUS MADE #BP-66 Prospects MILWAUKEE Brewers,,,4000,No,,,,,,,,,,,,,Excellent,,,,,,,,,,,,,,,,,,,,,,,,,,FixedPriceItem,GTC,2.99,,2,,,ImmediatePayRequired,,United States,,Flat,USPSFirstClass,1,0.0,,,,1,,,ReturnsNotAccepted,,,,,,,,,,,,,,Yes,No,,,,
Revise,BA-000258-rck4m,261328,0,2025 Topps JAMES WOOD #181 WASHINGTON Nationals,,,4000,No,,,,,,,,,,,,,Excellent,,,,,,,,,,,,,,,,,,,,,,,,,,FixedPriceItem,GTC,2.49,,1,,,ImmediatePayRequired,,United States,,Flat,USPSFirstClass,1,0.0,,,,1,,,ReturnsNotAccepted,,,,,,,,,,,,,,Yes,No,,,,
Revise,BA-000262-rmvqx,261328,0,2025 Topps JACOB WILSON #SMLB-31 Stars of MLB Athletics,,,4000,No,,,,,,,,,,,,,Excellent,,,,,,,,,,,,,,,,,,,,,,,,,,FixedPriceItem,GTC,2.99,,1,,,ImmediatePayRequired,,United States,,Flat,USPSFirstClass,1,0.0,,,,1,,,ReturnsNotAccepted,,,,,,,,,,,,,,Yes,No,,,,
Revise,BA-000265-rmvr4,261328,0,2024 Bowman Chrome YAIKEL MIJARES #CPA-YMI Prospect AUTOGRAPHS Guardians,,,4000,No,,,,,,,,,,,,,Excellent,,,,,,,,,,,,,,,,,,,,,,,,,,FixedPriceItem,GTC,5.49,,1,,,ImmediatePayRequired,,United States,,Flat,USPSFirstClass,1,0.0,,,,1,,,ReturnsNotAccepted,,,,,,,,,,,,,,Yes,No,,,,
Revise,BA-000269-rmvre,261328,0,2024 Bowman Draft ROMAN ANTHONY #BD-19 BOSTON Red Sox,,,4000,No,,,,,,,,,,,,,Excellent,,,,,,,,,,,,,,,,,,,,,,,,,,FixedPriceItem,GTC,3.99,,1,,,ImmediatePayRequired,,United States,,Flat,USPSFirstClass,1,0.0,,,,1,,,ReturnsNotAccepted,,,,,,,,,,,,,,Yes,No,,,,
Revise,BA-000271-rmvri,261328,0,2025 Bowman Chrome JAMES WOOD #29 WASHINGTON Nationals,,,4000,No,,,,,,,,,,,,,Excellent,,,,,,,,,,,,,,,,,,,,,,,,,,FixedPriceItem,GTC,3.49,,1,,,ImmediatePayRequired,,United States,,Flat,USPSFirstClass,1,0.0,,,,1,,,ReturnsNotAccepted,,,,,,,,,,,,,,Yes,No,,,,
Revise,BA-000272-rmvrl,261328,0,2025 Bowman Chrome JAMES WOOD #29 MOJO REFRACTORS WASHINGTON Nationals,,,4000,No,,,,,,,,,,,,,Excellent,,,,,,,,,,,,,,,,,,,,,,,,,,FixedPriceItem,GTC,4.99,,1,,,ImmediatePayRequired,,United States,,Flat,USPSFirstClass,1,0.0,,,,1,,,ReturnsNotAccepted,,,,,,,,,,,,,,Yes,No,,,,
Revise,BA-000274-rmvrq,261328,0,2019 Topps KYLE TUCKER #60 HOUSTON Astros Football,,,4000,No,,,,,,,,,,,,,Excellent,,,,,,,,,,,,,,,,,,,,,,,,,,FixedPriceItem,GTC,3.49,,1,,,ImmediatePayRequired,,United States,,Flat,USPSFirstClass,1,0.0,,,,1,,,ReturnsNotAccepted,,,,,,,,,,,,,,Yes,No,,,,
Revise,BA-000275-rmvrs,261328,0,2019 Bowman KYLE TUCKER #94 Astros RC Rookie Football,,,4000,No,,,,,,,,,,,,,Excellent,,,,,,,,,,,,,,,,,,,,,,,,,,FixedPriceItem,GTC,3.49,,1,,,ImmediatePayRequired,,United States,,Flat,USPSFirstClass,1,0.0,,,,1,,,ReturnsNotAccepted,,,,,,,,,,,,,,Yes,No,,,,
Revise,BA-000278-rmvs0,261328,0,2025 Topps TYLER SODERSTROM #72 SANDGLITTER Athletics,,,4000,No,,,,,,,,,,,,,Excellent,,,,,,,,,,,,,,,,,,,,,,,,,,FixedPriceItem,GTC,2.99,,1,,,ImmediatePayRequired,,United States,,Flat,USPSFirstClass,1,0.0,,,,1,,,ReturnsNotAccepted,,,,,,,,,,,,,,Yes,No,,,,
Revise,BA-000280-rmvs5,261328,0,2025 Donruss TRAVIS BAZZANA #131 CLEVELAND Guardians,,,4000,No,,,,,,,,,,,,,Excellent,,,,,,,,,,,,,,,,,,,,,,,,,,FixedPriceItem,GTC,2.99,,1,,,ImmediatePayRequired,,United States,,Flat,USPSFirstClass,1,0.0,,,,1,,,ReturnsNotAccepted,,,,,,,,,,,,,,Yes,No,,,,
Revise,BA-000279-rmvs2,261328,0,2024 Bowman Draft NICK KURTZ #BD-56 OAKLAND Athletics,,,4000,No,,,,,,,,,,,,,Excellent,,,,,,,,,,,,,,,,,,,,,,,,,,FixedPriceItem,GTC,3.59,,1,,,ImmediatePayRequired,,United States,,Flat,USPSFirstClass,1,0.0,,,,1,,,ReturnsNotAccepted,,,,,,,,,,,,,,Yes,No,,,,
Revise,BA-000281-rmvs7,261328,0,2025 Donruss JAMES WOOD #41 WASHINGTON Nationals,,,4000,No,,,,,,,,,,,,,Excellent,,,,,,,,,,,,,,,,,,,,,,,,,,FixedPriceItem,GTC,2.99,,1,,,ImmediatePayRequired,,United States,,Flat,USPSFirstClass,1,0.0,,,,1,,,ReturnsNotAccepted,,,,,,,,,,,,,,Yes,No,,,,
Revise,BA-000282-rmvsb,261328,0,2025 Donruss KRISTIAN CAMPBELL #151 BOSTON Red Sox,,,4000,No,,,,,,,,,,,,,Excellent,,,,,,,,,,,,,,,,,,,,,,,,,,FixedPriceItem,GTC,2.99,,1,,,ImmediatePayRequired,,United States,,Flat,USPSFirstClass,1,0.0,,,,1,,,ReturnsNotAccepted,,,,,,,,,,,,,,Yes,No,,,,
Revise,BA-000284-rmvsg,261328,0,2025 Topps Chrome TARIK SKUBAL #258 DETROIT Tigers,,,4000,No,,,,,,,,,,,,,Excellent,,,,,,,,,,,,,,,,,,,,,,,,,,FixedPriceItem,GTC,3.49,,1,,,ImmediatePayRequired,,United States,,Flat,USPSFirstClass,1,0.0,,,,1,,,ReturnsNotAccepted,,,,,,,,,,,,,,Yes,No,,,,
Revise,BC-000005-rpp8p,261328,0,2025 Topps Chrome COSMIC THOMAS HARRINGTON #79 Refractor PITTSBURGH Pirates,,,4000,No,,,,,,,,,,,,,Excellent,,,,,,,,,,,,,,,,,,,,,,,,,,FixedPriceItem,GTC,3.49,,1,,,ImmediatePayRequired,,United States,,Flat,USPSFirstClass,1,0.0,,,,1,,,ReturnsNotAccepted,,,,,,,,,,,,,,Yes,No,,,,
Revise,BC-000007-rpp8r,261328,0,2025 Topps Chrome COSMIC MANNY MACHADO #86 Refractor SAN DIEGO Padres,,,4000,No,,,,,,,,,,,,,Excellent,,,,,,,,,,,,,,,,,,,,,,,,,,FixedPriceItem,GTC,2.99,,1,,,ImmediatePayRequired,,United States,,Flat,USPSFirstClass,1,0.0,,,,1,,,ReturnsNotAccepted,,,,,,,,,,,,,,Yes,No,,,,
Revise,BC-000003-rpp8n,261328,0,2025 Topps Chrome COSMIC GRANT MCCRAY #28 REF SAN FRANCISCO Giants Football,,,4000,No,,,,,,,,,,,,,Excellent,,,,,,,,,,,,,,,,,,,,,,,,,,FixedPriceItem,GTC,3.49,,1,,,ImmediatePayRequired,,United States,,Flat,USPSFirstClass,1,0.0,,,,1,,,ReturnsNotAccepted,,,,,,,,,,,,,,Yes,No,,,,
Revise,BC-000009-rpp8t,261328,0,2025 Topps Chrome COSMIC CJ ABRAMS #177 Refractor WASHINGTON Nationals Football,,,4000,No,,,,,,,,,,,,,Excellent,,,,,,,,,,,,,,,,,,,,,,,,,,FixedPriceItem,GTC,4.99,,1,,,ImmediatePayRequired,,United States,,Flat,USPSFirstClass,1,0.0,,,,1,,,ReturnsNotAccepted,,,,,,,,,,,,,,Yes,No,,,,
Revise,BC-000014-rpp8y,261328,0,2025 Topps Chrome COSMIC CALEB DURBIN #197 Refractor MILWAUKEE Brewers,,,4000,No,,,,,,,,,,,,,Excellent,,,,,,,,,,,,,,,,,,,,,,,,,,FixedPriceItem,GTC,4.99,,1,,,ImmediatePayRequired,,United States,,Flat,USPSFirstClass,1,0.0,,,,1,,,ReturnsNotAccepted,,,,,,,,,,,,,,Yes,No,,,,
Revise,BC-000011-rpp8v,261328,0,2025 Topps Chrome COSMIC JACOB DEGROM #198 Refractor TEXAS Rangers,,,4000,No,,,,,,,,,,,,,Excellent,,,,,,,,,,,,,,,,,,,,,,,,,,FixedPriceItem,GTC,3.49,,1,,,ImmediatePayRequired,,United States,,Flat,USPSFirstClass,1,0.0,,,,1,,,ReturnsNotAccepted,,,,,,,,,,,,,,Yes,No,,,,
Revise,BC-000016-rpp90,261328,0,2025 Topps Chrome COSMIC TARIK SKUBAL #127 Refractor DETROIT Tigers,,,4000,No,,,,,,,,,,,,,Excellent,,,,,,,,,,,,,,,,,,,,,,,,,,FixedPriceItem,GTC,4.99,,1,,,ImmediatePayRequired,,United States,,Flat,USPSFirstClass,1,0.0,,,,1,,,ReturnsNotAccepted,,,,,,,,,,,,,,Yes,No,,,,
Revise,BC-000020-rpp94,261328,0,2022 Topps Chrome COSMIC JEREMY PENA #41 Refractor HOUSTON Astros,,,4000,No,,,,,,,,,,,,,Excellent,,,,,,,,,,,,,,,,,,,,,,,,,,FixedPriceItem,GTC,3.49,,1,,,ImmediatePayRequired,,United States,,Flat,USPSFirstClass,1,0.0,,,,1,,,ReturnsNotAccepted,,,,,,,,,,,,,,Yes,No,,,,
Revise,BC-000021-rpp95,261328,0,2025 Topps Chrome COSMIC ROYCE LEWIS #19 Refractor MINNESOTA Twins,,,4000,No,,,,,,,,,,,,,Excellent,,,,,,,,,,,,,,,,,,,,,,,,,,FixedPriceItem,GTC,1.99,,1,,,ImmediatePayRequired,,United States,,Flat,USPSFirstClass,1,0.0,,,,1,,,ReturnsNotAccepted,,,,,,,,,,,,,,Yes,No,,,,
Revise,BC-000018-rpp92,261328,0,2025 Topps Chrome COSMIC JUSTIN VERLANDER #66 REF SAN FRANCISCO Giants Football,,,4000,No,,,,,,,,,,,,,Excellent,,,,,,,,,,,,,,,,,,,,,,,,,,FixedPriceItem,GTC,2.99,,1,,,ImmediatePayRequired,,United States,,Flat,USPSFirstClass,1,0.0,,,,1,,,ReturnsNotAccepted,,,,,,,,,,,,,,Yes,No,,,,
Revise,BC-000019-rpp93,261328,0,2025 Topps Chrome COSMIC SHOTA IMANAGA #192 Refractor CHICAGO Cubs,,,4000,No,,,,,,,,,,,,,Excellent,,,,,,,,,,,,,,,,,,,,,,,,,,FixedPriceItem,GTC,3.99,,1,,,ImmediatePayRequired,,United States,,Flat,USPSFirstClass,1,0.0,,,,1,,,ReturnsNotAccepted,,,,,,,,,,,,,,Yes,No,,,,
Revise,BC-000023-rpp97,261328,0,2025 Topps Chrome COSMIC MATT CHAPMAN #72 REF SAN FRANCISCO Giants Football,,,4000,No,,,,,,,,,,,,,Excellent,,,,,,,,,,,,,,,,,,,,,,,,,,FixedPriceItem,GTC,2.49,,1,,,ImmediatePayRequired,,United States,,Flat,USPSFirstClass,1,0.0,,,,1,,,ReturnsNotAccepted,,,,,,,,,,,,,,Yes,No,,,,
Revise,BC-000027-rpp9b,261328,0,2025 Topps Chrome COSMIC CHASE PETTY #31 Refractor CINCINNATI Reds,,,4000,No,,,,,,,,,,,,,Excellent,,,,,,,,,,,,,,,,,,,,,,,,,,FixedPriceItem,GTC,3.99,,1,,,ImmediatePayRequired,,United States,,Flat,USPSFirstClass,1,0.0,,,,1,,,ReturnsNotAccepted,,,,,,,,,,,,,,Yes,No,,,,
Revise,BC-000028-rpp9c,261328,0,2025 Topps Chrome COSMIC JUNG HOO LEE #64 REF SAN FRANCISCO Giants Football,,,4000,No,,,,,,,,,,,,,Excellent,,,,,,,,,,,,,,,,,,,,,,,,,,FixedPriceItem,GTC,4.99,,1,,,ImmediatePayRequired,,United States,,Flat,USPSFirstClass,1,0.0,,,,1,,,ReturnsNotAccepted,,,,,,,,,,,,,,Yes,No,,,,
Revise,BC-000033-rpp9h,261328,0,2025 Topps Chrome COSMIC DENZEL CLARKE #147 Refractor Athletics,,,4000,No,,,,,,,,,,,,,Excellent,,,,,,,,,,,,,,,,,,,,,,,,,,FixedPriceItem,GTC,4.99,,1,,,ImmediatePayRequired,,United States,,Flat,USPSFirstClass,1,0.0,,,,1,,,ReturnsNotAccepted,,,,,,,,,,,,,,Yes,No,,,,
Revise,BC-000031-rpp9f,261328,0,2025 Topps Chrome COSMIC AUSTIN WELLS #14 Refractor NEW YORK Yankees,,,4000,No,,,,,,,,,,,,,Excellent,,,,,,,,,,,,,,,,,,,,,,,,,,FixedPriceItem,GTC,5.99,,1,,,ImmediatePayRequired,,United States,,Flat,USPSFirstClass,1,0.0,,,,1,,,ReturnsNotAccepted,,,,,,,,,,,,,,Yes,No,,,,
Revise,BC-000036-rpp9k,261328,0,2025 Topps Chrome COSMIC JAZZ CHISHOLM JR. #156 REF NEW YORK Yankees Basketball,,,4000,No,,,,,,,,,,,,,Excellent,,,,,,,,,,,,,,,,,,,,,,,,,,FixedPriceItem,GTC,2.99,,1,,,ImmediatePayRequired,,United States,,Flat,USPSFirstClass,1,0.0,,,,1,,,ReturnsNotAccepted,,,,,,,,,,,,,,Yes,No,,,,
Revise,BC-000037-rpp9l,261328,0,2025 Topps Chrome COSMIC GERRIT COLE #82 Refractor NEW YORK Yankees,,,4000,No,,,,,,,,,,,,,Excellent,,,,,,,,,,,,,,,,,,,,,,,,,,FixedPriceItem,GTC,2.99,,1,,,ImmediatePayRequired,,United States,,Flat,USPSFirstClass,1,0.0,,,,1,,,ReturnsNotAccepted,,,,,,,,,,,,,,Yes,No,,,,
Revise,BC-000038-rpp9m,261328,0,2025 Topps Chrome COSMIC ORELVIS MARTINEZ #65 Refractor TORONTO Blue Jays,,,4000,No,,,,,,,,,,,,,Excellent,,,,,,,,,,,,,,,,,,,,,,,,,,FixedPriceItem,GTC,3.99,,1,,,ImmediatePayRequired,,United States,,Flat,USPSFirstClass,1,0.0,,,,1,,,ReturnsNotAccepted,,,,,,,,,,,,,,Yes,No,,,,
Revise,BC-000075-rrqje,261328,0,2026 Topps CAL RALEIGH #GH-8 2025 GREATEST HITS SEATTLE Mariners,,,4000,No,,,,,,,,,,,,,Near mint or better,,,,,,,,,,,,,,,,,,,,,,,,,,FixedPriceItem,GTC,2.49,,1,,,ImmediatePayRequired,,United States,,Flat,USPSFirstClass,1,0.0,,,,1,,,ReturnsNotAccepted,,,,,,,,,,,,,,Yes,No,,,,
Revise,BC-000074-rrqjd,261328,0,2026 Topps LUCAS GIOLITO #253 RAINBOW Foil BOSTON Red Sox,,,4000,No,,,,,,,,,,,,,Near mint or better,,,,,,,,,,,,,,,,,,,,,,,,,,FixedPriceItem,GTC,3.49,,1,,,ImmediatePayRequired,,United States,,Flat,USPSFirstClass,1,0.0,,,,1,,,ReturnsNotAccepted,,,,,,,,,,,,,,Yes,No,,,,
Revise,BC-000076-rrqjf,261328,0,2026 Topps AUSTIN WELLS #220 DIAMANTE Foil NEW YORK Yankees,,,4000,No,,,,,,,,,,,,,Near mint or better,,,,,,,,,,,,,,,,,,,,,,,,,,FixedPriceItem,GTC,2.99,,1,,,ImmediatePayRequired,,United States,,Flat,USPSFirstClass,1,0.0,,,,1,,,ReturnsNotAccepted,,,,,,,,,,,,,,Yes,No,,,,
Revise,BC-000078-rrqjh,261328,0,2026 Topps CHIPPER JONES #T91-13 1991 Topps Baseball 35th ANNIVERSARY Braves,,,4000,No,,,,,,,,,,,,,Near mint or better,,,,,,,,,,,,,,,,,,,,,,,,,,FixedPriceItem,GTC,2.99,,1,,,ImmediatePayRequired,,United States,,Flat,USPSFirstClass,1,0.0,,,,1,,,ReturnsNotAccepted,,,,,,,,,,,,,,Yes,No,,,,
Revise,BC-000077-rrqjg,261328,0,2026 Topps BRADY HOUSE #170 DIAMANTE Foil WASHINGTON Nationals,,,4000,No,,,,,,,,,,,,,Near mint or better,,,,,,,,,,,,,,,,,,,,,,,,,,FixedPriceItem,GTC,5.49,,1,,,ImmediatePayRequired,,United States,,Flat,USPSFirstClass,1,0.0,,,,1,,,ReturnsNotAccepted,,,,,,,,,,,,,,Yes,No,,,,
Revise,BC-000079-rrqji,261328,0,2026 Topps ELLY DE LA CRUZ #SMLB-12 Stars of MLB CINCINNATI Reds,,,4000,No,,,,,,,,,,,,,Near mint or better,,,,,,,,,,,,,,,,,,,,,,,,,,FixedPriceItem,GTC,2.99,,1,,,ImmediatePayRequired,,United States,,Flat,USPSFirstClass,1,0.0,,,,1,,,ReturnsNotAccepted,,,,,,,,,,,,,,Yes,No,,,,
Revise,BC-000080-rrqjj,261328,0,2026 Topps BYRON BUXTON #SMLB-22 Stars of MLB MINNESOTA Twins,,,4000,No,,,,,,,,,,,,,Near mint or better,,,,,,,,,,,,,,,,,,,,,,,,,,FixedPriceItem,GTC,2.49,,1,,,ImmediatePayRequired,,United States,,Flat,USPSFirstClass,1,0.0,,,,1,,,ReturnsNotAccepted,,,,,,,,,,,,,,Yes,No,,,,
Revise,BC-000082-rrqjl,261328,0,2026 Topps JACOB MISIOROWSKI #SMLB-26 Stars of MLB MILWAUKEE Brewers,,,4000,No,,,,,,,,,,,,,Near mint or better,,,,,,,,,,,,,,,,,,,,,,,,,,FixedPriceItem,GTC,2.99,,1,,,ImmediatePayRequired,,United States,,Flat,USPSFirstClass,1,0.0,,,,1,,,ReturnsNotAccepted,,,,,,,,,,,,,,Yes,No,,,,
Revise,BC-000083-rrqjm,261328,0,2026 Topps BUBBA CHANDLER #283 PITTSBURGH Pirates,,,4000,No,,,,,,,,,,,,,Near mint or better,,,,,,,,,,,,,,,,,,,,,,,,,,FixedPriceItem,GTC,3.99,,1,,,ImmediatePayRequired,,United States,,Flat,USPSFirstClass,1,0.0,,,,1,,,ReturnsNotAccepted,,,,,,,,,,,,,,Yes,No,,,,
Revise,BC-000084-rrqjn,261328,0,2026 Topps MARCELO MAYER #269 BOSTON Red Sox,,,4000,No,,,,,,,,,,,,,Near mint or better,,,,,,,,,,,,,,,,,,,,,,,,,,FixedPriceItem,GTC,2.99,,1,,,ImmediatePayRequired,,United States,,Flat,USPSFirstClass,1,0.0,,,,1,,,ReturnsNotAccepted,,,,,,,,,,,,,,Yes,No,,,,
Revise,BC-000086-rrqjp,261328,0,2026 Topps JEREMIAH JACKSON #277 BALTIMORE Orioles,,,4000,No,,,,,,,,,,,,,Near mint or better,,,,,,,,,,,,,,,,,,,,,,,,,,FixedPriceItem,GTC,2.99,,1,,,ImmediatePayRequired,,United States,,Flat,USPSFirstClass,1,0.0,,,,1,,,ReturnsNotAccepted,,,,,,,,,,,,,,Yes,No,,,,
Revise,BC-000089-rrqjs,261328,0,2026 Topps PIERSON OHL #321 DIAMANTE Foil MINNESOTA Twins,,,4000,No,,,,,,,,,,,,,Near mint or better,,,,,,,,,,,,,,,,,,,,,,,,,,FixedPriceItem,GTC,5.49,,1,,,ImmediatePayRequired,,United States,,Flat,USPSFirstClass,1,0.0,,,,1,,,ReturnsNotAccepted,,,,,,,,,,,,,,Yes,No,,,,
Revise,BC-000087-rrqjq,261328,0,2026 Topps VLADIMIR GUERRERO JR. #BTP-17 BIG TICKET PLAYERS TORONTO Blue Jays,,,4000,No,,,,,,,,,,,,,Near mint or better,,,,,,,,,,,,,,,,,,,,,,,,,,FixedPriceItem,GTC,3.49,,1,,,ImmediatePayRequired,,United States,,Flat,USPSFirstClass,1,0.0,,,,1,,,ReturnsNotAccepted,,,,,,,,,,,,,,Yes,No,,,,
Revise,BC-000090-rrqjt,261328,0,2026 Topps SAMUEL BASALLO #TOG-10 Titans of the GAME BALTIMORE Orioles Football,,,4000,No,,,,,,,,,,,,,Near mint or better,,,,,,,,,,,,,,,,,,,,,,,,,,FixedPriceItem,GTC,2.99,,1,,,ImmediatePayRequired,,United States,,Flat,USPSFirstClass,1,0.0,,,,1,,,ReturnsNotAccepted,,,,,,,,,,,,,,Yes,No,,,,
Revise,BC-000091-rrqju,261328,0,2026 Topps FERNANDO TATIS JR. #SMLB-3 Stars of MLB SAN DIEGO Padres,,,4000,No,,,,,,,,,,,,,Near mint or better,,,,,,,,,,,,,,,,,,,,,,,,,,FixedPriceItem,GTC,2.99,,1,,,ImmediatePayRequired,,United States,,Flat,USPSFirstClass,1,0.0,,,,1,,,ReturnsNotAccepted,,,,,,,,,,,,,,Yes,No,,,,
Revise,BC-000092-rrqjv,261328,0,2026 Topps FERNANDO TATIS JR. #TOG-19 Titans of the GAME SAN DIEGO Padres,,,4000,No,,,,,,,,,,,,,Near mint or better,,,,,,,,,,,,,,,,,,,,,,,,,,FixedPriceItem,GTC,2.99,,1,,,ImmediatePayRequired,,United States,,Flat,USPSFirstClass,1,0.0,,,,1,,,ReturnsNotAccepted,,,,,,,,,,,,,,Yes,No,,,,
Revise,BC-000093-rrqjw,261328,0,2026 Topps FERNANDO TATIS JR. #T91-8 1991 Topps Baseball 35th ANNIVERSARY Padres,,,4000,No,,,,,,,,,,,,,Near mint or better,,,,,,,,,,,,,,,,,,,,,,,,,,FixedPriceItem,GTC,3.49,,1,,,ImmediatePayRequired,,United States,,Flat,USPSFirstClass,1,0.0,,,,1,,,ReturnsNotAccepted,,,,,,,,,,,,,,Yes,No,,,,
Revise,BC-000094-rrqjx,261328,0,2026 Topps TARIK SKUBAL #SMLB-29 Stars of MLB DETROIT Tigers,,,4000,No,,,,,,,,,,,,,Near mint or better,,,,,,,,,,,,,,,,,,,,,,,,,,FixedPriceItem,GTC,3.49,,1,,,ImmediatePayRequired,,United States,,Flat,USPSFirstClass,1,0.0,,,,1,,,ReturnsNotAccepted,,,,,,,,,,,,,,Yes,No,,,,
Revise,BC-000098-rrqk1,261328,0,2026 Topps JONAH TONG #4 NEW YORK Mets,,,4000,No,,,,,,,,,,,,,Near mint or better,,,,,,,,,,,,,,,,,,,,,,,,,,FixedPriceItem,GTC,6.99,,1,,,ImmediatePayRequired,,United States,,Flat,USPSFirstClass,1,0.0,,,,1,,,ReturnsNotAccepted,,,,,,,,,,,,,,Yes,No,,,,
Revise,BC-000096-rrqjz,261328,0,2026 Topps CARSON WILLIAMS #25 DIAMANTE Foil TAMPA BAY Rays,,,4000,No,,,,,,,,,,,,,Near mint or better,,,,,,,,,,,,,,,,,,,,,,,,,,FixedPriceItem,GTC,3.49,,1,,,ImmediatePayRequired,,United States,,Flat,USPSFirstClass,1,0.0,,,,1,,,ReturnsNotAccepted,,,,,,,,,,,,,,Yes,No,,,,
Revise,BC-000099-rrqk2,261328,0,2026 Topps ELLY DE LA CRUZ #TOG-5 Titans of the GAME CINCINNATI Reds Football,,,4000,No,,,,,,,,,,,,,Near mint or better,,,,,,,,,,,,,,,,,,,,,,,,,,FixedPriceItem,GTC,2.99,,1,,,ImmediatePayRequired,,United States,,Flat,USPSFirstClass,1,0.0,,,,1,,,ReturnsNotAccepted,,,,,,,,,,,,,,Yes,No,,,,
Revise,BC-000101-rrqk4,261328,0,2026 Topps JACOB WILSON #T91-77 1991 Topps Baseball 35th ANNIVERSARY Athletics,,,4000,No,,,,,,,,,,,,,Near mint or better,,,,,,,,,,,,,,,,,,,,,,,,,,FixedPriceItem,GTC,3.49,,1,,,ImmediatePayRequired,,United States,,Flat,USPSFirstClass,1,0.0,,,,1,,,ReturnsNotAccepted,,,,,,,,,,,,,,Yes,No,,,,
Revise,BC-000100-rrqk3,261328,0,2026 Topps CHRISTIAN YELICH #SMLB-20 Stars of MLB MILWAUKEE Brewers,,,4000,No,,,,,,,,,,,,,Near mint or better,,,,,,,,,,,,,,,,,,,,,,,,,,FixedPriceItem,GTC,2.99,,1,,,ImmediatePayRequired,,United States,,Flat,USPSFirstClass,1,0.0,,,,1,,,ReturnsNotAccepted,,,,,,,,,,,,,,Yes,No,,,,
Revise,RA-000044-s8hiw,261328,0,2025-26 Topps Chrome ALIJAH MARTIN #290 Refractor TORONTO RAPTORS Basketball,,,4000,No,,,,,,,,,,,,,Near mint or better,,,,,,,,,,,,,,,,,,,,,,,,,,FixedPriceItem,GTC,2.49,,1,,,ImmediatePayRequired,,United States,,Flat,USPSFirstClass,1,0.0,,,,1,,,ReturnsNotAccepted,,,,,,,,,,,,,,Yes,No,,,,
Revise,RA-000045-s8hiz,261328,0,2025-26 Topps Chrome COLLIN MURRAY-BOYLES #259 TORONTO RAPTORS Basketball,,,4000,No,,,,,,,,,,,,,Near mint or better,,,,,,,,,,,,,,,,,,,,,,,,,,FixedPriceItem,GTC,2.49,,1,,,ImmediatePayRequired,,United States,,Flat,USPSFirstClass,1,0.0,,,,1,,,ReturnsNotAccepted,,,,,,,,,,,,,,Yes,No,,,,
Revise,RA-000105-s91bo,261328,0,2025 Bowman Draft LIAM DOYLE #PP-4 PRIZED Prospects ST. LOUIS Cardinals Football,,,4000,No,,,,,,,,,,,,,Near mint or better,,,,,,,,,,,,,,,,,,,,,,,,,,FixedPriceItem,GTC,5.49,,1,,,ImmediatePayRequired,,United States,,Flat,USPSFirstClass,1,0.0,,,,1,,,ReturnsNotAccepted,,,,,,,,,,,,,,Yes,No,,,,
Revise,RA-000106-s91bp,261328,0,2025 Bowman Draft IKE IRISH #A-9 AXIS BALTIMORE Orioles,,,4000,No,,,,,,,,,,,,,Near mint or better,,,,,,,,,,,,,,,,,,,,,,,,,,FixedPriceItem,GTC,2.49,,1,,,ImmediatePayRequired,,United States,,Flat,USPSFirstClass,1,0.0,,,,1,,,ReturnsNotAccepted,,,,,,,,,,,,,,Yes,No,,,,
Revise,RA-000107-s91bq,261328,0,2025 Bowman Draft IKE IRISH #BDN-6 Bowman Draft NIGHT BALTIMORE Orioles,,,4000,No,,,,,,,,,,,,,Near mint or better,,,,,,,,,,,,,,,,,,,,,,,,,,FixedPriceItem,GTC,2.99,,1,,,ImmediatePayRequired,,United States,,Flat,USPSFirstClass,1,0.0,,,,1,,,ReturnsNotAccepted,,,,,,,,,,,,,,Yes,No,,,,
Revise,RA-000110-s91bt,261328,0,2025 Bowman Draft WALKER JANEK #BDC-45 Chrome Refractor HOUSTON Astros,,,4000,No,,,,,,,,,,,,,Near mint or better,,,,,,,,,,,,,,,,,,,,,,,,,,FixedPriceItem,GTC,3.49,,1,,,ImmediatePayRequired,,United States,,Flat,USPSFirstClass,1,0.0,,,,1,,,ReturnsNotAccepted,,,,,,,,,,,,,,Yes,No,,,,
Revise,RA-000111-s91bu,261328,0,2025 Bowman Draft ETHAN CONRAD #BDC-17 Chrome Refractor CHICAGO Cubs,,,4000,No,,,,,,,,,,,,,Near mint or better,,,,,,,,,,,,,,,,,,,,,,,,,,FixedPriceItem,GTC,6.00,,1,,,ImmediatePayRequired,,United States,,Flat,USPSFirstClass,1,0.0,,,,1,,,ReturnsNotAccepted,,,,,,,,,,,,,,Yes,No,,,,
Revise,RA-000116-s91bz,261328,0,2025 Bowman Draft BILLY CARLSON #BIA-19 Bowman In ACTION CHICAGO White Sox,,,4000,No,,,,,,,,,,,,,Near mint or better,,,,,,,,,,,,,,,,,,,,,,,,,,FixedPriceItem,GTC,4.99,,1,,,ImmediatePayRequired,,United States,,Flat,USPSFirstClass,1,0.0,,,,1,,,ReturnsNotAccepted,,,,,,,,,,,,,,Yes,No,,,,
Revise,RA-000119-s91c3,261328,0,2025 Bowman Draft JAMIE ARNOLD #BDC-30 Chrome Athletics,,,4000,No,,,,,,,,,,,,,Near mint or better,,,,,,,,,,,,,,,,,,,,,,,,,,FixedPriceItem,GTC,2.99,,1,,,ImmediatePayRequired,,United States,,Flat,USPSFirstClass,1,0.0,,,,1,,,ReturnsNotAccepted,,,,,,,,,,,,,,Yes,No,,,,
Revise,RA-000124-s91c8,261328,0,2025 Topps Chrome Update MIKE TROUT #F15-3 FORTUNE 15 LOS ANGELES Angels,,,4000,No,,,,,,,,,,,,,Near mint or better,,,,,,,,,,,,,,,,,,,,,,,,,,FixedPriceItem,GTC,2.99,,1,,,ImmediatePayRequired,,United States,,Flat,USPSFirstClass,1,0.0,,,,1,,,ReturnsNotAccepted,,,,,,,,,,,,,,Yes,No,,,,
Revise,RA-000125-s91c9,261328,0,2025 Topps Chrome Update FREDDIE FREEMAN #ASGC-11 2025 ALL-STAR GAME Dodgers,,,4000,No,,,,,,,,,,,,,Near mint or better,,,,,,,,,,,,,,,,,,,,,,,,,,FixedPriceItem,GTC,3.49,,1,,,ImmediatePayRequired,,United States,,Flat,USPSFirstClass,1,0.0,,,,1,,,ReturnsNotAccepted,,,,,,,,,,,,,,Yes,No,,,,
Revise,RA-000126-s91ca,261328,0,2025 Topps Chrome Update JAMES WOOD #USC95 X-FRACTORS WASHINGTON Nationals,,,4000,No,,,,,,,,,,,,,Near mint or better,,,,,,,,,,,,,,,,,,,,,,,,,,FixedPriceItem,GTC,2.99,,1,,,ImmediatePayRequired,,United States,,Flat,USPSFirstClass,1,0.0,,,,1,,,ReturnsNotAccepted,,,,,,,,,,,,,,Yes,No,,,,
Revise,RA-000128-s91cc,261328,0,2025 Bowman Draft JAMIE ARNOLD #PP-11 PRIZED Prospects Athletics,,,4000,No,,,,,,,,,,,,,Near mint or better,,,,,,,,,,,,,,,,,,,,,,,,,,FixedPriceItem,GTC,2.49,,1,,,ImmediatePayRequired,,United States,,Flat,USPSFirstClass,1,0.0,,,,1,,,ReturnsNotAccepted,,,,,,,,,,,,,,Yes,No,,,,
Revise,RA-000130-s91cf,261328,0,2025 Bowman Draft NICK BECKER #BDC-100 Chrome SEATTLE Mariners,,,4000,No,,,,,,,,,,,,,Near mint or better,,,,,,,,,,,,,,,,,,,,,,,,,,FixedPriceItem,GTC,2.99,,1,,,ImmediatePayRequired,,United States,,Flat,USPSFirstClass,1,0.0,,,,1,,,ReturnsNotAccepted,,,,,,,,,,,,,,Yes,No,,,,
Revise,RA-000129-s91ce,261328,0,2025 Bowman Draft JAMIE ARNOLD #BDN-9 Bowman Draft NIGHT Athletics,,,4000,No,,,,,,,,,,,,,Near mint or better,,,,,,,,,,,,,,,,,,,,,,,,,,FixedPriceItem,GTC,2.99,,1,,,ImmediatePayRequired,,United States,,Flat,USPSFirstClass,1,0.0,,,,1,,,ReturnsNotAccepted,,,,,,,,,,,,,,Yes,No,,,,
Revise,RA-000132-s91ch,261328,0,2025 Bowman Draft GAVIN KILEN #BDC-40 Chrome SAN FRANCISCO Giants Football,,,4000,No,,,,,,,,,,,,,Near mint or better,,,,,,,,,,,,,,,,,,,,,,,,,,FixedPriceItem,GTC,2.99,,1,,,ImmediatePayRequired,,United States,,Flat,USPSFirstClass,1,0.0,,,,1,,,ReturnsNotAccepted,,,,,,,,,,,,,,Yes,No,,,,
Revise,RA-000134-s91ck,261328,0,2025 Bowman Draft LIAM DOYLE #BDC-12 Chrome ST. LOUIS Cardinals Football,,,4000,No,,,,,,,,,,,,,Near mint or better,,,,,,,,,,,,,,,,,,,,,,,,,,FixedPriceItem,GTC,3.49,,1,,,ImmediatePayRequired,,United States,,Flat,USPSFirstClass,1,0.0,,,,1,,,ReturnsNotAccepted,,,,,,,,,,,,,,Yes,No,,,,
Revise,RA-000135-s91cl,261328,0,2025 Bowman Draft GAVIN KILEN #A-5 AXIS REF SAN FRANCISCO Giants #/250 Football,,,4000,No,,,,,,,,,,,,,Near mint or better,,,,,,,,,,,,,,,,,,,,,,,,,,FixedPriceItem,GTC,4.49,,1,,,ImmediatePayRequired,,United States,,Flat,USPSFirstClass,1,0.0,,,,1,,,ReturnsNotAccepted,,,,,,,,,,,,,,Yes,No,,,,
Revise,RA-000136-s91cm,261328,0,2025 Bowman Draft WALKER JANEK #BDC-45 Chrome SKY Blue Refractor HOUSTON Astros,,,4000,No,,,,,,,,,,,,,Near mint or better,,,,,,,,,,,,,,,,,,,,,,,,,,FixedPriceItem,GTC,4.49,,1,,,ImmediatePayRequired,,United States,,Flat,USPSFirstClass,1,0.0,,,,1,,,ReturnsNotAccepted,,,,,,,,,,,,,,Yes,No,,,,
Revise,RA-000138-s91co,261328,0,2025 Topps Chrome Update YUSEI KIKUCHI #USC59 Teal REFRACTORS Angels #/299,,,4000,No,,,,,,,,,,,,,Near mint or better,,,,,,,,,,,,,,,,,,,,,,,,,,FixedPriceItem,GTC,2.99,,1,,,ImmediatePayRequired,,United States,,Flat,USPSFirstClass,1,0.0,,,,1,,,ReturnsNotAccepted,,,,,,,,,,,,,,Yes,No,,,,
Revise,RA-000142-s91cs,261328,0,2025 Topps Chrome Update NICK KURTZ #90CU-21 1990 Topps Chrome Athletics,,,4000,No,,,,,,,,,,,,,Near mint or better,,,,,,,,,,,,,,,,,,,,,,,,,,FixedPriceItem,GTC,4.99,,1,,,ImmediatePayRequired,,United States,,Flat,USPSFirstClass,1,0.0,,,,1,,,ReturnsNotAccepted,,,,,,,,,,,,,,Yes,No,,,,
Revise,RA-000146-s91cw,261328,0,2025 Bowman Draft PATRICK FORBES #BDC-89 Chrome Purple GEOMETRIC DBACKS /250,,,4000,No,,,,,,,,,,,,,Near mint or better,,,,,,,,,,,,,,,,,,,,,,,,,,FixedPriceItem,GTC,4.99,,1,,,ImmediatePayRequired,,United States,,Flat,USPSFirstClass,1,0.0,,,,1,,,ReturnsNotAccepted,,,,,,,,,,,,,,Yes,No,,,,
Revise,RA-000148-s91cy,261328,0,2025 Topps Chrome Update CADE HORTON #USC102 X-FRACTORS CHICAGO Cubs Basketball,,,4000,No,,,,,,,,,,,,,Near mint or better,,,,,,,,,,,,,,,,,,,,,,,,,,FixedPriceItem,GTC,3.49,,1,,,ImmediatePayRequired,,United States,,Flat,USPSFirstClass,1,0.0,,,,1,,,ReturnsNotAccepted,,,,,,,,,,,,,,Yes,No,,,,
Revise,RA-000043-s8hiv,261328,0,2025-26 Topps Chrome YANIC KONAN NIEDERHÄUSER #280 Refractor Clippers Basketball,,,4000,No,,,,,,,,,,,,,Near mint or better,,,,,,,,,,,,,,,,,,,,,,,,,,FixedPriceItem,GTC,2.99,,1,,,ImmediatePayRequired,,United States,,Flat,USPSFirstClass,1,0.0,,,,1,,,ReturnsNotAccepted,,,,,,,,,,,,,,Yes,No,,,,
Revise,RA-000052-s8hja,261328,0,2025-26 Topps Chrome EGOR DËMIN #258 BROOKLYN Nets Basketball,,,4000,No,,,,,,,,,,,,,Near mint or better,,,,,,,,,,,,,,,,,,,,,,,,,,FixedPriceItem,GTC,1.49,,1,,,ImmediatePayRequired,,United States,,Flat,USPSFirstClass,1,0.0,,,,1,,,ReturnsNotAccepted,,,,,,,,,,,,,,Yes,No,,,,
Revise,RA-000055-s8hje,261328,0,2025-26 Topps Chrome MARCUS SASSER #35 NEGATIVE REF DETROIT Pistons Basketball,,,4000,No,,,,,,,,,,,,,Near mint or better,,,,,,,,,,,,,,,,,,,,,,,,,,FixedPriceItem,GTC,2.49,,1,,,ImmediatePayRequired,,United States,,Flat,USPSFirstClass,1,0.0,,,,1,,,ReturnsNotAccepted,,,,,,,,,,,,,,Yes,No,,,,
Revise,RA-000053-s8hjb,261328,0,2025-26 Topps Chrome DYLAN HARPER #GR-2 GENERATION RISING SAN ANTONIO SPURS,,,4000,No,,,,,,,,,,,,,Near mint or better,,,,,,,,,,,,,,,,,,,,,,,,,,FixedPriceItem,GTC,5.99,,1,,,ImmediatePayRequired,,United States,,Flat,USPSFirstClass,1,0.0,,,,1,,,ReturnsNotAccepted,,,,,,,,,,,,,,Yes,No,,,,
Revise,RA-000054-s8hjc,261328,0,2025-26 Topps Chrome JEREMY SOCHAN #239 NEGATIVE Refractor SAN ANTONIO SPURS,,,4000,No,,,,,,,,,,,,,Near mint or better,,,,,,,,,,,,,,,,,,,,,,,,,,FixedPriceItem,GTC,2.49,,1,,,ImmediatePayRequired,,United States,,Flat,USPSFirstClass,1,0.0,,,,1,,,ReturnsNotAccepted,,,,,,,,,,,,,,Yes,No,,,,
Revise,RA-000058-s8hjj,261328,0,2025-26 Topps Chrome DRAYMOND Green #234 NEGATIVE Refractor Warriors Basketball,,,4000,No,,,,,,,,,,,,,Near mint or better,,,,,,,,,,,,,,,,,,,,,,,,,,FixedPriceItem,GTC,4.95,,1,,,ImmediatePayRequired,,United States,,Flat,USPSFirstClass,1,0.0,,,,1,,,ReturnsNotAccepted,,,,,,,,,,,,,,Yes,No,,,,
Revise,RA-000060-s8hjl,261328,0,2025-26 Topps Chrome CHRIS DUARTE #83 NEGATIVE REF CHICAGO Bulls Basketball,,,4000,No,,,,,,,,,,,,,Near mint or better,,,,,,,,,,,,,,,,,,,,,,,,,,FixedPriceItem,GTC,5.99,,1,,,ImmediatePayRequired,,United States,,Flat,USPSFirstClass,1,0.0,,,,1,,,ReturnsNotAccepted,,,,,,,,,,,,,,Yes,No,,,,
Revise,RA-000062-s8hjn,261328,0,2025-26 Topps Chrome SION JAMES #283 CHARLOTTE HORNETS Basketball,,,4000,No,,,,,,,,,,,,,Near mint or better,,,,,,,,,,,,,,,,,,,,,,,,,,FixedPriceItem,GTC,2.49,,3,,,ImmediatePayRequired,,United States,,Flat,USPSFirstClass,1,0.0,,,,1,,,ReturnsNotAccepted,,,,,,,,,,,,,,Yes,No,,,,
Revise,RA-000063-s8hjo,261328,0,2025-26 Topps Chrome RYAN KALKBRENNER #284 CHARLOTTE HORNETS Basketball,,,4000,No,,,,,,,,,,,,,Near mint or better,,,,,,,,,,,,,,,,,,,,,,,,,,FixedPriceItem,GTC,2.49,,3,,,ImmediatePayRequired,,United States,,Flat,USPSFirstClass,1,0.0,,,,1,,,ReturnsNotAccepted,,,,,,,,,,,,,,Yes,No,,,,
Revise,RA-000065-s8hjq,261328,0,2025-26 Topps Chrome JOSH Green #47 X-FRACTOR CHARLOTTE HORNETS Basketball,,,4000,No,,,,,,,,,,,,,Near mint or better,,,,,,,,,,,,,,,,,,,,,,,,,,FixedPriceItem,GTC,1.99,,1,,,ImmediatePayRequired,,United States,,Flat,USPSFirstClass,1,0.0,,,,1,,,ReturnsNotAccepted,,,,,,,,,,,,,,Yes,No,,,,
Revise,RA-000064-s8hjp,261328,0,2025-26 Topps Chrome LAMELO BALL #AC-7 ACTIVATORS CHARLOTTE HORNETS Basketball,,,4000,No,,,,,,,,,,,,,Near mint or better,,,,,,,,,,,,,,,,,,,,,,,,,,FixedPriceItem,GTC,2.99,,1,,,ImmediatePayRequired,,United States,,Flat,USPSFirstClass,1,0.0,,,,1,,,ReturnsNotAccepted,,,,,,,,,,,,,,Yes,No,,,,
Revise,RA-000067-s8hjt,261328,0,2025-26 Topps Chrome BRANDON MILLER #89 Refractor CHARLOTTE HORNETS Basketball,,,4000,No,,,,,,,,,,,,,Near mint or better,,,,,,,,,,,,,,,,,,,,,,,,,,FixedPriceItem,GTC,1.99,,1,,,ImmediatePayRequired,,United States,,Flat,USPSFirstClass,1,0.0,,,,1,,,ReturnsNotAccepted,,,,,,,,,,,,,,Yes,No,,,,
Revise,RA-000068-s8hju,261328,0,2025-26 Topps Chrome NICK SMITH JR. #26 RAYWAVE REF CHARLOTTE HORNETS Basketball,,,4000,No,,,,,,,,,,,,,Near mint or better,,,,,,,,,,,,,,,,,,,,,,,,,,FixedPriceItem,GTC,1.99,,1,,,ImmediatePayRequired,,United States,,Flat,USPSFirstClass,1,0.0,,,,1,,,ReturnsNotAccepted,,,,,,,,,,,,,,Yes,No,,,,
Revise,RA-000069-s8hjv,261328,0,2025-26 Topps Chrome MILES BRIDGES #30 X-FRACTOR CHARLOTTE HORNETS Basketball,,,4000,No,,,,,,,,,,,,,Near mint or better,,,,,,,,,,,,,,,,,,,,,,,,,,FixedPriceItem,GTC,2.49,,1,,,ImmediatePayRequired,,United States,,Flat,USPSFirstClass,1,0.0,,,,1,,,ReturnsNotAccepted,,,,,,,,,,,,,,Yes,No,,,,
Revise,RA-000071-s8hjy,261328,0,2025-26 Topps Chrome LIAM MCNEELEY #279 X-FRACTOR CHARLOTTE HORNETS Basketball,,,4000,No,,,,,,,,,,,,,Near mint or better,,,,,,,,,,,,,,,,,,,,,,,,,,FixedPriceItem,GTC,2.49,,1,,,ImmediatePayRequired,,United States,,Flat,USPSFirstClass,1,0.0,,,,1,,,ReturnsNotAccepted,,,,,,,,,,,,,,Yes,No,,,,
Revise,RA-000070-s8hjx,261328,0,2025-26 Topps Chrome TIDJANE SALAÜN #8 Refractor CHARLOTTE HORNETS Basketball,,,4000,No,,,,,,,,,,,,,Near mint or better,,,,,,,,,,,,,,,,,,,,,,,,,,FixedPriceItem,GTC,0.99,,1,,,ImmediatePayRequired,,United States,,Flat,USPSFirstClass,1,0.0,,,,1,,,ReturnsNotAccepted,,,,,,,,,,,,,,Yes,No,,,,
Revise,RA-000073-s8hk1,261328,0,2025-26 Topps Chrome DWYANE WADE #241 Refractor MIAMI Heat Basketball,,,4000,No,,,,,,,,,,,,,Near mint or better,,,,,,,,,,,,,,,,,,,,,,,,,,FixedPriceItem,GTC,1.99,,1,,,ImmediatePayRequired,,United States,,Flat,USPSFirstClass,1,0.0,,,,1,,,ReturnsNotAccepted,,,,,,,,,,,,,,Yes,No,,,,
Revise,RA-000076-s8hk4,261328,0,2025-26 Topps Chrome MARK WILLIAMS #34 RAYWAVE REF CHARLOTTE HORNETS Basketball,,,4000,No,,,,,,,,,,,,,Near mint or better,,,,,,,,,,,,,,,,,,,,,,,,,,FixedPriceItem,GTC,1.99,,1,,,ImmediatePayRequired,,United States,,Flat,USPSFirstClass,1,0.0,,,,1,,,ReturnsNotAccepted,,,,,,,,,,,,,,Yes,No,,,,
Revise,RA-000077-s8hk6,261328,0,2025-26 Topps Chrome ANTHONY Black #103 NEGATIVE REF ORLANDO MAGIC Basketball,,,4000,No,,,,,,,,,,,,,Near mint or better,,,,,,,,,,,,,,,,,,,,,,,,,,FixedPriceItem,GTC,10.09,,1,,,ImmediatePayRequired,,United States,,Flat,USPSFirstClass,1,0.0,,,,1,,,ReturnsNotAccepted,,,,,,,,,,,,,,Yes,No,,,,
Revise,RA-000074-s8hk2,261328,0,2025-26 Topps Chrome ALLEN IVERSON #CG-29 CLUTCH GENE PHILADELPHIA 76ers,,,4000,No,,,,,,,,,,,,,Near mint or better,,,,,,,,,,,,,,,,,,,,,,,,,,FixedPriceItem,GTC,1.75,,1,,,ImmediatePayRequired,,United States,,Flat,USPSFirstClass,1,0.0,,,,1,,,ReturnsNotAccepted,,,,,,,,,,,,,,Yes,No,,,,
Revise,RA-000079-s8hk8,261328,0,2025-26 Topps Chrome QUENTIN GRIMES #197 NEGATIVE Refractor PHILADELPHIA 76ers,,,4000,No,,,,,,,,,,,,,Near mint or better,,,,,,,,,,,,,,,,,,,,,,,,,,FixedPriceItem,GTC,2.99,,1,,,ImmediatePayRequired,,United States,,Flat,USPSFirstClass,1,0.0,,,,1,,,ReturnsNotAccepted,,,,,,,,,,,,,,Yes,No,,,,
Revise,RA-000084-s8hke,261328,0,2025-26 Topps Chrome KELLY OUBRE JR. #114 NEGATIVE Refractor PHILADELPHIA 76ers,,,4000,No,,,,,,,,,,,,,Near mint or better,,,,,,,,,,,,,,,,,,,,,,,,,,FixedPriceItem,GTC,3.49,,1,,,ImmediatePayRequired,,United States,,Flat,USPSFirstClass,1,0.0,,,,1,,,ReturnsNotAccepted,,,,,,,,,,,,,,Yes,No,,,,
Revise,RA-000080-s8hk9,261328,0,2025-26 Topps Chrome KARL-ANTHONY TOWNS #179 NEGATIVE Refractor NEW YORK Knicks,,,4000,No,,,,,,,,,,,,,Near mint or better,,,,,,,,,,,,,,,,,,,,,,,,,,FixedPriceItem,GTC,9.49,,1,,,ImmediatePayRequired,,United States,,Flat,USPSFirstClass,1,0.0,,,,1,,,ReturnsNotAccepted,,,,,,,,,,,,,,Yes,No,,,,
Revise,RA-000089-s8hkl,261328,0,2025-26 Topps Chrome YANG HANSEN #266 TRAILBLAZERS Basketball,,,4000,No,,,,,,,,,,,,,Near mint or better,,,,,,,,,,,,,,,,,,,,,,,,,,FixedPriceItem,GTC,1.99,,1,,,ImmediatePayRequired,,United States,,Flat,USPSFirstClass,1,0.0,,,,1,,,ReturnsNotAccepted,,,,,,,,,,,,,,Yes,No,,,,
Revise,RA-000091-s8hko,261328,0,2025-26 Topps Chrome WALTER CLAYTON JR. #268 Refractor UTAH JAZZ Basketball,,,4000,No,,,,,,,,,,,,,Near mint or better,,,,,,,,,,,,,,,,,,,,,,,,,,FixedPriceItem,GTC,3.49,,1,,,ImmediatePayRequired,,United States,,Flat,USPSFirstClass,1,0.0,,,,1,,,ReturnsNotAccepted,,,,,,,,,,,,,,Yes,No,,,,
Revise,RA-000094-s8hks,261328,0,2025-26 Topps Chrome SION JAMES #283 Refractor CHARLOTTE HORNETS Basketball,,,4000,No,,,,,,,,,,,,,Near mint or better,,,,,,,,,,,,,,,,,,,,,,,,,,FixedPriceItem,GTC,2.99,,1,,,ImmediatePayRequired,,United States,,Flat,USPSFirstClass,1,0.0,,,,1,,,ReturnsNotAccepted,,,,,,,,,,,,,,Yes,No,,,,
Revise,RA-000095-s8hkt,261328,0,2025-26 Topps Chrome SION JAMES #283 X-FRACTOR CHARLOTTE HORNETS Basketball,,,4000,No,,,,,,,,,,,,,Near mint or better,,,,,,,,,,,,,,,,,,,,,,,,,,FixedPriceItem,GTC,3.49,,2,,,ImmediatePayRequired,,United States,,Flat,USPSFirstClass,1,0.0,,,,1,,,ReturnsNotAccepted,,,,,,,,,,,,,,Yes,No,,,,
Revise,BD-000002-sgako,261328,0,2025 Bowman Chrome WALKER BUEHLER #53 GEOMETRIC BOSTON Red Sox #/499,,,4000,No,,,,,,,,,,,,,Excellent,,,,,,,,,,,,,,,,,,,,,,,,,,FixedPriceItem,GTC,3.49,,1,,,ImmediatePayRequired,,United States,,Flat,USPSFirstClass,1,0.0,,,,1,,,ReturnsNotAccepted,,,,,,,,,,,,,,Yes,No,,,,
Revise,BD-000016-sgala,261328,0,2024 Bowman Draft ADRIEL RADNEY #BD-136 Blue BORDER ARIZONA Diamondbacks #/150,,,4000,No,,,,,,,,,,,,,Excellent,,,,,,,,,,,,,,,,,,,,,,,,,,FixedPriceItem,GTC,9.19,,1,,,ImmediatePayRequired,,United States,,Flat,USPSFirstClass,1,0.0,,,,1,,,ReturnsNotAccepted,,,,,,,,,,,,,,Yes,No,,,,
Revise,BD-000018-sgale,261328,0,2025 Bowman Draft CALEB BONEMER #BDC-184 Chrome SKY Blue Refractor White Sox,,,4000,No,,,,,,,,,,,,,Excellent,,,,,,,,,,,,,,,,,,,,,,,,,,FixedPriceItem,GTC,5.79,,1,,,ImmediatePayRequired,,United States,,Flat,USPSFirstClass,1,0.0,,,,1,,,ReturnsNotAccepted,,,,,,,,,,,,,,Yes,No,,,,
Revise,BD-000017-sgalc,261328,0,2025 Bowman Draft CAMERON MILLAR #BD-176 SKY Blue BORDER Royals #/499,,,4000,No,,,,,,,,,,,,,Excellent,,,,,,,,,,,,,,,,,,,,,,,,,,FixedPriceItem,GTC,4.99,,1,,,ImmediatePayRequired,,United States,,Flat,USPSFirstClass,1,0.0,,,,1,,,ReturnsNotAccepted,,,,,,,,,,,,,,Yes,No,,,,
Revise,BD-000023-sgalm,261328,0,2024 Bowman Draft FELNIN CELESTEN #BD-76 Blue BORDER SEATTLE Mariners #/150,,,4000,No,,,,,,,,,,,,,Excellent,,,,,,,,,,,,,,,,,,,,,,,,,,FixedPriceItem,GTC,5.49,,1,,,ImmediatePayRequired,,United States,,Flat,USPSFirstClass,1,0.0,,,,1,,,ReturnsNotAccepted,,,,,,,,,,,,,,Yes,No,,,,
Revise,BD-000024-sgaln,261328,0,2024 Bowman Draft HARRY FORD #BDC-25 Chrome SPARKLES Refractor Mariners #/200,,,4000,No,,,,,,,,,,,,,Excellent,,,,,,,,,,,,,,,,,,,,,,,,,,FixedPriceItem,GTC,5.49,,1,,,ImmediatePayRequired,,United States,,Flat,USPSFirstClass,1,0.0,,,,1,,,ReturnsNotAccepted,,,,,,,,,,,,,,Yes,No,,,,
Revise,BD-000026-sgalq,261328,0,2025 Bowman Draft YOLFRAN CASTILLO #BD-107 SKY Blue BORDER TEXAS Rangers #/499,,,4000,No,,,,,,,,,,,,,Excellent,,,,,,,,,,,,,,,,,,,,,,,,,,FixedPriceItem,GTC,3.99,,1,,,ImmediatePayRequired,,United States,,Flat,USPSFirstClass,1,0.0,,,,1,,,ReturnsNotAccepted,,,,,,,,,,,,,,Yes,No,,,,
Revise,BD-000034-sgam0,261328,0,2025 Bowman Draft RILEY KELLY #CPA-RK Chrome Prospect AUTOGRAPHS RC Rookie,,,4000,No,,,,,,,,,,,,,Excellent,,,,,,,,,,,,,,,,,,,,,,,,,,FixedPriceItem,GTC,5.99,,1,,,ImmediatePayRequired,,United States,,Flat,USPSFirstClass,1,0.0,,,,1,,,ReturnsNotAccepted,,,,,,,,,,,,,,Yes,No,,,,
Revise,BD-000045-shdvh,261328,0,2025 Bowman Draft ANDREW SALAS #BDC-34 Chrome X-FRACTOR MIAMI Marlins,,,4000,No,,,,,,,,,,,,,Near mint or better,,,,,,,,,,,,,,,,,,,,,,,,,,FixedPriceItem,GTC,3.49,,1,,,ImmediatePayRequired,,United States,,Flat,USPSFirstClass,1,0.0,,,,1,,,ReturnsNotAccepted,,,,,,,,,,,,,,Yes,No,,,,
Revise,BD-000046-shdvi,261328,0,2025 Bowman Draft JACOB REIMER #BDC-188 Chrome SPARKLE Refractor NEW YORK Mets,,,4000,No,,,,,,,,,,,,,Near mint or better,,,,,,,,,,,,,,,,,,,,,,,,,,FixedPriceItem,GTC,3.99,,1,,,ImmediatePayRequired,,United States,,Flat,USPSFirstClass,1,0.0,,,,1,,,ReturnsNotAccepted,,,,,,,,,,,,,,Yes,No,,,,
Revise,BD-000047-shdvj,261328,0,2025 Bowman Draft MALCOLM MOORE #BD-191 SKY Blue BORDER TEXAS Rangers #/499,,,4000,No,,,,,,,,,,,,,Near mint or better,,,,,,,,,,,,,,,,,,,,,,,,,,FixedPriceItem,GTC,2.49,,1,,,ImmediatePayRequired,,United States,,Flat,USPSFirstClass,1,0.0,,,,1,,,ReturnsNotAccepted,,,,,,,,,,,,,,Yes,No,,,,
Revise,BD-000053-shdvq,261328,0,2025 Bowman Chrome CORBIN BURNES #94 GEOMETRIC ARIZONA Diamondbacks #/499,,,4000,No,,,,,,,,,,,,,Near mint or better,,,,,,,,,,,,,,,,,,,,,,,,,,FixedPriceItem,GTC,2.99,,1,,,ImmediatePayRequired,,United States,,Flat,USPSFirstClass,1,0.0,,,,1,,,ReturnsNotAccepted,,,,,,,,,,,,,,Yes,No,,,,
Revise,BD-000057-shdvu,261328,0,2025 Bowman Draft CODY BOWKER #BDC-140 Chrome X-FRACTOR PHILADELPHIA Phillies,,,4000,No,,,,,,,,,,,,,Near mint or better,,,,,,,,,,,,,,,,,,,,,,,,,,FixedPriceItem,GTC,4.99,,1,,,ImmediatePayRequired,,United States,,Flat,USPSFirstClass,1,0.0,,,,1,,,ReturnsNotAccepted,,,,,,,,,,,,,,Yes,No,,,,
Revise,BD-000060-shdvy,261328,0,2025 Bowman Draft PETER KUSSOW #BDC-179 Chrome X-FRACTOR NEW YORK Mets,,,4000,No,,,,,,,,,,,,,Near mint or better,,,,,,,,,,,,,,,,,,,,,,,,,,FixedPriceItem,GTC,3.99,,1,,,ImmediatePayRequired,,United States,,Flat,USPSFirstClass,1,0.0,,,,1,,,ReturnsNotAccepted,,,,,,,,,,,,,,Yes,No,,,,
Revise,BD-000043-shdvf,261328,0,2025 Bowman Draft JUSTIN LAMKIN #BDC-62 Chrome SPARKLE Refractor Royals,,,4000,No,,,,,,,,,,,,,Near mint or better,,,,,,,,,,,,,,,,,,,,,,,,,,FixedPriceItem,GTC,7.19,,1,,,ImmediatePayRequired,,United States,,Flat,USPSFirstClass,1,0.0,,,,1,,,ReturnsNotAccepted,,,,,,,,,,,,,,Yes,No,,,,
Revise,BD-000052-shdvp,261328,0,2025 Bowman Draft TRAVIS SYKORA #BD-137 SKY Blue BORDER Nationals #/499,,,4000,No,,,,,,,,,,,,,Near mint or better,,,,,,,,,,,,,,,,,,,,,,,,,,FixedPriceItem,GTC,4.99,,1,,,ImmediatePayRequired,,United States,,Flat,USPSFirstClass,1,0.0,,,,1,,,ReturnsNotAccepted,,,,,,,,,,,,,,Yes,No,,,,
Revise,BD-000054-shdvr,261328,0,2024 Bowman Draft DAWEL JOSEPH #BDC-170 Chrome Purple Refractor Mariners #/250,,,4000,No,,,,,,,,,,,,,Near mint or better,,,,,,,,,,,,,,,,,,,,,,,,,,FixedPriceItem,GTC,3.49,,1,,,ImmediatePayRequired,,United States,,Flat,USPSFirstClass,1,0.0,,,,1,,,ReturnsNotAccepted,,,,,,,,,,,,,,Yes,No,,,,
Revise,BD-000061-shdvz,261328,0,2025 Bowman Draft ENRIQUE BRADFIELD JR. #BDC-198 Chrome Green GEOMETRIC O'S /99,,,4000,No,,,,,,,,,,,,,Near mint or better,,,,,,,,,,,,,,,,,,,,,,,,,,FixedPriceItem,GTC,16.59,,1,,,ImmediatePayRequired,,United States,,Flat,USPSFirstClass,1,0.0,,,,1,,,ReturnsNotAccepted,,,,,,,,,,,,,,Yes,No,,,,
Revise,BD-000062-shdw0,261328,0,2025 Bowman Draft ARJUN NIMMALA #BDC-35 Chrome Green Refractor Blue Jays #/99,,,4000,No,,,,,,,,,,,,,Near mint or better,,,,,,,,,,,,,,,,,,,,,,,,,,FixedPriceItem,GTC,5.79,,1,,,ImmediatePayRequired,,United States,,Flat,USPSFirstClass,1,0.0,,,,1,,,ReturnsNotAccepted,,,,,,,,,,,,,,Yes,No,,,,
Revise,BD-000069-shdw8,261328,0,2023 Bowman AXEL SANCHEZ #BCP-73 Chrome Prospects REFRACTORS Mariners #/499,,,4000,No,,,,,,,,,,,,,Near mint or better,,,,,,,,,,,,,,,,,,,,,,,,,,FixedPriceItem,GTC,4.49,,1,,,ImmediatePayRequired,,United States,,Flat,USPSFirstClass,1,0.0,,,,1,,,ReturnsNotAccepted,,,,,,,,,,,,,,Yes,No,,,,
Revise,BD-000083-skhxw,261328,0,2025 Bowman Draft LIAM DOYLE #BDC-12 Chrome REF ST. LOUIS Cardinals Football,,,4000,No,,,,,,,,,,,,,Near mint or better,,,,,,,,,,,,,,,,,,,,,,,,,,FixedPriceItem,GTC,7.19,,1,,,ImmediatePayRequired,,United States,,Flat,USPSFirstClass,1,0.0,,,,1,,,ReturnsNotAccepted,,,,,,,,,,,,,,Yes,No,,,,
Revise,BD-000090-skhym,261328,0,2025 Bowman Draft JOSIAH HARTSHORN #BDC-21 Chrome CHICAGO Cubs,,,4000,No,,,,,,,,,,,,,Near mint or better,,,,,,,,,,,,,,,,,,,,,,,,,,FixedPriceItem,GTC,2.49,,1,,,ImmediatePayRequired,,United States,,Flat,USPSFirstClass,1,0.0,,,,1,,,ReturnsNotAccepted,,,,,,,,,,,,,,Yes,No,,,,
Revise,BD-000092-skhyr,261328,0,2025 Bowman Draft PICO KOHN #BDC-52 Chrome NEW YORK Yankees,,,4000,No,,,,,,,,,,,,,Near mint or better,,,,,,,,,,,,,,,,,,,,,,,,,,FixedPriceItem,GTC,2.49,,1,,,ImmediatePayRequired,,United States,,Flat,USPSFirstClass,1,0.0,,,,1,,,ReturnsNotAccepted,,,,,,,,,,,,,,Yes,No,,,,
Revise,BD-000094-skhyw,261328,0,2025 Bowman Draft BILLY CARLSON #BDC-10 Chrome CHICAGO White Sox,,,4000,No,,,,,,,,,,,,,Near mint or better,,,,,,,,,,,,,,,,,,,,,,,,,,FixedPriceItem,GTC,2.99,,1,,,ImmediatePayRequired,,United States,,Flat,USPSFirstClass,1,0.0,,,,1,,,ReturnsNotAccepted,,,,,,,,,,,,,,Yes,No,,,,
Revise,BD-000056-shdvt,261328,0,2025 Bowman Draft MICHAEL SALINA #BDC-76 Chrome SPARKLE Refractor Padres,,,4000,No,,,,,,,,,,,,,Near mint or better,,,,,,,,,,,,,,,,,,,,,,,,,,FixedPriceItem,GTC,3.49,,1,,,ImmediatePayRequired,,United States,,Flat,USPSFirstClass,1,0.0,,,,1,,,ReturnsNotAccepted,,,,,,,,,,,,,,Yes,No,,,,
Revise,Welcome_to_your_first_stack!-00004-61597,261328,0,2026 Topps BOBBY WITT JR. #ATT-5 2025 ALL-TOPPS TEAM Royals,,,4000,No,,,,,,,,,,,,,Excellent,,,,,,,,,,,,,,,,,,,,,,,,,,FixedPriceItem,GTC,2.99,,1,,,ImmediatePayRequired,,United States,,Flat,USPSFirstClass,1,0.0,,,,1,,,ReturnsNotAccepted,,,,,,,,,,,,,,Yes,No,,,,
Revise,Welcome_to_your_first_stack!-00003-35539,261328,0,2025 Bowman Draft JAKE COOK #BDC-97 Chrome Yellow Refractor /75 1st Prospect,,,4000,No,,,,,,,,,,,,,Excellent,,,,,,,,,,,,,,,,,,,,,,,,,,FixedPriceItem,GTC,31.09,,1,,,ImmediatePayRequired,,United States,,Flat,USPSFirstClass,1,0.0,,,,1,,,ReturnsNotAccepted,,,,,,,,,,,,,,Yes,No,,,,
Revise,Welcome_to_your_first_stack!-00006-99182,261328,0,2026 Topps SAMUEL BASALLO #TOG-10 Titans Of The GAME RC Orioles Rookie Football,,,4000,No,,,,,,,,,,,,,Excellent,,,,,,,,,,,,,,,,,,,,,,,,,,FixedPriceItem,GTC,2.49,,1,,,ImmediatePayRequired,,United States,,Flat,USPSFirstClass,1,0.0,,,,1,,,ReturnsNotAccepted,,,,,,,,,,,,,,Yes,No,,,,
Revise,Welcome_to_your_first_stack!-00007-16466,261328,0,2025 Bowman Draft KYLE LODISE #BDC-144 Chrome Purple Refractor /250 1st Prospect,,,4000,No,,,,,,,,,,,,,Excellent,,,,,,,,,,,,,,,,,,,,,,,,,,FixedPriceItem,GTC,4.99,,1,,,ImmediatePayRequired,,United States,,Flat,USPSFirstClass,1,0.0,,,,1,,,ReturnsNotAccepted,,,,,,,,,,,,,,Yes,No,,,,
Revise,BD-000112-smyda,261328,0,2026 Topps HUNTER BROWN #264 Yellow Holo Foil HOUSTON Astros #/399,,,4000,No,,,,,,,,,,,,,Near mint or better,,,,,,,,,,,,,,,,,,,,,,,,,,FixedPriceItem,GTC,3.99,,1,,,ImmediatePayRequired,,United States,,Flat,USPSFirstClass,1,0.0,,,,1,,,ReturnsNotAccepted,,,,,,,,,,,,,,Yes,No,,,,
Revise,BD-000113-smydb,261328,0,2026 Topps CAL RALEIGH #ATT-1 2025 All Topps TEAM SEATTLE Mariners,,,4000,No,,,,,,,,,,,,,Near mint or better,,,,,,,,,,,,,,,,,,,,,,,,,,FixedPriceItem,GTC,5.49,,1,,,ImmediatePayRequired,,United States,,Flat,USPSFirstClass,1,0.0,,,,1,,,ReturnsNotAccepted,,,,,,,,,,,,,,Yes,No,,,,
Revise,BD-000114-smydd,261328,0,2025 Bowman TRAVIS SYKORA #BDC-137 Chrome FUCHSIA REPTILIAN REF Nationals /199,,,4000,No,,,,,,,,,,,,,Near mint or better,,,,,,,,,,,,,,,,,,,,,,,,,,FixedPriceItem,GTC,7.49,,1,,,ImmediatePayRequired,,United States,,Flat,USPSFirstClass,1,0.0,,,,1,,,ReturnsNotAccepted,,,,,,,,,,,,,,Yes,No,,,,
Revise,BD-000118-smydj,261328,0,2026 Topps RAMÓN URÍAS #343 Gold HOUSTON Astros #/2026,,,4000,No,,,,,,,,,,,,,Near mint or better,,,,,,,,,,,,,,,,,,,,,,,,,,FixedPriceItem,GTC,1.50,,1,,,ImmediatePayRequired,,United States,,Flat,USPSFirstClass,1,0.0,,,,1,,,ReturnsNotAccepted,,,,,,,,,,,,,,Yes,No,,,,
Revise,RA-106-sn962,261328,0,2025-26 Topps Chrome SAPPHIRE DOMANTAS SABONIS #229 Kings Basketball,,,4000,No,,,,,,,,,,,,,Near mint or better,,,,,,,,,,,,,,,,,,,,,,,,,,FixedPriceItem,GTC,4.99,,1,,,ImmediatePayRequired,,United States,,Flat,USPSFirstClass,1,0.0,,,,1,,,ReturnsNotAccepted,,,,,,,,,,,,,,Yes,No,,,,
Revise,RA-102-sn95x,261328,0,2025-26 Topps Chrome DRAKE POWELL #272 BROOKLYN Nets Basketball,,,4000,No,,,,,,,,,,,,,Near mint or better,,,,,,,,,,,,,,,,,,,,,,,,,,FixedPriceItem,GTC,1.99,,1,,,ImmediatePayRequired,,United States,,Flat,USPSFirstClass,1,0.0,,,,1,,,ReturnsNotAccepted,,,,,,,,,,,,,,Yes,No,,,,
Revise,RA-100-sn95v,261328,0,2025-26 Topps Chrome DARIQ WHITEHEAD #91 PULSAR REF BROOKLYN Nets Basketball,,,4000,No,,,,,,,,,,,,,Near mint or better,,,,,,,,,,,,,,,,,,,,,,,,,,FixedPriceItem,GTC,2.49,,1,,,ImmediatePayRequired,,United States,,Flat,USPSFirstClass,1,0.0,,,,1,,,ReturnsNotAccepted,,,,,,,,,,,,,,Yes,No,,,,
Revise,RA-101-sn95w,261328,0,2025-26 Topps Chrome DARIO ŠARIĆ #77 Refractor DENVER Nuggets Basketball,,,4000,No,,,,,,,,,,,,,Near mint or better,,,,,,,,,,,,,,,,,,,,,,,,,,FixedPriceItem,GTC,0.99,,1,,,ImmediatePayRequired,,United States,,Flat,USPSFirstClass,1,0.0,,,,1,,,ReturnsNotAccepted,,,,,,,,,,,,,,Yes,No,,,,
Revise,RA-99-sn95u,261328,0,2025-26 Topps Chrome WALTER CLAYTON JR. #GR-18 GENERATION RISING UTAH JAZZ,,,4000,No,,,,,,,,,,,,,Near mint or better,,,,,,,,,,,,,,,,,,,,,,,,,,FixedPriceItem,GTC,1.99,,1,,,ImmediatePayRequired,,United States,,Flat,USPSFirstClass,1,0.0,,,,1,,,ReturnsNotAccepted,,,,,,,,,,,,,,Yes,No,,,,
Revise,RA-98-sn95t,261328,0,2025-26 Topps Chrome WALTER CLAYTON JR. #268 UTAH JAZZ Basketball,,,4000,No,,,,,,,,,,,,,Near mint or better,,,,,,,,,,,,,,,,,,,,,,,,,,FixedPriceItem,GTC,2.49,,1,,,ImmediatePayRequired,,United States,,Flat,USPSFirstClass,1,0.0,,,,1,,,ReturnsNotAccepted,,,,,,,,,,,,,,Yes,No,,,,
Revise,RA-97-sn95s,261328,0,2025-26 Topps Chrome WALTER CLAYTON JR. #LD-15 LOADING ... UTAH JAZZ Basketball,,,4000,No,,,,,,,,,,,,,Near mint or better,,,,,,,,,,,,,,,,,,,,,,,,,,FixedPriceItem,GTC,2.49,,1,,,ImmediatePayRequired,,United States,,Flat,USPSFirstClass,1,0.0,,,,1,,,ReturnsNotAccepted,,,,,,,,,,,,,,Yes,No,,,,
Revise,BD-000143-sn968,261328,0,2025-26 Topps Chrome DWYANE WADE #241 MIAMI Heat Basketball,,,4000,No,,,,,,,,,,,,,Near mint or better,,,,,,,,,,,,,,,,,,,,,,,,,,FixedPriceItem,GTC,3.49,,1,,,ImmediatePayRequired,,United States,,Flat,USPSFirstClass,1,0.0,,,,1,,,ReturnsNotAccepted,,,,,,,,,,,,,,Yes,No,,,,
Revise,BD-000150-snm10,261328,0,2025 Bowman Draft SAMMY STAFURA #BDC-187 Chrome Refractor PITTSBURGH Pirates,,,4000,No,,,,,,,,,,,,,Near mint or better,,,,,,,,,,,,,,,,,,,,,,,,,,FixedPriceItem,GTC,2.99,,1,,,ImmediatePayRequired,,United States,,Flat,USPSFirstClass,1,0.0,,,,1,,,ReturnsNotAccepted,,,,,,,,,,,,,,Yes,No,,,,
Revise,BD-000152-snm13,261328,0,2025 Bowman Draft LANDON HARMON #BDC-44 Chrome Refractor WASHINGTON Nationals,,,4000,No,,,,,,,,,,,,,Near mint or better,,,,,,,,,,,,,,,,,,,,,,,,,,FixedPriceItem,GTC,2.99,,1,,,ImmediatePayRequired,,United States,,Flat,USPSFirstClass,1,0.0,,,,1,,,ReturnsNotAccepted,,,,,,,,,,,,,,Yes,No,,,,
Revise,BD-000153-snm15,261328,0,2025 Bowman Draft YOHANDY MORALES #BDC-177 Chrome Refractor WASHINGTON Nationals,,,4000,No,,,,,,,,,,,,,Near mint or better,,,,,,,,,,,,,,,,,,,,,,,,,,FixedPriceItem,GTC,2.99,,1,,,ImmediatePayRequired,,United States,,Flat,USPSFirstClass,1,0.0,,,,1,,,ReturnsNotAccepted,,,,,,,,,,,,,,Yes,No,,,,
Revise,BD-000154-snm17,261328,0,2025 Bowman Draft TRAVIS SYKORA #BDC-137 Chrome Refractor WASHINGTON Nationals,,,4000,No,,,,,,,,,,,,,Near mint or better,,,,,,,,,,,,,,,,,,,,,,,,,,FixedPriceItem,GTC,1.99,,1,,,ImmediatePayRequired,,United States,,Flat,USPSFirstClass,1,0.0,,,,1,,,ReturnsNotAccepted,,,,,,,,,,,,,,Yes,No,,,,
Revise,BD-000156-snm1b,261328,0,2025 Bowman Draft LUKE DICKERSON #BDC-61 Chrome Refractor WASHINGTON Nationals,,,4000,No,,,,,,,,,,,,,Near mint or better,,,,,,,,,,,,,,,,,,,,,,,,,,FixedPriceItem,GTC,2.99,,1,,,ImmediatePayRequired,,United States,,Flat,USPSFirstClass,1,0.0,,,,1,,,ReturnsNotAccepted,,,,,,,,,,,,,,Yes,No,,,,
Revise,BD-000157-snm1d,261328,0,2025 Bowman Draft ETHAN PETRY #BDC-151 Chrome Refractor WASHINGTON Nationals,,,4000,No,,,,,,,,,,,,,Near mint or better,,,,,,,,,,,,,,,,,,,,,,,,,,FixedPriceItem,GTC,3.49,,1,,,ImmediatePayRequired,,United States,,Flat,USPSFirstClass,1,0.0,,,,1,,,ReturnsNotAccepted,,,,,,,,,,,,,,Yes,No,,,,
Revise,BD-000160-snoxi,261328,0,2025 Topps Update NICK KURTZ (RC) #MMU-KUR MAJOR LEAGUE MATERIALS Athletics ROY,,,4000,No,,,,,,,,,,,,,Near mint or better,,,,,,,,,,,,,,,,,,,,,,,,,,FixedPriceItem,GTC,19.39,,1,,,ImmediatePayRequired,,United States,,Flat,USPSFirstClass,1,0.0,,,,1,,,ReturnsNotAccepted,,,,,,,,,,,,,,Yes,No,,,,
Revise,RA-203,261328,0,2025-26 Topps Chrome DRAYMOND Green #234 Warriors Basketball,,,4000,No,,,,,,,,,,,,,Excellent,,,,,,,,,,,,,,,,,,,,,,,,,,FixedPriceItem,GTC,1.25,,1,,,ImmediatePayRequired,,United States,,Flat,USPSFirstClass,1,0.0,,,,1,,,ReturnsNotAccepted,,,,,,,,,,,,,,Yes,No,,,,
Revise,RA-210,261328,0,2025-26 Topps Chrome PELLE LARSSON #189 Aqua Refractor 175/199 Heat Basketball,,,4000,No,,,,,,,,,,,,,Excellent,,,,,,,,,,,,,,,,,,,,,,,,,,FixedPriceItem,GTC,5.99,,1,,,ImmediatePayRequired,,United States,,Flat,USPSFirstClass,1,0.0,,,,1,,,ReturnsNotAccepted,,,,,,,,,,,,,,Yes,No,,,,
Revise,RA-208,261328,0,2025-26 Topps Chrome BRONNY JAMES JR. #182 Lakers Basketball,,,4000,No,,,,,,,,,,,,,Excellent,,,,,,,,,,,,,,,,,,,,,,,,,,FixedPriceItem,GTC,2.49,,1,,,ImmediatePayRequired,,United States,,Flat,USPSFirstClass,1,0.0,,,,1,,,ReturnsNotAccepted,,,,,,,,,,,,,,Yes,No,,,,
Revise,RA-207,261328,0,2025-26 Topps Chrome BRANDON CLARKE #133 Refractor Grizzlies Basketball,,,4000,No,,,,,,,,,,,,,Excellent,,,,,,,,,,,,,,,,,,,,,,,,,,FixedPriceItem,GTC,2.49,,1,,,ImmediatePayRequired,,United States,,Flat,USPSFirstClass,1,0.0,,,,1,,,ReturnsNotAccepted,,,,,,,,,,,,,,Yes,No,,,,
Revise,RA-209,261328,0,2025-26 Topps Chrome CEDRIC COWARD #261 RC Grizzlies Rookie Basketball,,,4000,No,,,,,,,,,,,,,Excellent,,,,,,,,,,,,,,,,,,,,,,,,,,FixedPriceItem,GTC,2.99,,1,,,ImmediatePayRequired,,United States,,Flat,USPSFirstClass,1,0.0,,,,1,,,ReturnsNotAccepted,,,,,,,,,,,,,,Yes,No,,,,
Revise,RA-205,261328,0,2025-26 Topps Chrome KHRIS MIDDLETON #204 Refractor WIZARDS Basketball,,,4000,No,,,,,,,,,,,,,Excellent,,,,,,,,,,,,,,,,,,,,,,,,,,FixedPriceItem,GTC,2.99,,1,,,ImmediatePayRequired,,United States,,Flat,USPSFirstClass,1,0.0,,,,1,,,ReturnsNotAccepted,,,,,,,,,,,,,,Yes,No,,,,
Revise,RA-204,261328,0,2025-26 Topps Chrome KAWHI LEONARD #TT-8 TALL TALES Clippers Basketball,,,4000,No,,,,,,,,,,,,,Excellent,,,,,,,,,,,,,,,,,,,,,,,,,,FixedPriceItem,GTC,2.99,,1,,,ImmediatePayRequired,,United States,,Flat,USPSFirstClass,1,0.0,,,,1,,,ReturnsNotAccepted,,,,,,,,,,,,,,Yes,No,,,,
Revise,BE-00016-30567,261328,0,2026 Topps CAL RALEIGH #ATT-1 2025 ALL-TOPPS TEAM Mariners,,,4000,No,,,,,,,,,,,,,Excellent,,,,,,,,,,,,,,,,,,,,,,,,,,FixedPriceItem,GTC,2.99,,1,,,ImmediatePayRequired,,United States,,Flat,USPSFirstClass,1,0.0,,,,1,,,ReturnsNotAccepted,,,,,,,,,,,,,,Yes,No,,,,
Revise,BE-00004-44752,261328,0,2026 Topps JULIO RODRIGUEZ #ATT-8 2025 ALL-TOPPS TEAM Mariners,,,4000,No,,,,,,,,,,,,,Excellent,,,,,,,,,,,,,,,,,,,,,,,,,,FixedPriceItem,GTC,3.99,,1,,,ImmediatePayRequired,,United States,,Flat,USPSFirstClass,1,0.0,,,,1,,,ReturnsNotAccepted,,,,,,,,,,,,,,Yes,No,,,,
Revise,BE-00003-08495,261328,0,2026 Topps AARON JUDGE #ATT-6 2025 ALL-TOPPS TEAM Yankees,,,4000,No,,,,,,,,,,,,,Excellent,,,,,,,,,,,,,,,,,,,,,,,,,,FixedPriceItem,GTC,5.49,,1,,,ImmediatePayRequired,,United States,,Flat,USPSFirstClass,1,0.0,,,,1,,,ReturnsNotAccepted,,,,,,,,,,,,,,Yes,No,,,,
Revise,BE-00009-86521,261328,0,2026 Topps AARON JUDGE #1 Purple Holo Foil 245/250 Yankees,,,4000,No,,,,,,,,,,,,,Excellent,,,,,,,,,,,,,,,,,,,,,,,,,,FixedPriceItem,GTC,65.09,,1,,,ImmediatePayRequired,,United States,,Flat,USPSFirstClass,1,0.0,,,,1,,,ReturnsNotAccepted,,,,,,,,,,,,,,Yes,No,,,,
Revise,BE-00014-01369,261328,0,2026 Topps RYAN MCMAHON #248 Green RAINBOW Foil 30/99 Yankees,,,4000,No,,,,,,,,,,,,,Excellent,,,,,,,,,,,,,,,,,,,,,,,,,,FixedPriceItem,GTC,18.49,,1,,,ImmediatePayRequired,,United States,,Flat,USPSFirstClass,1,0.0,,,,1,,,ReturnsNotAccepted,,,,,,,,,,,,,,Yes,No,,,,
Revise,BE-00013-34096,261328,0,2026 Topps KENEDY CORONA #145 RAINBOW Foil RC Astros Rookie,,,4000,No,,,,,,,,,,,,,Excellent,,,,,,,,,,,,,,,,,,,,,,,,,,FixedPriceItem,GTC,3.49,,1,,,ImmediatePayRequired,,United States,,Flat,USPSFirstClass,1,0.0,,,,1,,,ReturnsNotAccepted,,,,,,,,,,,,,,Yes,No,,,,
Revise,BE-00017,261328,0,2026 Topps CAL RALEIGH #MLM-CR MAJOR LEAGUE MATERIAL MEM Mariners,,,4000,No,,,,,,,,,,,,,Excellent,,,,,,,,,,,,,,,,,,,,,,,,,,FixedPriceItem,GTC,8.09,,1,,,ImmediatePayRequired,,United States,,Flat,USPSFirstClass,1,0.0,,,,1,,,ReturnsNotAccepted,,,,,,,,,,,,,,Yes,No,,,,
Revise,BE-00018,261328,0,2026 Topps CARLOS CORREA #MLM-CCO MAJOR LEAGUE MATERIAL MEM Astros,,,4000,No,,,,,,,,,,,,,Excellent,,,,,,,,,,,,,,,,,,,,,,,,,,FixedPriceItem,GTC,6.49,,1,,,ImmediatePayRequired,,United States,,Flat,USPSFirstClass,1,0.0,,,,1,,,ReturnsNotAccepted,,,,,,,,,,,,,,Yes,No,,,,
Revise,BE-00010-59357,261328,0,2025 Bowman AROON ESCOBAR #BCP-65 Chrome Prospects Mega BOX Refractor Phillies,,,4000,No,,,,,,,,,,,,,Excellent,,,,,,,,,,,,,,,,,,,,,,,,,,FixedPriceItem,GTC,2.49,,1,,,ImmediatePayRequired,,United States,,Flat,USPSFirstClass,1,0.0,,,,1,,,ReturnsNotAccepted,,,,,,,,,,,,,,Yes,No,,,,
Revise,BE-00009-88624,261328,0,2025 Topps HUNTER GREENE #T90C-113 1990 Baseball Chrome Silver MOJO PACK Reds,,,4000,No,,,,,,,,,,,,,Excellent,,,,,,,,,,,,,,,,,,,,,,,,,,FixedPriceItem,GTC,2.99,,1,,,ImmediatePayRequired,,United States,,Flat,USPSFirstClass,1,0.0,,,,1,,,ReturnsNotAccepted,,,,,,,,,,,,,,Yes,No,,,,
Revise,BE-00005-06978,261328,0,2011 Bowman Draft PICKS & Prospects FRANCISCO LINDOR #BDPP53 INDIANS,,,4000,No,,,,,,,,,,,,,Excellent,,,,,,,,,,,,,,,,,,,,,,,,,,FixedPriceItem,GTC,4.99,,1,,,ImmediatePayRequired,,United States,,Flat,USPSFirstClass,1,0.0,,,,1,,,ReturnsNotAccepted,,,,,,,,,,,,,,Yes,No,,,,
Revise,BE-00008-46555,261328,0,2025 Bowman KYLE DEBARGE #BCP-139 Chrome 1st Prospect Twins RC Rookie,,,4000,No,,,,,,,,,,,,,Excellent,,,,,,,,,,,,,,,,,,,,,,,,,,FixedPriceItem,GTC,2.49,,1,,,ImmediatePayRequired,,United States,,Flat,USPSFirstClass,1,0.0,,,,1,,,ReturnsNotAccepted,,,,,,,,,,,,,,Yes,No,,,,
Revise,Whatnot_bb_030826-00011-029332,261328,0,2025 Topps ZACH NETO #SS-43 SUMMER SUPERSTARS Angels,,,4000,No,,,,,,,,,,,,,Excellent,,,,,,,,,,,,,,,,,,,,,,,,,,FixedPriceItem,GTC,2.49,,1,,,ImmediatePayRequired,,United States,,Flat,USPSFirstClass,1,0.0,,,,1,,,ReturnsNotAccepted,,,,,,,,,,,,,,Yes,No,,,,
Revise,BD-000200-t4cyn,261328,0,2025 Bowman Draft WALKER JANEK #BD-45 Gold BORDER HOUSTON Astros #/50,,,4000,No,,,,,,,,,,,,,Near mint or better,,,,,,,,,,,,,,,,,,,,,,,,,,FixedPriceItem,GTC,16.59,,1,,,ImmediatePayRequired,,United States,,Flat,USPSFirstClass,1,0.0,,,,1,,,ReturnsNotAccepted,,,,,,,,,,,,,,Yes,No,,,,
Revise,BD-000206-t4cyv,261328,0,2025 Bowman Draft MAX BELYEU #BDC-5 Chrome Yellow GEOMETRIC Rockies #/75,,,4000,No,,,,,,,,,,,,,Near mint or better,,,,,,,,,,,,,,,,,,,,,,,,,,FixedPriceItem,GTC,25.39,,1,,,ImmediatePayRequired,,United States,,Flat,USPSFirstClass,1,0.0,,,,1,,,ReturnsNotAccepted,,,,,,,,,,,,,,Yes,No,,,,
Revise,BD-000214-t4cz3,261328,0,2025 Bowman Draft MITCH VOIT #BDC-71 Chrome SKY Blue Refractor NEW YORK Mets,,,4000,No,,,,,,,,,,,,,Near mint or better,,,,,,,,,,,,,,,,,,,,,,,,,,FixedPriceItem,GTC,5.49,,1,,,ImmediatePayRequired,,United States,,Flat,USPSFirstClass,1,0.0,,,,1,,,ReturnsNotAccepted,,,,,,,,,,,,,,Yes,No,,,,
Revise,BD-000215-t4cz4,261328,0,2025 Bowman Draft LUKE DICKERSON #BDC-61 Chrome X-FRACTOR WASHINGTON Nationals,,,4000,No,,,,,,,,,,,,,Near mint or better,,,,,,,,,,,,,,,,,,,,,,,,,,FixedPriceItem,GTC,1.99,,1,,,ImmediatePayRequired,,United States,,Flat,USPSFirstClass,1,0.0,,,,1,,,ReturnsNotAccepted,,,,,,,,,,,,,,Yes,No,,,,
Revise,BD-000213-t4cz2,261328,0,2025 Bowman Draft LUKE LACOURSE #BDC-123 Chrome Refractor LOS ANGELES Angels,,,4000,No,,,,,,,,,,,,,Near mint or better,,,,,,,,,,,,,,,,,,,,,,,,,,FixedPriceItem,GTC,3.49,,1,,,ImmediatePayRequired,,United States,,Flat,USPSFirstClass,1,0.0,,,,1,,,ReturnsNotAccepted,,,,,,,,,,,,,,Yes,No,,,,
Revise,BD-000216-t4cz5,261328,0,2025 Bowman Draft KORBYN DICKERSON #BDC-69 Chrome Refractor SEATTLE Mariners,,,4000,No,,,,,,,,,,,,,Near mint or better,,,,,,,,,,,,,,,,,,,,,,,,,,FixedPriceItem,GTC,3.49,,1,,,ImmediatePayRequired,,United States,,Flat,USPSFirstClass,1,0.0,,,,1,,,ReturnsNotAccepted,,,,,,,,,,,,,,Yes,No,,,,
Revise,BD-000217-t4cz6,261328,0,2025 Bowman Draft CODY MILLER #BDC-91 Chrome Refractor ATLANTA Braves,,,4000,No,,,,,,,,,,,,,Near mint or better,,,,,,,,,,,,,,,,,,,,,,,,,,FixedPriceItem,GTC,3.99,,1,,,ImmediatePayRequired,,United States,,Flat,USPSFirstClass,1,0.0,,,,1,,,ReturnsNotAccepted,,,,,,,,,,,,,,Yes,No,,,,
Revise,BD-000218-t4cz7,261328,0,2025 Bowman Draft MASON NEVILLE #BDC-109 Chrome Refractor CINCINNATI Reds,,,4000,No,,,,,,,,,,,,,Near mint or better,,,,,,,,,,,,,,,,,,,,,,,,,,FixedPriceItem,GTC,2.99,,1,,,ImmediatePayRequired,,United States,,Flat,USPSFirstClass,1,0.0,,,,1,,,ReturnsNotAccepted,,,,,,,,,,,,,,Yes,No,,,,
Revise,BD-000219-t4cz8,261328,0,2025 Bowman Draft JAKE COOK #BDC-97 Chrome Refractor TORONTO Blue Jays,,,4000,No,,,,,,,,,,,,,Near mint or better,,,,,,,,,,,,,,,,,,,,,,,,,,FixedPriceItem,GTC,5.99,,1,,,ImmediatePayRequired,,United States,,Flat,USPSFirstClass,1,0.0,,,,1,,,ReturnsNotAccepted,,,,,,,,,,,,,,Yes,No,,,,
Revise,BD-000221-t4cza,261328,0,2025 Bowman Draft TIM PIASENTIN #BDC-73 Chrome Refractor TORONTO Blue Jays,,,4000,No,,,,,,,,,,,,,Near mint or better,,,,,,,,,,,,,,,,,,,,,,,,,,FixedPriceItem,GTC,2.99,,1,,,ImmediatePayRequired,,United States,,Flat,USPSFirstClass,1,0.0,,,,1,,,ReturnsNotAccepted,,,,,,,,,,,,,,Yes,No,,,,
Revise,BD-000220-t4cz9,261328,0,2025 Bowman Draft CHARLIE CONDON #PP-20 PRIZED Prospects COLORADO Rockies,,,4000,No,,,,,,,,,,,,,Near mint or better,,,,,,,,,,,,,,,,,,,,,,,,,,FixedPriceItem,GTC,1.99,,1,,,ImmediatePayRequired,,United States,,Flat,USPSFirstClass,1,0.0,,,,1,,,ReturnsNotAccepted,,,,,,,,,,,,,,Yes,No,,,,
Revise,BE-00033-04910,261328,0,2026 Topps BUBBA CHANDLER #91C-75 1991 Chrome Silver PACK MOJO REF RC Rookie,,,4000,No,,,,,,,,,,,,,Excellent,,,,,,,,,,,,,,,,,,,,,,,,,,FixedPriceItem,GTC,5.49,,1,,,ImmediatePayRequired,,United States,,Flat,USPSFirstClass,1,0.0,,,,1,,,ReturnsNotAccepted,,,,,,,,,,,,,,Yes,No,,,,
Revise,BE-00029-43368,261328,0,2025 Bowman Draft JESUS MADE #PP-16 Chrome PRIZED Prospects MOJO Refractor,,,4000,No,,,,,,,,,,,,,Excellent,,,,,,,,,,,,,,,,,,,,,,,,,,FixedPriceItem,GTC,4.99,,1,,,ImmediatePayRequired,,United States,,Flat,USPSFirstClass,1,0.0,,,,1,,,ReturnsNotAccepted,,,,,,,,,,,,,,Yes,No,,,,
Revise,BE-00039-48729,261328,0,2026 Topps AUSTIN WELLS #220 SANDGLITTER Yankees,,,4000,No,,,,,,,,,,,,,Excellent,,,,,,,,,,,,,,,,,,,,,,,,,,FixedPriceItem,GTC,2.99,,1,,,ImmediatePayRequired,,United States,,Flat,USPSFirstClass,1,0.0,,,,1,,,ReturnsNotAccepted,,,,,,,,,,,,,,Yes,No,,,,
Revise,BE-00010-87303,261328,0,2025 Bowman Draft ZYHIR HOPE #BIA-11 In ACTION MOJO Refractor Dodgers,,,4000,No,,,,,,,,,,,,,Excellent,,,,,,,,,,,,,,,,,,,,,,,,,,FixedPriceItem,GTC,3.49,,1,,,ImmediatePayRequired,,United States,,Flat,USPSFirstClass,1,0.0,,,,1,,,ReturnsNotAccepted,,,,,,,,,,,,,,Yes,No,,,,
Revise,BE-00022-63800,261328,0,2025 Bowman Draft JESUS MADE #BDC-196 Chrome MOJO Refractor Brewers,,,4000,No,,,,,,,,,,,,,Excellent,,,,,,,,,,,,,,,,,,,,,,,,,,FixedPriceItem,GTC,3.99,,1,,,ImmediatePayRequired,,United States,,Flat,USPSFirstClass,1,0.0,,,,1,,,ReturnsNotAccepted,,,,,,,,,,,,,,Yes,No,,,,
Revise,BE-00035-74485,261328,0,2025 Bowman Draft PETER KUSSOW #BDC-179 Chrome Refractor 1st Prospect Mets,,,4000,No,,,,,,,,,,,,,Excellent,,,,,,,,,,,,,,,,,,,,,,,,,,FixedPriceItem,GTC,3.49,,1,,,ImmediatePayRequired,,United States,,Flat,USPSFirstClass,1,0.0,,,,1,,,ReturnsNotAccepted,,,,,,,,,,,,,,Yes,No,,,,
Revise,BE-00041-13394,261328,0,2026 Topps BOBBY WITT JR. #205 SANDGLITTER Royals,,,4000,No,,,,,,,,,,,,,Excellent,,,,,,,,,,,,,,,,,,,,,,,,,,FixedPriceItem,GTC,4.49,,1,,,ImmediatePayRequired,,United States,,Flat,USPSFirstClass,1,0.0,,,,1,,,ReturnsNotAccepted,,,,,,,,,,,,,,Yes,No,,,,
Revise,BE-00003-42380,261328,0,2025 Bowman Draft GEORGE LOMBARD JR. #BDC-43 Chrome MOJO Refractor Yankees,,,4000,No,,,,,,,,,,,,,Excellent,,,,,,,,,,,,,,,,,,,,,,,,,,FixedPriceItem,GTC,3.49,,1,,,ImmediatePayRequired,,United States,,Flat,USPSFirstClass,1,0.0,,,,1,,,ReturnsNotAccepted,,,,,,,,,,,,,,Yes,No,,,,
Revise,BE-00040-38128,261328,0,2026 Topps JONATHAN INDIA #237 RAINBOW Foil Royals,,,4000,No,,,,,,,,,,,,,Excellent,,,,,,,,,,,,,,,,,,,,,,,,,,FixedPriceItem,GTC,3.49,,1,,,ImmediatePayRequired,,United States,,Flat,USPSFirstClass,1,0.0,,,,1,,,ReturnsNotAccepted,,,,,,,,,,,,,,Yes,No,,,,
Revise,BE-00019-24801,261328,0,2025 Bowman Draft LIAM DOYLE #PP-4 Chrome PRIZED Prospects MOJO Refractor,,,4000,No,,,,,,,,,,,,,Excellent,,,,,,,,,,,,,,,,,,,,,,,,,,FixedPriceItem,GTC,2.99,,1,,,ImmediatePayRequired,,United States,,Flat,USPSFirstClass,1,0.0,,,,1,,,ReturnsNotAccepted,,,,,,,,,,,,,,Yes,No,,,,
Revise,BE-00038-12875,261328,0,2026 Topps DAVID BEDNAR #228 RAINBOW Foil Yankees,,,4000,No,,,,,,,,,,,,,Excellent,,,,,,,,,,,,,,,,,,,,,,,,,,FixedPriceItem,GTC,3.99,,1,,,ImmediatePayRequired,,United States,,Flat,USPSFirstClass,1,0.0,,,,1,,,ReturnsNotAccepted,,,,,,,,,,,,,,Yes,No,,,,
Revise,BE-00037-00083,261328,0,2026 Topps CAL RALEIGH #140 SANDGLITTER Mariners,,,4000,No,,,,,,,,,,,,,Excellent,,,,,,,,,,,,,,,,,,,,,,,,,,FixedPriceItem,GTC,5.49,,1,,,ImmediatePayRequired,,United States,,Flat,USPSFirstClass,1,0.0,,,,1,,,ReturnsNotAccepted,,,,,,,,,,,,,,Yes,No,,,,
Revise,BE-00013-89852,261328,0,2025 Bowman Draft CJ GRAY #BDC-197 Chrome LAZER Refractor 1st Prospect Angels,,,4000,No,,,,,,,,,,,,,Excellent,,,,,,,,,,,,,,,,,,,,,,,,,,FixedPriceItem,GTC,2.49,,1,,,ImmediatePayRequired,,United States,,Flat,USPSFirstClass,1,0.0,,,,1,,,ReturnsNotAccepted,,,,,,,,,,,,,,Yes,No,,,,
Revise,BE-00006-96960,261328,0,2026 Topps YOU 'SEA' THAT? #168 RAINBOW Foil Mariners,,,4000,No,,,,,,,,,,,,,Excellent,,,,,,,,,,,,,,,,,,,,,,,,,,FixedPriceItem,GTC,2.59,,1,,,ImmediatePayRequired,,United States,,Flat,USPSFirstClass,1,0.0,,,,1,,,ReturnsNotAccepted,,,,,,,,,,,,,,Yes,No,,,,
Revise,BE-00007-56631,261328,0,2025 Bowman Draft JACOB REIMER #BDC-188 Chrome LAZER Refractor Mets,,,4000,No,,,,,,,,,,,,,Excellent,,,,,,,,,,,,,,,,,,,,,,,,,,FixedPriceItem,GTC,2.49,,1,,,ImmediatePayRequired,,United States,,Flat,USPSFirstClass,1,0.0,,,,1,,,ReturnsNotAccepted,,,,,,,,,,,,,,Yes,No,,,,
Revise,BE-00005-35184,261328,0,2026 Topps DOMINIC CANZONE #156 SANDGLITTER Mariners,,,4000,No,,,,,,,,,,,,,Excellent,,,,,,,,,,,,,,,,,,,,,,,,,,FixedPriceItem,GTC,3.49,,1,,,ImmediatePayRequired,,United States,,Flat,USPSFirstClass,1,0.0,,,,1,,,ReturnsNotAccepted,,,,,,,,,,,,,,Yes,No,,,,
Revise,BE-00043-89377,261328,0,2026 Topps JAC CAGLIANONE #TP-22 PROFILES RC Royals Rookie,,,4000,No,,,,,,,,,,,,,Excellent,,,,,,,,,,,,,,,,,,,,,,,,,,FixedPriceItem,GTC,3.49,,1,,,ImmediatePayRequired,,United States,,Flat,USPSFirstClass,1,0.0,,,,1,,,ReturnsNotAccepted,,,,,,,,,,,,,,Yes,No,,,,
Revise,BE-00025-08508,261328,0,2026 Topps SPENCER HORWITZ #77 SANDGLITTER Pirates,,,4000,No,,,,,,,,,,,,,Excellent,,,,,,,,,,,,,,,,,,,,,,,,,,FixedPriceItem,GTC,2.99,,1,,,ImmediatePayRequired,,United States,,Flat,USPSFirstClass,1,0.0,,,,1,,,ReturnsNotAccepted,,,,,,,,,,,,,,Yes,No,,,,
Revise,BBA-000001-00046-19946,261328,0,2026 Topps ADAM FRAZIER #181 RAINBOW Foil Royals,,,4000,No,,,,,,,,,,,,,Excellent,,,,,,,,,,,,,,,,,,,,,,,,,,FixedPriceItem,GTC,3.49,,1,,,ImmediatePayRequired,,United States,,Flat,USPSFirstClass,1,0.0,,,,1,,,ReturnsNotAccepted,,,,,,,,,,,,,,Yes,No,,,,
Revise,BBA-000001-00066-82994,261328,0,2025 Bowman Draft DEAN MOSS #BD-114 SKY Blue BORDER 121/499 Rays,,,4000,No,,,,,,,,,,,,,Excellent,,,,,,,,,,,,,,,,,,,,,,,,,,FixedPriceItem,GTC,3.99,,1,,,ImmediatePayRequired,,United States,,Flat,USPSFirstClass,1,0.0,,,,1,,,ReturnsNotAccepted,,,,,,,,,,,,,,Yes,No,,,,
Revise,BBA-000001-00067-04385,261328,0,2025 Bowman Draft LUIS PENA #BDC-105 Chrome Purple Refractor 48/250 Brewers,,,4000,No,,,,,,,,,,,,,Excellent,,,,,,,,,,,,,,,,,,,,,,,,,,FixedPriceItem,GTC,20.49,,1,,,ImmediatePayRequired,,United States,,Flat,USPSFirstClass,1,0.0,,,,1,,,ReturnsNotAccepted,,,,,,,,,,,,,,Yes,No,,,,
Revise,BBA-000001-00057-68291,261328,0,2026 Topps JAZZ CHISHOLM JR. #ATT-3 2025 ALL-TOPPS TEAM Yankees Basketball,,,4000,No,,,,,,,,,,,,,Excellent,,,,,,,,,,,,,,,,,,,,,,,,,,FixedPriceItem,GTC,2.99,,1,,,ImmediatePayRequired,,United States,,Flat,USPSFirstClass,1,0.0,,,,1,,,ReturnsNotAccepted,,,,,,,,,,,,,,Yes,No,,,,
Revise,BBA-000001-00047-26814,261328,0,2026 Topps CAM DEVANNEY #268 RAINBOW Foil RC Pirates Rookie,,,4000,No,,,,,,,,,,,,,Excellent,,,,,,,,,,,,,,,,,,,,,,,,,,FixedPriceItem,GTC,3.49,,1,,,ImmediatePayRequired,,United States,,Flat,USPSFirstClass,1,0.0,,,,1,,,ReturnsNotAccepted,,,,,,,,,,,,,,Yes,No,,,,
Revise,Brian_batch_1_(lot)-00061-057228,261328,0,2026 Topps SPENCER HORWITZ #77 RAINBOW Foil Pirates,,,4000,No,,,,,,,,,,,,,Excellent,,,,,,,,,,,,,,,,,,,,,,,,,,FixedPriceItem,GTC,2.99,,1,,,ImmediatePayRequired,,United States,,Flat,USPSFirstClass,1,0.0,,,,1,,,ReturnsNotAccepted,,,,,,,,,,,,,,Yes,No,,,,
Revise,BBA-000001-00055-51976,261328,0,2025 Bowman Draft GEORGE LOMBARD JR. #PP-3 Chrome PRIZED Prospects MOJO,,,4000,No,,,,,,,,,,,,,Excellent,,,,,,,,,,,,,,,,,,,,,,,,,,FixedPriceItem,GTC,2.49,,1,,,ImmediatePayRequired,,United States,,Flat,USPSFirstClass,1,0.0,,,,1,,,ReturnsNotAccepted,,,,,,,,,,,,,,Yes,No,,,,
Revise,BBA-000001-00006-51644,261328,0,2025-26 Topps FINEST VJ EDGECOMBE #3 COMMON RC 76ers Rookie Basketball,,,4000,No,,,,,,,,,,,,,Excellent,,,,,,,,,,,,,,,,,,,,,,,,,,FixedPriceItem,GTC,7.25,,1,,,ImmediatePayRequired,,United States,,Flat,USPSFirstClass,1,0.0,,,,1,,,ReturnsNotAccepted,,,,,,,,,,,,,,Yes,No,,,,
Revise,BBA-000001-00005-79294,261328,0,2025-26 Topps FINEST JEREMIAH FEARS #7 COMMON RC Pelicans Rookie Basketball,,,4000,No,,,,,,,,,,,,,Excellent,,,,,,,,,,,,,,,,,,,,,,,,,,FixedPriceItem,GTC,2.99,,1,,,ImmediatePayRequired,,United States,,Flat,USPSFirstClass,1,0.0,,,,1,,,ReturnsNotAccepted,,,,,,,,,,,,,,Yes,No,,,,
Revise,BBB-000012-tjbyg,261328,0,2025-26 FINEST JOHNI BROOME #124 PHILADELPHIA 76ers Basketball,,,4000,No,,,,,,,,,,,,,Near mint or better,,,,,,,,,,,,,,,,,,,,,,,,,,FixedPriceItem,GTC,2.99,,1,,,ImmediatePayRequired,,United States,,Flat,USPSFirstClass,1,0.0,,,,1,,,ReturnsNotAccepted,,,,,,,,,,,,,,Yes,No,,,,
Revise,BBB-000015-tjbyk,261328,0,2025-26 Topps Chrome AARON NESMITH #SWS-AN SKY WRITE Signatures REFRACTORS Auto,,,4000,No,,,,,,,,,,,,,Near mint or better,,,,,,,,,,,,,,,,,,,,,,,,,,FixedPriceItem,GTC,10.99,,1,,,ImmediatePayRequired,,United States,,Flat,USPSFirstClass,1,0.0,,,,1,,,ReturnsNotAccepted,,,,,,,,,,,,,,Yes,No,,,,
Revise,BBB-000018-tjbyq,261328,0,2025-26 FINEST QUINTEN POST #FAU-QP FINEST AUTOGRAPHS GOLDEN STATE Warriors Auto,,,4000,No,,,,,,,,,,,,,Near mint or better,,,,,,,,,,,,,,,,,,,,,,,,,,FixedPriceItem,GTC,5.79,,1,,,ImmediatePayRequired,,United States,,Flat,USPSFirstClass,1,0.0,,,,1,,,ReturnsNotAccepted,,,,,,,,,,,,,,Yes,No,,,,
Revise,BBB-000019-tjbys,261328,0,2025-26 FINEST KEL'EL WARE #BA-KW BASELINE AUTOGRAPHS MIAMI Heat Auto Basketball,,,4000,No,,,,,,,,,,,,,Near mint or better,,,,,,,,,,,,,,,,,,,,,,,,,,FixedPriceItem,GTC,15.89,,1,,,ImmediatePayRequired,,United States,,Flat,USPSFirstClass,1,0.0,,,,1,,,ReturnsNotAccepted,,,,,,,,,,,,,,Yes,No,,,,
Revise,BBB-000020-tjbyt,261328,0,2025-26 FINEST LIAM MCNEELEY #BA-LM BASELINE AUTOGRAPHS CHARLOTTE HORNETS Auto,,,4000,No,,,,,,,,,,,,,Near mint or better,,,,,,,,,,,,,,,,,,,,,,,,,,FixedPriceItem,GTC,6.09,,1,,,ImmediatePayRequired,,United States,,Flat,USPSFirstClass,1,0.0,,,,1,,,ReturnsNotAccepted,,,,,,,,,,,,,,Yes,No,,,,
Revise,BBB-000023-tjbyy,261328,0,2025-26 FINEST KYRIE IRVING #87 OIL SPILL Refractor DALLAS MAVERICKS Basketball,,,4000,No,,,,,,,,,,,,,Near mint or better,,,,,,,,,,,,,,,,,,,,,,,,,,FixedPriceItem,GTC,4.99,,1,,,ImmediatePayRequired,,United States,,Flat,USPSFirstClass,1,0.0,,,,1,,,ReturnsNotAccepted,,,,,,,,,,,,,,Yes,No,,,,
Revise,BBB-000025-tjbz1,261328,0,2025-26 FINEST JIMMY BUTLER III #75 OIL SPILL Refractor GOLDEN STATE Warriors,,,4000,No,,,,,,,,,,,,,Near mint or better,,,,,,,,,,,,,,,,,,,,,,,,,,FixedPriceItem,GTC,5.99,,1,,,ImmediatePayRequired,,United States,,Flat,USPSFirstClass,1,0.0,,,,1,,,ReturnsNotAccepted,,,,,,,,,,,,,,Yes,No,,,,
Revise,BBB-000026-tjbz2,261328,0,2025-26 FINEST EGOR DËMIN #8 OIL SPILL Refractor BROOKLYN Nets Basketball,,,4000,No,,,,,,,,,,,,,Near mint or better,,,,,,,,,,,,,,,,,,,,,,,,,,FixedPriceItem,GTC,19.95,,1,,,ImmediatePayRequired,,United States,,Flat,USPSFirstClass,1,0.0,,,,1,,,ReturnsNotAccepted,,,,,,,,,,,,,,Yes,No,,,,
Revise,BBB-000027-tjbz3,261328,0,2025-26 FINEST CARTER BRYANT #F-14 FIRST Refractor SAN ANTONIO SPURS Basketball,,,4000,No,,,,,,,,,,,,,Near mint or better,,,,,,,,,,,,,,,,,,,,,,,,,,FixedPriceItem,GTC,19.39,,1,,,ImmediatePayRequired,,United States,,Flat,USPSFirstClass,1,0.0,,,,1,,,ReturnsNotAccepted,,,,,,,,,,,,,,Yes,No,,,,
Revise,BBB-000028-tjbz5,261328,0,2025-26 FINEST JARED MCCAIN #190 X-FRACTOR PHILADELPHIA 76ers Basketball,,,4000,No,,,,,,,,,,,,,Near mint or better,,,,,,,,,,,,,,,,,,,,,,,,,,FixedPriceItem,GTC,7.19,,1,,,ImmediatePayRequired,,United States,,Flat,USPSFirstClass,1,0.0,,,,1,,,ReturnsNotAccepted,,,,,,,,,,,,,,Yes,No,,,,
Revise,BBB-000029-tjbz6,261328,0,2025-26 FINEST VICTOR WEMBANYAMA #FI-1 FINISHERS SAN ANTONIO SPURS Basketball,,,4000,No,,,,,,,,,,,,,Near mint or better,,,,,,,,,,,,,,,,,,,,,,,,,,FixedPriceItem,GTC,9.99,,1,,,ImmediatePayRequired,,United States,,Flat,USPSFirstClass,1,0.0,,,,1,,,ReturnsNotAccepted,,,,,,,,,,,,,,Yes,No,,,,
Revise,BBB-000031-tjbz9,261328,0,2025-26 FINEST KASPARAS JAKUCIONIS #20 OIL SPILL Refractor MIAMI Heat Basketball,,,4000,No,,,,,,,,,,,,,Near mint or better,,,,,,,,,,,,,,,,,,,,,,,,,,FixedPriceItem,GTC,6.99,,1,,,ImmediatePayRequired,,United States,,Flat,USPSFirstClass,1,0.0,,,,1,,,ReturnsNotAccepted,,,,,,,,,,,,,,Yes,No,,,,
Revise,BBB-000034-tjbze,261328,0,2025-26 FINEST JOHNI BROOME #F-25 FIRST Refractor PHILADELPHIA 76ers Basketball,,,4000,No,,,,,,,,,,,,,Near mint or better,,,,,,,,,,,,,,,,,,,,,,,,,,FixedPriceItem,GTC,5.99,,1,,,ImmediatePayRequired,,United States,,Flat,USPSFirstClass,1,0.0,,,,1,,,ReturnsNotAccepted,,,,,,,,,,,,,,Yes,No,,,,
Revise,BBB-000036-tjbzh,261328,0,2025-26 Topps Chrome DORIAN FINNEY-SMITH #192 PRISM Refractor LOS ANGELES Lakers,,,4000,No,,,,,,,,,,,,,Near mint or better,,,,,,,,,,,,,,,,,,,,,,,,,,FixedPriceItem,GTC,1.99,,1,,,ImmediatePayRequired,,United States,,Flat,USPSFirstClass,1,0.0,,,,1,,,ReturnsNotAccepted,,,,,,,,,,,,,,Yes,No,,,,
Revise,BBB-000038-tjbzk,261328,0,2025-26 Topps Chrome OSHAE BRISSETT #20 Refractor PHILADELPHIA 76ers Basketball,,,4000,No,,,,,,,,,,,,,Near mint or better,,,,,,,,,,,,,,,,,,,,,,,,,,FixedPriceItem,GTC,2.99,,1,,,ImmediatePayRequired,,United States,,Flat,USPSFirstClass,1,0.0,,,,1,,,ReturnsNotAccepted,,,,,,,,,,,,,,Yes,No,,,,
Revise,BBB-000039-tjbzl,261328,0,2025-26 FINEST NIQUE CLIFFORD #A-24 ARRIVALS SACRAMENTO Kings Basketball,,,4000,No,,,,,,,,,,,,,Near mint or better,,,,,,,,,,,,,,,,,,,,,,,,,,FixedPriceItem,GTC,5.99,,1,,,ImmediatePayRequired,,United States,,Flat,USPSFirstClass,1,0.0,,,,1,,,ReturnsNotAccepted,,,,,,,,,,,,,,Yes,No,,,,
Revise,BBB-000040-tjbzn,261328,0,2025-26 Topps Chrome NOA ESSENGUE #262 NEGATIVE REF CHICAGO Bulls Basketball,,,4000,No,,,,,,,,,,,,,Near mint or better,,,,,,,,,,,,,,,,,,,,,,,,,,FixedPriceItem,GTC,16.59,,1,,,ImmediatePayRequired,,United States,,Flat,USPSFirstClass,1,0.0,,,,1,,,ReturnsNotAccepted,,,,,,,,,,,,,,Yes,No,,,,
Revise,BBB-000043-tjbzs,261328,0,2025-26 FINEST KASPARAS JAKUCIONIS #A-20 ARRIVALS X-FRACTOR MIAMI Heat,,,4000,No,,,,,,,,,,,,,Near mint or better,,,,,,,,,,,,,,,,,,,,,,,,,,FixedPriceItem,GTC,2.99,,1,,,ImmediatePayRequired,,United States,,Flat,USPSFirstClass,1,0.0,,,,1,,,ReturnsNotAccepted,,,,,,,,,,,,,,Yes,No,,,,
Revise,BBB-000044-tjbzt,261328,0,2025-26 Topps Chrome NIQUE CLIFFORD #274 RAYWAVE REF SACRAMENTO Kings Basketball,,,4000,No,,,,,,,,,,,,,Near mint or better,,,,,,,,,,,,,,,,,,,,,,,,,,FixedPriceItem,GTC,3.99,,1,,,ImmediatePayRequired,,United States,,Flat,USPSFirstClass,1,0.0,,,,1,,,ReturnsNotAccepted,,,,,,,,,,,,,,Yes,No,,,,
Revise,BBB-000049-tjc00,261328,0,2025-26 FINEST ALLEN IVERSON #M-1 MUSE SKY Blue Refractor 76ers #/150 Basketball,,,4000,No,,,,,,,,,,,,,Near mint or better,,,,,,,,,,,,,,,,,,,,,,,,,,FixedPriceItem,GTC,19.49,,1,,,ImmediatePayRequired,,United States,,Flat,USPSFirstClass,1,0.0,,,,1,,,ReturnsNotAccepted,,,,,,,,,,,,,,Yes,No,,,,
Revise,BBB-000046-tjbzw,261328,0,2025-26 FINEST CEDRIC COWARD #F-11 FIRST Refractor MEMPHIS Grizzlies Basketball,,,4000,No,,,,,,,,,,,,,Near mint or better,,,,,,,,,,,,,,,,,,,,,,,,,,FixedPriceItem,GTC,10.00,,1,,,ImmediatePayRequired,,United States,,Flat,USPSFirstClass,1,0.0,,,,1,,,ReturnsNotAccepted,,,,,,,,,,,,,,Yes,No,,,,
Revise,BBB-000048-tjbzy,261328,0,2025-26 FINEST ZACH LAVINE #86 OIL SPILL Refractor SACRAMENTO Kings Basketball,,,4000,No,,,,,,,,,,,,,Near mint or better,,,,,,,,,,,,,,,,,,,,,,,,,,FixedPriceItem,GTC,5.99,,1,,,ImmediatePayRequired,,United States,,Flat,USPSFirstClass,1,0.0,,,,1,,,ReturnsNotAccepted,,,,,,,,,,,,,,Yes,No,,,,
Revise,BBB-000051-tjc02,261328,0,2025-26 FINEST ZACH LAVINE #86 Green Refractor SACRAMENTO Kings #/75 Basketball,,,4000,No,,,,,,,,,,,,,Near mint or better,,,,,,,,,,,,,,,,,,,,,,,,,,FixedPriceItem,GTC,4.99,,1,,,ImmediatePayRequired,,United States,,Flat,USPSFirstClass,1,0.0,,,,1,,,ReturnsNotAccepted,,,,,,,,,,,,,,Yes,No,,,,
Revise,BBB-000050-tjc01,261328,0,2025-26 FINEST MALIK MONK #170 SKY Blue REF SACRAMENTO Kings #/250 Basketball,,,4000,No,,,,,,,,,,,,,Near mint or better,,,,,,,,,,,,,,,,,,,,,,,,,,FixedPriceItem,GTC,11.09,,1,,,ImmediatePayRequired,,United States,,Flat,USPSFirstClass,1,0.0,,,,1,,,ReturnsNotAccepted,,,,,,,,,,,,,,Yes,No,,,,
Revise,BBB-000052-tjc06,261328,0,2025-26 FINEST MALIK MONK #170 Purple X-FRACTOR SACRAMENTO Kings #/99 Basketball,,,4000,No,,,,,,,,,,,,,Near mint or better,,,,,,,,,,,,,,,,,,,,,,,,,,FixedPriceItem,GTC,6.09,,1,,,ImmediatePayRequired,,United States,,Flat,USPSFirstClass,1,0.0,,,,1,,,ReturnsNotAccepted,,,,,,,,,,,,,,Yes,No,,,,
Revise,BBB-000060-tjc0i,261328,0,2024-25 Panini Select CODY WILLIAMS #296 White DISCO Prizm UTAH JAZZ #/75,,,4000,No,,,,,,,,,,,,,Near mint or better,,,,,,,,,,,,,,,,,,,,,,,,,,FixedPriceItem,GTC,21.29,,1,,,ImmediatePayRequired,,United States,,Flat,USPSFirstClass,1,0.0,,,,1,,,ReturnsNotAccepted,,,,,,,,,,,,,,Yes,No,,,,
Revise,BBB-000062-tjc0l,261328,0,2025-26 Topps Chrome BEN SARAF #276 Green Wave REF BROOKLYN Nets #/99 Basketball,,,4000,No,,,,,,,,,,,,,Near mint or better,,,,,,,,,,,,,,,,,,,,,,,,,,FixedPriceItem,GTC,26.29,,1,,,ImmediatePayRequired,,United States,,Flat,USPSFirstClass,1,0.0,,,,1,,,ReturnsNotAccepted,,,,,,,,,,,,,,Yes,No,,,,
Revise,BBB-000063-tjc0m,261328,0,2025-26 FINEST JOAN BERINGER #217 SKY Blue REF TIMBERWOLVES #/150 Basketball,,,4000,No,,,,,,,,,,,,,Near mint or better,,,,,,,,,,,,,,,,,,,,,,,,,,FixedPriceItem,GTC,26.29,,1,,,ImmediatePayRequired,,United States,,Flat,USPSFirstClass,1,0.0,,,,1,,,ReturnsNotAccepted,,,,,,,,,,,,,,Yes,No,,,,
Revise,BBB-000066-tjc0q,261328,0,2025-26 Topps Chrome LONZO BALL #38 Teal REF CHICAGO Bulls #/299 Basketball,,,4000,No,,,,,,,,,,,,,Near mint or better,,,,,,,,,,,,,,,,,,,,,,,,,,FixedPriceItem,GTC,2.99,,1,,,ImmediatePayRequired,,United States,,Flat,USPSFirstClass,1,0.0,,,,1,,,ReturnsNotAccepted,,,,,,,,,,,,,,Yes,No,,,,
Revise,CDP-E328510,261328,0,THOMAS SORBER RC 2025-26 Topps FINEST OIL SPILL Rookie Card-#15 OKC THUNDER,,,4000,No,,,,,,,,,,,,,Near mint or better,,,,,,,,,,,,,,,,,,,,,,,,,,FixedPriceItem,GTC,5.99,,1,,,ImmediatePayRequired,,United States,,Flat,USPSFirstClass,1,0.0,,,,1,,,ReturnsNotAccepted,,,,,,,,,,,,,,Yes,No,,,,
Revise,BBA-000001-00078-67770,261328,0,2025 BOWMAN'S BEST JAC CAGLIANONE #TP-3 Top Prospects Royals,,,4000,No,,,,,,,,,,,,,Excellent,,,,,,,,,,,,,,,,,,,,,,,,,,FixedPriceItem,GTC,4.49,,1,,,ImmediatePayRequired,,United States,,Flat,USPSFirstClass,1,0.0,,,,1,,,ReturnsNotAccepted,,,,,,,,,,,,,,Yes,No,,,,
Revise,BBA-000001-00069-39880,261328,0,2025 BOWMAN'S BEST MARCELO MAYER #5 RC Red Sox Rookie,,,4000,No,,,,,,,,,,,,,Excellent,,,,,,,,,,,,,,,,,,,,,,,,,,FixedPriceItem,GTC,4.99,,1,,,ImmediatePayRequired,,United States,,Flat,USPSFirstClass,1,0.0,,,,1,,,ReturnsNotAccepted,,,,,,,,,,,,,,Yes,No,,,,
Revise,BBA-000001-00074-32887,261328,0,2025 BOWMAN'S BEST LEO DE VRIES #TP-26 Top Prospects Athletics,,,4000,No,,,,,,,,,,,,,Excellent,,,,,,,,,,,,,,,,,,,,,,,,,,FixedPriceItem,GTC,3.99,,1,,,ImmediatePayRequired,,United States,,Flat,USPSFirstClass,1,0.0,,,,1,,,ReturnsNotAccepted,,,,,,,,,,,,,,Yes,No,,,,
Revise,BBA-000001-00073-26230,261328,0,2025 BOWMAN'S BEST CHARLIE CONDON #TP-8 Top Prospects Rockies,,,4000,No,,,,,,,,,,,,,Excellent,,,,,,,,,,,,,,,,,,,,,,,,,,FixedPriceItem,GTC,3.49,,1,,,ImmediatePayRequired,,United States,,Flat,USPSFirstClass,1,0.0,,,,1,,,ReturnsNotAccepted,,,,,,,,,,,,,,Yes,No,,,,
Revise,BBA-000001-00070-19592,261328,0,2025 BOWMAN'S BEST HYESEONG KIM #45 RC Dodgers Rookie,,,4000,No,,,,,,,,,,,,,Excellent,,,,,,,,,,,,,,,,,,,,,,,,,,FixedPriceItem,GTC,3.99,,1,,,ImmediatePayRequired,,United States,,Flat,USPSFirstClass,1,0.0,,,,1,,,ReturnsNotAccepted,,,,,,,,,,,,,,Yes,No,,,,
Revise,BBA-000001-00080-37794,261328,0,2025 BOWMAN'S BEST ROMAN ANTHONY #TP-16 Top Prospects Red Sox,,,4000,No,,,,,,,,,,,,,Excellent,,,,,,,,,,,,,,,,,,,,,,,,,,FixedPriceItem,GTC,7.49,,1,,,ImmediatePayRequired,,United States,,Flat,USPSFirstClass,1,0.0,,,,1,,,ReturnsNotAccepted,,,,,,,,,,,,,,Yes,No,,,,
Revise,BBA-000001-00075-78100,261328,0,2025 BOWMAN'S BEST JACOB WILSON #31 RC Athletics Rookie,,,4000,No,,,,,,,,,,,,,Excellent,,,,,,,,,,,,,,,,,,,,,,,,,,FixedPriceItem,GTC,6.00,,1,,,ImmediatePayRequired,,United States,,Flat,USPSFirstClass,1,0.0,,,,1,,,ReturnsNotAccepted,,,,,,,,,,,,,,Yes,No,,,,
Revise,BBA-000001-00084-42585,261328,0,2025 BOWMAN'S BEST AARON JUDGE #38 Yankees,,,4000,No,,,,,,,,,,,,,Excellent,,,,,,,,,,,,,,,,,,,,,,,,,,FixedPriceItem,GTC,5.99,,1,,,ImmediatePayRequired,,United States,,Flat,USPSFirstClass,1,0.0,,,,1,,,ReturnsNotAccepted,,,,,,,,,,,,,,Yes,No,,,,
Revise,BBA-000001-00071-14349,261328,0,2025 BOWMAN'S BEST CARSON BENGE #TP-22 Top Prospects Mets,,,4000,No,,,,,,,,,,,,,Excellent,,,,,,,,,,,,,,,,,,,,,,,,,,FixedPriceItem,GTC,5.99,,1,,,ImmediatePayRequired,,United States,,Flat,USPSFirstClass,1,0.0,,,,1,,,ReturnsNotAccepted,,,,,,,,,,,,,,Yes,No,,,,
Revise,BBA-000001-00085-40349,261328,0,2025 BOWMAN'S BEST GEORGE LOMBARD JR. #TP-23 Top Prospects Yankees,,,4000,No,,,,,,,,,,,,,Excellent,,,,,,,,,,,,,,,,,,,,,,,,,,FixedPriceItem,GTC,3.99,,1,,,ImmediatePayRequired,,United States,,Flat,USPSFirstClass,1,0.0,,,,1,,,ReturnsNotAccepted,,,,,,,,,,,,,,Yes,No,,,,
Revise,Baseball_lot_1_03-16-26-00013-036836,261328,0,2025 BOWMAN'S BEST KRISTIAN CAMPBELL #11 RC Red Sox Rookie,,,4000,No,,,,,,,,,,,,,Excellent,,,,,,,,,,,,,,,,,,,,,,,,,,FixedPriceItem,GTC,3.99,,1,,,ImmediatePayRequired,,United States,,Flat,USPSFirstClass,1,0.0,,,,1,,,ReturnsNotAccepted,,,,,,,,,,,,,,Yes,No,,,,
Revise,Baseball_lot_1_03-16-26-00009-094611,261328,0,ELI WILLITS Chrome Top Prospect Rookie 2025 BOWMAN'S BEST Card #TP-20 Nationals,,,4000,No,,,,,,,,,,,,,Excellent,,,,,,,,,,,,,,,,,,,,,,,,,,FixedPriceItem,GTC,3.49,,1,,,ImmediatePayRequired,,United States,,Flat,USPSFirstClass,1,0.0,,,,1,,,ReturnsNotAccepted,,,,,,,,,,,,,,Yes,No,,,,
Revise,BBB-000086-trw78,261328,0,2025 Topps PRO DEBUT JONATHAN SANTUCCI #PDC-150 Chrome Gold Refractor Mets #/50,,,4000,No,,,,,,,,,,,,,Near mint or better,,,,,,,,,,,,,,,,,,,,,,,,,,FixedPriceItem,GTC,35.09,,1,,,ImmediatePayRequired,,United States,,Flat,USPSFirstClass,1,0.0,,,,1,,,ReturnsNotAccepted,,,,,,,,,,,,,,Yes,No,,,,
Revise,BBB-000089-trw7e,261328,0,2025 Topps Chrome COSMIC DENZEL CLARKE #147 Athletics,,,4000,No,,,,,,,,,,,,,Near mint or better,,,,,,,,,,,,,,,,,,,,,,,,,,FixedPriceItem,GTC,2.99,,1,,,ImmediatePayRequired,,United States,,Flat,USPSFirstClass,1,0.0,,,,1,,,ReturnsNotAccepted,,,,,,,,,,,,,,Yes,No,,,,
Revise,BBB-000090-trw7h,261328,0,2025 Topps Chrome COSMIC BRENT ROOKER #199 Athletics,,,4000,No,,,,,,,,,,,,,Near mint or better,,,,,,,,,,,,,,,,,,,,,,,,,,FixedPriceItem,GTC,2.99,,1,,,ImmediatePayRequired,,United States,,Flat,USPSFirstClass,1,0.0,,,,1,,,ReturnsNotAccepted,,,,,,,,,,,,,,Yes,No,,,,
Revise,BBB-000091-trw7k,261328,0,2025 Topps Chrome COSMIC JACOB WILSON #139 Athletics,,,4000,No,,,,,,,,,,,,,Near mint or better,,,,,,,,,,,,,,,,,,,,,,,,,,FixedPriceItem,GTC,4.99,,1,,,ImmediatePayRequired,,United States,,Flat,USPSFirstClass,1,0.0,,,,1,,,ReturnsNotAccepted,,,,,,,,,,,,,,Yes,No,,,,
Revise,BBB-000093-trw7z,261328,0,2025 Topps Update DRAKE BALDWIN #U90-32 1990 Topps Baseball 35th Braves,,,4000,No,,,,,,,,,,,,,Near mint or better,,,,,,,,,,,,,,,,,,,,,,,,,,FixedPriceItem,GTC,1.99,,1,,,ImmediatePayRequired,,United States,,Flat,USPSFirstClass,1,0.0,,,,1,,,ReturnsNotAccepted,,,,,,,,,,,,,,Yes,No,,,,
Revise,BBB-000099-trw88,261328,0,2025 BOWMAN'S BEST MAX CLARK #FG-16 2025 MLB ALL-STAR FUTURES GAME Tigers,,,4000,No,,,,,,,,,,,,,Near mint or better,,,,,,,,,,,,,,,,,,,,,,,,,,FixedPriceItem,GTC,1.99,,1,,,ImmediatePayRequired,,United States,,Flat,USPSFirstClass,1,0.0,,,,1,,,ReturnsNotAccepted,,,,,,,,,,,,,,Yes,No,,,,
Revise,BBB-000100-tsgpf,261328,0,2024 Topps WYATT LANGFORD #700b ALL-STAR GAME TEXAS Rangers,,,4000,No,,,,,,,,,,,,,Near mint or better,,,,,,,,,,,,,,,,,,,,,,,,,,FixedPriceItem,GTC,3.49,,1,,,ImmediatePayRequired,,United States,,Flat,USPSFirstClass,1,0.0,,,,1,,,ReturnsNotAccepted,,,,,,,,,,,,,,Yes,No,,,,
Revise,BBB-000134-tsgqd,261328,0,2024 Topps JUSTIN VERLANDER #62 ALL-STAR GAME HOUSTON Astros,,,4000,No,,,,,,,,,,,,,Near mint or better,,,,,,,,,,,,,,,,,,,,,,,,,,FixedPriceItem,GTC,3.49,,1,,,ImmediatePayRequired,,United States,,Flat,USPSFirstClass,1,0.0,,,,1,,,ReturnsNotAccepted,,,,,,,,,,,,,,Yes,No,,,,
Revise,BBB-000101-tsgpg,261328,0,2024 Topps JACKSON CHOURIO #698b ALL-STAR GAME MILWAUKEE Brewers,,,4000,No,,,,,,,,,,,,,Near mint or better,,,,,,,,,,,,,,,,,,,,,,,,,,FixedPriceItem,GTC,5.49,,1,,,ImmediatePayRequired,,United States,,Flat,USPSFirstClass,1,0.0,,,,1,,,ReturnsNotAccepted,,,,,,,,,,,,,,Yes,No,,,,
Revise,BBB-000135-tsgqe,261328,0,2024 Topps EUGENIO SUÁREZ #231 ALL-STAR GAME SEATTLE Mariners,,,4000,No,,,,,,,,,,,,,Near mint or better,,,,,,,,,,,,,,,,,,,,,,,,,,FixedPriceItem,GTC,1.99,,1,,,ImmediatePayRequired,,United States,,Flat,USPSFirstClass,1,0.0,,,,1,,,ReturnsNotAccepted,,,,,,,,,,,,,,Yes,No,,,,
Revise,BBB-000136-tsgqf,261328,0,2024 Topps CHRIS MURPHY #73 ALL-STAR GAME BOSTON Red Sox,,,4000,No,,,,,,,,,,,,,Near mint or better,,,,,,,,,,,,,,,,,,,,,,,,,,FixedPriceItem,GTC,2.99,,1,,,ImmediatePayRequired,,United States,,Flat,USPSFirstClass,1,0.0,,,,1,,,ReturnsNotAccepted,,,,,,,,,,,,,,Yes,No,,,,
Revise,BBB-000102-tsgph,261328,0,2024 Topps RONALD ACUÑA JR. #1 ALL-STAR GAME ATLANTA Braves,,,4000,No,,,,,,,,,,,,,Near mint or better,,,,,,,,,,,,,,,,,,,,,,,,,,FixedPriceItem,GTC,2.50,,1,,,ImmediatePayRequired,,United States,,Flat,USPSFirstClass,1,0.0,,,,1,,,ReturnsNotAccepted,,,,,,,,,,,,,,Yes,No,,,,
Revise,BBB-000103-tsgpi,261328,0,2024 Topps CRISTIAN JAVIER #269 ALL-STAR GAME HOUSTON Astros,,,4000,No,,,,,,,,,,,,,Near mint or better,,,,,,,,,,,,,,,,,,,,,,,,,,FixedPriceItem,GTC,3.49,,1,,,ImmediatePayRequired,,United States,,Flat,USPSFirstClass,1,0.0,,,,1,,,ReturnsNotAccepted,,,,,,,,,,,,,,Yes,No,,,,
Revise,BBB-000137-tsgqg,261328,0,2024 Topps NICK SENZEL #338 ALL-STAR GAME CINCINNATI Reds,,,4000,No,,,,,,,,,,,,,Near mint or better,,,,,,,,,,,,,,,,,,,,,,,,,,FixedPriceItem,GTC,2.99,,1,,,ImmediatePayRequired,,United States,,Flat,USPSFirstClass,1,0.0,,,,1,,,ReturnsNotAccepted,,,,,,,,,,,,,,Yes,No,,,,
Revise,BBB-000138-tsgqh,261328,0,2024 Topps MIKE YASTRZEMSKI #124 ALL-STAR GAME SAN FRANCISCO Giants Football,,,4000,No,,,,,,,,,,,,,Near mint or better,,,,,,,,,,,,,,,,,,,,,,,,,,FixedPriceItem,GTC,3.49,,1,,,ImmediatePayRequired,,United States,,Flat,USPSFirstClass,1,0.0,,,,1,,,ReturnsNotAccepted,,,,,,,,,,,,,,Yes,No,,,,
Revise,BBB-000104-tsgpj,261328,0,2024 Topps NOLAN ARENADO #118 ALL-STAR GAME ST. LOUIS Cardinals Football,,,4000,No,,,,,,,,,,,,,Near mint or better,,,,,,,,,,,,,,,,,,,,,,,,,,FixedPriceItem,GTC,2.99,,1,,,ImmediatePayRequired,,United States,,Flat,USPSFirstClass,1,0.0,,,,1,,,ReturnsNotAccepted,,,,,,,,,,,,,,Yes,No,,,,
Revise,BBB-000105-tsgpk,261328,0,2024 Topps GRAE KESSINGER #226 HOUSTON Astros,,,4000,No,,,,,,,,,,,,,Near mint or better,,,,,,,,,,,,,,,,,,,,,,,,,,FixedPriceItem,GTC,2.49,,1,,,ImmediatePayRequired,,United States,,Flat,USPSFirstClass,1,0.0,,,,1,,,ReturnsNotAccepted,,,,,,,,,,,,,,Yes,No,,,,
Revise,BBB-000139-tsgqi,261328,0,2024 Topps OWEN WHITE #5 ALL-STAR GAME TEXAS Rangers,,,4000,No,,,,,,,,,,,,,Near mint or better,,,,,,,,,,,,,,,,,,,,,,,,,,FixedPriceItem,GTC,3.49,,1,,,ImmediatePayRequired,,United States,,Flat,USPSFirstClass,1,0.0,,,,1,,,ReturnsNotAccepted,,,,,,,,,,,,,,Yes,No,,,,
Revise,BBB-000140-tsgqj,261328,0,2024 Topps RAFAEL DEVERS #22 ALL-STAR GAME BOSTON Red Sox,,,4000,No,,,,,,,,,,,,,Near mint or better,,,,,,,,,,,,,,,,,,,,,,,,,,FixedPriceItem,GTC,3.49,,1,,,ImmediatePayRequired,,United States,,Flat,USPSFirstClass,1,0.0,,,,1,,,ReturnsNotAccepted,,,,,,,,,,,,,,Yes,No,,,,
Revise,BBB-000106-tsgpl,261328,0,2024 Topps MERRILL KELLY #112 ALL-STAR GAME ARIZONA Diamondbacks,,,4000,No,,,,,,,,,,,,,Near mint or better,,,,,,,,,,,,,,,,,,,,,,,,,,FixedPriceItem,GTC,3.49,,1,,,ImmediatePayRequired,,United States,,Flat,USPSFirstClass,1,0.0,,,,1,,,ReturnsNotAccepted,,,,,,,,,,,,,,Yes,No,,,,
Revise,BBB-000141-tsgqk,261328,0,2024 Topps ROYCE LEWIS #208 ALL-STAR GAME MINNESOTA Twins,,,4000,No,,,,,,,,,,,,,Near mint or better,,,,,,,,,,,,,,,,,,,,,,,,,,FixedPriceItem,GTC,3.49,,1,,,ImmediatePayRequired,,United States,,Flat,USPSFirstClass,1,0.0,,,,1,,,ReturnsNotAccepted,,,,,,,,,,,,,,Yes,No,,,,
Revise,BBB-000107-tsgpm,261328,0,2024 Topps LUIS ARRAEZ #299 ALL-STAR GAME MIAMI Marlins,,,4000,No,,,,,,,,,,,,,Near mint or better,,,,,,,,,,,,,,,,,,,,,,,,,,FixedPriceItem,GTC,3.49,,1,,,ImmediatePayRequired,,United States,,Flat,USPSFirstClass,1,0.0,,,,1,,,ReturnsNotAccepted,,,,,,,,,,,,,,Yes,No,,,,
Revise,BBB-000108-tsgpn,261328,0,2024 Topps LEODY TAVERAS #199 ALL-STAR GAME TEXAS Rangers,,,4000,No,,,,,,,,,,,,,Near mint or better,,,,,,,,,,,,,,,,,,,,,,,,,,FixedPriceItem,GTC,3.49,,1,,,ImmediatePayRequired,,United States,,Flat,USPSFirstClass,1,0.0,,,,1,,,ReturnsNotAccepted,,,,,,,,,,,,,,Yes,No,,,,
Revise,BBB-000109-tsgpo,261328,0,2024 Topps DANE MYERS #188 ALL-STAR GAME Marlins,,,4000,No,,,,,,,,,,,,,Near mint or better,,,,,,,,,,,,,,,,,,,,,,,,,,FixedPriceItem,GTC,2.49,,1,,,ImmediatePayRequired,,United States,,Flat,USPSFirstClass,1,0.0,,,,1,,,ReturnsNotAccepted,,,,,,,,,,,,,,Yes,No,,,,
Revise,BBB-000142-tsgql,261328,0,2024 Topps LUKE RALEY #181 ALL-STAR GAME TAMPA BAY Rays,,,4000,No,,,,,,,,,,,,,Near mint or better,,,,,,,,,,,,,,,,,,,,,,,,,,FixedPriceItem,GTC,2.49,,1,,,ImmediatePayRequired,,United States,,Flat,USPSFirstClass,1,0.0,,,,1,,,ReturnsNotAccepted,,,,,,,,,,,,,,Yes,No,,,,
Revise,BBB-000143-tsgqm,261328,0,2024 Topps BYRON BUXTON #94 ALL-STAR GAME MINNESOTA Twins,,,4000,No,,,,,,,,,,,,,Near mint or better,,,,,,,,,,,,,,,,,,,,,,,,,,FixedPriceItem,GTC,3.49,,1,,,ImmediatePayRequired,,United States,,Flat,USPSFirstClass,1,0.0,,,,1,,,ReturnsNotAccepted,,,,,,,,,,,,,,Yes,No,,,,
Revise,BBB-000144-tsgqn,261328,0,2024 Topps JORGE MATEO #42 ALL-STAR GAME BALTIMORE Orioles,,,4000,No,,,,,,,,,,,,,Near mint or better,,,,,,,,,,,,,,,,,,,,,,,,,,FixedPriceItem,GTC,3.49,,1,,,ImmediatePayRequired,,United States,,Flat,USPSFirstClass,1,0.0,,,,1,,,ReturnsNotAccepted,,,,,,,,,,,,,,Yes,No,,,,
Revise,BBB-000110-tsgpp,261328,0,2024 Topps RYAN MOUNTCASTLE #34 ALL-STAR GAME BALTIMORE Orioles,,,4000,No,,,,,,,,,,,,,Near mint or better,,,,,,,,,,,,,,,,,,,,,,,,,,FixedPriceItem,GTC,2.99,,1,,,ImmediatePayRequired,,United States,,Flat,USPSFirstClass,1,0.0,,,,1,,,ReturnsNotAccepted,,,,,,,,,,,,,,Yes,No,,,,
Revise,BBB-000145-tsgqo,261328,0,2024 Topps HOUSTON ASTROS #132 ALL-STAR GAME HOUSTON Astros,,,4000,No,,,,,,,,,,,,,Near mint or better,,,,,,,,,,,,,,,,,,,,,,,,,,FixedPriceItem,GTC,2.49,,1,,,ImmediatePayRequired,,United States,,Flat,USPSFirstClass,1,0.0,,,,1,,,ReturnsNotAccepted,,,,,,,,,,,,,,Yes,No,,,,
Revise,BBB-000111-tsgpq,261328,0,2024 Topps WILLIAM CONTRERAS #61 ALL-STAR GAME MILWAUKEE Brewers,,,4000,No,,,,,,,,,,,,,Near mint or better,,,,,,,,,,,,,,,,,,,,,,,,,,FixedPriceItem,GTC,2.99,,1,,,ImmediatePayRequired,,United States,,Flat,USPSFirstClass,1,0.0,,,,1,,,ReturnsNotAccepted,,,,,,,,,,,,,,Yes,No,,,,
Revise,BBB-000112-tsgpr,261328,0,2024 Topps KYLE FINNEGAN #153 ALL-STAR GAME WASHINGTON Nationals,,,4000,No,,,,,,,,,,,,,Near mint or better,,,,,,,,,,,,,,,,,,,,,,,,,,FixedPriceItem,GTC,3.49,,1,,,ImmediatePayRequired,,United States,,Flat,USPSFirstClass,1,0.0,,,,1,,,ReturnsNotAccepted,,,,,,,,,,,,,,Yes,No,,,,
Revise,BBB-000146-tsgqp,261328,0,2024 Topps J.D. DAVIS #64 ALL-STAR GAME SAN FRANCISCO Giants Football,,,4000,No,,,,,,,,,,,,,Near mint or better,,,,,,,,,,,,,,,,,,,,,,,,,,FixedPriceItem,GTC,2.49,,1,,,ImmediatePayRequired,,United States,,Flat,USPSFirstClass,1,0.0,,,,1,,,ReturnsNotAccepted,,,,,,,,,,,,,,Yes,No,,,,
Revise,BBB-000113-tsgps,261328,0,2024 Topps PRELANDER BERROA #36 ALL-STAR GAME SEATTLE Mariners,,,4000,No,,,,,,,,,,,,,Near mint or better,,,,,,,,,,,,,,,,,,,,,,,,,,FixedPriceItem,GTC,3.49,,1,,,ImmediatePayRequired,,United States,,Flat,USPSFirstClass,1,0.0,,,,1,,,ReturnsNotAccepted,,,,,,,,,,,,,,Yes,No,,,,
Revise,BBB-000147-tsgqq,261328,0,2024 Topps EVAN CARTER #280 ALL-STAR GAME TEXAS Rangers,,,4000,No,,,,,,,,,,,,,Near mint or better,,,,,,,,,,,,,,,,,,,,,,,,,,FixedPriceItem,GTC,3.49,,1,,,ImmediatePayRequired,,United States,,Flat,USPSFirstClass,1,0.0,,,,1,,,ReturnsNotAccepted,,,,,,,,,,,,,,Yes,No,,,,
Revise,BBB-000114-tsgpt,261328,0,2024 Topps KENLEY JANSEN #267 ALL-STAR GAME BOSTON Red Sox,,,4000,No,,,,,,,,,,,,,Near mint or better,,,,,,,,,,,,,,,,,,,,,,,,,,FixedPriceItem,GTC,3.49,,1,,,ImmediatePayRequired,,United States,,Flat,USPSFirstClass,1,0.0,,,,1,,,ReturnsNotAccepted,,,,,,,,,,,,,,Yes,No,,,,
Revise,BBB-000148-tsgqr,261328,0,2024 Topps MICHAEL HARRIS II #243 ALL-STAR GAME ATLANTA Braves,,,4000,No,,,,,,,,,,,,,Near mint or better,,,,,,,,,,,,,,,,,,,,,,,,,,FixedPriceItem,GTC,3.49,,1,,,ImmediatePayRequired,,United States,,Flat,USPSFirstClass,1,0.0,,,,1,,,ReturnsNotAccepted,,,,,,,,,,,,,,Yes,No,,,,
Revise,BBB-000149-tsgqs,261328,0,2024 Topps FREDDY PERALTA #26 ALL-STAR GAME MILWAUKEE Brewers,,,4000,No,,,,,,,,,,,,,Near mint or better,,,,,,,,,,,,,,,,,,,,,,,,,,FixedPriceItem,GTC,3.49,,1,,,ImmediatePayRequired,,United States,,Flat,USPSFirstClass,1,0.0,,,,1,,,ReturnsNotAccepted,,,,,,,,,,,,,,Yes,No,,,,
Revise,BBB-000150-tsgqt,261328,0,2024 Topps CAVAN BIGGIO #47 ALL-STAR GAME TORONTO Blue Jays,,,4000,No,,,,,,,,,,,,,Near mint or better,,,,,,,,,,,,,,,,,,,,,,,,,,FixedPriceItem,GTC,3.49,,1,,,ImmediatePayRequired,,United States,,Flat,USPSFirstClass,1,0.0,,,,1,,,ReturnsNotAccepted,,,,,,,,,,,,,,Yes,No,,,,
Revise,BBB-000115-tsgpu,261328,0,2024 Topps EDWIN DÍAZ #120 ALL-STAR GAME NEW YORK Mets,,,4000,No,,,,,,,,,,,,,Near mint or better,,,,,,,,,,,,,,,,,,,,,,,,,,FixedPriceItem,GTC,1.59,,1,,,ImmediatePayRequired,,United States,,Flat,USPSFirstClass,1,0.0,,,,1,,,ReturnsNotAccepted,,,,,,,,,,,,,,Yes,No,,,,
Revise,BBB-000116-tsgpv,261328,0,2024 Topps AL LEADERS HOME RUNS (OHTANI /GARCÍA /ROBERT JR.) #179 ASG Dodgers,,,4000,No,,,,,,,,,,,,,Near mint or better,,,,,,,,,,,,,,,,,,,,,,,,,,FixedPriceItem,GTC,4.49,,1,,,ImmediatePayRequired,,United States,,Flat,USPSFirstClass,1,0.0,,,,1,,,ReturnsNotAccepted,,,,,,,,,,,,,,Yes,No,,,,
Revise,BBB-000151-tsgqu,261328,0,2024 Topps ZACH REMILLARD #222 ALL-STAR GAME CHICAGO White Sox,,,4000,No,,,,,,,,,,,,,Near mint or better,,,,,,,,,,,,,,,,,,,,,,,,,,FixedPriceItem,GTC,2.99,,1,,,ImmediatePayRequired,,United States,,Flat,USPSFirstClass,1,0.0,,,,1,,,ReturnsNotAccepted,,,,,,,,,,,,,,Yes,No,,,,
Revise,BBB-000117-tsgpw,261328,0,2024 Topps CHICAGO CUBS #165 ALL-STAR GAME CHICAGO Cubs,,,4000,No,,,,,,,,,,,,,Near mint or better,,,,,,,,,,,,,,,,,,,,,,,,,,FixedPriceItem,GTC,2.99,,1,,,ImmediatePayRequired,,United States,,Flat,USPSFirstClass,1,0.0,,,,1,,,ReturnsNotAccepted,,,,,,,,,,,,,,Yes,No,,,,
Revise,BBB-000118-tsgpx,261328,0,2024 Topps ADBERT ALZOLAY #129 ALL-STAR GAME CHICAGO Cubs,,,4000,No,,,,,,,,,,,,,Near mint or better,,,,,,,,,,,,,,,,,,,,,,,,,,FixedPriceItem,GTC,3.49,,1,,,ImmediatePayRequired,,United States,,Flat,USPSFirstClass,1,0.0,,,,1,,,ReturnsNotAccepted,,,,,,,,,,,,,,Yes,No,,,,
Revise,BBB-000152-tsgqv,261328,0,2024 Topps REID DETMERS #137 ALL-STAR GAME LOS ANGELES Angels,,,4000,No,,,,,,,,,,,,,Near mint or better,,,,,,,,,,,,,,,,,,,,,,,,,,FixedPriceItem,GTC,3.49,,1,,,ImmediatePayRequired,,United States,,Flat,USPSFirstClass,1,0.0,,,,1,,,ReturnsNotAccepted,,,,,,,,,,,,,,Yes,No,,,,
Revise,BBB-000120-tsgpz,261328,0,2024 Topps Blue JAYS UNITE!: #167 ASG Blue Jays,,,4000,No,,,,,,,,,,,,,Near mint or better,,,,,,,,,,,,,,,,,,,,,,,,,,FixedPriceItem,GTC,4.00,,1,,,ImmediatePayRequired,,United States,,Flat,USPSFirstClass,1,0.0,,,,1,,,ReturnsNotAccepted,,,,,,,,,,,,,,Yes,No,,,,
Revise,BBB-000121-tsgq0,261328,0,2024 Topps ANDRÉS GIMÉNEZ #289 ALL-STAR GAME CLEVELAND Guardians,,,4000,No,,,,,,,,,,,,,Near mint or better,,,,,,,,,,,,,,,,,,,,,,,,,,FixedPriceItem,GTC,1.25,,1,,,ImmediatePayRequired,,United States,,Flat,USPSFirstClass,1,0.0,,,,1,,,ReturnsNotAccepted,,,,,,,,,,,,,,Yes,No,,,,
Revise,BBB-000119-tsgpy,261328,0,2024 Topps SETH BROWN #79 ALL-STAR GAME OAKLAND Athletics,,,4000,No,,,,,,,,,,,,,Near mint or better,,,,,,,,,,,,,,,,,,,,,,,,,,FixedPriceItem,GTC,2.99,,1,,,ImmediatePayRequired,,United States,,Flat,USPSFirstClass,1,0.0,,,,1,,,ReturnsNotAccepted,,,,,,,,,,,,,,Yes,No,,,,
Revise,BBB-000122-tsgq1,261328,0,2024 Topps CONNOR JOE #303 ALL-STAR GAME PITTSBURGH Pirates,,,4000,No,,,,,,,,,,,,,Near mint or better,,,,,,,,,,,,,,,,,,,,,,,,,,FixedPriceItem,GTC,3.49,,1,,,ImmediatePayRequired,,United States,,Flat,USPSFirstClass,1,0.0,,,,1,,,ReturnsNotAccepted,,,,,,,,,,,,,,Yes,No,,,,
Revise,BBB-000123-tsgq2,261328,0,2024 Topps ENDY RODRÍGUEZ #3 ALL-STAR GAME PITTSBURGH Pirates,,,4000,No,,,,,,,,,,,,,Near mint or better,,,,,,,,,,,,,,,,,,,,,,,,,,FixedPriceItem,GTC,1.59,,1,,,ImmediatePayRequired,,United States,,Flat,USPSFirstClass,1,0.0,,,,1,,,ReturnsNotAccepted,,,,,,,,,,,,,,Yes,No,,,,
Revise,BBB-000124-tsgq3,261328,0,2024 Topps ELLY DE LA CRUZ #141 ALL-STAR GAME CINCINNATI Reds,,,4000,No,,,,,,,,,,,,,Near mint or better,,,,,,,,,,,,,,,,,,,,,,,,,,FixedPriceItem,GTC,9.00,,1,,,ImmediatePayRequired,,United States,,Flat,USPSFirstClass,1,0.0,,,,1,,,ReturnsNotAccepted,,,,,,,,,,,,,,Yes,No,,,,
Revise,BBB-000125-tsgq4,261328,0,2024 Topps DANIEL VOGELBACH #345 ALL-STAR GAME NEW YORK Mets,,,4000,No,,,,,,,,,,,,,Near mint or better,,,,,,,,,,,,,,,,,,,,,,,,,,FixedPriceItem,GTC,3.49,,1,,,ImmediatePayRequired,,United States,,Flat,USPSFirstClass,1,0.0,,,,1,,,ReturnsNotAccepted,,,,,,,,,,,,,,Yes,No,,,,
Revise,BBB-000128-tsgq7,261328,0,2024 Topps JACKSON HOLLIDAY #697b ALL-STAR GAME BALTIMORE Orioles,,,4000,No,,,,,,,,,,,,,Near mint or better,,,,,,,,,,,,,,,,,,,,,,,,,,FixedPriceItem,GTC,9.59,,1,,,ImmediatePayRequired,,United States,,Flat,USPSFirstClass,1,0.0,,,,1,,,ReturnsNotAccepted,,,,,,,,,,,,,,Yes,No,,,,
Revise,BBB-000126-tsgq5,261328,0,2024 Topps TAYLOR WARD #332 ALL-STAR GAME LOS ANGELES Angels,,,4000,No,,,,,,,,,,,,,Near mint or better,,,,,,,,,,,,,,,,,,,,,,,,,,FixedPriceItem,GTC,3.99,,1,,,ImmediatePayRequired,,United States,,Flat,USPSFirstClass,1,0.0,,,,1,,,ReturnsNotAccepted,,,,,,,,,,,,,,Yes,No,,,,
Revise,BBB-000129-tsgq8,261328,0,2024 Topps SHOHEI OHTANI #2 ALL-STAR GAME BONUS LOS ANGELES Dodgers,,,4000,No,,,,,,,,,,,,,Near mint or better,,,,,,,,,,,,,,,,,,,,,,,,,,FixedPriceItem,GTC,40.00,,1,,,ImmediatePayRequired,,United States,,Flat,USPSFirstClass,1,0.0,,,,1,,,ReturnsNotAccepted,,,,,,,,,,,,,,Yes,No,,,,
Revise,BBB-000130-tsgq9,261328,0,2024 Topps AARON JUDGE #4 ALL-STAR GAME BONUS NEW YORK Yankees,,,4000,No,,,,,,,,,,,,,Near mint or better,,,,,,,,,,,,,,,,,,,,,,,,,,FixedPriceItem,GTC,6.39,,1,,,ImmediatePayRequired,,United States,,Flat,USPSFirstClass,1,0.0,,,,1,,,ReturnsNotAccepted,,,,,,,,,,,,,,Yes,No,,,,
Revise,BBB-000127-tsgq6,261328,0,2024 Topps JACKSON MERRILL #699b ALL-STAR GAME SAN DIEGO Padres,,,4000,No,,,,,,,,,,,,,Near mint or better,,,,,,,,,,,,,,,,,,,,,,,,,,FixedPriceItem,GTC,22.00,,1,,,ImmediatePayRequired,,United States,,Flat,USPSFirstClass,1,0.0,,,,1,,,ReturnsNotAccepted,,,,,,,,,,,,,,Yes,No,,,,
Revise,BBB-000131-tsgqa,261328,0,2024 Topps RONALD ACUNA JR. #5 ALL-STAR GAME BONUS ATLANTA Braves,,,4000,No,,,,,,,,,,,,,Near mint or better,,,,,,,,,,,,,,,,,,,,,,,,,,FixedPriceItem,GTC,5.49,,1,,,ImmediatePayRequired,,United States,,Flat,USPSFirstClass,1,0.0,,,,1,,,ReturnsNotAccepted,,,,,,,,,,,,,,Yes,No,,,,
Revise,BBB-000132-tsgqb,261328,0,2024 Topps JULIO RODRIGUEZ #1 ALL-STAR GAME BONUS SEATTLE Mariners,,,4000,No,,,,,,,,,,,,,Near mint or better,,,,,,,,,,,,,,,,,,,,,,,,,,FixedPriceItem,GTC,4.99,,1,,,ImmediatePayRequired,,United States,,Flat,USPSFirstClass,1,0.0,,,,1,,,ReturnsNotAccepted,,,,,,,,,,,,,,Yes,No,,,,
Revise,BBB-000133-tsgqc,261328,0,2024 Topps MIKE TROUT #3 ALL-STAR GAME BONUS LOS ANGELES Angels,,,4000,No,,,,,,,,,,,,,Near mint or better,,,,,,,,,,,,,,,,,,,,,,,,,,FixedPriceItem,GTC,5.99,,1,,,ImmediatePayRequired,,United States,,Flat,USPSFirstClass,1,0.0,,,,1,,,ReturnsNotAccepted,,,,,,,,,,,,,,Yes,No,,,,
Revise,BBB-000156-tsksq,261328,0,2024 Topps HUNTER BROWN #30 ALL-STAR GAME HOUSTON Astros,,,4000,No,,,,,,,,,,,,,Near mint or better,,,,,,,,,,,,,,,,,,,,,,,,,,FixedPriceItem,GTC,3.49,,1,,,ImmediatePayRequired,,United States,,Flat,USPSFirstClass,1,0.0,,,,1,,,ReturnsNotAccepted,,,,,,,,,,,,,,Yes,No,,,,
Revise,BBB-000155-tsksp,261328,0,2024 Topps MITCH KELLER #230 ALL-STAR GAME PITTSBURGH Pirates,,,4000,No,,,,,,,,,,,,,Near mint or better,,,,,,,,,,,,,,,,,,,,,,,,,,FixedPriceItem,GTC,3.49,,1,,,ImmediatePayRequired,,United States,,Flat,USPSFirstClass,1,0.0,,,,1,,,ReturnsNotAccepted,,,,,,,,,,,,,,Yes,No,,,,
Revise,BBB-000153-tsksn,261328,0,2024 Topps CURTIS MEAD #82 ALL-STAR GAME TAMPA BAY Rays,,,4000,No,,,,,,,,,,,,,Near mint or better,,,,,,,,,,,,,,,,,,,,,,,,,,FixedPriceItem,GTC,2.99,,1,,,ImmediatePayRequired,,United States,,Flat,USPSFirstClass,1,0.0,,,,1,,,ReturnsNotAccepted,,,,,,,,,,,,,,Yes,No,,,,
Revise,BBB-000154-tskso,261328,0,2024 Topps MATT MCLAIN #327 ALL-STAR GAME CINCINNATI Reds,,,4000,No,,,,,,,,,,,,,Near mint or better,,,,,,,,,,,,,,,,,,,,,,,,,,FixedPriceItem,GTC,3.49,,1,,,ImmediatePayRequired,,United States,,Flat,USPSFirstClass,1,0.0,,,,1,,,ReturnsNotAccepted,,,,,,,,,,,,,,Yes,No,,,,
Revise,BBB-000159-tskst,261328,0,2024 Topps LOGAN O'HOPPE #298 ALL-STAR GAME LOS ANGELES Angels,,,4000,No,,,,,,,,,,,,,Near mint or better,,,,,,,,,,,,,,,,,,,,,,,,,,FixedPriceItem,GTC,3.49,,1,,,ImmediatePayRequired,,United States,,Flat,USPSFirstClass,1,0.0,,,,1,,,ReturnsNotAccepted,,,,,,,,,,,,,,Yes,No,,,,
Revise,BBB-000157-tsksr,261328,0,2024 Topps ANDREW BENINTENDI #306 ALL-STAR GAME CHICAGO White Sox,,,4000,No,,,,,,,,,,,,,Near mint or better,,,,,,,,,,,,,,,,,,,,,,,,,,FixedPriceItem,GTC,3.49,,1,,,ImmediatePayRequired,,United States,,Flat,USPSFirstClass,1,0.0,,,,1,,,ReturnsNotAccepted,,,,,,,,,,,,,,Yes,No,,,,
Revise,BBB-000158-tskss,261328,0,2024 Topps RANGER SUÁREZ #229 ALL-STAR GAME PHILADELPHIA Phillies,,,4000,No,,,,,,,,,,,,,Near mint or better,,,,,,,,,,,,,,,,,,,,,,,,,,FixedPriceItem,GTC,1.99,,1,,,ImmediatePayRequired,,United States,,Flat,USPSFirstClass,1,0.0,,,,1,,,ReturnsNotAccepted,,,,,,,,,,,,,,Yes,No,,,,
Revise,BBB-000161-tsksv,261328,0,2024 Topps SHEA LANGELIERS #278 ALL-STAR GAME OAKLAND Athletics,,,4000,No,,,,,,,,,,,,,Near mint or better,,,,,,,,,,,,,,,,,,,,,,,,,,FixedPriceItem,GTC,3.49,,1,,,ImmediatePayRequired,,United States,,Flat,USPSFirstClass,1,0.0,,,,1,,,ReturnsNotAccepted,,,,,,,,,,,,,,Yes,No,,,,
Revise,BBB-000160-tsksu,261328,0,2024 Topps JAMESON TAILLON #182 ALL-STAR GAME CHICAGO Cubs,,,4000,No,,,,,,,,,,,,,Near mint or better,,,,,,,,,,,,,,,,,,,,,,,,,,FixedPriceItem,GTC,3.49,,1,,,ImmediatePayRequired,,United States,,Flat,USPSFirstClass,1,0.0,,,,1,,,ReturnsNotAccepted,,,,,,,,,,,,,,Yes,No,,,,
Revise,BBB-000162-tsksw,261328,0,2024 Topps ELITES of the GAME: OHTANI and BETTS SHARE a HUG MID-GAME #138 ASG,,,4000,No,,,,,,,,,,,,,Near mint or better,,,,,,,,,,,,,,,,,,,,,,,,,,FixedPriceItem,GTC,1.99,,1,,,ImmediatePayRequired,,United States,,Flat,USPSFirstClass,1,0.0,,,,1,,,ReturnsNotAccepted,,,,,,,,,,,,,,Yes,No,,,,
Revise,BBB-000164-tsksy,261328,0,2024 Topps ROWDY TELLEZ #343 ALL-STAR GAME MILWAUKEE Brewers,,,4000,No,,,,,,,,,,,,,Near mint or better,,,,,,,,,,,,,,,,,,,,,,,,,,FixedPriceItem,GTC,3.49,,1,,,ImmediatePayRequired,,United States,,Flat,USPSFirstClass,1,0.0,,,,1,,,ReturnsNotAccepted,,,,,,,,,,,,,,Yes,No,,,,
Revise,BBB-000163-tsksx,261328,0,2024 Topps TARIK SKUBAL #294 ALL-STAR GAME DETROIT Tigers,,,4000,No,,,,,,,,,,,,,Near mint or better,,,,,,,,,,,,,,,,,,,,,,,,,,FixedPriceItem,GTC,3.49,,1,,,ImmediatePayRequired,,United States,,Flat,USPSFirstClass,1,0.0,,,,1,,,ReturnsNotAccepted,,,,,,,,,,,,,,Yes,No,,,,
Revise,BBB-000165-tsksz,261328,0,2024 Topps JOE JACQUES #187 ALL-STAR GAME BOSTON Red Sox,,,4000,No,,,,,,,,,,,,,Near mint or better,,,,,,,,,,,,,,,,,,,,,,,,,,FixedPriceItem,GTC,3.49,,1,,,ImmediatePayRequired,,United States,,Flat,USPSFirstClass,1,0.0,,,,1,,,ReturnsNotAccepted,,,,,,,,,,,,,,Yes,No,,,,
Revise,BBB-000166-tskt0,261328,0,2024 Topps LUIS CASTILLO #54 ALL-STAR GAME SEATTLE Mariners,,,4000,No,,,,,,,,,,,,,Near mint or better,,,,,,,,,,,,,,,,,,,,,,,,,,FixedPriceItem,GTC,3.49,,1,,,ImmediatePayRequired,,United States,,Flat,USPSFirstClass,1,0.0,,,,1,,,ReturnsNotAccepted,,,,,,,,,,,,,,Yes,No,,,,
Revise,BBB-000167-tskt1,261328,0,2024 Topps ANDY IBÁÑEZ #25 ALL-STAR GAME DETROIT Tigers,,,4000,No,,,,,,,,,,,,,Near mint or better,,,,,,,,,,,,,,,,,,,,,,,,,,FixedPriceItem,GTC,1.99,,1,,,ImmediatePayRequired,,United States,,Flat,USPSFirstClass,1,0.0,,,,1,,,ReturnsNotAccepted,,,,,,,,,,,,,,Yes,No,,,,
Revise,BBB-000168-tskt2,261328,0,2024 Topps LUIS MATOS #28 ALL-STAR GAME SAN FRANCISCO Giants Football,,,4000,No,,,,,,,,,,,,,Near mint or better,,,,,,,,,,,,,,,,,,,,,,,,,,FixedPriceItem,GTC,2.99,,1,,,ImmediatePayRequired,,United States,,Flat,USPSFirstClass,1,0.0,,,,1,,,ReturnsNotAccepted,,,,,,,,,,,,,,Yes,No,,,,
Revise,BBB-000169-tskt3,261328,0,2024 Topps VLADIMIR GUERRERO JR. #330 ALL-STAR GAME TORONTO Blue Jays,,,4000,No,,,,,,,,,,,,,Near mint or better,,,,,,,,,,,,,,,,,,,,,,,,,,FixedPriceItem,GTC,3.49,,1,,,ImmediatePayRequired,,United States,,Flat,USPSFirstClass,1,0.0,,,,1,,,ReturnsNotAccepted,,,,,,,,,,,,,,Yes,No,,,,
Revise,BBB-000172-tskt6,261328,0,2024 Topps SAMAD TAYLOR #32 ALL-STAR GAME KANSAS CITY Royals,,,4000,No,,,,,,,,,,,,,Near mint or better,,,,,,,,,,,,,,,,,,,,,,,,,,FixedPriceItem,GTC,3.49,,1,,,ImmediatePayRequired,,United States,,Flat,USPSFirstClass,1,0.0,,,,1,,,ReturnsNotAccepted,,,,,,,,,,,,,,Yes,No,,,,
Revise,BBB-000170-tskt4,261328,0,2024 Topps BRADY SINGER #173 ALL-STAR GAME KANSAS CITY Royals,,,4000,No,,,,,,,,,,,,,Near mint or better,,,,,,,,,,,,,,,,,,,,,,,,,,FixedPriceItem,GTC,3.49,,1,,,ImmediatePayRequired,,United States,,Flat,USPSFirstClass,1,0.0,,,,1,,,ReturnsNotAccepted,,,,,,,,,,,,,,Yes,No,,,,
Revise,BBB-000174-tskt8,261328,0,2024 Topps HAROLD RAMÍREZ #256 ALL-STAR GAME TAMPA BAY Rays,,,4000,No,,,,,,,,,,,,,Near mint or better,,,,,,,,,,,,,,,,,,,,,,,,,,FixedPriceItem,GTC,1.99,,1,,,ImmediatePayRequired,,United States,,Flat,USPSFirstClass,1,0.0,,,,1,,,ReturnsNotAccepted,,,,,,,,,,,,,,Yes,No,,,,
Revise,BBB-000171-tskt5,261328,0,2024 Topps TYLER GLASNOW #89 ALL-STAR GAME TAMPA BAY Rays,,,4000,No,,,,,,,,,,,,,Near mint or better,,,,,,,,,,,,,,,,,,,,,,,,,,FixedPriceItem,GTC,3.49,,1,,,ImmediatePayRequired,,United States,,Flat,USPSFirstClass,1,0.0,,,,1,,,ReturnsNotAccepted,,,,,,,,,,,,,,Yes,No,,,,
Revise,BBB-000175-tskt9,261328,0,2024 Topps GRANT HARTWIG #130 ALL-STAR GAME NEW YORK Mets,,,4000,No,,,,,,,,,,,,,Near mint or better,,,,,,,,,,,,,,,,,,,,,,,,,,FixedPriceItem,GTC,3.49,,1,,,ImmediatePayRequired,,United States,,Flat,USPSFirstClass,1,0.0,,,,1,,,ReturnsNotAccepted,,,,,,,,,,,,,,Yes,No,,,,
Revise,BBB-000176-tskta,261328,0,2024 Topps JULIO RODRÍGUEZ #44 ALL-STAR GAME SEATTLE Mariners,,,4000,No,,,,,,,,,,,,,Near mint or better,,,,,,,,,,,,,,,,,,,,,,,,,,FixedPriceItem,GTC,1.99,,1,,,ImmediatePayRequired,,United States,,Flat,USPSFirstClass,1,0.0,,,,1,,,ReturnsNotAccepted,,,,,,,,,,,,,,Yes,No,,,,
Revise,BBB-000177-tsktb,261328,0,2024 Topps MAURICIO DUBÓN #326 ALL-STAR GAME HOUSTON Astros,,,4000,No,,,,,,,,,,,,,Near mint or better,,,,,,,,,,,,,,,,,,,,,,,,,,FixedPriceItem,GTC,1.99,,1,,,ImmediatePayRequired,,United States,,Flat,USPSFirstClass,1,0.0,,,,1,,,ReturnsNotAccepted,,,,,,,,,,,,,,Yes,No,,,,
Revise,BBB-000173-tskt7,261328,0,2024 Topps BRAD KELLER #140 ALL-STAR GAME KANSAS CITY Royals,,,4000,No,,,,,,,,,,,,,Near mint or better,,,,,,,,,,,,,,,,,,,,,,,,,,FixedPriceItem,GTC,3.49,,1,,,ImmediatePayRequired,,United States,,Flat,USPSFirstClass,1,0.0,,,,1,,,ReturnsNotAccepted,,,,,,,,,,,,,,Yes,No,,,,
Revise,BBB-000180-tskte,261328,0,2024 Topps DANSBY SWANSON #164 ALL-STAR GAME CHICAGO Cubs,,,4000,No,,,,,,,,,,,,,Near mint or better,,,,,,,,,,,,,,,,,,,,,,,,,,FixedPriceItem,GTC,3.49,,1,,,ImmediatePayRequired,,United States,,Flat,USPSFirstClass,1,0.0,,,,1,,,ReturnsNotAccepted,,,,,,,,,,,,,,Yes,No,,,,
Revise,BBB-000178-tsktc,261328,0,2024 Topps BRENDAN DONOVAN #7 ALL-STAR GAME ST. LOUIS Cardinals Football,,,4000,No,,,,,,,,,,,,,Near mint or better,,,,,,,,,,,,,,,,,,,,,,,,,,FixedPriceItem,GTC,2.99,,1,,,ImmediatePayRequired,,United States,,Flat,USPSFirstClass,1,0.0,,,,1,,,ReturnsNotAccepted,,,,,,,,,,,,,,Yes,No,,,,
Revise,BBB-000181-tsktf,261328,0,2024 Topps NESTOR CORTES JR. #51 ALL-STAR GAME NEW YORK Yankees,,,4000,No,,,,,,,,,,,,,Near mint or better,,,,,,,,,,,,,,,,,,,,,,,,,,FixedPriceItem,GTC,3.49,,1,,,ImmediatePayRequired,,United States,,Flat,USPSFirstClass,1,0.0,,,,1,,,ReturnsNotAccepted,,,,,,,,,,,,,,Yes,No,,,,
Revise,BBB-000179-tsktd,261328,0,2024 Topps NICK ROBERTSON #13 ALL-STAR GAME BOSTON Red Sox,,,4000,No,,,,,,,,,,,,,Near mint or better,,,,,,,,,,,,,,,,,,,,,,,,,,FixedPriceItem,GTC,3.49,,1,,,ImmediatePayRequired,,United States,,Flat,USPSFirstClass,1,0.0,,,,1,,,ReturnsNotAccepted,,,,,,,,,,,,,,Yes,No,,,,
Revise,BBB-000182-tsktg,261328,0,2024 Topps National LEAGUE LEADERS WINS (SPENCER STRIDER/GALLEN/STEELE) #309 ASG,,,4000,No,,,,,,,,,,,,,Near mint or better,,,,,,,,,,,,,,,,,,,,,,,,,,FixedPriceItem,GTC,1.99,,1,,,ImmediatePayRequired,,United States,,Flat,USPSFirstClass,1,0.0,,,,1,,,ReturnsNotAccepted,,,,,,,,,,,,,,Yes,No,,,,
Revise,BBB-000183-tskth,261328,0,2024 Topps SAN DIEGO PADRES #2 ALL-STAR GAME SAN DIEGO Padres,,,4000,No,,,,,,,,,,,,,Near mint or better,,,,,,,,,,,,,,,,,,,,,,,,,,FixedPriceItem,GTC,2.99,,1,,,ImmediatePayRequired,,United States,,Flat,USPSFirstClass,1,0.0,,,,1,,,ReturnsNotAccepted,,,,,,,,,,,,,,Yes,No,,,,
Revise,BBB-000184-tskti,261328,0,2024 Topps HAYDEN WESNESKI #337 ALL-STAR GAME CHICAGO Cubs,,,4000,No,,,,,,,,,,,,,Near mint or better,,,,,,,,,,,,,,,,,,,,,,,,,,FixedPriceItem,GTC,3.49,,1,,,ImmediatePayRequired,,United States,,Flat,USPSFirstClass,1,0.0,,,,1,,,ReturnsNotAccepted,,,,,,,,,,,,,,Yes,No,,,,
Revise,BBB-000185-tsktj,261328,0,2024 Topps CAMILO DOVAL #213 ALL-STAR GAME SAN FRANCISCO Giants Football,,,4000,No,,,,,,,,,,,,,Near mint or better,,,,,,,,,,,,,,,,,,,,,,,,,,FixedPriceItem,GTC,2.99,,1,,,ImmediatePayRequired,,United States,,Flat,USPSFirstClass,1,0.0,,,,1,,,ReturnsNotAccepted,,,,,,,,,,,,,,Yes,No,,,,
Revise,BBB-000186-tsktk,261328,0,2024 Topps RYAN PRESSLY #331 ALL-STAR GAME HOUSTON Astros,,,4000,No,,,,,,,,,,,,,Near mint or better,,,,,,,,,,,,,,,,,,,,,,,,,,FixedPriceItem,GTC,3.49,,1,,,ImmediatePayRequired,,United States,,Flat,USPSFirstClass,1,0.0,,,,1,,,ReturnsNotAccepted,,,,,,,,,,,,,,Yes,No,,,,
Revise,BBB-000187-tsktl,261328,0,2024 Topps MIGUEL CABRERA #201 ALL-STAR GAME DETROIT Tigers,,,4000,No,,,,,,,,,,,,,Near mint or better,,,,,,,,,,,,,,,,,,,,,,,,,,FixedPriceItem,GTC,3.49,,1,,,ImmediatePayRequired,,United States,,Flat,USPSFirstClass,1,0.0,,,,1,,,ReturnsNotAccepted,,,,,,,,,,,,,,Yes,No,,,,
Revise,BBB-000188-tsktm,261328,0,2024 Topps BRYAN WOO #12 ALL-STAR GAME SEATTLE Mariners,,,4000,No,,,,,,,,,,,,,Near mint or better,,,,,,,,,,,,,,,,,,,,,,,,,,FixedPriceItem,GTC,3.49,,1,,,ImmediatePayRequired,,United States,,Flat,USPSFirstClass,1,0.0,,,,1,,,ReturnsNotAccepted,,,,,,,,,,,,,,Yes,No,,,,
Revise,BBB-000189-tsktn,261328,0,2024 Topps SETH LUGO #291 ALL-STAR GAME SAN DIEGO Padres,,,4000,No,,,,,,,,,,,,,Near mint or better,,,,,,,,,,,,,,,,,,,,,,,,,,FixedPriceItem,GTC,3.49,,1,,,ImmediatePayRequired,,United States,,Flat,USPSFirstClass,1,0.0,,,,1,,,ReturnsNotAccepted,,,,,,,,,,,,,,Yes,No,,,,
Revise,BBB-000191-tsktp,261328,0,2024 Topps GREGORY SANTOS #276 ALL-STAR GAME CHICAGO White Sox,,,4000,No,,,,,,,,,,,,,Near mint or better,,,,,,,,,,,,,,,,,,,,,,,,,,FixedPriceItem,GTC,3.49,,1,,,ImmediatePayRequired,,United States,,Flat,USPSFirstClass,1,0.0,,,,1,,,ReturnsNotAccepted,,,,,,,,,,,,,,Yes,No,,,,
Revise,BBB-000192-tsktq,261328,0,2024 Topps JP SEARS #80 ALL-STAR GAME OAKLAND Athletics,,,4000,No,,,,,,,,,,,,,Near mint or better,,,,,,,,,,,,,,,,,,,,,,,,,,FixedPriceItem,GTC,3.49,,1,,,ImmediatePayRequired,,United States,,Flat,USPSFirstClass,1,0.0,,,,1,,,ReturnsNotAccepted,,,,,,,,,,,,,,Yes,No,,,,
Revise,BBB-000190-tskto,261328,0,2024 Topps BRENDAN RODGERS #322 ALL-STAR GAME COLORADO Rockies,,,4000,No,,,,,,,,,,,,,Near mint or better,,,,,,,,,,,,,,,,,,,,,,,,,,FixedPriceItem,GTC,3.49,,1,,,ImmediatePayRequired,,United States,,Flat,USPSFirstClass,1,0.0,,,,1,,,ReturnsNotAccepted,,,,,,,,,,,,,,Yes,No,,,,
Revise,BBB-000193-tsktr,261328,0,2024 Topps ZAC GALLEN #110 ALL-STAR GAME ARIZONA Diamondbacks,,,4000,No,,,,,,,,,,,,,Near mint or better,,,,,,,,,,,,,,,,,,,,,,,,,,FixedPriceItem,GTC,3.49,,1,,,ImmediatePayRequired,,United States,,Flat,USPSFirstClass,1,0.0,,,,1,,,ReturnsNotAccepted,,,,,,,,,,,,,,Yes,No,,,,
Revise,BBB-000194-tskts,261328,0,2024 Topps TONY GONSOLIN #87 ALL-STAR GAME LOS ANGELES Dodgers,,,4000,No,,,,,,,,,,,,,Near mint or better,,,,,,,,,,,,,,,,,,,,,,,,,,FixedPriceItem,GTC,3.49,,1,,,ImmediatePayRequired,,United States,,Flat,USPSFirstClass,1,0.0,,,,1,,,ReturnsNotAccepted,,,,,,,,,,,,,,Yes,No,,,,
Revise,BBB-000196-tsktu,261328,0,2024 Topps MATT WALDRON #162 ALL-STAR GAME SAN DIEGO Padres,,,4000,No,,,,,,,,,,,,,Near mint or better,,,,,,,,,,,,,,,,,,,,,,,,,,FixedPriceItem,GTC,3.49,,1,,,ImmediatePayRequired,,United States,,Flat,USPSFirstClass,1,0.0,,,,1,,,ReturnsNotAccepted,,,,,,,,,,,,,,Yes,No,,,,
Revise,BBB-000195-tsktt,261328,0,2024 Topps JONAH HEIM #235 ALL-STAR GAME TEXAS Rangers,,,4000,No,,,,,,,,,,,,,Near mint or better,,,,,,,,,,,,,,,,,,,,,,,,,,FixedPriceItem,GTC,3.49,,1,,,ImmediatePayRequired,,United States,,Flat,USPSFirstClass,1,0.0,,,,1,,,ReturnsNotAccepted,,,,,,,,,,,,,,Yes,No,,,,
Revise,BBB-000197-tsktv,261328,0,2024 Topps CHARLIE MORTON #221 ALL-STAR GAME ATLANTA Braves,,,4000,No,,,,,,,,,,,,,Near mint or better,,,,,,,,,,,,,,,,,,,,,,,,,,FixedPriceItem,GTC,3.49,,1,,,ImmediatePayRequired,,United States,,Flat,USPSFirstClass,1,0.0,,,,1,,,ReturnsNotAccepted,,,,,,,,,,,,,,Yes,No,,,,
Revise,BBB-000198-tsktw,261328,0,2024 Topps WILLY ADAMES #33 ALL-STAR GAME MILWAUKEE Brewers,,,4000,No,,,,,,,,,,,,,Near mint or better,,,,,,,,,,,,,,,,,,,,,,,,,,FixedPriceItem,GTC,3.49,,1,,,ImmediatePayRequired,,United States,,Flat,USPSFirstClass,1,0.0,,,,1,,,ReturnsNotAccepted,,,,,,,,,,,,,,Yes,No,,,,
Revise,BBB-000199-tsktx,261328,0,2024 Topps JOEY MENESES #142 ALL-STAR GAME WASHINGTON Nationals,,,4000,No,,,,,,,,,,,,,Near mint or better,,,,,,,,,,,,,,,,,,,,,,,,,,FixedPriceItem,GTC,3.49,,1,,,ImmediatePayRequired,,United States,,Flat,USPSFirstClass,1,0.0,,,,1,,,ReturnsNotAccepted,,,,,,,,,,,,,,Yes,No,,,,
Revise,BBB-000201-tsktz,261328,0,2024 Topps KUTTER CRAWFORD #316 ALL-STAR GAME BOSTON Red Sox,,,4000,No,,,,,,,,,,,,,Near mint or better,,,,,,,,,,,,,,,,,,,,,,,,,,FixedPriceItem,GTC,3.49,,1,,,ImmediatePayRequired,,United States,,Flat,USPSFirstClass,1,0.0,,,,1,,,ReturnsNotAccepted,,,,,,,,,,,,,,Yes,No,,,,
Revise,BBB-000200-tskty,261328,0,2024 Topps TREY CABBAGE #321 ALL-STAR GAME LOS ANGELES Angels,,,4000,No,,,,,,,,,,,,,Near mint or better,,,,,,,,,,,,,,,,,,,,,,,,,,FixedPriceItem,GTC,3.49,,1,,,ImmediatePayRequired,,United States,,Flat,USPSFirstClass,1,0.0,,,,1,,,ReturnsNotAccepted,,,,,,,,,,,,,,Yes,No,,,,
Revise,BBB-000202-tsku0,261328,0,2024 Topps KODAI SENGA #292 ALL-STAR GAME NEW YORK Mets,,,4000,No,,,,,,,,,,,,,Near mint or better,,,,,,,,,,,,,,,,,,,,,,,,,,FixedPriceItem,GTC,3.49,,1,,,ImmediatePayRequired,,United States,,Flat,USPSFirstClass,1,0.0,,,,1,,,ReturnsNotAccepted,,,,,,,,,,,,,,Yes,No,,,,
Revise,BBB-000204-tsku2,261328,0,2024 Topps BALTIMORE ORIOLES #192 ALL-STAR GAME BALTIMORE Orioles,,,4000,No,,,,,,,,,,,,,Near mint or better,,,,,,,,,,,,,,,,,,,,,,,,,,FixedPriceItem,GTC,3.49,,1,,,ImmediatePayRequired,,United States,,Flat,USPSFirstClass,1,0.0,,,,1,,,ReturnsNotAccepted,,,,,,,,,,,,,,Yes,No,,,,
Revise,BBB-000203-tsku1,261328,0,2024 Topps NL BATTING LEADERS (ARRAEZ/ACUÑA JR./FREEMAN) #206 ASG,,,4000,No,,,,,,,,,,,,,Near mint or better,,,,,,,,,,,,,,,,,,,,,,,,,,FixedPriceItem,GTC,2.99,,1,,,ImmediatePayRequired,,United States,,Flat,USPSFirstClass,1,0.0,,,,1,,,ReturnsNotAccepted,,,,,,,,,,,,,,Yes,No,,,,
Revise,BBB-000205-tsku3,261328,0,2024 Topps ASTROS NO-NO: VALDEZ THROWS GEM in HOUSTON #329 ALL-STAR GAME Astros,,,4000,No,,,,,,,,,,,,,Near mint or better,,,,,,,,,,,,,,,,,,,,,,,,,,FixedPriceItem,GTC,3.49,,1,,,ImmediatePayRequired,,United States,,Flat,USPSFirstClass,1,0.0,,,,1,,,ReturnsNotAccepted,,,,,,,,,,,,,,Yes,No,,,,
Revise,BBB-000208-tsku6,261328,0,2024 Topps EURY PÉREZ #197 ALL-STAR GAME MIAMI Marlins,,,4000,No,,,,,,,,,,,,,Near mint or better,,,,,,,,,,,,,,,,,,,,,,,,,,FixedPriceItem,GTC,1.99,,1,,,ImmediatePayRequired,,United States,,Flat,USPSFirstClass,1,0.0,,,,1,,,ReturnsNotAccepted,,,,,,,,,,,,,,Yes,No,,,,
Revise,BBB-000207-tsku5,261328,0,2024 Topps JOHAN OVIEDO #65 ALL-STAR GAME PITTSBURGH Pirates,,,4000,No,,,,,,,,,,,,,Near mint or better,,,,,,,,,,,,,,,,,,,,,,,,,,FixedPriceItem,GTC,3.49,,1,,,ImmediatePayRequired,,United States,,Flat,USPSFirstClass,1,0.0,,,,1,,,ReturnsNotAccepted,,,,,,,,,,,,,,Yes,No,,,,
Revise,BBB-000206-tsku4,261328,0,2024 Topps SHANE BIEBER #107 ALL-STAR GAME CLEVELAND Guardians,,,4000,No,,,,,,,,,,,,,Near mint or better,,,,,,,,,,,,,,,,,,,,,,,,,,FixedPriceItem,GTC,3.49,,1,,,ImmediatePayRequired,,United States,,Flat,USPSFirstClass,1,0.0,,,,1,,,ReturnsNotAccepted,,,,,,,,,,,,,,Yes,No,,,,
Revise,BBA-000001-00014-28086,261328,0,2025-26 Topps Chrome JA MORANT #SF-2 SLEEK FINISHERS Grizzlies Basketball,,,4000,No,,,,,,,,,,,,,Excellent,,,,,,,,,,,,,,,,,,,,,,,,,,FixedPriceItem,GTC,2.99,,1,,,ImmediatePayRequired,,United States,,Flat,USPSFirstClass,1,0.0,,,,1,,,ReturnsNotAccepted,,,,,,,,,,,,,,Yes,No,,,,
Revise,BBA-000001-00003-46835,261328,0,2025-26 Topps Chrome JEREMY SOCHAN #239 NEGATIVE Refractor SPURS Basketball,,,4000,No,,,,,,,,,,,,,Excellent,,,,,,,,,,,,,,,,,,,,,,,,,,FixedPriceItem,GTC,3.99,,1,,,ImmediatePayRequired,,United States,,Flat,USPSFirstClass,1,0.0,,,,1,,,ReturnsNotAccepted,,,,,,,,,,,,,,Yes,No,,,,
Revise,BBA-000001-00006-30822,261328,0,2025-26 Topps Chrome JASE RICHARDSON #275 RC MAGIC Rookie Basketball,,,4000,No,,,,,,,,,,,,,Excellent,,,,,,,,,,,,,,,,,,,,,,,,,,FixedPriceItem,GTC,2.99,,1,,,ImmediatePayRequired,,United States,,Flat,USPSFirstClass,1,0.0,,,,1,,,ReturnsNotAccepted,,,,,,,,,,,,,,Yes,No,,,,
Revise,BBA-000001-00004-87008,261328,0,2025-26 Topps Chrome ZACCHARIE RISACHER #2 Hawks Basketball,,,4000,No,,,,,,,,,,,,,Excellent,,,,,,,,,,,,,,,,,,,,,,,,,,FixedPriceItem,GTC,2.99,,1,,,ImmediatePayRequired,,United States,,Flat,USPSFirstClass,1,0.0,,,,1,,,ReturnsNotAccepted,,,,,,,,,,,,,,Yes,No,,,,
Revise,BBA-000001-00011-92213,261328,0,2025-26 Topps Chrome JARACE WALKER #53 PULSAR Refractor Pacers Basketball,,,4000,No,,,,,,,,,,,,,Excellent,,,,,,,,,,,,,,,,,,,,,,,,,,FixedPriceItem,GTC,2.99,,1,,,ImmediatePayRequired,,United States,,Flat,USPSFirstClass,1,0.0,,,,1,,,ReturnsNotAccepted,,,,,,,,,,,,,,Yes,No,,,,
Revise,BBA-000001-00016-53624,261328,0,2025-26 Topps Chrome BONES HYLAND #90 PULSAR Refractor TIMBERWOLVES Basketball,,,4000,No,,,,,,,,,,,,,Excellent,,,,,,,,,,,,,,,,,,,,,,,,,,FixedPriceItem,GTC,3.49,,1,,,ImmediatePayRequired,,United States,,Flat,USPSFirstClass,1,0.0,,,,1,,,ReturnsNotAccepted,,,,,,,,,,,,,,Yes,No,,,,
Revise,BBA-000001-00015-07409,261328,0,2025-26 Topps Chrome ANTHONY EDWARDS #IP-5 INSPIRATIONAL TIMBERWOLVES Basketball,,,4000,No,,,,,,,,,,,,,Excellent,,,,,,,,,,,,,,,,,,,,,,,,,,FixedPriceItem,GTC,2.99,,1,,,ImmediatePayRequired,,United States,,Flat,USPSFirstClass,1,0.0,,,,1,,,ReturnsNotAccepted,,,,,,,,,,,,,,Yes,No,,,,
Revise,BBA-000001-00001-29805,261328,0,2025-26 Topps Chrome RYAN KALKBRENNER #284 RC HORNETS Rookie Basketball,,,4000,No,,,,,,,,,,,,,Excellent,,,,,,,,,,,,,,,,,,,,,,,,,,FixedPriceItem,GTC,2.99,,1,,,ImmediatePayRequired,,United States,,Flat,USPSFirstClass,1,0.0,,,,1,,,ReturnsNotAccepted,,,,,,,,,,,,,,Yes,No,,,,
Revise,BBA-000001-00012-02696,261328,0,2025-26 Topps Chrome JIMMY BUTLER III #GT-2 GO TIME Warriors Basketball,,,4000,No,,,,,,,,,,,,,Excellent,,,,,,,,,,,,,,,,,,,,,,,,,,FixedPriceItem,GTC,2.99,,1,,,ImmediatePayRequired,,United States,,Flat,USPSFirstClass,1,0.0,,,,1,,,ReturnsNotAccepted,,,,,,,,,,,,,,Yes,No,,,,
Revise,BBA-000001-00009-19743,261328,0,2025-26 Topps Chrome SHAEDON SHARPE #150 TRAIL BLAZERS Basketball,,,4000,No,,,,,,,,,,,,,Excellent,,,,,,,,,,,,,,,,,,,,,,,,,,FixedPriceItem,GTC,2.99,,1,,,ImmediatePayRequired,,United States,,Flat,USPSFirstClass,1,0.0,,,,1,,,ReturnsNotAccepted,,,,,,,,,,,,,,Yes,No,,,,
Revise,BBA-000001-00008-49656,261328,0,2025-26 Topps Chrome SPENCER DINWIDDIE #13 PULSAR Refractor MAVERICKS Basketball,,,4000,No,,,,,,,,,,,,,Excellent,,,,,,,,,,,,,,,,,,,,,,,,,,FixedPriceItem,GTC,2.99,,1,,,ImmediatePayRequired,,United States,,Flat,USPSFirstClass,1,0.0,,,,1,,,ReturnsNotAccepted,,,,,,,,,,,,,,Yes,No,,,,
Revise,BBA-000001-00005-05141,261328,0,2025-26 Topps Chrome KHAMAN MALUACH #260 RC Suns Rookie Basketball,,,4000,No,,,,,,,,,,,,,Excellent,,,,,,,,,,,,,,,,,,,,,,,,,,FixedPriceItem,GTC,2.99,,1,,,ImmediatePayRequired,,United States,,Flat,USPSFirstClass,1,0.0,,,,1,,,ReturnsNotAccepted,,,,,,,,,,,,,,Yes,No,,,,
Revise,BBA-000001-00010-79941,261328,0,2025-26 Topps Chrome SION JAMES #283 RC HORNETS Rookie Basketball,,,4000,No,,,,,,,,,,,,,Excellent,,,,,,,,,,,,,,,,,,,,,,,,,,FixedPriceItem,GTC,2.99,,1,,,ImmediatePayRequired,,United States,,Flat,USPSFirstClass,1,0.0,,,,1,,,ReturnsNotAccepted,,,,,,,,,,,,,,Yes,No,,,,
Revise,BBA-000001-00013-47641,261328,0,2025-26 Topps Chrome PAOLO BANCHERO #BD-14 BALL of DUTY MAGIC Basketball,,,4000,No,,,,,,,,,,,,,Excellent,,,,,,,,,,,,,,,,,,,,,,,,,,FixedPriceItem,GTC,2.99,,1,,,ImmediatePayRequired,,United States,,Flat,USPSFirstClass,1,0.0,,,,1,,,ReturnsNotAccepted,,,,,,,,,,,,,,Yes,No,,,,
Revise,BBA-000001-00007-21753,261328,0,2025-26 Topps Chrome JAIME JAQUEZ JR. #161 PULSAR Refractor Heat Basketball,,,4000,No,,,,,,,,,,,,,Excellent,,,,,,,,,,,,,,,,,,,,,,,,,,FixedPriceItem,GTC,2.99,,1,,,ImmediatePayRequired,,United States,,Flat,USPSFirstClass,1,0.0,,,,1,,,ReturnsNotAccepted,,,,,,,,,,,,,,Yes,No,,,,
Revise,BBA-000100-00007-43894,261328,0,2024 Topps CINCINNATI REDS #238 All Star GAME,,,4000,No,,,,,,,,,,,,,Excellent,,,,,,,,,,,,,,,,,,,,,,,,,,FixedPriceItem,GTC,2.99,,1,,,ImmediatePayRequired,,United States,,Flat,USPSFirstClass,1,0.0,,,,1,,,ReturnsNotAccepted,,,,,,,,,,,,,,Yes,No,,,,
Revise,BBA-000100-00006-52544,261328,0,2024 Topps WILMER FLORES #234 All Star GAME Giants Football,,,4000,No,,,,,,,,,,,,,Excellent,,,,,,,,,,,,,,,,,,,,,,,,,,FixedPriceItem,GTC,2.99,,1,,,ImmediatePayRequired,,United States,,Flat,USPSFirstClass,1,0.0,,,,1,,,ReturnsNotAccepted,,,,,,,,,,,,,,Yes,No,,,,
Revise,BBA-000100-00033-42432,261328,0,2024 Topps AUSTIN HAYS #307 All Star GAME Orioles,,,4000,No,,,,,,,,,,,,,Excellent,,,,,,,,,,,,,,,,,,,,,,,,,,FixedPriceItem,GTC,3.49,,1,,,ImmediatePayRequired,,United States,,Flat,USPSFirstClass,1,0.0,,,,1,,,ReturnsNotAccepted,,,,,,,,,,,,,,Yes,No,,,,
Revise,BBA-000100-00002-63526,261328,0,2024 Topps DEAN KREMER #336 All Star GAME Orioles,,,4000,No,,,,,,,,,,,,,Excellent,,,,,,,,,,,,,,,,,,,,,,,,,,FixedPriceItem,GTC,3.49,,1,,,ImmediatePayRequired,,United States,,Flat,USPSFirstClass,1,0.0,,,,1,,,ReturnsNotAccepted,,,,,,,,,,,,,,Yes,No,,,,
Revise,BBA-000100-00019-14952,261328,0,2024 Topps CARMEN MLODZINSKI #31 All Star GAME RC Pirates Rookie,,,4000,No,,,,,,,,,,,,,Excellent,,,,,,,,,,,,,,,,,,,,,,,,,,FixedPriceItem,GTC,3.49,,1,,,ImmediatePayRequired,,United States,,Flat,USPSFirstClass,1,0.0,,,,1,,,ReturnsNotAccepted,,,,,,,,,,,,,,Yes,No,,,,
Revise,BBA-000100-00015-30601,261328,0,2024 Topps DAVID HAMILTON #202 All Star GAME RC Red Sox Rookie,,,4000,No,,,,,,,,,,,,,Excellent,,,,,,,,,,,,,,,,,,,,,,,,,,FixedPriceItem,GTC,3.49,,1,,,ImmediatePayRequired,,United States,,Flat,USPSFirstClass,1,0.0,,,,1,,,ReturnsNotAccepted,,,,,,,,,,,,,,Yes,No,,,,
Revise,BBA-000100-00016-27899,261328,0,2024 Topps FRAMBER VALDEZ #220 All Star GAME Astros,,,4000,No,,,,,,,,,,,,,Excellent,,,,,,,,,,,,,,,,,,,,,,,,,,FixedPriceItem,GTC,3.49,,1,,,ImmediatePayRequired,,United States,,Flat,USPSFirstClass,1,0.0,,,,1,,,ReturnsNotAccepted,,,,,,,,,,,,,,Yes,No,,,,
Revise,BBA-000100-00024-06826,261328,0,2024 Topps NEW YORK SMILES: METS HEAVY HITTERS SHARE a LAUGH C #38 All Star GAME,,,4000,No,,,,,,,,,,,,,Excellent,,,,,,,,,,,,,,,,,,,,,,,,,,FixedPriceItem,GTC,3.49,,1,,,ImmediatePayRequired,,United States,,Flat,USPSFirstClass,1,0.0,,,,1,,,ReturnsNotAccepted,,,,,,,,,,,,,,Yes,No,,,,
Revise,BBA-000100-00023-33744,261328,0,2024 Topps DANIEL PALENCIA #178 All Star GAME RC Cubs Rookie,,,4000,No,,,,,,,,,,,,,Excellent,,,,,,,,,,,,,,,,,,,,,,,,,,FixedPriceItem,GTC,3.49,,1,,,ImmediatePayRequired,,United States,,Flat,USPSFirstClass,1,0.0,,,,1,,,ReturnsNotAccepted,,,,,,,,,,,,,,Yes,No,,,,
Revise,BBA-000100-00034-41413,261328,0,2024 Topps JHOAN DURAN #227 All Star GAME Twins,,,4000,No,,,,,,,,,,,,,Excellent,,,,,,,,,,,,,,,,,,,,,,,,,,FixedPriceItem,GTC,3.49,,1,,,ImmediatePayRequired,,United States,,Flat,USPSFirstClass,1,0.0,,,,1,,,ReturnsNotAccepted,,,,,,,,,,,,,,Yes,No,,,,
Revise,BBA-000100-00017-97762,261328,0,2024 Topps MIKE TROUT #27 All Star GAME Angels,,,4000,No,,,,,,,,,,,,,Excellent,,,,,,,,,,,,,,,,,,,,,,,,,,FixedPriceItem,GTC,3.49,,1,,,ImmediatePayRequired,,United States,,Flat,USPSFirstClass,1,0.0,,,,1,,,ReturnsNotAccepted,,,,,,,,,,,,,,Yes,No,,,,
Revise,BBA-000100-00018-57479,261328,0,2024 Topps TYLER O'NEILL #169 All Star GAME Cardinals Football,,,4000,No,,,,,,,,,,,,,Excellent,,,,,,,,,,,,,,,,,,,,,,,,,,FixedPriceItem,GTC,2.99,,1,,,ImmediatePayRequired,,United States,,Flat,USPSFirstClass,1,0.0,,,,1,,,ReturnsNotAccepted,,,,,,,,,,,,,,Yes,No,,,,
Revise,BBA-000100-00026-58196,261328,0,2024 Topps GERRIT COLE #100 All Star GAME Yankees,,,4000,No,,,,,,,,,,,,,Excellent,,,,,,,,,,,,,,,,,,,,,,,,,,FixedPriceItem,GTC,3.49,,1,,,ImmediatePayRequired,,United States,,Flat,USPSFirstClass,1,0.0,,,,1,,,ReturnsNotAccepted,,,,,,,,,,,,,,Yes,No,,,,
Revise,BBA-000100-00025-91539,261328,0,2024 Topps NICO HOERNER #204 All Star GAME Cubs,,,4000,No,,,,,,,,,,,,,Excellent,,,,,,,,,,,,,,,,,,,,,,,,,,FixedPriceItem,GTC,3.49,,1,,,ImmediatePayRequired,,United States,,Flat,USPSFirstClass,1,0.0,,,,1,,,ReturnsNotAccepted,,,,,,,,,,,,,,Yes,No,,,,
Revise,BBA-000100-00030-13492,261328,0,2024 Topps MARK VIENTOS #78 All Star GAME Mets,,,4000,No,,,,,,,,,,,,,Excellent,,,,,,,,,,,,,,,,,,,,,,,,,,FixedPriceItem,GTC,3.49,,1,,,ImmediatePayRequired,,United States,,Flat,USPSFirstClass,1,0.0,,,,1,,,ReturnsNotAccepted,,,,,,,,,,,,,,Yes,No,,,,
Revise,BBA-000100-00012-74596,261328,0,2024 Topps FREDDIE FREEMAN #102 All Star GAME Dodgers,,,4000,No,,,,,,,,,,,,,Excellent,,,,,,,,,,,,,,,,,,,,,,,,,,FixedPriceItem,GTC,3.49,,1,,,ImmediatePayRequired,,United States,,Flat,USPSFirstClass,1,0.0,,,,1,,,ReturnsNotAccepted,,,,,,,,,,,,,,Yes,No,,,,
Revise,BBA-000100-00022-51179,261328,0,2024 Topps JON GRAY #16 All Star GAME Rangers,,,4000,No,,,,,,,,,,,,,Excellent,,,,,,,,,,,,,,,,,,,,,,,,,,FixedPriceItem,GTC,2.99,,1,,,ImmediatePayRequired,,United States,,Flat,USPSFirstClass,1,0.0,,,,1,,,ReturnsNotAccepted,,,,,,,,,,,,,,Yes,No,,,,
Revise,BBA-000100-00013-53637,261328,0,2024 Topps GRIFFIN CANNING #69 All Star GAME Angels,,,4000,No,,,,,,,,,,,,,Excellent,,,,,,,,,,,,,,,,,,,,,,,,,,FixedPriceItem,GTC,3.49,,1,,,ImmediatePayRequired,,United States,,Flat,USPSFirstClass,1,0.0,,,,1,,,ReturnsNotAccepted,,,,,,,,,,,,,,Yes,No,,,,
Revise,BBA-000100-00021-43803,261328,0,2024 Topps JAZZ CHISHOLM JR. #223 All Star GAME Marlins Basketball,,,4000,No,,,,,,,,,,,,,Excellent,,,,,,,,,,,,,,,,,,,,,,,,,,FixedPriceItem,GTC,3.49,,1,,,ImmediatePayRequired,,United States,,Flat,USPSFirstClass,1,0.0,,,,1,,,ReturnsNotAccepted,,,,,,,,,,,,,,Yes,No,,,,
Revise,BBA-000100-00004-52278,261328,0,2024 Topps MICHAEL KOPECH #109 All Star GAME White Sox,,,4000,No,,,,,,,,,,,,,Excellent,,,,,,,,,,,,,,,,,,,,,,,,,,FixedPriceItem,GTC,3.49,,1,,,ImmediatePayRequired,,United States,,Flat,USPSFirstClass,1,0.0,,,,1,,,ReturnsNotAccepted,,,,,,,,,,,,,,Yes,No,,,,
Revise,BBA-000100-00028-74849,261328,0,2024 Topps SEATTLE MARINERS #241 All Star GAME,,,4000,No,,,,,,,,,,,,,Excellent,,,,,,,,,,,,,,,,,,,,,,,,,,FixedPriceItem,GTC,3.49,,1,,,ImmediatePayRequired,,United States,,Flat,USPSFirstClass,1,0.0,,,,1,,,ReturnsNotAccepted,,,,,,,,,,,,,,Yes,No,,,,
Revise,BBA-000100-00009-96736,261328,0,2024 Topps NICK FORTES #81 All Star GAME Marlins,,,4000,No,,,,,,,,,,,,,Excellent,,,,,,,,,,,,,,,,,,,,,,,,,,FixedPriceItem,GTC,3.49,,1,,,ImmediatePayRequired,,United States,,Flat,USPSFirstClass,1,0.0,,,,1,,,ReturnsNotAccepted,,,,,,,,,,,,,,Yes,No,,,,
Revise,BBA-000100-00005-06616,261328,0,2024 Topps EMMET SHEEHAN #283 All Star GAME RC Dodgers Rookie,,,4000,No,,,,,,,,,,,,,Excellent,,,,,,,,,,,,,,,,,,,,,,,,,,FixedPriceItem,GTC,3.49,,1,,,ImmediatePayRequired,,United States,,Flat,USPSFirstClass,1,0.0,,,,1,,,ReturnsNotAccepted,,,,,,,,,,,,,,Yes,No,,,,
Revise,BBA-000100-00001-74749,261328,0,2024 Topps CHRISTIAN ENCARNACION-STRAND #219 All Star GAME RC Reds Rookie,,,4000,No,,,,,,,,,,,,,Excellent,,,,,,,,,,,,,,,,,,,,,,,,,,FixedPriceItem,GTC,3.49,,1,,,ImmediatePayRequired,,United States,,Flat,USPSFirstClass,1,0.0,,,,1,,,ReturnsNotAccepted,,,,,,,,,,,,,,Yes,No,,,,
Revise,BBA-000100-00035-56823,261328,0,2024 Topps DANE DUNNING #348 All Star GAME Rangers,,,4000,No,,,,,,,,,,,,,Excellent,,,,,,,,,,,,,,,,,,,,,,,,,,FixedPriceItem,GTC,3.49,,1,,,ImmediatePayRequired,,United States,,Flat,USPSFirstClass,1,0.0,,,,1,,,ReturnsNotAccepted,,,,,,,,,,,,,,Yes,No,,,,
Revise,BBA-000100-00011-18932,261328,0,2024 Topps ABNER URIBE #310 All Star GAME RC Brewers Rookie,,,4000,No,,,,,,,,,,,,,Excellent,,,,,,,,,,,,,,,,,,,,,,,,,,FixedPriceItem,GTC,3.49,,1,,,ImmediatePayRequired,,United States,,Flat,USPSFirstClass,1,0.0,,,,1,,,ReturnsNotAccepted,,,,,,,,,,,,,,Yes,No,,,,
Revise,BBA-000100-00008-43968,261328,0,2024 Topps SPENCER STRIDER #11 All Star GAME Braves,,,4000,No,,,,,,,,,,,,,Excellent,,,,,,,,,,,,,,,,,,,,,,,,,,FixedPriceItem,GTC,3.49,,1,,,ImmediatePayRequired,,United States,,Flat,USPSFirstClass,1,0.0,,,,1,,,ReturnsNotAccepted,,,,,,,,,,,,,,Yes,No,,,,
Revise,BBA-000100-00003-49137,261328,0,2024 Topps JJ BLEDAY #147 All Star GAME Athletics,,,4000,No,,,,,,,,,,,,,Excellent,,,,,,,,,,,,,,,,,,,,,,,,,,FixedPriceItem,GTC,3.49,,1,,,ImmediatePayRequired,,United States,,Flat,USPSFirstClass,1,0.0,,,,1,,,ReturnsNotAccepted,,,,,,,,,,,,,,Yes,No,,,,
Revise,BBA-000100-00014-80555,261328,0,2024 Topps JOSH LOWE #253 All Star GAME Rays,,,4000,No,,,,,,,,,,,,,Excellent,,,,,,,,,,,,,,,,,,,,,,,,,,FixedPriceItem,GTC,2.99,,1,,,ImmediatePayRequired,,United States,,Flat,USPSFirstClass,1,0.0,,,,1,,,ReturnsNotAccepted,,,,,,,,,,,,,,Yes,No,,,,
Revise,BBA-000100-00032-84852,261328,0,2024 Topps PHILADELPHIA PHILLIES #126 All Star GAME,,,4000,No,,,,,,,,,,,,,Excellent,,,,,,,,,,,,,,,,,,,,,,,,,,FixedPriceItem,GTC,3.49,,1,,,ImmediatePayRequired,,United States,,Flat,USPSFirstClass,1,0.0,,,,1,,,ReturnsNotAccepted,,,,,,,,,,,,,,Yes,No,,,,
Revise,BBA-000100-00020-18400,261328,0,2024 Topps CHRISTIAN WALKER #63 All Star GAME Diamondbacks,,,4000,No,,,,,,,,,,,,,Excellent,,,,,,,,,,,,,,,,,,,,,,,,,,FixedPriceItem,GTC,3.49,,1,,,ImmediatePayRequired,,United States,,Flat,USPSFirstClass,1,0.0,,,,1,,,ReturnsNotAccepted,,,,,,,,,,,,,,Yes,No,,,,
Revise,BBA-000100-00010-71634,261328,0,2024 Topps JORDAN ROMANO #101 All Star GAME Blue Jays,,,4000,No,,,,,,,,,,,,,Excellent,,,,,,,,,,,,,,,,,,,,,,,,,,FixedPriceItem,GTC,3.49,,1,,,ImmediatePayRequired,,United States,,Flat,USPSFirstClass,1,0.0,,,,1,,,ReturnsNotAccepted,,,,,,,,,,,,,,Yes,No,,,,
Revise,BBA-000100-00029-41404,261328,0,2024 Topps CONNOR WONG #104 All Star GAME Red Sox,,,4000,No,,,,,,,,,,,,,Excellent,,,,,,,,,,,,,,,,,,,,,,,,,,FixedPriceItem,GTC,3.49,,1,,,ImmediatePayRequired,,United States,,Flat,USPSFirstClass,1,0.0,,,,1,,,ReturnsNotAccepted,,,,,,,,,,,,,,Yes,No,,,,
Revise,BBA-000100-00006-81975,261328,0,2021 Panini Contenders Draft PICKS JAVONTE WILLIAMS #22 SCHOOL COLORS RC Rookie,,,4000,No,,,,,,,,,,,,,Excellent,,,,,,,,,,,,,,,,,,,,,,,,,,FixedPriceItem,GTC,3.99,,1,,,ImmediatePayRequired,,United States,,Flat,USPSFirstClass,1,0.0,,,,1,,,ReturnsNotAccepted,,,,,,,,,,,,,,Yes,No,,,,
Revise,BBA-000100-00007-22598,261328,0,2021 Panini Select ZACH ERTZ #228 Red and Blue Prizm DIE CUT CLUB Cardinals,,,4000,No,,,,,,,,,,,,,Excellent,,,,,,,,,,,,,,,,,,,,,,,,,,FixedPriceItem,GTC,3.49,,1,,,ImmediatePayRequired,,United States,,Flat,USPSFirstClass,1,0.0,,,,1,,,ReturnsNotAccepted,,,,,,,,,,,,,,Yes,No,,,,
Revise,BBA-000100-00016-05271,261328,0,2022 Panini Prizm BERNIE KOSAR #74 Green Browns Football,,,4000,No,,,,,,,,,,,,,Excellent,,,,,,,,,,,,,,,,,,,,,,,,,,FixedPriceItem,GTC,3.99,,1,,,ImmediatePayRequired,,United States,,Flat,USPSFirstClass,1,0.0,,,,1,,,ReturnsNotAccepted,,,,,,,,,,,,,,Yes,No,,,,
Revise,BBA-000100-00015-74683,261328,0,2023 Panini Donruss SHAQ THOMPSON #45 PRESS PROOF Green Panthers,,,4000,No,,,,,,,,,,,,,Excellent,,,,,,,,,,,,,,,,,,,,,,,,,,FixedPriceItem,GTC,3.49,,1,,,ImmediatePayRequired,,United States,,Flat,USPSFirstClass,1,0.0,,,,1,,,ReturnsNotAccepted,,,,,,,,,,,,,,Yes,No,,,,
Revise,BBA-000100-00021-06602,261328,0,2023 Panini MOSAIC CLINTON PORTIS #249 Mosaic REDSKINS,,,4000,No,,,,,,,,,,,,,Excellent,,,,,,,,,,,,,,,,,,,,,,,,,,FixedPriceItem,GTC,3.49,,1,,,ImmediatePayRequired,,United States,,Flat,USPSFirstClass,1,0.0,,,,1,,,ReturnsNotAccepted,,,,,,,,,,,,,,Yes,No,,,,
Revise,BBA-000100-00024-17747,261328,0,2020 Panini Prizm Draft PICKS JAVON KINLAW #161 PRIZMS Red RC GAMECOCKS Rookie,,,4000,No,,,,,,,,,,,,,Excellent,,,,,,,,,,,,,,,,,,,,,,,,,,FixedPriceItem,GTC,3.99,,1,,,ImmediatePayRequired,,United States,,Flat,USPSFirstClass,1,0.0,,,,1,,,ReturnsNotAccepted,,,,,,,,,,,,,,Yes,No,,,,
Revise,BBA-000100-00014-14112,261328,0,2020 Panini PLAYBOOK NICK BOSA #96 49ers Football,,,4000,No,,,,,,,,,,,,,Excellent,,,,,,,,,,,,,,,,,,,,,,,,,,FixedPriceItem,GTC,2.99,,1,,,ImmediatePayRequired,,United States,,Flat,USPSFirstClass,1,0.0,,,,1,,,ReturnsNotAccepted,,,,,,,,,,,,,,Yes,No,,,,
Revise,BBA-000100-00019-76258,261328,0,2023 Panini Prizm CORDARRELLE PATTERSON #12 Pink Falcons Football,,,4000,No,,,,,,,,,,,,,Excellent,,,,,,,,,,,,,,,,,,,,,,,,,,FixedPriceItem,GTC,3.49,,1,,,ImmediatePayRequired,,United States,,Flat,USPSFirstClass,1,0.0,,,,1,,,ReturnsNotAccepted,,,,,,,,,,,,,,Yes,No,,,,
Revise,BBA-000100-00017-28485,261328,0,2021 Panini MOSAIC JEREMY CHINN #38 Prizm REACTIVE Orange Panthers,,,4000,No,,,,,,,,,,,,,Excellent,,,,,,,,,,,,,,,,,,,,,,,,,,FixedPriceItem,GTC,3.49,,1,,,ImmediatePayRequired,,United States,,Flat,USPSFirstClass,1,0.0,,,,1,,,ReturnsNotAccepted,,,,,,,,,,,,,,Yes,No,,,,
Revise,BBA-000100-00008-58375,261328,0,2023 Panini Prizm DORIAN WILLIAMS #309 Pink RC Bills Rookie Football,,,4000,No,,,,,,,,,,,,,Excellent,,,,,,,,,,,,,,,,,,,,,,,,,,FixedPriceItem,GTC,3.49,,1,,,ImmediatePayRequired,,United States,,Flat,USPSFirstClass,1,0.0,,,,1,,,ReturnsNotAccepted,,,,,,,,,,,,,,Yes,No,,,,
Revise,BBA-000100-00020-67366,261328,0,2024 Panini TOTALLY Certified COOPER KUPP #9 INTRIGUING PLAYERS Rams Football,,,4000,No,,,,,,,,,,,,,Excellent,,,,,,,,,,,,,,,,,,,,,,,,,,FixedPriceItem,GTC,3.49,,1,,,ImmediatePayRequired,,United States,,Flat,USPSFirstClass,1,0.0,,,,1,,,ReturnsNotAccepted,,,,,,,,,,,,,,Yes,No,,,,
Revise,BBA-000100-00009-82696,261328,0,2022 Panini ZENITH DAVID MONTGOMERY #41 Retail Bears Football,,,4000,No,,,,,,,,,,,,,Excellent,,,,,,,,,,,,,,,,,,,,,,,,,,FixedPriceItem,GTC,3.49,,1,,,ImmediatePayRequired,,United States,,Flat,USPSFirstClass,1,0.0,,,,1,,,ReturnsNotAccepted,,,,,,,,,,,,,,Yes,No,,,,
Revise,BBA-000100-00010-49652,261328,0,2014 Topps HARRY DOUGLAS #13 1000 YARD CLUB Falcons Football,,,4000,No,,,,,,,,,,,,,Excellent,,,,,,,,,,,,,,,,,,,,,,,,,,FixedPriceItem,GTC,3.49,,1,,,ImmediatePayRequired,,United States,,Flat,USPSFirstClass,1,0.0,,,,1,,,ReturnsNotAccepted,,,,,,,,,,,,,,Yes,No,,,,
Revise,BBA-000100-00033-90215,261328,0,2024 Panini Prizm ED MCCAFFREY #90 Silver Broncos Football,,,4000,No,,,,,,,,,,,,,Excellent,,,,,,,,,,,,,,,,,,,,,,,,,,FixedPriceItem,GTC,3.49,,1,,,ImmediatePayRequired,,United States,,Flat,USPSFirstClass,1,0.0,,,,1,,,ReturnsNotAccepted,,,,,,,,,,,,,,Yes,No,,,,
Revise,BBA-000100-00004-78466,261328,0,2022 Panini Donruss ELITE JALEN TOLBERT #158 Pink RC Cowboys Rookie Football,,,4000,No,,,,,,,,,,,,,Excellent,,,,,,,,,,,,,,,,,,,,,,,,,,FixedPriceItem,GTC,3.49,,1,,,ImmediatePayRequired,,United States,,Flat,USPSFirstClass,1,0.0,,,,1,,,ReturnsNotAccepted,,,,,,,,,,,,,,Yes,No,,,,
Revise,BBA-000100-00026-20150,261328,0,2023 Panini Prizm ZAY JONES #141 Green Jaguars Football,,,4000,No,,,,,,,,,,,,,Excellent,,,,,,,,,,,,,,,,,,,,,,,,,,FixedPriceItem,GTC,3.49,,1,,,ImmediatePayRequired,,United States,,Flat,USPSFirstClass,1,0.0,,,,1,,,ReturnsNotAccepted,,,,,,,,,,,,,,Yes,No,,,,
Revise,BBA-000100-00030-56533,261328,0,2022 Panini MOSAIC FRED TAYLOR #93 Mosaic CAMO Pink Jaguars Football,,,4000,No,,,,,,,,,,,,,Excellent,,,,,,,,,,,,,,,,,,,,,,,,,,FixedPriceItem,GTC,3.49,,1,,,ImmediatePayRequired,,United States,,Flat,USPSFirstClass,1,0.0,,,,1,,,ReturnsNotAccepted,,,,,,,,,,,,,,Yes,No,,,,
Revise,BBA-000100-00001-55061,261328,0,2022 Panini Chronicles DESMOND RIDDER #PA-4 RC Falcons Rookie Football,,,4000,No,,,,,,,,,,,,,Excellent,,,,,,,,,,,,,,,,,,,,,,,,,,FixedPriceItem,GTC,3.49,,1,,,ImmediatePayRequired,,United States,,Flat,USPSFirstClass,1,0.0,,,,1,,,ReturnsNotAccepted,,,,,,,,,,,,,,Yes,No,,,,
Revise,BBA-000100-00041-21370,261328,0,2021 Panini Contenders FLETCHER COX #81 SEASON TICKET Eagles Football,,,4000,No,,,,,,,,,,,,,Excellent,,,,,,,,,,,,,,,,,,,,,,,,,,FixedPriceItem,GTC,3.49,,1,,,ImmediatePayRequired,,United States,,Flat,USPSFirstClass,1,0.0,,,,1,,,ReturnsNotAccepted,,,,,,,,,,,,,,Yes,No,,,,
Revise,BBA-000100-00005-77214,261328,0,2024 Panini Select KIMANI VIDAL #15 CONCOURSE Silver Prizm DIE-CUT RC Chargers,,,4000,No,,,,,,,,,,,,,Excellent,,,,,,,,,,,,,,,,,,,,,,,,,,FixedPriceItem,GTC,3.49,,1,,,ImmediatePayRequired,,United States,,Flat,USPSFirstClass,1,0.0,,,,1,,,ReturnsNotAccepted,,,,,,,,,,,,,,Yes,No,,,,
Revise,BBA-000100-00037-90862,261328,0,2023 Panini MOSAIC JOE GREENE #210 Mosaic Steelers Football,,,4000,No,,,,,,,,,,,,,Excellent,,,,,,,,,,,,,,,,,,,,,,,,,,FixedPriceItem,GTC,3.49,,1,,,ImmediatePayRequired,,United States,,Flat,USPSFirstClass,1,0.0,,,,1,,,ReturnsNotAccepted,,,,,,,,,,,,,,Yes,No,,,,
Revise,BBA-000100-00013-60152,261328,0,1999 PACIFIC AURORA MIKE ALSTOTT #137 Buccaneers Football,,,4000,No,,,,,,,,,,,,,Excellent,,,,,,,,,,,,,,,,,,,,,,,,,,FixedPriceItem,GTC,4.49,,1,,,ImmediatePayRequired,,United States,,Flat,USPSFirstClass,1,0.0,,,,1,,,ReturnsNotAccepted,,,,,,,,,,,,,,Yes,No,,,,
Revise,BBA-000100-00027-23352,261328,0,2022 Panini Select BOBBY WAGNER #7 Black and Green Prizm DIE CUT CONCOURSE Rams,,,4000,No,,,,,,,,,,,,,Excellent,,,,,,,,,,,,,,,,,,,,,,,,,,FixedPriceItem,GTC,3.49,,1,,,ImmediatePayRequired,,United States,,Flat,USPSFirstClass,1,0.0,,,,1,,,ReturnsNotAccepted,,,,,,,,,,,,,,Yes,No,,,,
Revise,BBA-000100-00031-25591,261328,0,2021 Panini Chronicles ASANTE SAMUEL JR. #GK-38 GRIDIRON Kings RC Chargers,,,4000,No,,,,,,,,,,,,,Excellent,,,,,,,,,,,,,,,,,,,,,,,,,,FixedPriceItem,GTC,3.49,,1,,,ImmediatePayRequired,,United States,,Flat,USPSFirstClass,1,0.0,,,,1,,,ReturnsNotAccepted,,,,,,,,,,,,,,Yes,No,,,,
Revise,BBA-000100-00003-78582,261328,0,1999 PACIFIC AURORA DEDRIC WARD #103 Jets Football,,,4000,No,,,,,,,,,,,,,Excellent,,,,,,,,,,,,,,,,,,,,,,,,,,FixedPriceItem,GTC,3.49,,1,,,ImmediatePayRequired,,United States,,Flat,USPSFirstClass,1,0.0,,,,1,,,ReturnsNotAccepted,,,,,,,,,,,,,,Yes,No,,,,
Revise,BBA-000100-00039-04821,261328,0,2024 Panini Donruss Optic RASHEE RICE #97 Chiefs Football,,,4000,No,,,,,,,,,,,,,Excellent,,,,,,,,,,,,,,,,,,,,,,,,,,FixedPriceItem,GTC,3.49,,1,,,ImmediatePayRequired,,United States,,Flat,USPSFirstClass,1,0.0,,,,1,,,ReturnsNotAccepted,,,,,,,,,,,,,,Yes,No,,,,
Revise,BBA-000100-00038-37670,261328,0,2023 Panini MOSAIC QUINNEN WILLIAMS #77 CAMO Pink Mosaic Jets Football,,,4000,No,,,,,,,,,,,,,Excellent,,,,,,,,,,,,,,,,,,,,,,,,,,FixedPriceItem,GTC,3.49,,1,,,ImmediatePayRequired,,United States,,Flat,USPSFirstClass,1,0.0,,,,1,,,ReturnsNotAccepted,,,,,,,,,,,,,,Yes,No,,,,
Revise,BBA-000100-00022-87411,261328,0,2023 Panini MOSAIC FLETCHER COX #197 CAMO Pink Mosaic Eagles Football,,,4000,No,,,,,,,,,,,,,Excellent,,,,,,,,,,,,,,,,,,,,,,,,,,FixedPriceItem,GTC,3.49,,1,,,ImmediatePayRequired,,United States,,Flat,USPSFirstClass,1,0.0,,,,1,,,ReturnsNotAccepted,,,,,,,,,,,,,,Yes,No,,,,
Revise,BBA-000100-00036-96742,261328,0,2023 Panini Prizm TONY POLLARD #H-11 HYPE Cowboys Football,,,4000,No,,,,,,,,,,,,,Excellent,,,,,,,,,,,,,,,,,,,,,,,,,,FixedPriceItem,GTC,3.49,,1,,,ImmediatePayRequired,,United States,,Flat,USPSFirstClass,1,0.0,,,,1,,,ReturnsNotAccepted,,,,,,,,,,,,,,Yes,No,,,,
Revise,BBA-000100-00029-95653,261328,0,2023 Panini Donruss Optic DREW SANDERS #230 Purple SHOCK Prizm RC Rated Rookie,,,4000,No,,,,,,,,,,,,,Excellent,,,,,,,,,,,,,,,,,,,,,,,,,,FixedPriceItem,GTC,3.49,,1,,,ImmediatePayRequired,,United States,,Flat,USPSFirstClass,1,0.0,,,,1,,,ReturnsNotAccepted,,,,,,,,,,,,,,Yes,No,,,,
Revise,BBA-000100-00034-32255,261328,0,2024 Panini Prizm ZACH CHARBONNET #264 Pink Wave Seahawks Basketball,,,4000,No,,,,,,,,,,,,,Excellent,,,,,,,,,,,,,,,,,,,,,,,,,,FixedPriceItem,GTC,3.49,,1,,,ImmediatePayRequired,,United States,,Flat,USPSFirstClass,1,0.0,,,,1,,,ReturnsNotAccepted,,,,,,,,,,,,,,Yes,No,,,,
Revise,BBA-000100-00012-58323,261328,0,1999 PACIFIC AURORA DARNAY SCOTT #34 Bengals Football,,,4000,No,,,,,,,,,,,,,Excellent,,,,,,,,,,,,,,,,,,,,,,,,,,FixedPriceItem,GTC,3.49,,1,,,ImmediatePayRequired,,United States,,Flat,USPSFirstClass,1,0.0,,,,1,,,ReturnsNotAccepted,,,,,,,,,,,,,,Yes,No,,,,
Revise,BBA-000100-00023-76507,261328,0,2023 Panini Prizm BOBBY OKEREKE #124 Green Wave Giants Football,,,4000,No,,,,,,,,,,,,,Excellent,,,,,,,,,,,,,,,,,,,,,,,,,,FixedPriceItem,GTC,3.49,,1,,,ImmediatePayRequired,,United States,,Flat,USPSFirstClass,1,0.0,,,,1,,,ReturnsNotAccepted,,,,,,,,,,,,,,Yes,No,,,,
Revise,BBA-000100-00018-00630,261328,0,1995 SKYBOX IMPACT JOEY GALLOWAY #176 RC Seahawks Rookie Basketball,,,4000,No,,,,,,,,,,,,,Excellent,,,,,,,,,,,,,,,,,,,,,,,,,,FixedPriceItem,GTC,3.49,,1,,,ImmediatePayRequired,,United States,,Flat,USPSFirstClass,1,0.0,,,,1,,,ReturnsNotAccepted,,,,,,,,,,,,,,Yes,No,,,,
Revise,BBA-000100-00028-11305,261328,0,2024 Panini Select AJ BARNER #103 PREMIER Silver Prizm RC Seahawks Rookie,,,4000,No,,,,,,,,,,,,,Excellent,,,,,,,,,,,,,,,,,,,,,,,,,,FixedPriceItem,GTC,3.49,,1,,,ImmediatePayRequired,,United States,,Flat,USPSFirstClass,1,0.0,,,,1,,,ReturnsNotAccepted,,,,,,,,,,,,,,Yes,No,,,,
Revise,BBA-000100-00040-83784,261328,0,2021 Panini Contenders KHALIL MACK #16 SEASON TICKET Bears Football,,,4000,No,,,,,,,,,,,,,Excellent,,,,,,,,,,,,,,,,,,,,,,,,,,FixedPriceItem,GTC,3.49,,1,,,ImmediatePayRequired,,United States,,Flat,USPSFirstClass,1,0.0,,,,1,,,ReturnsNotAccepted,,,,,,,,,,,,,,Yes,No,,,,
Revise,BBA-000100-00035-06271,261328,0,2019 Panini Donruss ELITE SAMMY WATKINS #15 Green Chiefs Football,,,4000,No,,,,,,,,,,,,,Excellent,,,,,,,,,,,,,,,,,,,,,,,,,,FixedPriceItem,GTC,3.99,,1,,,ImmediatePayRequired,,United States,,Flat,USPSFirstClass,1,0.0,,,,1,,,ReturnsNotAccepted,,,,,,,,,,,,,,Yes,No,,,,
Revise,BBA-000100-00032-61345,261328,0,2021 Panini Chronicles KENNETH GAINWELL #REV-13 Revolution RAPTURE Eagles,,,4000,No,,,,,,,,,,,,,Excellent,,,,,,,,,,,,,,,,,,,,,,,,,,FixedPriceItem,GTC,3.49,,1,,,ImmediatePayRequired,,United States,,Flat,USPSFirstClass,1,0.0,,,,1,,,ReturnsNotAccepted,,,,,,,,,,,,,,Yes,No,,,,
Revise,Baseball_ASG_batch_3-00027-066513,261328,0,2024 Topps AL LEADERS ERA GERRIT COLE SONNY GRAY KYLE BRADISH #324 All Star GAME,,,4000,No,,,,,,,,,,,,,Excellent,,,,,,,,,,,,,,,,,,,,,,,,,,FixedPriceItem,GTC,2.99,,1,,,ImmediatePayRequired,,United States,,Flat,USPSFirstClass,1,0.0,,,,1,,,ReturnsNotAccepted,,,,,,,,,,,,,,Yes,No,,,,
Revise,Baseball_ASG_batch_3-00031-061722,261328,0,2024 Topps NL LEADERS RUNS BATTED In OLSON/ALONSO/ALBIES #293 All Star GAME,,,4000,No,,,,,,,,,,,,,Excellent,,,,,,,,,,,,,,,,,,,,,,,,,,FixedPriceItem,GTC,2.99,,1,,,ImmediatePayRequired,,United States,,Flat,USPSFirstClass,1,0.0,,,,1,,,ReturnsNotAccepted,,,,,,,,,,,,,,Yes,No,,,,
Revise,BBA-000100-00003-67631,261328,0,2025 BOWMAN'S BEST KRISTIAN CAMPBELL #11 MINI-DIAMOND Refractor /299 RC Rookie,,,4000,No,,,,,,,,,,,,,Excellent,,,,,,,,,,,,,,,,,,,,,,,,,,FixedPriceItem,GTC,12.00,,1,,,ImmediatePayRequired,,United States,,Flat,USPSFirstClass,1,0.0,,,,1,,,ReturnsNotAccepted,,,,,,,,,,,,,,Yes,No,,,,
Revise,BBA-000100-00002-27285,261328,0,2025 Panini Prizm Draft PICKS EMEKA EGBUKA #85 Gold CRACKED Ice RC BUCKEYES,,,4000,No,,,,,,,,,,,,,Excellent,,,,,,,,,,,,,,,,,,,,,,,,,,FixedPriceItem,GTC,3.99,,1,,,ImmediatePayRequired,,United States,,Flat,USPSFirstClass,1,0.0,,,,1,,,ReturnsNotAccepted,,,,,,,,,,,,,,Yes,No,,,,
Revise,BBA-000100-00001-12596,261328,0,2025 Panini Prizm Draft PICKS WILL HOWARD #83 Gold CRACKED Ice RC BUCKEYES,,,4000,No,,,,,,,,,,,,,Excellent,,,,,,,,,,,,,,,,,,,,,,,,,,FixedPriceItem,GTC,2.99,,1,,,ImmediatePayRequired,,United States,,Flat,USPSFirstClass,1,0.0,,,,1,,,ReturnsNotAccepted,,,,,,,,,,,,,,Yes,No,,,,
Revise,BBA-000100-00004-67614,261328,0,2025 BOWMAN'S BEST KRISTIAN CAMPBELL #11 Refractor RC Red Sox Rookie,,,4000,No,,,,,,,,,,,,,Excellent,,,,,,,,,,,,,,,,,,,,,,,,,,FixedPriceItem,GTC,3.49,,2,,,ImmediatePayRequired,,United States,,Flat,USPSFirstClass,1,0.0,,,,1,,,ReturnsNotAccepted,,,,,,,,,,,,,,Yes,No,,,,
Revise,Pookie-000002,261328,0,2025 Bowman Chrome Sapphire BO BICHETTE #56 Blue Jays Basketball,,,4000,No,,,,,,,,,,,,,Excellent,,,,,,,,,,,,,,,,,,,,,,,,,,FixedPriceItem,GTC,5.49,,1,,,ImmediatePayRequired,,United States,,Flat,USPSFirstClass,1,0.0,,,,1,,,ReturnsNotAccepted,,,,,,,,,,,,,,Yes,No,,,,
Revise,Martinez_whatnot_baseball_03-23-26-00006-040410,261328,0,2025 Bowman Chrome Mega BOX ROKI SASAKI #12 MOJO Refractor RC Dodgers Rookie,,,4000,No,,,,,,,,,,,,,Excellent,,,,,,,,,,,,,,,,,,,,,,,,,,FixedPriceItem,GTC,4.99,,1,,,ImmediatePayRequired,,United States,,Flat,USPSFirstClass,1,0.0,,,,1,,,ReturnsNotAccepted,,,,,,,,,,,,,,Yes,No,,,,
Revise,BBB-000212-ukky3,261328,0,2024 Topps INCEPTION NICK LOFTIN #29 Green KANSAS CITY Royals,,,4000,No,,,,,,,,,,,,,Excellent,,,,,,,,,,,,,,,,,,,,,,,,,,FixedPriceItem,GTC,2.99,,1,,,ImmediatePayRequired,,United States,,Flat,USPSFirstClass,1,0.0,,,,1,,,ReturnsNotAccepted,,,,,,,,,,,,,,Yes,No,,,,
Revise,BBB-000215-ukky8,261328,0,2025 Topps AL LEADERS (SKUBAL/BERRÍOS /LUGO) #151,,,4000,No,,,,,,,,,,,,,Excellent,,,,,,,,,,,,,,,,,,,,,,,,,,FixedPriceItem,GTC,0.99,,1,,,ImmediatePayRequired,,United States,,Flat,USPSFirstClass,1,0.0,,,,1,,,ReturnsNotAccepted,,,,,,,,,,,,,,Yes,No,,,,
Revise,BBB-000218-ukkyb,261328,0,2025 Bowman Chrome JAMES WOOD #29b WASHINGTON Nationals,,,4000,No,,,,,,,,,,,,,Excellent,,,,,,,,,,,,,,,,,,,,,,,,,,FixedPriceItem,GTC,4.99,,1,,,ImmediatePayRequired,,United States,,Flat,USPSFirstClass,1,0.0,,,,1,,,ReturnsNotAccepted,,,,,,,,,,,,,,Yes,No,,,,
Revise,BBB-000219-ukkyc,261328,0,2025 Bowman Chrome AYDEN JOHNSON #BCP-197 Prospects MINI-DIAMOND Athletics,,,4000,No,,,,,,,,,,,,,Excellent,,,,,,,,,,,,,,,,,,,,,,,,,,FixedPriceItem,GTC,3.49,,1,,,ImmediatePayRequired,,United States,,Flat,USPSFirstClass,1,0.0,,,,1,,,ReturnsNotAccepted,,,,,,,,,,,,,,Yes,No,,,,
Revise,BBB-000220-ukkye,261328,0,2025 Bowman Chrome ETHAN SALAS #BCP-169 Prospects Shimmer SAN DIEGO Padres,,,4000,No,,,,,,,,,,,,,Excellent,,,,,,,,,,,,,,,,,,,,,,,,,,FixedPriceItem,GTC,3.99,,1,,,ImmediatePayRequired,,United States,,Flat,USPSFirstClass,1,0.0,,,,1,,,ReturnsNotAccepted,,,,,,,,,,,,,,Yes,No,,,,
Revise,BBB-000221-ukkyf,261328,0,2025 Bowman DAWEL JOSEPH #BCP-8 Chrome Prospects REPTILIAN Refractor Mariners,,,4000,No,,,,,,,,,,,,,Excellent,,,,,,,,,,,,,,,,,,,,,,,,,,FixedPriceItem,GTC,2.99,,1,,,ImmediatePayRequired,,United States,,Flat,USPSFirstClass,1,0.0,,,,1,,,ReturnsNotAccepted,,,,,,,,,,,,,,Yes,No,,,,
Revise,BBB-000223-ukkyj,261328,0,2025 Bowman VLADIMIR GUERRERO JR. #27 Chrome BASE SET Mega Refractor Blue Jays,,,4000,No,,,,,,,,,,,,,Excellent,,,,,,,,,,,,,,,,,,,,,,,,,,FixedPriceItem,GTC,2.49,,1,,,ImmediatePayRequired,,United States,,Flat,USPSFirstClass,1,0.0,,,,1,,,ReturnsNotAccepted,,,,,,,,,,,,,,Yes,No,,,,
Revise,BBB-000224-ukkyl,261328,0,2025 Topps JARREN DURAN #ATT-8 2024 All Topps TEAM BOSTON Red Sox,,,4000,No,,,,,,,,,,,,,Excellent,,,,,,,,,,,,,,,,,,,,,,,,,,FixedPriceItem,GTC,2.99,,1,,,ImmediatePayRequired,,United States,,Flat,USPSFirstClass,1,0.0,,,,1,,,ReturnsNotAccepted,,,,,,,,,,,,,,Yes,No,,,,
Revise,BBB-000222-ukkyh,261328,0,2025 Bowman JACKSON JOBE #50 Bowman Chrome Red Rookie LOGO DETROIT Tigers RC,,,4000,No,,,,,,,,,,,,,Excellent,,,,,,,,,,,,,,,,,,,,,,,,,,FixedPriceItem,GTC,3.99,,1,,,ImmediatePayRequired,,United States,,Flat,USPSFirstClass,1,0.0,,,,1,,,ReturnsNotAccepted,,,,,,,,,,,,,,Yes,No,,,,
Revise,BBB-000226-ukkyn,261328,0,2025 Topps PRO DEBUT JERAL PEREZ #PDC-24 Chrome Blue Refractor BALLERS #/150,,,4000,No,,,,,,,,,,,,,Excellent,,,,,,,,,,,,,,,,,,,,,,,,,,FixedPriceItem,GTC,1.99,,1,,,ImmediatePayRequired,,United States,,Flat,USPSFirstClass,1,0.0,,,,1,,,ReturnsNotAccepted,,,,,,,,,,,,,,Yes,No,,,,
Revise,BBB-000228-ukkyr,261328,0,2025 Bowman Chrome BO BICHETTE #56 Green GEOMETRIC TORONTO Blue Jays #/99,,,4000,No,,,,,,,,,,,,,Excellent,,,,,,,,,,,,,,,,,,,,,,,,,,FixedPriceItem,GTC,5.99,,1,,,ImmediatePayRequired,,United States,,Flat,USPSFirstClass,1,0.0,,,,1,,,ReturnsNotAccepted,,,,,,,,,,,,,,Yes,No,,,,
Revise,BBB-000229-ukkyt,261328,0,2025 Bowman Chrome JHOAN DE LA CRUZ #BCP-223 Prospects SPECKLE Padres #/299,,,4000,No,,,,,,,,,,,,,Excellent,,,,,,,,,,,,,,,,,,,,,,,,,,FixedPriceItem,GTC,3.99,,1,,,ImmediatePayRequired,,United States,,Flat,USPSFirstClass,1,0.0,,,,1,,,ReturnsNotAccepted,,,,,,,,,,,,,,Yes,No,,,,
Revise,BBB-000233-ukkyy,261328,0,2025 Topps Chrome Update KYLE TUCKER #ASGC-16 2025 ALL-STAR GAME CHICAGO Cubs,,,4000,No,,,,,,,,,,,,,Excellent,,,,,,,,,,,,,,,,,,,,,,,,,,FixedPriceItem,GTC,2.49,,1,,,ImmediatePayRequired,,United States,,Flat,USPSFirstClass,1,0.0,,,,1,,,ReturnsNotAccepted,,,,,,,,,,,,,,Yes,No,,,,
Revise,BBB-000232-ukkyx,261328,0,2025 Topps Chrome Update MATT SHAW #PP-26 POWER PLAYERS CHICAGO Cubs,,,4000,No,,,,,,,,,,,,,Excellent,,,,,,,,,,,,,,,,,,,,,,,,,,FixedPriceItem,GTC,3.49,,1,,,ImmediatePayRequired,,United States,,Flat,USPSFirstClass,1,0.0,,,,1,,,ReturnsNotAccepted,,,,,,,,,,,,,,Yes,No,,,,
Revise,BBB-000235-ukkz1,261328,0,2025 Bowman Chrome SANTIAGO LEON #BCP-247 Prospects MINNESOTA Twins,,,4000,No,,,,,,,,,,,,,Excellent,,,,,,,,,,,,,,,,,,,,,,,,,,FixedPriceItem,GTC,2.49,,1,,,ImmediatePayRequired,,United States,,Flat,USPSFirstClass,1,0.0,,,,1,,,ReturnsNotAccepted,,,,,,,,,,,,,,Yes,No,,,,
Revise,BBB-000234-ukkyz,261328,0,2025 Bowman SPENCER SCHWELLENBACH #78 Bowman Chrome Red Rookie LOGO Braves RC,,,4000,No,,,,,,,,,,,,,Excellent,,,,,,,,,,,,,,,,,,,,,,,,,,FixedPriceItem,GTC,11.99,,1,,,ImmediatePayRequired,,United States,,Flat,USPSFirstClass,1,0.0,,,,1,,,ReturnsNotAccepted,,,,,,,,,,,,,,Yes,No,,,,
Revise,BBB-000236-ukkz2,261328,0,2025 Bowman Chrome TEILON SERRANO #BCP-188 Prospects MINNESOTA Twins,,,4000,No,,,,,,,,,,,,,Excellent,,,,,,,,,,,,,,,,,,,,,,,,,,FixedPriceItem,GTC,2.99,,1,,,ImmediatePayRequired,,United States,,Flat,USPSFirstClass,1,0.0,,,,1,,,ReturnsNotAccepted,,,,,,,,,,,,,,Yes,No,,,,
Revise,BBB-000239-ukkz7,261328,0,2025 Topps PRO DEBUT KYLE TEEL #PD-185 Purple Foil CHARLOTTE KNIGHTS #/299,,,4000,No,,,,,,,,,,,,,Excellent,,,,,,,,,,,,,,,,,,,,,,,,,,FixedPriceItem,GTC,2.50,,1,,,ImmediatePayRequired,,United States,,Flat,USPSFirstClass,1,0.0,,,,1,,,ReturnsNotAccepted,,,,,,,,,,,,,,Yes,No,,,,
Revise,BBB-000240-ukkz8,261328,0,2025 Bowman Chrome JACKSON HOLLIDAY #16 Aqua GEOMETRIC BALTIMORE Orioles #/125,,,4000,No,,,,,,,,,,,,,Excellent,,,,,,,,,,,,,,,,,,,,,,,,,,FixedPriceItem,GTC,10.59,,1,,,ImmediatePayRequired,,United States,,Flat,USPSFirstClass,1,0.0,,,,1,,,ReturnsNotAccepted,,,,,,,,,,,,,,Yes,No,,,,
Revise,BBB-000242-ukkzb,261328,0,2024 Topps PRO DEBUT KRISTIAN CAMPBELL #PD-7 GREENVILLE DRIVE,,,4000,No,,,,,,,,,,,,,Excellent,,,,,,,,,,,,,,,,,,,,,,,,,,FixedPriceItem,GTC,1.49,,1,,,ImmediatePayRequired,,United States,,Flat,USPSFirstClass,1,0.0,,,,1,,,ReturnsNotAccepted,,,,,,,,,,,,,,Yes,No,,,,
Revise,BBB-000241-ukkz9,261328,0,2024 Bowman MAX CLARK #PP-12 Prospect POWER-UP DETROIT Tigers,,,4000,No,,,,,,,,,,,,,Excellent,,,,,,,,,,,,,,,,,,,,,,,,,,FixedPriceItem,GTC,4.00,,1,,,ImmediatePayRequired,,United States,,Flat,USPSFirstClass,1,0.0,,,,1,,,ReturnsNotAccepted,,,,,,,,,,,,,,Yes,No,,,,
Revise,BBB-000243-ukkzc,261328,0,2025 Bowman Chrome #1 JACOB WILSON Red Rookie LOGO Refractor RC,,,4000,No,,,,,,,,,,,,,Excellent,,,,,,,,,,,,,,,,,,,,,,,,,,FixedPriceItem,GTC,3.99,,1,,,ImmediatePayRequired,,United States,,Flat,USPSFirstClass,1,0.0,,,,1,,,ReturnsNotAccepted,,,,,,,,,,,,,,Yes,No,,,,
Revise,BBB-000244-ukkze,261328,0,2025 Bowman Chrome JAKOB CHRISTIAN #BCP-157 Prospects GEOMETRIC Giants #/499,,,4000,No,,,,,,,,,,,,,Excellent,,,,,,,,,,,,,,,,,,,,,,,,,,FixedPriceItem,GTC,2.99,,1,,,ImmediatePayRequired,,United States,,Flat,USPSFirstClass,1,0.0,,,,1,,,ReturnsNotAccepted,,,,,,,,,,,,,,Yes,No,,,,
Revise,BBB-000245-ukkzf,261328,0,2025 Bowman Chrome #61b LUKE KEASCHALL Red Rookie MINNESOTA Twins RC,,,4000,No,,,,,,,,,,,,,Excellent,,,,,,,,,,,,,,,,,,,,,,,,,,FixedPriceItem,GTC,2.99,,1,,,ImmediatePayRequired,,United States,,Flat,USPSFirstClass,1,0.0,,,,1,,,ReturnsNotAccepted,,,,,,,,,,,,,,Yes,No,,,,
Revise,BBB-000246-ukkzh,261328,0,2025 Bowman Chrome JAKE MANGUM #50b TAMPA BAY Rays,,,4000,No,,,,,,,,,,,,,Excellent,,,,,,,,,,,,,,,,,,,,,,,,,,FixedPriceItem,GTC,2.99,,1,,,ImmediatePayRequired,,United States,,Flat,USPSFirstClass,1,0.0,,,,1,,,ReturnsNotAccepted,,,,,,,,,,,,,,Yes,No,,,,
Revise,BBB-000247-ukkzi,261328,0,2025 Bowman Chrome KUMAR ROCKER #98b TEXAS Rangers,,,4000,No,,,,,,,,,,,,,Excellent,,,,,,,,,,,,,,,,,,,,,,,,,,FixedPriceItem,GTC,2.49,,1,,,ImmediatePayRequired,,United States,,Flat,USPSFirstClass,1,0.0,,,,1,,,ReturnsNotAccepted,,,,,,,,,,,,,,Yes,No,,,,
Revise,BBB-000248-ukkzj,261328,0,2025 Bowman Chrome CADE HORTON #10b CHICAGO Cubs Basketball,,,4000,No,,,,,,,,,,,,,Excellent,,,,,,,,,,,,,,,,,,,,,,,,,,FixedPriceItem,GTC,2.99,,1,,,ImmediatePayRequired,,United States,,Flat,USPSFirstClass,1,0.0,,,,1,,,ReturnsNotAccepted,,,,,,,,,,,,,,Yes,No,,,,
Revise,BBB-000249-ukkzl,261328,0,2025 Bowman Chrome MATT SHAW #46 CHICAGO Cubs,,,4000,No,,,,,,,,,,,,,Excellent,,,,,,,,,,,,,,,,,,,,,,,,,,FixedPriceItem,GTC,2.99,,1,,,ImmediatePayRequired,,United States,,Flat,USPSFirstClass,1,0.0,,,,1,,,ReturnsNotAccepted,,,,,,,,,,,,,,Yes,No,,,,
Revise,BBB-000250-ukkzn,261328,0,2025 Bowman Chrome JUAN TOMAS #BCP-230 Prospects CHICAGO Cubs,,,4000,No,,,,,,,,,,,,,Excellent,,,,,,,,,,,,,,,,,,,,,,,,,,FixedPriceItem,GTC,2.49,,1,,,ImmediatePayRequired,,United States,,Flat,USPSFirstClass,1,0.0,,,,1,,,ReturnsNotAccepted,,,,,,,,,,,,,,Yes,No,,,,
Revise,BBB-000251-ukkzo,261328,0,2025 Bowman JESUS TILLERO #BP-117 Prospects LOS ANGELES Dodgers,,,4000,No,,,,,,,,,,,,,Excellent,,,,,,,,,,,,,,,,,,,,,,,,,,FixedPriceItem,GTC,1.99,,1,,,ImmediatePayRequired,,United States,,Flat,USPSFirstClass,1,0.0,,,,1,,,ReturnsNotAccepted,,,,,,,,,,,,,,Yes,No,,,,
Revise,BBB-000253-ukkzr,261328,0,2025 Bowman LUISANGEL ACUÑA #83 NEW YORK Mets,,,4000,No,,,,,,,,,,,,,Excellent,,,,,,,,,,,,,,,,,,,,,,,,,,FixedPriceItem,GTC,1.02,,1,,,ImmediatePayRequired,,United States,,Flat,USPSFirstClass,1,0.0,,,,1,,,ReturnsNotAccepted,,,,,,,,,,,,,,Yes,No,,,,
Revise,BBB-000254-ukkzt,261328,0,2025 Bowman THOMAS SAGGESE #57 Bowman Chrome Red Rookie LOGO ST. LOUIS Cardinals,,,4000,No,,,,,,,,,,,,,Excellent,,,,,,,,,,,,,,,,,,,,,,,,,,FixedPriceItem,GTC,2.99,,1,,,ImmediatePayRequired,,United States,,Flat,USPSFirstClass,1,0.0,,,,1,,,ReturnsNotAccepted,,,,,,,,,,,,,,Yes,No,,,,
Revise,BBB-000257-ukkzy,261328,0,2024 FINEST JASSON DOMÍNGUEZ #FRD-1 FINEST Rookies DESIGN VARIATIONS Yankees RC,,,4000,No,,,,,,,,,,,,,Excellent,,,,,,,,,,,,,,,,,,,,,,,,,,FixedPriceItem,GTC,1.50,,1,,,ImmediatePayRequired,,United States,,Flat,USPSFirstClass,1,0.0,,,,1,,,ReturnsNotAccepted,,,,,,,,,,,,,,Yes,No,,,,
Revise,BBB-000260-ukl04,261328,0,2025 Topps PRO DEBUT CALEB DURBIN #PD-160 NASHVILLE SOUNDS #/125,,,4000,No,,,,,,,,,,,,,Excellent,,,,,,,,,,,,,,,,,,,,,,,,,,FixedPriceItem,GTC,2.99,,1,,,ImmediatePayRequired,,United States,,Flat,USPSFirstClass,1,0.0,,,,1,,,ReturnsNotAccepted,,,,,,,,,,,,,,Yes,No,,,,
Revise,BBB-000263-ukl0f,261328,0,2025 Topps PRO DEBUT ARJUN NIMMALA #PDC-30,,,4000,No,,,,,,,,,,,,,Excellent,,,,,,,,,,,,,,,,,,,,,,,,,,FixedPriceItem,GTC,2.38,,1,,,ImmediatePayRequired,,United States,,Flat,USPSFirstClass,1,0.0,,,,1,,,ReturnsNotAccepted,,,,,,,,,,,,,,Yes,No,,,,
Revise,BBB-000258-ukkzz,261328,0,2025 FINEST NICK KURTZ #10 Athletics,,,4000,No,,,,,,,,,,,,,Excellent,,,,,,,,,,,,,,,,,,,,,,,,,,FixedPriceItem,GTC,4.49,,1,,,ImmediatePayRequired,,United States,,Flat,USPSFirstClass,1,0.0,,,,1,,,ReturnsNotAccepted,,,,,,,,,,,,,,Yes,No,,,,
Revise,BBB-000259-ukl01,261328,0,2025 Bowman ADAEL AMADOR #31 Bowman Chrome Red Rookie LOGO COLORADO Rockies RC,,,4000,No,,,,,,,,,,,,,Excellent,,,,,,,,,,,,,,,,,,,,,,,,,,FixedPriceItem,GTC,2.49,,1,,,ImmediatePayRequired,,United States,,Flat,USPSFirstClass,1,0.0,,,,1,,,ReturnsNotAccepted,,,,,,,,,,,,,,Yes,No,,,,
Revise,BBB-000214-ukky6,261328,0,2025 Bowman RIVER RYAN #69 Bowman Chrome Red Rookie LOGO LOS ANGELES Dodgers RC,,,4000,No,,,,,,,,,,,,,Excellent,,,,,,,,,,,,,,,,,,,,,,,,,,FixedPriceItem,GTC,5.99,,1,,,ImmediatePayRequired,,United States,,Flat,USPSFirstClass,1,0.0,,,,1,,,ReturnsNotAccepted,,,,,,,,,,,,,,Yes,No,,,,
Revise,BBB-000238-ukkz5,261328,0,2025 Topps Update CADE HORTON #US140 CHICAGO Cubs Basketball,,,4000,No,,,,,,,,,,,,,Excellent,,,,,,,,,,,,,,,,,,,,,,,,,,FixedPriceItem,GTC,3.99,,1,,,ImmediatePayRequired,,United States,,Flat,USPSFirstClass,1,0.0,,,,1,,,ReturnsNotAccepted,,,,,,,,,,,,,,Yes,No,,,,
Revise,BBB-000230-ukkyu,261328,0,2025 Bowman Chrome COREY SEAGER #45 GEOMETRIC TEXAS Rangers #/499,,,4000,No,,,,,,,,,,,,,Excellent,,,,,,,,,,,,,,,,,,,,,,,,,,FixedPriceItem,GTC,2.99,,1,,,ImmediatePayRequired,,United States,,Flat,USPSFirstClass,1,0.0,,,,1,,,ReturnsNotAccepted,,,,,,,,,,,,,,Yes,No,,,,
Revise,BBB-000216-ukky9,261328,0,2025 Topps Chrome National JESUS MADE #TP-15 Bowman Chrome Prospects Brewers,,,4000,No,,,,,,,,,,,,,Excellent,,,,,,,,,,,,,,,,,,,,,,,,,,FixedPriceItem,GTC,11.59,,1,,,ImmediatePayRequired,,United States,,Flat,USPSFirstClass,1,0.0,,,,1,,,ReturnsNotAccepted,,,,,,,,,,,,,,Yes,No,,,,
Revise,BBB-000217-ukkya,261328,0,2025 Topps Chrome National SPORTS COLLECTORS AARON JUDGE #MLB-25 Yankees,,,4000,No,,,,,,,,,,,,,Excellent,,,,,,,,,,,,,,,,,,,,,,,,,,FixedPriceItem,GTC,14.99,,1,,,ImmediatePayRequired,,United States,,Flat,USPSFirstClass,1,0.0,,,,1,,,ReturnsNotAccepted,,,,,,,,,,,,,,Yes,No,,,,
Revise,CDP-3E18AFB,261328,0,2024 Bowman - SHOHEI OHTANI #33 Dodgers ROY GRADED 10,,,3000,Yes,,,,,,,,10,,Other,,,,,,,,,,,,,,,,,,,,,,,,,,,,,FixedPriceItem,GTC,31.19,,2,,,ImmediatePayRequired,,United States,,Flat,USPSFirstClass,1,0.0,,,,1,,,ReturnsNotAccepted,,,,,,,,,,,,,,Yes,No,,,,
Revise,BBB-000283-unddy,261328,0,2024 Bowman Draft Sapphire EDITION JOSIAH ROMEO #BDC-184 OAKLAND Athletics,,,4000,No,,,,,,,,,,,,,Near mint or better,,,,,,,,,,,,,,,,,,,,,,,,,,FixedPriceItem,GTC,3.99,,1,,,ImmediatePayRequired,,United States,,Flat,USPSFirstClass,1,0.0,,,,1,,,ReturnsNotAccepted,,,,,,,,,,,,,,Yes,No,,,,
Revise,BBB-000282-unddt,261328,0,2024 Bowman Draft Chrome CHRIS CORTEZ Sapphire #BDC-77 1st Bowman RC Rookie,,,4000,No,,,,,,,,,,,,,Near mint or better,,,,,,,,,,,,,,,,,,,,,,,,,,FixedPriceItem,GTC,3.49,,1,,,ImmediatePayRequired,,United States,,Flat,USPSFirstClass,1,0.0,,,,1,,,ReturnsNotAccepted,,,,,,,,,,,,,,Yes,No,,,,
Revise,BBB-000276-unddi,261328,0,2025 Bowman Sapphire EDITION ZACK SHOWALTER #BCP-74 ST. LOUIS Cardinals Football,,,4000,No,,,,,,,,,,,,,Near mint or better,,,,,,,,,,,,,,,,,,,,,,,,,,FixedPriceItem,GTC,2.99,,1,,,ImmediatePayRequired,,United States,,Flat,USPSFirstClass,1,0.0,,,,1,,,ReturnsNotAccepted,,,,,,,,,,,,,,Yes,No,,,,
Revise,BBB-000280-unddp,261328,0,2024 Bowman Draft Sapphire EDITION RODNEY Green #BDC-187 OAKLAND Athletics,,,4000,No,,,,,,,,,,,,,Near mint or better,,,,,,,,,,,,,,,,,,,,,,,,,,FixedPriceItem,GTC,1.99,,1,,,ImmediatePayRequired,,United States,,Flat,USPSFirstClass,1,0.0,,,,1,,,ReturnsNotAccepted,,,,,,,,,,,,,,Yes,No,,,,
Revise,BBB-000275-unddg,261328,0,2025 Bowman Sapphire EDITION SAMMY HERNANDEZ #BCP-66 ST. LOUIS Cardinals,,,4000,No,,,,,,,,,,,,,Near mint or better,,,,,,,,,,,,,,,,,,,,,,,,,,FixedPriceItem,GTC,3.99,,1,,,ImmediatePayRequired,,United States,,Flat,USPSFirstClass,1,0.0,,,,1,,,ReturnsNotAccepted,,,,,,,,,,,,,,Yes,No,,,,
Revise,BBB-000267-undd1,261328,0,2025 Bowman Sapphire EDITION HAGEN SMITH #BCP-44 CHICAGO White Sox,,,4000,No,,,,,,,,,,,,,Near mint or better,,,,,,,,,,,,,,,,,,,,,,,,,,FixedPriceItem,GTC,4.99,,1,,,ImmediatePayRequired,,United States,,Flat,USPSFirstClass,1,0.0,,,,1,,,ReturnsNotAccepted,,,,,,,,,,,,,,Yes,No,,,,
Revise,BBB-000273-unddc,261328,0,2025 Bowman Sapphire EDITION SEAVER KING #BCP-93 WASHINGTON Nationals,,,4000,No,,,,,,,,,,,,,Near mint or better,,,,,,,,,,,,,,,,,,,,,,,,,,FixedPriceItem,GTC,5.49,,1,,,ImmediatePayRequired,,United States,,Flat,USPSFirstClass,1,0.0,,,,1,,,ReturnsNotAccepted,,,,,,,,,,,,,,Yes,No,,,,
Revise,BBB-000270-undd6,261328,0,2025 Bowman Sapphire EDITION LUCAS RAMIREZ #BCP-135 LOS ANGELES Angels,,,4000,No,,,,,,,,,,,,,Near mint or better,,,,,,,,,,,,,,,,,,,,,,,,,,FixedPriceItem,GTC,11.19,,1,,,ImmediatePayRequired,,United States,,Flat,USPSFirstClass,1,0.0,,,,1,,,ReturnsNotAccepted,,,,,,,,,,,,,,Yes,No,,,,
Revise,BBB-000269-undd4,261328,0,2025 Bowman Sapphire EDITION QUINN MATHEWS #BCP-25 ST. LOUIS Cardinals Football,,,4000,No,,,,,,,,,,,,,Near mint or better,,,,,,,,,,,,,,,,,,,,,,,,,,FixedPriceItem,GTC,5.99,,1,,,ImmediatePayRequired,,United States,,Flat,USPSFirstClass,1,0.0,,,,1,,,ReturnsNotAccepted,,,,,,,,,,,,,,Yes,No,,,,
Revise,BBB-000268-undd3,261328,0,2025 Bowman Sapphire EDITION JAVIER MOGOLLON #BCP-68 CHICAGO White Sox,,,4000,No,,,,,,,,,,,,,Near mint or better,,,,,,,,,,,,,,,,,,,,,,,,,,FixedPriceItem,GTC,2.99,,1,,,ImmediatePayRequired,,United States,,Flat,USPSFirstClass,1,0.0,,,,1,,,ReturnsNotAccepted,,,,,,,,,,,,,,Yes,No,,,,
Revise,BBB-000266-undcz,261328,0,2025 Bowman Sapphire EDITION CHEN-WEI LIN #BCP-141 ST. LOUIS Cardinals Football,,,4000,No,,,,,,,,,,,,,Near mint or better,,,,,,,,,,,,,,,,,,,,,,,,,,FixedPriceItem,GTC,5.49,,1,,,ImmediatePayRequired,,United States,,Flat,USPSFirstClass,1,0.0,,,,1,,,ReturnsNotAccepted,,,,,,,,,,,,,,Yes,No,,,,
Revise,BBB-000264-undcv,261328,0,2025 Bowman Sapphire EDITION TINK HENCE #BCP-101 ST. LOUIS Cardinals Football,,,4000,No,,,,,,,,,,,,,Near mint or better,,,,,,,,,,,,,,,,,,,,,,,,,,FixedPriceItem,GTC,2.99,,1,,,ImmediatePayRequired,,United States,,Flat,USPSFirstClass,1,0.0,,,,1,,,ReturnsNotAccepted,,,,,,,,,,,,,,Yes,No,,,,
Revise,BBA-000100-00006-23353,261328,0,2021 Topps JOHNNY BENCH #70LP-JB 70th ANNIVERSARY LOGO Patch Series 1 Reds,,,4000,No,,,,,,,,,,,,,Excellent,,,,,,,,,,,,,,,,,,,,,,,,,,FixedPriceItem,GTC,4.29,,1,,,ImmediatePayRequired,,United States,,Flat,USPSFirstClass,1,0.0,,,,1,,,ReturnsNotAccepted,,,,,,,,,,,,,,Yes,No,,,,
Revise,BBA-000100-00016-89776,261328,0,2025-26 Topps Chrome JEREMIAH FEARS #257 RC Pelicans Rookie Basketball,,,4000,No,,,,,,,,,,,,,Excellent,,,,,,,,,,,,,,,,,,,,,,,,,,FixedPriceItem,GTC,2.99,,1,,,ImmediatePayRequired,,United States,,Flat,USPSFirstClass,1,0.0,,,,1,,,ReturnsNotAccepted,,,,,,,,,,,,,,Yes,No,,,,
Revise,BBA-000100-00003-87874,261328,0,2025 Bowman Draft MATTHEW MIURA #BD-57 SKY Blue BORDER /499 1st Prospect,,,4000,No,,,,,,,,,,,,,Excellent,,,,,,,,,,,,,,,,,,,,,,,,,,FixedPriceItem,GTC,4.99,,1,,,ImmediatePayRequired,,United States,,Flat,USPSFirstClass,1,0.0,,,,1,,,ReturnsNotAccepted,,,,,,,,,,,,,,Yes,No,,,,
Revise,BBA-000100-00017-33342,261328,0,2025-26 Topps Chrome JEREMIAH FEARS #D-7 DESTINY RC Pelicans Rookie Basketball,,,4000,No,,,,,,,,,,,,,Excellent,,,,,,,,,,,,,,,,,,,,,,,,,,FixedPriceItem,GTC,2.99,,1,,,ImmediatePayRequired,,United States,,Flat,USPSFirstClass,1,0.0,,,,1,,,ReturnsNotAccepted,,,,,,,,,,,,,,Yes,No,,,,
Revise,BBA-000100-00010-19905,261328,0,2026 Topps NICK KURTZ #97 Athletics,,,4000,No,,,,,,,,,,,,,Excellent,,,,,,,,,,,,,,,,,,,,,,,,,,FixedPriceItem,GTC,4.49,,1,,,ImmediatePayRequired,,United States,,Flat,USPSFirstClass,1,0.0,,,,1,,,ReturnsNotAccepted,,,,,,,,,,,,,,Yes,No,,,,
Revise,BBA-000100-00005-84502,261328,0,2026 Topps PAUL SKENES #TOG-14 Titans Of The GAME Pirates Football,,,4000,No,,,,,,,,,,,,,Excellent,,,,,,,,,,,,,,,,,,,,,,,,,,FixedPriceItem,GTC,3.49,,1,,,ImmediatePayRequired,,United States,,Flat,USPSFirstClass,1,0.0,,,,1,,,ReturnsNotAccepted,,,,,,,,,,,,,,Yes,No,,,,
Revise,BBA-000100-00019-89864,261328,0,2024 Bowman Draft NICK KURTZ #BIA-3 In ACTION MINI DIAMOND Refractor /150 READ,,,4000,No,,,,,,,,,,,,,Excellent,,,,,,,,,,,,,,,,,,,,,,,,,,FixedPriceItem,GTC,31.19,,1,,,ImmediatePayRequired,,United States,,Flat,USPSFirstClass,1,0.0,,,,1,,,ReturnsNotAccepted,,,,,,,,,,,,,,Yes,No,,,,
Revise,BBB-000291-undee,261328,0,NOLAN SAILORS 2025 Bowman Draft #BDC-86 1st Chrome Sapphire Refractor,,,4000,No,,,,,,,,,,,,,Near mint or better,,,,,,,,,,,,,,,,,,,,,,,,,,FixedPriceItem,GTC,8.19,,1,,,ImmediatePayRequired,,United States,,Flat,USPSFirstClass,1,0.0,,,,1,,,ReturnsNotAccepted,,,,,,,,,,,,,,Yes,No,,,,
Revise,BBB-000296-undep,261328,0,2024 Bowman Draft Sapphire EDITION TANNER JONES #BDC-195 KANSAS CITY Royals,,,4000,No,,,,,,,,,,,,,Near mint or better,,,,,,,,,,,,,,,,,,,,,,,,,,FixedPriceItem,GTC,3.49,,1,,,ImmediatePayRequired,,United States,,Flat,USPSFirstClass,1,0.0,,,,1,,,ReturnsNotAccepted,,,,,,,,,,,,,,Yes,No,,,,
Revise,BBB-000293-undei,261328,0,2025 Bowman Draft #BDC-46 TREVOR COHEN Sapphire,,,4000,No,,,,,,,,,,,,,Near mint or better,,,,,,,,,,,,,,,,,,,,,,,,,,FixedPriceItem,GTC,2.51,,1,,,ImmediatePayRequired,,United States,,Flat,USPSFirstClass,1,0.0,,,,1,,,ReturnsNotAccepted,,,,,,,,,,,,,,Yes,No,,,,
Revise,BBB-000292-undeg,261328,0,2025 Bowman Draft TREVOR COHEN #BDC-46 Chrome SAN FRANCISCO Giants Football,,,4000,No,,,,,,,,,,,,,Near mint or better,,,,,,,,,,,,,,,,,,,,,,,,,,FixedPriceItem,GTC,4.99,,1,,,ImmediatePayRequired,,United States,,Flat,USPSFirstClass,1,0.0,,,,1,,,ReturnsNotAccepted,,,,,,,,,,,,,,Yes,No,,,,
Revise,BBB-000290-undec,261328,0,2024 Bowman Draft Sapphire EDITION CHRIS CORTEZ #BDC-77 LOS ANGELES Angels,,,4000,No,,,,,,,,,,,,,Near mint or better,,,,,,,,,,,,,,,,,,,,,,,,,,FixedPriceItem,GTC,3.49,,1,,,ImmediatePayRequired,,United States,,Flat,USPSFirstClass,1,0.0,,,,1,,,ReturnsNotAccepted,,,,,,,,,,,,,,Yes,No,,,,
Revise,BBB-000288-unde9,261328,0,2024 Bowman Draft Sapphire EDITION L.P. LANGEVIN #BDC-183 KANSAS CITY Royals,,,4000,No,,,,,,,,,,,,,Near mint or better,,,,,,,,,,,,,,,,,,,,,,,,,,FixedPriceItem,GTC,3.49,,1,,,ImmediatePayRequired,,United States,,Flat,USPSFirstClass,1,0.0,,,,1,,,ReturnsNotAccepted,,,,,,,,,,,,,,Yes,No,,,,
Revise,BBB-000295a-undem,261328,0,2025 Bowman Draft #BDC-66 MASON MORRIS sapphire Reds,,,4000,No,,,,,,,,,,,,,Near mint or better,,,,,,,,,,,,,,,,,,,,,,,,,,FixedPriceItem,GTC,2.00,,1,,,ImmediatePayRequired,,United States,,Flat,USPSFirstClass,1,0.0,,,,1,,,ReturnsNotAccepted,,,,,,,,,,,,,,Yes,No,,,,
Revise,BBA-000100-00011-11439,261328,0,2025 Panini Prizm Draft PICKS EMEKA EGBUKA #85 Gold Ice RC BUCKEYES Rookie,,,4000,No,,,,,,,,,,,,,Excellent,,,,,,,,,,,,,,,,,,,,,,,,,,FixedPriceItem,GTC,4.99,,1,,,ImmediatePayRequired,,United States,,Flat,USPSFirstClass,1,0.0,,,,1,,,ReturnsNotAccepted,,,,,,,,,,,,,,Yes,No,,,,
Revise,BBA-000100-00009-52597,261328,0,2025-26 Topps Chrome JEREMIAH FEARS #YQ-7 YOUTHQUAKE RC Pelicans Rookie,,,4000,No,,,,,,,,,,,,,Excellent,,,,,,,,,,,,,,,,,,,,,,,,,,FixedPriceItem,GTC,2.99,,1,,,ImmediatePayRequired,,United States,,Flat,USPSFirstClass,1,0.0,,,,1,,,ReturnsNotAccepted,,,,,,,,,,,,,,Yes,No,,,,
Revise,BBA-000100-00004-11727,261328,0,2026 Topps JOSE SORIANO #319 SANDGLITTER Angels,,,4000,No,,,,,,,,,,,,,Excellent,,,,,,,,,,,,,,,,,,,,,,,,,,FixedPriceItem,GTC,3.49,,1,,,ImmediatePayRequired,,United States,,Flat,USPSFirstClass,1,0.0,,,,1,,,ReturnsNotAccepted,,,,,,,,,,,,,,Yes,No,,,,
Revise,BBA-000100-00007-96828,261328,0,2026 Topps ELLY DE LA CRUZ #150 Reds,,,4000,No,,,,,,,,,,,,,Excellent,,,,,,,,,,,,,,,,,,,,,,,,,,FixedPriceItem,GTC,2.99,,1,,,ImmediatePayRequired,,United States,,Flat,USPSFirstClass,1,0.0,,,,1,,,ReturnsNotAccepted,,,,,,,,,,,,,,Yes,No,,,,
Revise,BBA-000100-00010-84681,261328,0,2025 Panini Prizm Draft PICKS WILL HOWARD #83 Gold Ice RC BUCKEYES Rookie,,,4000,No,,,,,,,,,,,,,Excellent,,,,,,,,,,,,,,,,,,,,,,,,,,FixedPriceItem,GTC,4.49,,1,,,ImmediatePayRequired,,United States,,Flat,USPSFirstClass,1,0.0,,,,1,,,ReturnsNotAccepted,,,,,,,,,,,,,,Yes,No,,,,
Revise,BBA-000100-00006-42991,261328,0,2025-26 Topps FINEST CAM THOMAS #25 COMMON Nets Basketball,,,4000,No,,,,,,,,,,,,,Excellent,,,,,,,,,,,,,,,,,,,,,,,,,,FixedPriceItem,GTC,2.99,,1,,,ImmediatePayRequired,,United States,,Flat,USPSFirstClass,1,0.0,,,,1,,,ReturnsNotAccepted,,,,,,,,,,,,,,Yes,No,,,,
Revise,BBA-000100-00005-90190,261328,0,2026 Topps MACKENZIE GORE #14 RAINBOW Foil Nationals,,,4000,No,,,,,,,,,,,,,Excellent,,,,,,,,,,,,,,,,,,,,,,,,,,FixedPriceItem,GTC,3.49,,1,,,ImmediatePayRequired,,United States,,Flat,USPSFirstClass,1,0.0,,,,1,,,ReturnsNotAccepted,,,,,,,,,,,,,,Yes,No,,,,
Revise,BBA-000100-00014-04902,261328,0,2025 Bowman Draft GEORGE LOMBARD JR. #PP-3 Chrome PRIZED Prospect MOJO Refractor,,,4000,No,,,,,,,,,,,,,Excellent,,,,,,,,,,,,,,,,,,,,,,,,,,FixedPriceItem,GTC,3.99,,1,,,ImmediatePayRequired,,United States,,Flat,USPSFirstClass,1,0.0,,,,1,,,ReturnsNotAccepted,,,,,,,,,,,,,,Yes,No,,,,
Revise,MISC-0001-00004-08468,261328,0,2025 Topps Chrome Update RYAN JEFFERS #AC-RJ Auto Purple SPECKLE Refractor /299,,,4000,No,,,,,,,,,,,,,Excellent,,,,,,,,,,,,,,,,,,,,,,,,,,FixedPriceItem,GTC,9.99,,1,,,ImmediatePayRequired,,United States,,Flat,USPSFirstClass,1,0.0,,,,1,,,ReturnsNotAccepted,,,,,,,,,,,,,,Yes,No,,,,
Revise,MISC-0001-00013-46366,261328,0,2025 Bowman Draft SEAN YOUNGERMAN #BDC-104 Chrome Yellow REPTILIAN Refractor /75,,,4000,No,,,,,,,,,,,,,Excellent,,,,,,,,,,,,,,,,,,,,,,,,,,FixedPriceItem,GTC,26.29,,1,,,ImmediatePayRequired,,United States,,Flat,USPSFirstClass,1,0.0,,,,1,,,ReturnsNotAccepted,,,,,,,,,,,,,,Yes,No,,,,
Revise,MISC-0001-00015-36622,261328,0,2025 Topps COSMIC Chrome DYLAN CREWS #SN-11 STELLA NOVA RC Nationals Rookie,,,4000,No,,,,,,,,,,,,,Excellent,,,,,,,,,,,,,,,,,,,,,,,,,,FixedPriceItem,GTC,9.19,,1,,,ImmediatePayRequired,,United States,,Flat,USPSFirstClass,1,0.0,,,,1,,,ReturnsNotAccepted,,,,,,,,,,,,,,Yes,No,,,,
Revise,MISC-0001-00014-94747,261328,0,"2025 Topps Update NICK KURTZ #US201 RAINBOW Foil Athletics ROY, RC Rookie",,,4000,No,,,,,,,,,,,,,Excellent,,,,,,,,,,,,,,,,,,,,,,,,,,FixedPriceItem,GTC,12.09,,1,,,ImmediatePayRequired,,United States,,Flat,USPSFirstClass,1,0.0,,,,1,,,ReturnsNotAccepted,,,,,,,,,,,,,,Yes,No,,,,
Revise,EBAYRE-0001-00002-36357,261328,0,2025 Bowman JJ WETHERHOLT #GL-17 GREATNESS LOADING Chrome Cardinals Football,,,4000,No,,,,,,,,,,,,,Excellent,,,,,,,,,,,,,,,,,,,,,,,,,,FixedPriceItem,GTC,3.99,,1,,,ImmediatePayRequired,,United States,,Flat,USPSFirstClass,1,0.0,,,,1,,,ReturnsNotAccepted,,,,,,,,,,,,,,Yes,No,,,,
Revise,EBAYRE-0001-00043-56245,261328,0,2025 Topps STADIUM CLUB JACOB WILSON #33 RC Athletics Rookie,,,4000,No,,,,,,,,,,,,,Excellent,,,,,,,,,,,,,,,,,,,,,,,,,,FixedPriceItem,GTC,2.99,,1,,,ImmediatePayRequired,,United States,,Flat,USPSFirstClass,1,0.0,,,,1,,,ReturnsNotAccepted,,,,,,,,,,,,,,Yes,No,,,,
Revise,EBAYRE-0001-00020-86313,261328,0,2025 Bowman Draft ANDREW SALAS #BDC-34 Chrome Purple GEOMETRIC Refractor /250,,,4000,No,,,,,,,,,,,,,Excellent,,,,,,,,,,,,,,,,,,,,,,,,,,FixedPriceItem,GTC,4.79,,1,,,ImmediatePayRequired,,United States,,Flat,USPSFirstClass,1,0.0,,,,1,,,ReturnsNotAccepted,,,,,,,,,,,,,,Yes,No,,,,
Revise,EBAYRE-0001-00041-74105,261328,0,2025 Topps STADIUM CLUB JAMES WOOD #ICE-11 In CASE Of EMERGENCY RC Nationals,,,4000,No,,,,,,,,,,,,,Excellent,,,,,,,,,,,,,,,,,,,,,,,,,,FixedPriceItem,GTC,2.99,,1,,,ImmediatePayRequired,,United States,,Flat,USPSFirstClass,1,0.0,,,,1,,,ReturnsNotAccepted,,,,,,,,,,,,,,Yes,No,,,,
Revise,EBAYRE-0001-00038-55107,261328,0,2025 Topps STADIUM CLUB JACKSON HOLLIDAY #YK-12 YOURS For The TAKING Orioles,,,4000,No,,,,,,,,,,,,,Excellent,,,,,,,,,,,,,,,,,,,,,,,,,,FixedPriceItem,GTC,2.99,,1,,,ImmediatePayRequired,,United States,,Flat,USPSFirstClass,1,0.0,,,,1,,,ReturnsNotAccepted,,,,,,,,,,,,,,Yes,No,,,,
Revise,EBAYRE-0001-00050-80085,261328,0,2025 Topps STADIUM CLUB ELLY DE LA CRUZ #YK-20 YOURS For The TAKING Reds,,,4000,No,,,,,,,,,,,,,Excellent,,,,,,,,,,,,,,,,,,,,,,,,,,FixedPriceItem,GTC,2.99,,1,,,ImmediatePayRequired,,United States,,Flat,USPSFirstClass,1,0.0,,,,1,,,ReturnsNotAccepted,,,,,,,,,,,,,,Yes,No,,,,
Revise,EBAYRE-0001-00028-90832,261328,0,2025 BOWMAN'S BEST MASYN WINN #44 Wave Refractor Cardinals Football,,,4000,No,,,,,,,,,,,,,Excellent,,,,,,,,,,,,,,,,,,,,,,,,,,FixedPriceItem,GTC,2.99,,1,,,ImmediatePayRequired,,United States,,Flat,USPSFirstClass,1,0.0,,,,1,,,ReturnsNotAccepted,,,,,,,,,,,,,,Yes,No,,,,
Revise,EBAYRE-0001-00023-20888,261328,0,2025 Bowman Draft GRIFFIN HUGUS #CPA-GH Chrome Auto 1st Prospect Mariners,,,4000,No,,,,,,,,,,,,,Excellent,,,,,,,,,,,,,,,,,,,,,,,,,,FixedPriceItem,GTC,9.99,,1,,,ImmediatePayRequired,,United States,,Flat,USPSFirstClass,1,0.0,,,,1,,,ReturnsNotAccepted,,,,,,,,,,,,,,Yes,No,,,,
Revise,EBAYRE-0001-00032-20104,261328,0,2025 BOWMAN'S BEST CAL RALEIGH #P-11 PIXEL PORTRAITS Mariners,,,4000,No,,,,,,,,,,,,,Excellent,,,,,,,,,,,,,,,,,,,,,,,,,,FixedPriceItem,GTC,4.99,,1,,,ImmediatePayRequired,,United States,,Flat,USPSFirstClass,1,0.0,,,,1,,,ReturnsNotAccepted,,,,,,,,,,,,,,Yes,No,,,,
Revise,EBAYRE-0001-00035-23120,261328,0,2025 Topps STADIUM CLUB CAL RALEIGH #SS-18 SAVAGE SLUGGERS Mariners,,,4000,No,,,,,,,,,,,,,Excellent,,,,,,,,,,,,,,,,,,,,,,,,,,FixedPriceItem,GTC,2.99,,1,,,ImmediatePayRequired,,United States,,Flat,USPSFirstClass,1,0.0,,,,1,,,ReturnsNotAccepted,,,,,,,,,,,,,,Yes,No,,,,
Revise,EBAYRE-0001-00033-30171,261328,0,2025 Topps STADIUM CLUB JUAN SOTO #YK-24 YOURS For The TAKING Mets,,,4000,No,,,,,,,,,,,,,Excellent,,,,,,,,,,,,,,,,,,,,,,,,,,FixedPriceItem,GTC,2.99,,1,,,ImmediatePayRequired,,United States,,Flat,USPSFirstClass,1,0.0,,,,1,,,ReturnsNotAccepted,,,,,,,,,,,,,,Yes,No,,,,
Revise,EBAYRE-0001-00036-79937,261328,0,2025 Topps STADIUM CLUB DEREK JETER #ICE-7 In CASE Of EMERGENCY Yankees,,,4000,No,,,,,,,,,,,,,Excellent,,,,,,,,,,,,,,,,,,,,,,,,,,FixedPriceItem,GTC,2.99,,1,,,ImmediatePayRequired,,United States,,Flat,USPSFirstClass,1,0.0,,,,1,,,ReturnsNotAccepted,,,,,,,,,,,,,,Yes,No,,,,
Revise,EBAYRE-0001-00018-77395,261328,0,2025 Bowman Draft Sapphire MAX BELYEU #BDC-5 Chrome 1st Prospect Rockies,,,4000,No,,,,,,,,,,,,,Excellent,,,,,,,,,,,,,,,,,,,,,,,,,,FixedPriceItem,GTC,8.19,,1,,,ImmediatePayRequired,,United States,,Flat,USPSFirstClass,1,0.0,,,,1,,,ReturnsNotAccepted,,,,,,,,,,,,,,Yes,No,,,,
Revise,EBAYRE-0001-00008-50285,261328,0,2025 Bowman Draft DANTE NORI #BD-33 Green BORDER 25/99 Phillies,,,4000,No,,,,,,,,,,,,,Excellent,,,,,,,,,,,,,,,,,,,,,,,,,,FixedPriceItem,GTC,9.19,,1,,,ImmediatePayRequired,,United States,,Flat,USPSFirstClass,1,0.0,,,,1,,,ReturnsNotAccepted,,,,,,,,,,,,,,Yes,No,,,,
Revise,EBAYRE-0001-00025-81338,261328,0,2025 Bowman Chrome JESUS MADE #IT-14 IT CAME to the LEAGUE Brewers,,,4000,No,,,,,,,,,,,,,Excellent,,,,,,,,,,,,,,,,,,,,,,,,,,FixedPriceItem,GTC,4.49,,1,,,ImmediatePayRequired,,United States,,Flat,USPSFirstClass,1,0.0,,,,1,,,ReturnsNotAccepted,,,,,,,,,,,,,,Yes,No,,,,
Revise,EBAYRE-0001-00046-87484,261328,0,2025 Topps STADIUM CLUB JACKSON CHOURIO #YK-13 YOURS For The TAKING Brewers,,,4000,No,,,,,,,,,,,,,Excellent,,,,,,,,,,,,,,,,,,,,,,,,,,FixedPriceItem,GTC,2.99,,1,,,ImmediatePayRequired,,United States,,Flat,USPSFirstClass,1,0.0,,,,1,,,ReturnsNotAccepted,,,,,,,,,,,,,,Yes,No,,,,
Revise,EBAYRE-0001-00001-28471,261328,0,2025 Bowman Draft TANNER FRANKLIN #BDC-90 Chrome Refractor 1st Prospect,,,4000,No,,,,,,,,,,,,,Excellent,,,,,,,,,,,,,,,,,,,,,,,,,,FixedPriceItem,GTC,2.99,,1,,,ImmediatePayRequired,,United States,,Flat,USPSFirstClass,1,0.0,,,,1,,,ReturnsNotAccepted,,,,,,,,,,,,,,Yes,No,,,,
Revise,EBAYRE-0001-00048-93077,261328,0,2025 Bowman Draft JAMIE ARNOLD #PP-11 Chrome PRIZED Prospects Athletics,,,4000,No,,,,,,,,,,,,,Excellent,,,,,,,,,,,,,,,,,,,,,,,,,,FixedPriceItem,GTC,2.99,,1,,,ImmediatePayRequired,,United States,,Flat,USPSFirstClass,1,0.0,,,,1,,,ReturnsNotAccepted,,,,,,,,,,,,,,Yes,No,,,,
Revise,EBAYRE-0001-00040-55885,261328,0,2025 Topps STADIUM CLUB KRISTIAN CAMPBELL #ICE-23 In CASE Of EMERGENCY RC Rookie,,,4000,No,,,,,,,,,,,,,Excellent,,,,,,,,,,,,,,,,,,,,,,,,,,FixedPriceItem,GTC,2.99,,1,,,ImmediatePayRequired,,United States,,Flat,USPSFirstClass,1,0.0,,,,1,,,ReturnsNotAccepted,,,,,,,,,,,,,,Yes,No,,,,
Revise,EBAYRE-0001-00034-08333,261328,0,2025 Topps STADIUM CLUB ELLY DE LA CRUZ #16 Reds,,,4000,No,,,,,,,,,,,,,Excellent,,,,,,,,,,,,,,,,,,,,,,,,,,FixedPriceItem,GTC,2.99,,1,,,ImmediatePayRequired,,United States,,Flat,USPSFirstClass,1,0.0,,,,1,,,ReturnsNotAccepted,,,,,,,,,,,,,,Yes,No,,,,
Revise,EBAYRE-0001-00042-34556,261328,0,2025 Topps STADIUM CLUB YORDAN ALVAREZ #SS-25 SAVAGE SLUGGERS Astros,,,4000,No,,,,,,,,,,,,,Excellent,,,,,,,,,,,,,,,,,,,,,,,,,,FixedPriceItem,GTC,2.99,,1,,,ImmediatePayRequired,,United States,,Flat,USPSFirstClass,1,0.0,,,,1,,,ReturnsNotAccepted,,,,,,,,,,,,,,Yes,No,,,,
Revise,EBAYRE-0001-00037-49177,261328,0,2025 Topps STADIUM CLUB FERNANDO TATIS JR. #YK-25 YOURS For The TAKING Padres,,,4000,No,,,,,,,,,,,,,Excellent,,,,,,,,,,,,,,,,,,,,,,,,,,FixedPriceItem,GTC,2.99,,1,,,ImmediatePayRequired,,United States,,Flat,USPSFirstClass,1,0.0,,,,1,,,ReturnsNotAccepted,,,,,,,,,,,,,,Yes,No,,,,
Revise,EBAYRE-0001-00045-98087,261328,0,2025 Topps STADIUM CLUB WADE BOGGS #ICE-17 In CASE Of EMERGENCY Red Sox,,,4000,No,,,,,,,,,,,,,Excellent,,,,,,,,,,,,,,,,,,,,,,,,,,FixedPriceItem,GTC,2.99,,1,,,ImmediatePayRequired,,United States,,Flat,USPSFirstClass,1,0.0,,,,1,,,ReturnsNotAccepted,,,,,,,,,,,,,,Yes,No,,,,
Revise,EBAYRE-0001-00004-28260,261328,0,2025 Bowman Draft ANDREW SALAS #BIA-28 In ACTION Marlins,,,4000,No,,,,,,,,,,,,,Excellent,,,,,,,,,,,,,,,,,,,,,,,,,,FixedPriceItem,GTC,3.49,,1,,,ImmediatePayRequired,,United States,,Flat,USPSFirstClass,1,0.0,,,,1,,,ReturnsNotAccepted,,,,,,,,,,,,,,Yes,No,,,,
Revise,EBAYRE-0001-00029-55264,261328,0,2025 BOWMAN'S BEST JJ WETHERHOLT #TP-14 Top Prospects Cardinals Football,,,4000,No,,,,,,,,,,,,,Excellent,,,,,,,,,,,,,,,,,,,,,,,,,,FixedPriceItem,GTC,5.49,,1,,,ImmediatePayRequired,,United States,,Flat,USPSFirstClass,1,0.0,,,,1,,,ReturnsNotAccepted,,,,,,,,,,,,,,Yes,No,,,,
Revise,EBAYRE-0001-00015-96498,261328,0,2025 Bowman Chrome Sapphire CRISTOPHER ACOSTA #BCP-176 Yellow Refractor /75 USA,,,4000,No,,,,,,,,,,,,,Excellent,,,,,,,,,,,,,,,,,,,,,,,,,,FixedPriceItem,GTC,15.99,,1,,,ImmediatePayRequired,,United States,,Flat,USPSFirstClass,1,0.0,,,,1,,,ReturnsNotAccepted,,,,,,,,,,,,,,Yes,No,,,,
Revise,EBAYRE-0001-00019-57993,261328,0,2025 Bowman Draft MAX WILLIAMS #BDC-68 Chrome Purple GEOMETRIC Refractor /250,,,4000,No,,,,,,,,,,,,,Excellent,,,,,,,,,,,,,,,,,,,,,,,,,,FixedPriceItem,GTC,7.19,,1,,,ImmediatePayRequired,,United States,,Flat,USPSFirstClass,1,0.0,,,,1,,,ReturnsNotAccepted,,,,,,,,,,,,,,Yes,No,,,,
Revise,EBAYRE-0001-00027-99967,261328,0,2025 Bowman Draft JJ WETHERHOLT #PP-18 Chrome PRIZED Prospects Cardinals,,,4000,No,,,,,,,,,,,,,Excellent,,,,,,,,,,,,,,,,,,,,,,,,,,FixedPriceItem,GTC,3.99,,1,,,ImmediatePayRequired,,United States,,Flat,USPSFirstClass,1,0.0,,,,1,,,ReturnsNotAccepted,,,,,,,,,,,,,,Yes,No,,,,
Revise,EBAYRE-0001-00014-92773,261328,0,2025 Bowman Chrome JOSE ANDERSON #BCP-193 Green Refractor /99 1st Prospect,,,4000,No,,,,,,,,,,,,,Excellent,,,,,,,,,,,,,,,,,,,,,,,,,,FixedPriceItem,GTC,9.69,,1,,,ImmediatePayRequired,,United States,,Flat,USPSFirstClass,1,0.0,,,,1,,,ReturnsNotAccepted,,,,,,,,,,,,,,Yes,No,,,,
Revise,EBAYRE-0001-00049-76082,261328,0,2025 Topps STADIUM CLUB REGGIE JACKSON #SS-11 SAVAGE SLUGGERS Athletics,,,4000,No,,,,,,,,,,,,,Excellent,,,,,,,,,,,,,,,,,,,,,,,,,,FixedPriceItem,GTC,2.99,,1,,,ImmediatePayRequired,,United States,,Flat,USPSFirstClass,1,0.0,,,,1,,,ReturnsNotAccepted,,,,,,,,,,,,,,Yes,No,,,,
Revise,EBAYRE-0001-00006-71692,261328,0,2025 Bowman Draft COOPER FLEMMING #BDC-166 Chrome Refractor 1st Prospect Rays,,,4000,No,,,,,,,,,,,,,Excellent,,,,,,,,,,,,,,,,,,,,,,,,,,FixedPriceItem,GTC,2.99,,1,,,ImmediatePayRequired,,United States,,Flat,USPSFirstClass,1,0.0,,,,1,,,ReturnsNotAccepted,,,,,,,,,,,,,,Yes,No,,,,
Revise,EBAYRE-0001-00026-37508,261328,0,2025 Bowman Draft JJ WETHERHOLT #A-12 AXIS Chrome Cardinals Football,,,4000,No,,,,,,,,,,,,,Excellent,,,,,,,,,,,,,,,,,,,,,,,,,,FixedPriceItem,GTC,3.99,,1,,,ImmediatePayRequired,,United States,,Flat,USPSFirstClass,1,0.0,,,,1,,,ReturnsNotAccepted,,,,,,,,,,,,,,Yes,No,,,,
Revise,EBAYRE-0001-00044-51059,261328,0,2025 Topps STADIUM CLUB COBY MAYO #SS-22 SAVAGE SLUGGERS RC Orioles Rookie,,,4000,No,,,,,,,,,,,,,Excellent,,,,,,,,,,,,,,,,,,,,,,,,,,FixedPriceItem,GTC,2.99,,1,,,ImmediatePayRequired,,United States,,Flat,USPSFirstClass,1,0.0,,,,1,,,ReturnsNotAccepted,,,,,,,,,,,,,,Yes,No,,,,
Revise,EBAYRE-0001-00002-70378,261328,0,2025 Bowman Draft JACK GUREVITCH #BDC-150 Chrome Refractor 1st Prospect,,,4000,No,,,,,,,,,,,,,Excellent,,,,,,,,,,,,,,,,,,,,,,,,,,FixedPriceItem,GTC,2.99,,1,,,ImmediatePayRequired,,United States,,Flat,USPSFirstClass,1,0.0,,,,1,,,ReturnsNotAccepted,,,,,,,,,,,,,,Yes,No,,,,
Revise,EBAYRE-0001-00039-32809,261328,0,2025 Topps STADIUM CLUB DYLAN CREWS #102 RC Nationals Rookie,,,4000,No,,,,,,,,,,,,,Excellent,,,,,,,,,,,,,,,,,,,,,,,,,,FixedPriceItem,GTC,2.99,,1,,,ImmediatePayRequired,,United States,,Flat,USPSFirstClass,1,0.0,,,,1,,,ReturnsNotAccepted,,,,,,,,,,,,,,Yes,No,,,,
Revise,EBAYRE-0001-00005-49828,261328,0,2025 Bowman Draft DOMINIC FRITTON #BDC-189 Chrome 1st Prospect Rays,,,4000,No,,,,,,,,,,,,,Excellent,,,,,,,,,,,,,,,,,,,,,,,,,,FixedPriceItem,GTC,2.99,,1,,,ImmediatePayRequired,,United States,,Flat,USPSFirstClass,1,0.0,,,,1,,,ReturnsNotAccepted,,,,,,,,,,,,,,Yes,No,,,,
Revise,EBAYRE-0001-00051-01817,261328,0,2025 BOWMAN'S BEST RAFAEL DEVERS #21 Purple Refractor 239/250 Giants Football,,,4000,No,,,,,,,,,,,,,Excellent,,,,,,,,,,,,,,,,,,,,,,,,,,FixedPriceItem,GTC,4.49,,1,,,ImmediatePayRequired,,United States,,Flat,USPSFirstClass,1,0.0,,,,1,,,ReturnsNotAccepted,,,,,,,,,,,,,,Yes,No,,,,
Revise,RBM-0001-00017-72164,261328,0,2021-22 Panini Prizm Draft PICKS CADE CUNNINGHAM #1 RC Cowboys Rookie Basketball,,,4000,No,,,,,,,,,,,,,Excellent,,,,,,,,,,,,,,,,,,,,,,,,,,FixedPriceItem,GTC,3.49,,1,,,ImmediatePayRequired,,United States,,Flat,USPSFirstClass,1,0.0,,,,1,,,ReturnsNotAccepted,,,,,,,,,,,,,,Yes,No,,,,
Revise,RBM-0001-00023-35549,261328,0,2024 Panini WNBA Prizm SOPHIE CUNNINGHAM #117 CRACKED Ice MERCURY,,,4000,No,,,,,,,,,,,,,Excellent,,,,,,,,,,,,,,,,,,,,,,,,,,FixedPriceItem,GTC,8.49,,1,,,ImmediatePayRequired,,United States,,Flat,USPSFirstClass,1,0.0,,,,1,,,ReturnsNotAccepted,,,,,,,,,,,,,,Yes,No,,,,
Revise,RBM-0001-00025-07425,261328,0,2023-24 Panini MOSAIC LUKA DONCIC #2 ELEVATE Mosaic MAVERICKS Basketball,,,4000,No,,,,,,,,,,,,,Excellent,,,,,,,,,,,,,,,,,,,,,,,,,,FixedPriceItem,GTC,3.49,,1,,,ImmediatePayRequired,,United States,,Flat,USPSFirstClass,1,0.0,,,,1,,,ReturnsNotAccepted,,,,,,,,,,,,,,Yes,No,,,,
Revise,RBM-0001-00001-73612,261328,0,2024-25 Panini Select JARED MCCAIN #82 CONCOURSE Blue Retail RC 76ers Rookie,,,4000,No,,,,,,,,,,,,,Excellent,,,,,,,,,,,,,,,,,,,,,,,,,,FixedPriceItem,GTC,3.49,,1,,,ImmediatePayRequired,,United States,,Flat,USPSFirstClass,1,0.0,,,,1,,,ReturnsNotAccepted,,,,,,,,,,,,,,Yes,No,,,,
Revise,RBM-0001-00022-49742,261328,0,2024-25 Bowman UNIVERSITY Chrome ACE BAILEY #SS-2 SOCIAL STUDIES,,,4000,No,,,,,,,,,,,,,Excellent,,,,,,,,,,,,,,,,,,,,,,,,,,FixedPriceItem,GTC,3.49,,1,,,ImmediatePayRequired,,United States,,Flat,USPSFirstClass,1,0.0,,,,1,,,ReturnsNotAccepted,,,,,,,,,,,,,,Yes,No,,,,
Revise,RBM-0001-00002-44008,261328,0,2023-24 Panini MOSAIC STEPHEN CURRY #6 ELEVATE Mosaic Warriors Basketball,,,4000,No,,,,,,,,,,,,,Excellent,,,,,,,,,,,,,,,,,,,,,,,,,,FixedPriceItem,GTC,3.99,,1,,,ImmediatePayRequired,,United States,,Flat,USPSFirstClass,1,0.0,,,,1,,,ReturnsNotAccepted,,,,,,,,,,,,,,Yes,No,,,,
Revise,RBM-0001-00006-03877,261328,0,2023-24 Panini Donruss TYRESE HALIBURTON #8 Green LASER Holo Pacers Basketball,,,4000,No,,,,,,,,,,,,,Excellent,,,,,,,,,,,,,,,,,,,,,,,,,,FixedPriceItem,GTC,3.99,,1,,,ImmediatePayRequired,,United States,,Flat,USPSFirstClass,1,0.0,,,,1,,,ReturnsNotAccepted,,,,,,,,,,,,,,Yes,No,,,,
Revise,RBM-0001-00021-90433,261328,0,2023 SKYBOX METAL UNIVERSE CHAMPIONSHIP JJ STARLING #032 Auto Silver,,,4000,No,,,,,,,,,,,,,Excellent,,,,,,,,,,,,,,,,,,,,,,,,,,FixedPriceItem,GTC,10.00,,1,,,ImmediatePayRequired,,United States,,Flat,USPSFirstClass,1,0.0,,,,1,,,ReturnsNotAccepted,,,,,,,,,,,,,,Yes,No,,,,
Revise,RBM-0001-00026-99381,261328,0,2023-24 Panini PHOENIX NAJI MARSHALL #CS-NMA CRUSADE Signatures Auto Pelicans,,,4000,No,,,,,,,,,,,,,Excellent,,,,,,,,,,,,,,,,,,,,,,,,,,FixedPriceItem,GTC,6.49,,1,,,ImmediatePayRequired,,United States,,Flat,USPSFirstClass,1,0.0,,,,1,,,ReturnsNotAccepted,,,,,,,,,,,,,,Yes,No,,,,
Revise,RBM-0001-00005-65853,261328,0,2021-22 Panini Donruss Optic KEVIN DURANT #25 EXPRESS LANE Nets Basketball,,,4000,No,,,,,,,,,,,,,Excellent,,,,,,,,,,,,,,,,,,,,,,,,,,FixedPriceItem,GTC,3.49,,1,,,ImmediatePayRequired,,United States,,Flat,USPSFirstClass,1,0.0,,,,1,,,ReturnsNotAccepted,,,,,,,,,,,,,,Yes,No,,,,
Revise,RBM-0001-00007-16760,261328,0,2024 Panini Prizm Draft PICKS COLLEGIATE JOHNNY JUZANG #S-JJZ Signatures Auto,,,4000,No,,,,,,,,,,,,,Excellent,,,,,,,,,,,,,,,,,,,,,,,,,,FixedPriceItem,GTC,5.49,,1,,,ImmediatePayRequired,,United States,,Flat,USPSFirstClass,1,0.0,,,,1,,,ReturnsNotAccepted,,,,,,,,,,,,,,Yes,No,,,,
Revise,RBM-0001-00019-67085,261328,0,2024-25 Panini Prizm MONOPOLY STEPHON CASTLE #75 RC SPURS Rookie Basketball,,,4000,No,,,,,,,,,,,,,Excellent,,,,,,,,,,,,,,,,,,,,,,,,,,FixedPriceItem,GTC,3.49,,1,,,ImmediatePayRequired,,United States,,Flat,USPSFirstClass,1,0.0,,,,1,,,ReturnsNotAccepted,,,,,,,,,,,,,,Yes,No,,,,
Revise,RBM-0001-00018-19396,261328,0,2024-25 Panini MOSAIC JAYLEN BROWN #19 JAM MASTERS Green Mosaic Celtics,,,4000,No,,,,,,,,,,,,,Excellent,,,,,,,,,,,,,,,,,,,,,,,,,,FixedPriceItem,GTC,3.99,,1,,,ImmediatePayRequired,,United States,,Flat,USPSFirstClass,1,0.0,,,,1,,,ReturnsNotAccepted,,,,,,,,,,,,,,Yes,No,,,,
Revise,RBM-0001-00016-49175,261328,0,2024-25 Bowman UNIVERSITY Chrome DYLAN HARPER #22,,,4000,No,,,,,,,,,,,,,Excellent,,,,,,,,,,,,,,,,,,,,,,,,,,FixedPriceItem,GTC,3.49,,1,,,ImmediatePayRequired,,United States,,Flat,USPSFirstClass,1,0.0,,,,1,,,ReturnsNotAccepted,,,,,,,,,,,,,,Yes,No,,,,
Revise,RBM-0001-00010-65910,261328,0,2023-24 Topps FINEST RIP HAMILTON #14 Blue Refractor /150 Pistons Basketball,,,4000,No,,,,,,,,,,,,,Excellent,,,,,,,,,,,,,,,,,,,,,,,,,,FixedPriceItem,GTC,4.99,,1,,,ImmediatePayRequired,,United States,,Flat,USPSFirstClass,1,0.0,,,,1,,,ReturnsNotAccepted,,,,,,,,,,,,,,Yes,No,,,,
Revise,RBM-0001-00015-26978,261328,0,2025-26 Topps THOMAS SORBER #NL-15 NO LIMIT Purple RAINBOW /250 RC THUNDER,,,4000,No,,,,,,,,,,,,,Excellent,,,,,,,,,,,,,,,,,,,,,,,,,,FixedPriceItem,GTC,3.49,,1,,,ImmediatePayRequired,,United States,,Flat,USPSFirstClass,1,0.0,,,,1,,,ReturnsNotAccepted,,,,,,,,,,,,,,Yes,No,,,,
Revise,RBM-0001-00030-08027,261328,0,2024-25 Bowman UNIVERSITY Chrome ACE BAILEY #1,,,4000,No,,,,,,,,,,,,,Excellent,,,,,,,,,,,,,,,,,,,,,,,,,,FixedPriceItem,GTC,3.49,,1,,,ImmediatePayRequired,,United States,,Flat,USPSFirstClass,1,0.0,,,,1,,,ReturnsNotAccepted,,,,,,,,,,,,,,Yes,No,,,,
Revise,RBM-0001-00027-17703,261328,0,2024-25 Bowman UNIVERSITY Chrome JEREMY FEARS #ALT-8 SPARTANS,,,4000,No,,,,,,,,,,,,,Excellent,,,,,,,,,,,,,,,,,,,,,,,,,,FixedPriceItem,GTC,3.49,,1,,,ImmediatePayRequired,,United States,,Flat,USPSFirstClass,1,0.0,,,,1,,,ReturnsNotAccepted,,,,,,,,,,,,,,Yes,No,,,,
Revise,RBM-0001-00011-77722,261328,0,2025-26 Topps VJ EDGECOMBE #NL-3 NO LIMIT RC 76ers Rookie Basketball,,,4000,No,,,,,,,,,,,,,Excellent,,,,,,,,,,,,,,,,,,,,,,,,,,FixedPriceItem,GTC,3.99,,1,,,ImmediatePayRequired,,United States,,Flat,USPSFirstClass,1,0.0,,,,1,,,ReturnsNotAccepted,,,,,,,,,,,,,,Yes,No,,,,
Revise,RBM-0001-00032-97977,261328,0,2022-23 Panini Prizm ALTON LISTER #PNM-ALT PENMANSHIP Auto SUPERSONICS,,,4000,No,,,,,,,,,,,,,Excellent,,,,,,,,,,,,,,,,,,,,,,,,,,FixedPriceItem,GTC,6.09,,1,,,ImmediatePayRequired,,United States,,Flat,USPSFirstClass,1,0.0,,,,1,,,ReturnsNotAccepted,,,,,,,,,,,,,,Yes,No,,,,
Revise,RBM-0001-00004-44705,261328,0,2025-26 Topps SCOTTIE BARNES #SA-28 Stars of the NBA Green RAINBOW /99 RAPTORS,,,4000,No,,,,,,,,,,,,,Excellent,,,,,,,,,,,,,,,,,,,,,,,,,,FixedPriceItem,GTC,3.99,,1,,,ImmediatePayRequired,,United States,,Flat,USPSFirstClass,1,0.0,,,,1,,,ReturnsNotAccepted,,,,,,,,,,,,,,Yes,No,,,,
Revise,RBM-0001-00013-53574,261328,0,2024 Panini WNBA Prizm JACY SHELDON #141 Silver RC WINGS Rookie,,,4000,No,,,,,,,,,,,,,Excellent,,,,,,,,,,,,,,,,,,,,,,,,,,FixedPriceItem,GTC,5.49,,1,,,ImmediatePayRequired,,United States,,Flat,USPSFirstClass,1,0.0,,,,1,,,ReturnsNotAccepted,,,,,,,,,,,,,,Yes,No,,,,
Revise,RBM-0001-00031-74978,261328,0,2025-26 Topps AMEN THOMPSON #TC-AT 1980-81 Chrome MOJO REF ROCKETS Basketball,,,4000,No,,,,,,,,,,,,,Excellent,,,,,,,,,,,,,,,,,,,,,,,,,,FixedPriceItem,GTC,3.49,,1,,,ImmediatePayRequired,,United States,,Flat,USPSFirstClass,1,0.0,,,,1,,,ReturnsNotAccepted,,,,,,,,,,,,,,Yes,No,,,,
Revise,RBM-0001-00003-37987,261328,0,2024-25 Panini MOSAIC VICTOR WEMBANYAMA #288 PREMIUM Mosaic CITY EDITION SPURS,,,4000,No,,,,,,,,,,,,,Excellent,,,,,,,,,,,,,,,,,,,,,,,,,,FixedPriceItem,GTC,4.49,,1,,,ImmediatePayRequired,,United States,,Flat,USPSFirstClass,1,0.0,,,,1,,,ReturnsNotAccepted,,,,,,,,,,,,,,Yes,No,,,,
Revise,RBM-0001-00009-23389,261328,0,2025 BOWMAN'S BEST JOSUAR GONZALEZ #TP-13 Top Prospects REF Giants Football,,,4000,No,,,,,,,,,,,,,Excellent,,,,,,,,,,,,,,,,,,,,,,,,,,FixedPriceItem,GTC,2.99,,1,,,ImmediatePayRequired,,United States,,Flat,USPSFirstClass,1,0.0,,,,1,,,ReturnsNotAccepted,,,,,,,,,,,,,,Yes,No,,,,
Revise,RBM-0001-00014-05240,261328,0,2025 BOWMAN'S BEST JULIO RODRIGUEZ #49 Refractor Mariners,,,4000,No,,,,,,,,,,,,,Excellent,,,,,,,,,,,,,,,,,,,,,,,,,,FixedPriceItem,GTC,3.99,,1,,,ImmediatePayRequired,,United States,,Flat,USPSFirstClass,1,0.0,,,,1,,,ReturnsNotAccepted,,,,,,,,,,,,,,Yes,No,,,,
Revise,RBM-0001-00010-24187,261328,0,2025 BOWMAN'S BEST BRYCE ELDRIDGE #TP-15 Top Prospects Refractor Giants Football,,,4000,No,,,,,,,,,,,,,Excellent,,,,,,,,,,,,,,,,,,,,,,,,,,FixedPriceItem,GTC,2.99,,1,,,ImmediatePayRequired,,United States,,Flat,USPSFirstClass,1,0.0,,,,1,,,ReturnsNotAccepted,,,,,,,,,,,,,,Yes,No,,,,
Revise,RBM-0001-00011-15674,261328,0,2025 BOWMAN'S BEST JUNG HOO LEE #7 Refractor Giants Football,,,4000,No,,,,,,,,,,,,,Excellent,,,,,,,,,,,,,,,,,,,,,,,,,,FixedPriceItem,GTC,2.99,,1,,,ImmediatePayRequired,,United States,,Flat,USPSFirstClass,1,0.0,,,,1,,,ReturnsNotAccepted,,,,,,,,,,,,,,Yes,No,,,,
Revise,RBM-0001-00018-34591,261328,0,2025 BOWMAN'S BEST RAFAEL DEVERS #21 Refractor Giants Football,,,4000,No,,,,,,,,,,,,,Excellent,,,,,,,,,,,,,,,,,,,,,,,,,,FixedPriceItem,GTC,3.99,,1,,,ImmediatePayRequired,,United States,,Flat,USPSFirstClass,1,0.0,,,,1,,,ReturnsNotAccepted,,,,,,,,,,,,,,Yes,No,,,,
Revise,RBM-0001-00003-40364,261328,0,2025 Bowman Draft PICO KOHN #BDC-52 Chrome Refractor 1st Prospect Yankees,,,4000,No,,,,,,,,,,,,,Excellent,,,,,,,,,,,,,,,,,,,,,,,,,,FixedPriceItem,GTC,2.99,,1,,,ImmediatePayRequired,,United States,,Flat,USPSFirstClass,1,0.0,,,,1,,,ReturnsNotAccepted,,,,,,,,,,,,,,Yes,No,,,,
Revise,RBM-0001-00005-66044,261328,0,2025 BOWMAN'S BEST CAL RALEIGH #55 Refractor Mariners,,,4000,No,,,,,,,,,,,,,Excellent,,,,,,,,,,,,,,,,,,,,,,,,,,FixedPriceItem,GTC,3.49,,1,,,ImmediatePayRequired,,United States,,Flat,USPSFirstClass,1,0.0,,,,1,,,ReturnsNotAccepted,,,,,,,,,,,,,,Yes,No,,,,
Revise,RBM-0001-00002-63468,261328,0,2025 Bowman Draft KONNOR GRIFFIN #BDC-102 Chrome Pirates,,,4000,No,,,,,,,,,,,,,Excellent,,,,,,,,,,,,,,,,,,,,,,,,,,FixedPriceItem,GTC,6.00,,1,,,ImmediatePayRequired,,United States,,Flat,USPSFirstClass,1,0.0,,,,1,,,ReturnsNotAccepted,,,,,,,,,,,,,,Yes,No,,,,
Revise,RBM-0001-00001-92493,261328,0,2025 Bowman Draft KONNOR GRIFFIN #PP-17 Chrome PRIZED Prospects Pirates,,,4000,No,,,,,,,,,,,,,Excellent,,,,,,,,,,,,,,,,,,,,,,,,,,FixedPriceItem,GTC,11.00,,1,,,ImmediatePayRequired,,United States,,Flat,USPSFirstClass,1,0.0,,,,1,,,ReturnsNotAccepted,,,,,,,,,,,,,,Yes,No,,,,
Revise,RBM-0001-00021-75645,261328,0,2025 BOWMAN'S BEST JULIO RODRIGUEZ #49 MINI DIAMOND Refractor 120/299 Mariners,,,4000,No,,,,,,,,,,,,,Excellent,,,,,,,,,,,,,,,,,,,,,,,,,,FixedPriceItem,GTC,9.19,,1,,,ImmediatePayRequired,,United States,,Flat,USPSFirstClass,1,0.0,,,,1,,,ReturnsNotAccepted,,,,,,,,,,,,,,Yes,No,,,,
Revise,RBM-0001-00003-58537,261328,0,2025 Bowman Draft LANDON HODGE #CPA-LHO Chrome Auto HTA CHOICE Refractor /150,,,4000,No,,,,,,,,,,,,,Excellent,,,,,,,,,,,,,,,,,,,,,,,,,,FixedPriceItem,GTC,20.29,,1,,,ImmediatePayRequired,,United States,,Flat,USPSFirstClass,1,0.0,,,,1,,,ReturnsNotAccepted,,,,,,,,,,,,,,Yes,No,,,,
Revise,RBM-0001-00024-99146,261328,0,2025 Topps Chrome Update CARSON MCCUSKER #USC155 Purple RAYWAVE Refractor /250,,,4000,No,,,,,,,,,,,,,Excellent,,,,,,,,,,,,,,,,,,,,,,,,,,FixedPriceItem,GTC,4.99,,1,,,ImmediatePayRequired,,United States,,Flat,USPSFirstClass,1,0.0,,,,1,,,ReturnsNotAccepted,,,,,,,,,,,,,,Yes,No,,,,
Revise,RBM-0001-00011-38283,261328,0,2025-26 Topps FINEST ANTHONY EDWARDS #FI-2 FINISHERS TIMBERWOLVES Basketball,,,4000,No,,,,,,,,,,,,,Excellent,,,,,,,,,,,,,,,,,,,,,,,,,,FixedPriceItem,GTC,5.99,,1,,,ImmediatePayRequired,,United States,,Flat,USPSFirstClass,1,0.0,,,,1,,,ReturnsNotAccepted,,,,,,,,,,,,,,Yes,No,,,,
Revise,RBM-0001-00001-06005,261328,0,2025-26 Topps FINEST WALTER CLAYTON JR. #F-18 FIRST RC JAZZ Rookie Basketball,,,4000,No,,,,,,,,,,,,,Excellent,,,,,,,,,,,,,,,,,,,,,,,,,,FixedPriceItem,GTC,5.99,,1,,,ImmediatePayRequired,,United States,,Flat,USPSFirstClass,1,0.0,,,,1,,,ReturnsNotAccepted,,,,,,,,,,,,,,Yes,No,,,,
Revise,RBM-0001-00023-88928,261328,0,2025-26 Topps Chrome DWIGHT POWELL #223 NEGATIVE Refractor MAVERICKS Basketball,,,4000,No,,,,,,,,,,,,,Excellent,,,,,,,,,,,,,,,,,,,,,,,,,,FixedPriceItem,GTC,2.99,,1,,,ImmediatePayRequired,,United States,,Flat,USPSFirstClass,1,0.0,,,,1,,,ReturnsNotAccepted,,,,,,,,,,,,,,Yes,No,,,,
Revise,RBM-0001-00010-61937,261328,0,2025-26 Topps Chrome VJ EDGECOMBE #SY-13 SERENITY RC 76ers Rookie Basketball,,,4000,No,,,,,,,,,,,,,Excellent,,,,,,,,,,,,,,,,,,,,,,,,,,FixedPriceItem,GTC,3.99,,1,,,ImmediatePayRequired,,United States,,Flat,USPSFirstClass,1,0.0,,,,1,,,ReturnsNotAccepted,,,,,,,,,,,,,,Yes,No,,,,
Revise,RBM-0001-00009-18168,261328,0,2025-26 Topps Chrome VJ EDGECOMBE #AC-13 ACTIVATORS RC 76ers Rookie Basketball,,,4000,No,,,,,,,,,,,,,Excellent,,,,,,,,,,,,,,,,,,,,,,,,,,FixedPriceItem,GTC,3.49,,1,,,ImmediatePayRequired,,United States,,Flat,USPSFirstClass,1,0.0,,,,1,,,ReturnsNotAccepted,,,,,,,,,,,,,,Yes,No,,,,
Revise,RBM-0001-00005-94643,261328,0,2025-26 Topps FINEST CARTER BRYANT #14 COMMON RC SPURS Rookie Basketball,,,4000,No,,,,,,,,,,,,,Excellent,,,,,,,,,,,,,,,,,,,,,,,,,,FixedPriceItem,GTC,3.99,,1,,,ImmediatePayRequired,,United States,,Flat,USPSFirstClass,1,0.0,,,,1,,,ReturnsNotAccepted,,,,,,,,,,,,,,Yes,No,,,,
Revise,RBM-0001-00008-07433,261328,0,2025-26 Topps Chrome VJ EDGECOMBE #VS-8 VOICES RC 76ers Rookie Basketball,,,4000,No,,,,,,,,,,,,,Excellent,,,,,,,,,,,,,,,,,,,,,,,,,,FixedPriceItem,GTC,3.49,,1,,,ImmediatePayRequired,,United States,,Flat,USPSFirstClass,1,0.0,,,,1,,,ReturnsNotAccepted,,,,,,,,,,,,,,Yes,No,,,,
Revise,RBM-0001-00007-14448,261328,0,2025-26 Topps Chrome MAXIME RAYNAUD #293 RC Kings Rookie Basketball,,,4000,No,,,,,,,,,,,,,Excellent,,,,,,,,,,,,,,,,,,,,,,,,,,FixedPriceItem,GTC,2.99,,1,,,ImmediatePayRequired,,United States,,Flat,USPSFirstClass,1,0.0,,,,1,,,ReturnsNotAccepted,,,,,,,,,,,,,,Yes,No,,,,
Revise,RBM-0001-00020-22374,261328,0,2025-26 Topps Chrome IMMANUEL QUICKLEY #212 NEGATIVE REF RAPTORS Basketball,,,4000,No,,,,,,,,,,,,,Excellent,,,,,,,,,,,,,,,,,,,,,,,,,,FixedPriceItem,GTC,3.99,,1,,,ImmediatePayRequired,,United States,,Flat,USPSFirstClass,1,0.0,,,,1,,,ReturnsNotAccepted,,,,,,,,,,,,,,Yes,No,,,,
Revise,RBM-0002-00005-68857,261328,0,2025 BOWMAN'S BEST KONNOR GRIFFIN #P-15 PIXEL PORTRAITS Pirates,,,4000,No,,,,,,,,,,,,,Excellent,,,,,,,,,,,,,,,,,,,,,,,,,,FixedPriceItem,GTC,19.99,,1,,,ImmediatePayRequired,,United States,,Flat,USPSFirstClass,1,0.0,,,,1,,,ReturnsNotAccepted,,,,,,,,,,,,,,Yes,No,,,,
Revise,RBM-0002-00003-58775,261328,0,2025 BOWMAN'S BEST MAX CLARK #TP-1 Top Prospects Refractor Tigers,,,4000,No,,,,,,,,,,,,,Excellent,,,,,,,,,,,,,,,,,,,,,,,,,,FixedPriceItem,GTC,3.99,,1,,,ImmediatePayRequired,,United States,,Flat,USPSFirstClass,1,0.0,,,,1,,,ReturnsNotAccepted,,,,,,,,,,,,,,Yes,No,,,,
Revise,RBM-0002-00001-05873,261328,0,2025 BOWMAN'S BEST KEVIN MCGONIGLE #FG-18 MLB ALL-STAR FUTURES GAME AL,,,4000,No,,,,,,,,,,,,,Excellent,,,,,,,,,,,,,,,,,,,,,,,,,,FixedPriceItem,GTC,4.99,,1,,,ImmediatePayRequired,,United States,,Flat,USPSFirstClass,1,0.0,,,,1,,,ReturnsNotAccepted,,,,,,,,,,,,,,Yes,No,,,,
Revise,RBM-0002-00038-10987,261328,0,2025 BOWMAN'S BEST CAM SMITH #C-19 CIRCUITRY RC Astros Rookie,,,4000,No,,,,,,,,,,,,,Excellent,,,,,,,,,,,,,,,,,,,,,,,,,,FixedPriceItem,GTC,4.99,,1,,,ImmediatePayRequired,,United States,,Flat,USPSFirstClass,1,0.0,,,,1,,,ReturnsNotAccepted,,,,,,,,,,,,,,Yes,No,,,,
Revise,RBM-0002-00062-21407,261328,0,2026 Topps JAC CAGLIANONE #SMLB-24 Stars of MLB CRACKLEBOARD Foil RC Royals,,,4000,No,,,,,,,,,,,,,Excellent,,,,,,,,,,,,,,,,,,,,,,,,,,FixedPriceItem,GTC,3.49,,1,,,ImmediatePayRequired,,United States,,Flat,USPSFirstClass,1,0.0,,,,1,,,ReturnsNotAccepted,,,,,,,,,,,,,,Yes,No,,,,
Revise,RBM-0002-00043-32979,261328,0,2025 Bowman Draft THEO GILLEN #BD-121 Green BORDER 30/99 Rays,,,4000,No,,,,,,,,,,,,,Excellent,,,,,,,,,,,,,,,,,,,,,,,,,,FixedPriceItem,GTC,6.79,,1,,,ImmediatePayRequired,,United States,,Flat,USPSFirstClass,1,0.0,,,,1,,,ReturnsNotAccepted,,,,,,,,,,,,,,Yes,No,,,,
Revise,RBM-0002-00046-68102,261328,0,2025 Bowman Chrome BRYCE BOETTCHER #BCP-243 Purple Refractor /250 1st Prospect,,,4000,No,,,,,,,,,,,,,Excellent,,,,,,,,,,,,,,,,,,,,,,,,,,FixedPriceItem,GTC,3.99,,1,,,ImmediatePayRequired,,United States,,Flat,USPSFirstClass,1,0.0,,,,1,,,ReturnsNotAccepted,,,,,,,,,,,,,,Yes,No,,,,
Revise,RBM-0002-00021-56785,261328,0,2025-26 Topps FINEST MATAS BUZELIS #236 RARE Blue REF 54/99 Bulls Basketball,,,4000,No,,,,,,,,,,,,,Excellent,,,,,,,,,,,,,,,,,,,,,,,,,,FixedPriceItem,GTC,45.69,,1,,,ImmediatePayRequired,,United States,,Flat,USPSFirstClass,1,0.0,,,,1,,,ReturnsNotAccepted,,,,,,,,,,,,,,Yes,No,,,,
Revise,RBM-0002-00002-90915,261328,0,2025-26 Topps FINEST CEDRIC COWARD #11 OIL SPILL Refractor RC Grizzlies Rookie,,,4000,No,,,,,,,,,,,,,Excellent,,,,,,,,,,,,,,,,,,,,,,,,,,FixedPriceItem,GTC,5.99,,1,,,ImmediatePayRequired,,United States,,Flat,USPSFirstClass,1,0.0,,,,1,,,ReturnsNotAccepted,,,,,,,,,,,,,,Yes,No,,,,
Revise,RBM-0002-00022-22017,261328,0,2025-26 Topps FINEST ZACH LAVINE #169 UNCOMMON SKY Blue Refractor 78/250 Kings,,,4000,No,,,,,,,,,,,,,Excellent,,,,,,,,,,,,,,,,,,,,,,,,,,FixedPriceItem,GTC,10.09,,1,,,ImmediatePayRequired,,United States,,Flat,USPSFirstClass,1,0.0,,,,1,,,ReturnsNotAccepted,,,,,,,,,,,,,,Yes,No,,,,
Revise,RBM-0002-00013-74744,261328,0,2025-26 Topps FINEST DERIK QUEEN #A-13 ARRIVALS RC Pelicans Rookie Basketball,,,4000,No,,,,,,,,,,,,,Excellent,,,,,,,,,,,,,,,,,,,,,,,,,,FixedPriceItem,GTC,2.49,,1,,,ImmediatePayRequired,,United States,,Flat,USPSFirstClass,1,0.0,,,,1,,,ReturnsNotAccepted,,,,,,,,,,,,,,Yes,No,,,,
Revise,RBM-0002-00018-94688,261328,0,2025-26 Topps Chrome NIQUE CLIFFORD #274 RAYWAVE REF RC Kings Rookie Basketball,,,4000,No,,,,,,,,,,,,,Excellent,,,,,,,,,,,,,,,,,,,,,,,,,,FixedPriceItem,GTC,3.99,,1,,,ImmediatePayRequired,,United States,,Flat,USPSFirstClass,1,0.0,,,,1,,,ReturnsNotAccepted,,,,,,,,,,,,,,Yes,No,,,,
Revise,RBM-0002-00010-06844,261328,0,2025-26 Topps FINEST DEJOUNTE MURRAY #97 OIL SPILL Refractor Pelicans Basketball,,,4000,No,,,,,,,,,,,,,Excellent,,,,,,,,,,,,,,,,,,,,,,,,,,FixedPriceItem,GTC,2.99,,1,,,ImmediatePayRequired,,United States,,Flat,USPSFirstClass,1,0.0,,,,1,,,ReturnsNotAccepted,,,,,,,,,,,,,,Yes,No,,,,
Revise,RBM-0002-00008-91659,261328,0,2025-26 Topps FINEST ZACH LAVINE #286 RARE Kings Basketball,,,4000,No,,,,,,,,,,,,,Excellent,,,,,,,,,,,,,,,,,,,,,,,,,,FixedPriceItem,GTC,3.39,,1,,,ImmediatePayRequired,,United States,,Flat,USPSFirstClass,1,0.0,,,,1,,,ReturnsNotAccepted,,,,,,,,,,,,,,Yes,No,,,,
Revise,RBM-0002-00011-73797,261328,0,2025-26 Topps FINEST JEREMIAH FEARS #F-7 FIRST RC Pelicans Rookie Basketball,,,4000,No,,,,,,,,,,,,,Excellent,,,,,,,,,,,,,,,,,,,,,,,,,,FixedPriceItem,GTC,4.49,,1,,,ImmediatePayRequired,,United States,,Flat,USPSFirstClass,1,0.0,,,,1,,,ReturnsNotAccepted,,,,,,,,,,,,,,Yes,No,,,,
Revise,RBM-0002-00003-00544,261328,0,2025-26 Topps FINEST DYLAN HARPER #A-2 ARRIVALS RC SPURS Rookie Basketball,,,4000,No,,,,,,,,,,,,,Excellent,,,,,,,,,,,,,,,,,,,,,,,,,,FixedPriceItem,GTC,10.39,,1,,,ImmediatePayRequired,,United States,,Flat,USPSFirstClass,1,0.0,,,,1,,,ReturnsNotAccepted,,,,,,,,,,,,,,Yes,No,,,,
Revise,RBM-0002-00014-78299,261328,0,2025-26 Topps FINEST VINCE CARTER #M-20 MUSE Refractor RAPTORS Basketball,,,4000,No,,,,,,,,,,,,,Excellent,,,,,,,,,,,,,,,,,,,,,,,,,,FixedPriceItem,GTC,3.89,,1,,,ImmediatePayRequired,,United States,,Flat,USPSFirstClass,1,0.0,,,,1,,,ReturnsNotAccepted,,,,,,,,,,,,,,Yes,No,,,,
Revise,RBM-0002-00020-90627,261328,0,2025-26 Topps FINEST DENNIS RODMAN #M-18 MUSE Bulls Basketball,,,4000,No,,,,,,,,,,,,,Excellent,,,,,,,,,,,,,,,,,,,,,,,,,,FixedPriceItem,GTC,3.99,,1,,,ImmediatePayRequired,,United States,,Flat,USPSFirstClass,1,0.0,,,,1,,,ReturnsNotAccepted,,,,,,,,,,,,,,Yes,No,,,,
Revise,RBM-0002-00007-76194,261328,0,2025 Topps Chrome Sapphire BOGDAN BOGDANOVIC #92 Purple Refractor /75,,,4000,No,,,,,,,,,,,,,Excellent,,,,,,,,,,,,,,,,,,,,,,,,,,FixedPriceItem,GTC,10.99,,1,,,ImmediatePayRequired,,United States,,Flat,USPSFirstClass,1,0.0,,,,1,,,ReturnsNotAccepted,,,,,,,,,,,,,,Yes,No,,,,
Revise,RBM-0002-00015-10654,261328,0,2025-26 Topps FINEST CEDRIC COWARD #11 COMMON RC Grizzlies Rookie Basketball,,,4000,No,,,,,,,,,,,,,Excellent,,,,,,,,,,,,,,,,,,,,,,,,,,FixedPriceItem,GTC,3.49,,1,,,ImmediatePayRequired,,United States,,Flat,USPSFirstClass,1,0.0,,,,1,,,ReturnsNotAccepted,,,,,,,,,,,,,,Yes,No,,,,
Revise,RBM-0002-00016-12717,261328,0,2025-26 Topps FINEST DERIK QUEEN #13 COMMON RC Pelicans Rookie Basketball,,,4000,No,,,,,,,,,,,,,Excellent,,,,,,,,,,,,,,,,,,,,,,,,,,FixedPriceItem,GTC,3.99,,1,,,ImmediatePayRequired,,United States,,Flat,USPSFirstClass,1,0.0,,,,1,,,ReturnsNotAccepted,,,,,,,,,,,,,,Yes,No,,,,
Revise,RBM-0002-00017-00768,261328,0,2025-26 Topps FINEST TRACY MCGRADY #199 UNCOMMON MAGIC Basketball,,,4000,No,,,,,,,,,,,,,Excellent,,,,,,,,,,,,,,,,,,,,,,,,,,FixedPriceItem,GTC,3.49,,1,,,ImmediatePayRequired,,United States,,Flat,USPSFirstClass,1,0.0,,,,1,,,ReturnsNotAccepted,,,,,,,,,,,,,,Yes,No,,,,
Revise,RBM-0001-00004-24129,261328,0,2025 BOWMAN'S BEST KONNOR GRIFFIN #TP-27 Top Prospects Refractor Pirates,,,4000,No,,,,,,,,,,,,,Excellent,,,,,,,,,,,,,,,,,,,,,,,,,,FixedPriceItem,GTC,8.69,,1,,,ImmediatePayRequired,,United States,,Flat,USPSFirstClass,1,0.0,,,,1,,,ReturnsNotAccepted,,,,,,,,,,,,,,Yes,No,,,,
Revise,RBM-0002-00003-57529,261328,0,2025 BOWMAN'S BEST CHANDLER SIMPSON #66 Refractor RC Rays Rookie,,,4000,No,,,,,,,,,,,,,Excellent,,,,,,,,,,,,,,,,,,,,,,,,,,FixedPriceItem,GTC,2.99,,1,,,ImmediatePayRequired,,United States,,Flat,USPSFirstClass,1,0.0,,,,1,,,ReturnsNotAccepted,,,,,,,,,,,,,,Yes,No,,,,
Revise,RBM-0002-00008-56373,261328,0,2025 Bowman Chrome JESUS MADE #MR-3 METEORIC RISE Brewers,,,4000,No,,,,,,,,,,,,,Excellent,,,,,,,,,,,,,,,,,,,,,,,,,,FixedPriceItem,GTC,4.99,,1,,,ImmediatePayRequired,,United States,,Flat,USPSFirstClass,1,0.0,,,,1,,,ReturnsNotAccepted,,,,,,,,,,,,,,Yes,No,,,,
Revise,RBM-0002-00002-03310,261328,0,2025 BOWMAN'S BEST KYLE TUCKER #2 Refractor Cubs Football,,,4000,No,,,,,,,,,,,,,Excellent,,,,,,,,,,,,,,,,,,,,,,,,,,FixedPriceItem,GTC,2.49,,1,,,ImmediatePayRequired,,United States,,Flat,USPSFirstClass,1,0.0,,,,1,,,ReturnsNotAccepted,,,,,,,,,,,,,,Yes,No,,,,
Revise,RBM-0002-00013-33380,261328,0,2025 BOWMAN'S BEST CHANDLER SIMPSON #66 Wave Refractor RC Rays Rookie,,,4000,No,,,,,,,,,,,,,Excellent,,,,,,,,,,,,,,,,,,,,,,,,,,FixedPriceItem,GTC,2.99,,1,,,ImmediatePayRequired,,United States,,Flat,USPSFirstClass,1,0.0,,,,1,,,ReturnsNotAccepted,,,,,,,,,,,,,,Yes,No,,,,
Revise,RBM-0002-00009-29115,261328,0,2025 Bowman Chrome BRYCE ELDRIDGE #MM-15 MELT MASHERS Giants Football,,,4000,No,,,,,,,,,,,,,Excellent,,,,,,,,,,,,,,,,,,,,,,,,,,FixedPriceItem,GTC,4.99,,1,,,ImmediatePayRequired,,United States,,Flat,USPSFirstClass,1,0.0,,,,1,,,ReturnsNotAccepted,,,,,,,,,,,,,,Yes,No,,,,
Revise,RBM-0002-00006-81183,261328,0,2025 Bowman Chrome CAM SMITH #IT-9 IT CAME to the LEAGUE RC Astros Rookie,,,4000,No,,,,,,,,,,,,,Excellent,,,,,,,,,,,,,,,,,,,,,,,,,,FixedPriceItem,GTC,3.49,,1,,,ImmediatePayRequired,,United States,,Flat,USPSFirstClass,1,0.0,,,,1,,,ReturnsNotAccepted,,,,,,,,,,,,,,Yes,No,,,,
Revise,RBM-0002-00007-75404,261328,0,2025 Bowman Chrome COOPER PRATT #MM-9 MELT MASHERS Brewers,,,4000,No,,,,,,,,,,,,,Excellent,,,,,,,,,,,,,,,,,,,,,,,,,,FixedPriceItem,GTC,3.49,,1,,,ImmediatePayRequired,,United States,,Flat,USPSFirstClass,1,0.0,,,,1,,,ReturnsNotAccepted,,,,,,,,,,,,,,Yes,No,,,,
Revise,RBM-0002-00005-67835,261328,0,2025 BOWMAN'S BEST LIAM DOYLE #P-3 PIXEL PORTRAITS Cardinals Football,,,4000,No,,,,,,,,,,,,,Excellent,,,,,,,,,,,,,,,,,,,,,,,,,,FixedPriceItem,GTC,4.99,,1,,,ImmediatePayRequired,,United States,,Flat,USPSFirstClass,1,0.0,,,,1,,,ReturnsNotAccepted,,,,,,,,,,,,,,Yes,No,,,,
Revise,RBM-0002-00011-05353,261328,0,2025 Bowman Chrome LUISANGEL ACUNA #32 Red RC Variation Mets Rookie,,,4000,No,,,,,,,,,,,,,Excellent,,,,,,,,,,,,,,,,,,,,,,,,,,FixedPriceItem,GTC,2.99,,1,,,ImmediatePayRequired,,United States,,Flat,USPSFirstClass,1,0.0,,,,1,,,ReturnsNotAccepted,,,,,,,,,,,,,,Yes,No,,,,
Revise,RBM-0002-00010-18822,261328,0,2019 Topps Chrome MICHAEL KOPECH #17 SEPIA Refractor RC White Sox Rookie,,,4000,No,,,,,,,,,,,,,Excellent,,,,,,,,,,,,,,,,,,,,,,,,,,FixedPriceItem,GTC,2.99,,1,,,ImmediatePayRequired,,United States,,Flat,USPSFirstClass,1,0.0,,,,1,,,ReturnsNotAccepted,,,,,,,,,,,,,,Yes,No,,,,
Revise,RBM-0002-00005-48467,261328,0,2024 Topps Chrome Update YARIEL RODRIGUEZ #AC-YR Auto Aqua Wave Refractor /199,,,4000,No,,,,,,,,,,,,,Excellent,,,,,,,,,,,,,,,,,,,,,,,,,,FixedPriceItem,GTC,6.49,,1,,,ImmediatePayRequired,,United States,,Flat,USPSFirstClass,1,0.0,,,,1,,,ReturnsNotAccepted,,,,,,,,,,,,,,Yes,No,,,,
Revise,RBM-0002-00003-06400,261328,0,2024 Bowman JAMES WOOD #BP-91 Prospects Purple /250 Nationals,,,4000,No,,,,,,,,,,,,,Excellent,,,,,,,,,,,,,,,,,,,,,,,,,,FixedPriceItem,GTC,6.49,,1,,,ImmediatePayRequired,,United States,,Flat,USPSFirstClass,1,0.0,,,,1,,,ReturnsNotAccepted,,,,,,,,,,,,,,Yes,No,,,,
Revise,RBM-0002-00004-08697,261328,0,2025 Topps Chrome Update NICK KURTZ #NT-5 NIGHT TERRORS RC Athletics Rookie,,,4000,No,,,,,,,,,,,,,Excellent,,,,,,,,,,,,,,,,,,,,,,,,,,FixedPriceItem,GTC,4.99,,1,,,ImmediatePayRequired,,United States,,Flat,USPSFirstClass,1,0.0,,,,1,,,ReturnsNotAccepted,,,,,,,,,,,,,,Yes,No,,,,
Revise,RBM-0002-00008-25995,261328,0,2025 Bowman Chrome JAMES WOOD #MM-4 MELT MASHERS RC Nationals Rookie,,,4000,No,,,,,,,,,,,,,Excellent,,,,,,,,,,,,,,,,,,,,,,,,,,FixedPriceItem,GTC,5.99,,1,,,ImmediatePayRequired,,United States,,Flat,USPSFirstClass,1,0.0,,,,1,,,ReturnsNotAccepted,,,,,,,,,,,,,,Yes,No,,,,
Revise,RBM-0002-00009-87409,261328,0,2025 Topps JACE JUNG #80 EASTER Holiday TIN BORDER RC Tigers Rookie,,,4000,No,,,,,,,,,,,,,Excellent,,,,,,,,,,,,,,,,,,,,,,,,,,FixedPriceItem,GTC,2.99,,1,,,ImmediatePayRequired,,United States,,Flat,USPSFirstClass,1,0.0,,,,1,,,ReturnsNotAccepted,,,,,,,,,,,,,,Yes,No,,,,
Revise,RBM-0002-00007-09774,261328,0,2025 Bowman Chrome ROMAN ANTHONY #MM-13 MELT MASHERS Red Sox,,,4000,No,,,,,,,,,,,,,Excellent,,,,,,,,,,,,,,,,,,,,,,,,,,FixedPriceItem,GTC,10.99,,1,,,ImmediatePayRequired,,United States,,Flat,USPSFirstClass,1,0.0,,,,1,,,ReturnsNotAccepted,,,,,,,,,,,,,,Yes,No,,,,
Revise,RBM-0002-00011-76485,261328,0,2025 Topps ARCHIVES MATT OLSON #95C-3 1995 CYBERSTATS Braves,,,4000,No,,,,,,,,,,,,,Excellent,,,,,,,,,,,,,,,,,,,,,,,,,,FixedPriceItem,GTC,2.99,,1,,,ImmediatePayRequired,,United States,,Flat,USPSFirstClass,1,0.0,,,,1,,,ReturnsNotAccepted,,,,,,,,,,,,,,Yes,No,,,,
Revise,JIMWH-0001-00004-40361,261328,0,2021 Bowman ZAC VEEN #CPA-ZV Chrome Prospect Auto Rockies,,,4000,No,,,,,,,,,,,,,Excellent,,,,,,,,,,,,,,,,,,,,,,,,,,FixedPriceItem,GTC,40.09,,1,,,ImmediatePayRequired,,United States,,Flat,USPSFirstClass,1,0.0,,,,1,,,ReturnsNotAccepted,,,,,,,,,,,,,,Yes,No,,,,
Revise,JIMWH-0001-00002-12403,261328,0,2021 Bowman ZAC VEEN #BCP-3 Chrome Prospects FUCHSIA Shimmer Refractor /199,,,4000,No,,,,,,,,,,,,,Excellent,,,,,,,,,,,,,,,,,,,,,,,,,,FixedPriceItem,GTC,9.99,,1,,,ImmediatePayRequired,,United States,,Flat,USPSFirstClass,1,0.0,,,,1,,,ReturnsNotAccepted,,,,,,,,,,,,,,Yes,No,,,,
Revise,MISC-0001-00019-02849,261328,0,2025 Bowman Chrome CADEN POWELL #BCP-212 1st Prospect Astros Basketball,,,4000,No,,,,,,,,,,,,,Excellent,,,,,,,,,,,,,,,,,,,,,,,,,,FixedPriceItem,GTC,2.49,,1,,,ImmediatePayRequired,,United States,,Flat,USPSFirstClass,1,0.0,,,,1,,,ReturnsNotAccepted,,,,,,,,,,,,,,Yes,No,,,,
Revise,MISC-0001-00013-56155,261328,0,2025 Bowman Chrome BO DAVIDSON #BCP-206 1st Prospect Giants Football,,,4000,No,,,,,,,,,,,,,Excellent,,,,,,,,,,,,,,,,,,,,,,,,,,FixedPriceItem,GTC,2.99,,1,,,ImmediatePayRequired,,United States,,Flat,USPSFirstClass,1,0.0,,,,1,,,ReturnsNotAccepted,,,,,,,,,,,,,,Yes,No,,,,
Revise,MISC-0001-00011-39335,261328,0,2025 Bowman Chrome CHRISTOPHER SUERO #BCP-191 1st Prospect Mets,,,4000,No,,,,,,,,,,,,,Excellent,,,,,,,,,,,,,,,,,,,,,,,,,,FixedPriceItem,GTC,1.99,,1,,,ImmediatePayRequired,,United States,,Flat,USPSFirstClass,1,0.0,,,,1,,,ReturnsNotAccepted,,,,,,,,,,,,,,Yes,No,,,,
Revise,MISC-0001-00016-32765,261328,0,2025 Bowman Chrome DJEAN MACARES #BCP-237 1st Prospect Giants Football,,,4000,No,,,,,,,,,,,,,Excellent,,,,,,,,,,,,,,,,,,,,,,,,,,FixedPriceItem,GTC,2.99,,1,,,ImmediatePayRequired,,United States,,Flat,USPSFirstClass,1,0.0,,,,1,,,ReturnsNotAccepted,,,,,,,,,,,,,,Yes,No,,,,
Revise,MISC-0001-00009-43297,261328,0,2026 Topps PAUL SKENES #TOG-14 Titans Of The GAME Football,,,4000,No,,,,,,,,,,,,,Excellent,,,,,,,,,,,,,,,,,,,,,,,,,,FixedPriceItem,GTC,3.49,,1,,,ImmediatePayRequired,,United States,,Flat,USPSFirstClass,1,0.0,,,,1,,,ReturnsNotAccepted,,,,,,,,,,,,,,Yes,No,,,,
Revise,MISC-0001-00018-56284,261328,0,2025 Bowman Chrome TSUNG-CHE CHENG #86 RC Pirates Rookie,,,4000,No,,,,,,,,,,,,,Excellent,,,,,,,,,,,,,,,,,,,,,,,,,,FixedPriceItem,GTC,2.49,,1,,,ImmediatePayRequired,,United States,,Flat,USPSFirstClass,1,0.0,,,,1,,,ReturnsNotAccepted,,,,,,,,,,,,,,Yes,No,,,,
Revise,MISC-0001-00005-46071,261328,0,2025 Bowman Chrome JOSE ANDERSON #BCP-193 1st Prospect Brewers,,,4000,No,,,,,,,,,,,,,Excellent,,,,,,,,,,,,,,,,,,,,,,,,,,FixedPriceItem,GTC,2.49,,1,,,ImmediatePayRequired,,United States,,Flat,USPSFirstClass,1,0.0,,,,1,,,ReturnsNotAccepted,,,,,,,,,,,,,,Yes,No,,,,
Revise,MISC-0001-00023-41601,261328,0,2025 Bowman Chrome LOGAN HENDERSON #92 RC Brewers Rookie,,,4000,No,,,,,,,,,,,,,Excellent,,,,,,,,,,,,,,,,,,,,,,,,,,FixedPriceItem,GTC,2.99,,1,,,ImmediatePayRequired,,United States,,Flat,USPSFirstClass,1,0.0,,,,1,,,ReturnsNotAccepted,,,,,,,,,,,,,,Yes,No,,,,
Revise,MISC-0001-00001-06710,261328,0,2025 Bowman Draft KORBYN DICKERSON #BDC-69 Chrome 1st Prospect Mariners,,,4000,No,,,,,,,,,,,,,Excellent,,,,,,,,,,,,,,,,,,,,,,,,,,FixedPriceItem,GTC,2.49,,1,,,ImmediatePayRequired,,United States,,Flat,USPSFirstClass,1,0.0,,,,1,,,ReturnsNotAccepted,,,,,,,,,,,,,,Yes,No,,,,
Revise,MISC-0001-00020-92577,261328,0,2025 Bowman Chrome LUISANGEL ACUNA #32 RC Mets Rookie,,,4000,No,,,,,,,,,,,,,Excellent,,,,,,,,,,,,,,,,,,,,,,,,,,FixedPriceItem,GTC,1.99,,1,,,ImmediatePayRequired,,United States,,Flat,USPSFirstClass,1,0.0,,,,1,,,ReturnsNotAccepted,,,,,,,,,,,,,,Yes,No,,,,
Revise,MISC-0001-00006-03028,261328,0,2025 Bowman Chrome CRISTOPHER ACOSTA #BCP-176 1st Prospect Brewers USA,,,4000,No,,,,,,,,,,,,,Excellent,,,,,,,,,,,,,,,,,,,,,,,,,,FixedPriceItem,GTC,2.49,,1,,,ImmediatePayRequired,,United States,,Flat,USPSFirstClass,1,0.0,,,,1,,,ReturnsNotAccepted,,,,,,,,,,,,,,Yes,No,,,,
Revise,MISC-0001-00022-25957,261328,0,2025 Bowman Chrome BRYCE BOETTCHER #BCP-243 1st Prospect Astros,,,4000,No,,,,,,,,,,,,,Excellent,,,,,,,,,,,,,,,,,,,,,,,,,,FixedPriceItem,GTC,2.99,,1,,,ImmediatePayRequired,,United States,,Flat,USPSFirstClass,1,0.0,,,,1,,,ReturnsNotAccepted,,,,,,,,,,,,,,Yes,No,,,,
Revise,MISC-0001-00008-55919,261328,0,2025 Bowman Chrome JAKOB CHRISTIAN #BCP-157 1st Prospect Giants Football,,,4000,No,,,,,,,,,,,,,Excellent,,,,,,,,,,,,,,,,,,,,,,,,,,FixedPriceItem,GTC,2.49,,1,,,ImmediatePayRequired,,United States,,Flat,USPSFirstClass,1,0.0,,,,1,,,ReturnsNotAccepted,,,,,,,,,,,,,,Yes,No,,,,
Revise,MISC-0001-00010-15278,261328,0,2025 Bowman Chrome MARCO DINGES #BCP-183 1st Prospect Brewers,,,4000,No,,,,,,,,,,,,,Excellent,,,,,,,,,,,,,,,,,,,,,,,,,,FixedPriceItem,GTC,3.49,,1,,,ImmediatePayRequired,,United States,,Flat,USPSFirstClass,1,0.0,,,,1,,,ReturnsNotAccepted,,,,,,,,,,,,,,Yes,No,,,,
Revise,MISC-0001-00007-69085,261328,0,2025 Bowman Chrome ROBERT HIPWELL #BCP-238 1st Prospect Giants Football,,,4000,No,,,,,,,,,,,,,Excellent,,,,,,,,,,,,,,,,,,,,,,,,,,FixedPriceItem,GTC,2.49,,1,,,ImmediatePayRequired,,United States,,Flat,USPSFirstClass,1,0.0,,,,1,,,ReturnsNotAccepted,,,,,,,,,,,,,,Yes,No,,,,
Revise,BBRB-0003-00009-99200,261328,0,2023 Topps SHOHEI OHTANI #SMLB-21 Stars of MLB Angels,,,4000,No,,,,,,,,,,,,,Excellent,,,,,,,,,,,,,,,,,,,,,,,,,,FixedPriceItem,GTC,4.49,,1,,,ImmediatePayRequired,,United States,,Flat,USPSFirstClass,1,0.0,,,,1,,,ReturnsNotAccepted,,,,,,,,,,,,,,Yes,No,,,,
Revise,BBRB-0003-00007-61781,261328,0,2024 Topps NOW SHOHEI OHTANI SB #50 STOLEN BASE HISTORIC 50/50 SEASON 50 Dodgers,,,4000,No,,,,,,,,,,,,,Excellent,,,,,,,,,,,,,,,,,,,,,,,,,,FixedPriceItem,GTC,11.09,,1,,,ImmediatePayRequired,,United States,,Flat,USPSFirstClass,1,0.0,,,,1,,,ReturnsNotAccepted,,,,,,,,,,,,,,Yes,No,,,,
Revise,BBRB-0003-00008-50259,261328,0,2024 Topps NOW SHOHEI OHTANI SB #1 STOLEN BASE HISTORIC 50/50 SEASON 1 Dodgers,,,4000,No,,,,,,,,,,,,,Excellent,,,,,,,,,,,,,,,,,,,,,,,,,,FixedPriceItem,GTC,21.49,,1,,,ImmediatePayRequired,,United States,,Flat,USPSFirstClass,1,0.0,,,,1,,,ReturnsNotAccepted,,,,,,,,,,,,,,Yes,No,,,,
Revise,j9yym-1DE2F8E,261328,0,2021-22 Topps TIER ONE BUNDESLIGA Auto RELICS ONDREJ DUDA #ATOR-OD 1 #/10,,,4000,No,,,,,,,,,,,,,Excellent,,,,,,,,,,,,,,,,,,,,,,,,,,FixedPriceItem,GTC,75.00,,1,,,ImmediatePayRequired,,United States,,Flat,USPSFirstClass,1,0.0,,,,1,,,ReturnsNotAccepted,,,,,,,,,,,,,,Yes,No,,,,
Revise,MISC-0001-00014-16242,261328,0,2025 Bowman Chrome ROBERT HIPWELL #BCP-238 MINI DIAMOND Refractor 1st Prospect,,,4000,No,,,,,,,,,,,,,Excellent,,,,,,,,,,,,,,,,,,,,,,,,,,FixedPriceItem,GTC,2.99,,1,,,ImmediatePayRequired,,United States,,Flat,USPSFirstClass,1,0.0,,,,1,,,ReturnsNotAccepted,,,,,,,,,,,,,,Yes,No,,,,
Revise,BBTBR-0001-00001-79255,261328,0,2025-26 Topps FINEST ACE BAILEY #5 COMMON Green Refractor 23/75 RC JAZZ Rookie,,,4000,No,,,,,,,,,,,,,Excellent,,,,,,,,,,,,,,,,,,,,,,,,,,FixedPriceItem,GTC,45.69,,1,,,ImmediatePayRequired,,United States,,Flat,USPSFirstClass,1,0.0,,,,1,,,ReturnsNotAccepted,,,,,,,,,,,,,,Yes,No,,,,
Revise,MISC-0002-00027-97598,261328,0,2024 Bowman CURTIS MEAD #28 Neon Green 156/399 RC Rays Rookie,,,4000,No,,,,,,,,,,,,,Excellent,,,,,,,,,,,,,,,,,,,,,,,,,,FixedPriceItem,GTC,3.99,,1,,,ImmediatePayRequired,,United States,,Flat,USPSFirstClass,1,0.0,,,,1,,,ReturnsNotAccepted,,,,,,,,,,,,,,Yes,No,,,,
Revise,MISC-0002-00019-53297,261328,0,2024 Topps Heritage JUNIOR CAMINERO #267 RC Rays Rookie,,,4000,No,,,,,,,,,,,,,Excellent,,,,,,,,,,,,,,,,,,,,,,,,,,FixedPriceItem,GTC,2.99,,1,,,ImmediatePayRequired,,United States,,Flat,USPSFirstClass,1,0.0,,,,1,,,ReturnsNotAccepted,,,,,,,,,,,,,,Yes,No,,,,
Revise,MISC-0002-00026-10377,261328,0,2023 Topps CORBIN CARROLL #401 RC Diamondbacks Rookie,,,4000,No,,,,,,,,,,,,,Excellent,,,,,,,,,,,,,,,,,,,,,,,,,,FixedPriceItem,GTC,3.49,,1,,,ImmediatePayRequired,,United States,,Flat,USPSFirstClass,1,0.0,,,,1,,,ReturnsNotAccepted,,,,,,,,,,,,,,Yes,No,,,,
Revise,MISC-0002-00024-98746,261328,0,2024 Topps Chrome KETEL MARTE #35 Purple SPECKLE Refractor 294/299 Diamondbacks,,,4000,No,,,,,,,,,,,,,Excellent,,,,,,,,,,,,,,,,,,,,,,,,,,FixedPriceItem,GTC,5.49,,1,,,ImmediatePayRequired,,United States,,Flat,USPSFirstClass,1,0.0,,,,1,,,ReturnsNotAccepted,,,,,,,,,,,,,,Yes,No,,,,
Revise,MISC-0002-00030-85662,261328,0,2020 Topps Update MIKE TROUT #U-243 Angels,,,4000,No,,,,,,,,,,,,,Excellent,,,,,,,,,,,,,,,,,,,,,,,,,,FixedPriceItem,GTC,3.49,,1,,,ImmediatePayRequired,,United States,,Flat,USPSFirstClass,1,0.0,,,,1,,,ReturnsNotAccepted,,,,,,,,,,,,,,Yes,No,,,,
Revise,MISC-0002-00011-84730,261328,0,2024 Topps Chrome YOSHINOBU YAMAMOTO #18 RC Dodgers Rookie,,,4000,No,,,,,,,,,,,,,Excellent,,,,,,,,,,,,,,,,,,,,,,,,,,FixedPriceItem,GTC,5.99,,1,,,ImmediatePayRequired,,United States,,Flat,USPSFirstClass,1,0.0,,,,1,,,ReturnsNotAccepted,,,,,,,,,,,,,,Yes,No,,,,
Revise,MISC-0002-00022-86722,261328,0,2025 Topps DYLAN CREWS #SMLB-30 Stars of MLB RC Nationals Rookie,,,4000,No,,,,,,,,,,,,,Excellent,,,,,,,,,,,,,,,,,,,,,,,,,,FixedPriceItem,GTC,1.99,,1,,,ImmediatePayRequired,,United States,,Flat,USPSFirstClass,1,0.0,,,,1,,,ReturnsNotAccepted,,,,,,,,,,,,,,Yes,No,,,,
Revise,MISC-0002-00017-82278,261328,0,2024 Topps Chrome ONEIL CRUZ #98 Purple SONAR Refractor 155/275 Pirates,,,4000,No,,,,,,,,,,,,,Excellent,,,,,,,,,,,,,,,,,,,,,,,,,,FixedPriceItem,GTC,6.49,,1,,,ImmediatePayRequired,,United States,,Flat,USPSFirstClass,1,0.0,,,,1,,,ReturnsNotAccepted,,,,,,,,,,,,,,Yes,No,,,,
Revise,MISC-0002-00013-08641,261328,0,2024 Bowman Mega BOX JORDAN WESTBURG #42 MOJO FUCHSIA Refractor 9/299 Orioles,,,4000,No,,,,,,,,,,,,,Excellent,,,,,,,,,,,,,,,,,,,,,,,,,,FixedPriceItem,GTC,3.49,,1,,,ImmediatePayRequired,,United States,,Flat,USPSFirstClass,1,0.0,,,,1,,,ReturnsNotAccepted,,,,,,,,,,,,,,Yes,No,,,,
Revise,MISC-0002-00023-41119,261328,0,2024 Panini Prizm RHETT LOWDER #65 Green Ice Reds,,,4000,No,,,,,,,,,,,,,Excellent,,,,,,,,,,,,,,,,,,,,,,,,,,FixedPriceItem,GTC,3.99,,1,,,ImmediatePayRequired,,United States,,Flat,USPSFirstClass,1,0.0,,,,1,,,ReturnsNotAccepted,,,,,,,,,,,,,,Yes,No,,,,
Revise,MISC-0002-00015-71706,261328,0,2021 Bowman 1st EDITION ANTHONY VOLPE #BFE-85 Yankees,,,4000,No,,,,,,,,,,,,,Excellent,,,,,,,,,,,,,,,,,,,,,,,,,,FixedPriceItem,GTC,4.49,,1,,,ImmediatePayRequired,,United States,,Flat,USPSFirstClass,1,0.0,,,,1,,,ReturnsNotAccepted,,,,,,,,,,,,,,Yes,No,,,,
Revise,MISC-0002-00010-41454,261328,0,2024 Bowman Chrome MASYN WINN #61 Mega BOX Aqua REF 98/299 RC Cardinals Rookie,,,4000,No,,,,,,,,,,,,,Excellent,,,,,,,,,,,,,,,,,,,,,,,,,,FixedPriceItem,GTC,11.09,,1,,,ImmediatePayRequired,,United States,,Flat,USPSFirstClass,1,0.0,,,,1,,,ReturnsNotAccepted,,,,,,,,,,,,,,Yes,No,,,,
Revise,MISC-0002-00020-56361,261328,0,2022 Bowman MIKE TROUT #32 Angels,,,4000,No,,,,,,,,,,,,,Excellent,,,,,,,,,,,,,,,,,,,,,,,,,,FixedPriceItem,GTC,3.49,,1,,,ImmediatePayRequired,,United States,,Flat,USPSFirstClass,1,0.0,,,,1,,,ReturnsNotAccepted,,,,,,,,,,,,,,Yes,No,,,,
Revise,Refresh-0002-00016-52031,261328,0,2022-23 Panini FLUX ZION WILLIAMSON #115 Pelicans Basketball,,,4000,No,,,,,,,,,,,,,Excellent,,,,,,,,,,,,,,,,,,,,,,,,,,FixedPriceItem,GTC,3.49,,1,,,ImmediatePayRequired,,United States,,Flat,USPSFirstClass,1,0.0,,,,1,,,ReturnsNotAccepted,,,,,,,,,,,,,,Yes,No,,,,
Revise,Refresh-0002-00026-89756,261328,0,2024 Panini Prizm Draft PICKS COLLEGIATE BRONNY JAMES JR. #3 FEARLESS Silver RC,,,4000,No,,,,,,,,,,,,,Excellent,,,,,,,,,,,,,,,,,,,,,,,,,,FixedPriceItem,GTC,3.49,,1,,,ImmediatePayRequired,,United States,,Flat,USPSFirstClass,1,0.0,,,,1,,,ReturnsNotAccepted,,,,,,,,,,,,,,Yes,No,,,,
Revise,Refresh-0002-00045-60744,261328,0,2022-23 Panini HOOPS JUSTIN HOLIDAY #GS-JHD GREAT SIGNIFICANCE Auto Hawks,,,4000,No,,,,,,,,,,,,,Excellent,,,,,,,,,,,,,,,,,,,,,,,,,,FixedPriceItem,GTC,6.49,,1,,,ImmediatePayRequired,,United States,,Flat,USPSFirstClass,1,0.0,,,,1,,,ReturnsNotAccepted,,,,,,,,,,,,,,Yes,No,,,,
Revise,Refresh-0002-00005-03897,261328,0,2024-25 Panini HOOPS DENNIS SCHRODER #60 STORM /299 Nets Basketball,,,4000,No,,,,,,,,,,,,,Excellent,,,,,,,,,,,,,,,,,,,,,,,,,,FixedPriceItem,GTC,4.49,,1,,,ImmediatePayRequired,,United States,,Flat,USPSFirstClass,1,0.0,,,,1,,,ReturnsNotAccepted,,,,,,,,,,,,,,Yes,No,,,,
Revise,Refresh-0002-00017-51777,261328,0,2025-26 Topps LIAM MCNEELEY #TC-LM 1980-81 Chrome MOJO REF RC HORNETS Rookie,,,4000,No,,,,,,,,,,,,,Excellent,,,,,,,,,,,,,,,,,,,,,,,,,,FixedPriceItem,GTC,2.99,,1,,,ImmediatePayRequired,,United States,,Flat,USPSFirstClass,1,0.0,,,,1,,,ReturnsNotAccepted,,,,,,,,,,,,,,Yes,No,,,,
Revise,Refresh-0002-00042-96637,261328,0,2024-25 Panini MOSAIC JARED MCCAIN #17 THUNDER ROAD Mosaic RC 76ers Rookie,,,4000,No,,,,,,,,,,,,,Excellent,,,,,,,,,,,,,,,,,,,,,,,,,,FixedPriceItem,GTC,3.49,,1,,,ImmediatePayRequired,,United States,,Flat,USPSFirstClass,1,0.0,,,,1,,,ReturnsNotAccepted,,,,,,,,,,,,,,Yes,No,,,,
Revise,Refresh-0002-00010-77273,261328,0,2025-26 Topps Chrome BUDDY HIELD #215 Yellow Basketball Refractor /275 Warriors,,,4000,No,,,,,,,,,,,,,Excellent,,,,,,,,,,,,,,,,,,,,,,,,,,FixedPriceItem,GTC,4.99,,1,,,ImmediatePayRequired,,United States,,Flat,USPSFirstClass,1,0.0,,,,1,,,ReturnsNotAccepted,,,,,,,,,,,,,,Yes,No,,,,
Revise,Refresh-0002-00015-78594,261328,0,2020-21 Panini Prizm STEPHEN CURRY #159 Warriors Basketball,,,4000,No,,,,,,,,,,,,,Excellent,,,,,,,,,,,,,,,,,,,,,,,,,,FixedPriceItem,GTC,3.49,,1,,,ImmediatePayRequired,,United States,,Flat,USPSFirstClass,1,0.0,,,,1,,,ReturnsNotAccepted,,,,,,,,,,,,,,Yes,No,,,,
Revise,Refresh-0002-00024-12022,261328,0,2020-21 Panini Chronicles TYRESE HALIBURTON #241 Green RC Kings Rookie,,,4000,No,,,,,,,,,,,,,Excellent,,,,,,,,,,,,,,,,,,,,,,,,,,FixedPriceItem,GTC,3.99,,1,,,ImmediatePayRequired,,United States,,Flat,USPSFirstClass,1,0.0,,,,1,,,ReturnsNotAccepted,,,,,,,,,,,,,,Yes,No,,,,
Revise,Refresh-0002-00003-04154,261328,0,2023-24 Panini MOSAIC TYRESE HALIBURTON #289 CITY EDITION Pacers Basketball,,,4000,No,,,,,,,,,,,,,Excellent,,,,,,,,,,,,,,,,,,,,,,,,,,FixedPriceItem,GTC,2.49,,1,,,ImmediatePayRequired,,United States,,Flat,USPSFirstClass,1,0.0,,,,1,,,ReturnsNotAccepted,,,,,,,,,,,,,,Yes,No,,,,
Revise,Refresh-0002-00023-69135,261328,0,2021-22 Panini Prizm Draft PICKS ANTHONY EDWARDS #65 BULLDOGS Basketball,,,4000,No,,,,,,,,,,,,,Excellent,,,,,,,,,,,,,,,,,,,,,,,,,,FixedPriceItem,GTC,3.99,,1,,,ImmediatePayRequired,,United States,,Flat,USPSFirstClass,1,0.0,,,,1,,,ReturnsNotAccepted,,,,,,,,,,,,,,Yes,No,,,,
Revise,Refresh-0002-00008-99661,261328,0,2023-24 Panini Donruss Optic JAYSON TATUM #140 Celtics Basketball,,,4000,No,,,,,,,,,,,,,Excellent,,,,,,,,,,,,,,,,,,,,,,,,,,FixedPriceItem,GTC,2.99,,1,,,ImmediatePayRequired,,United States,,Flat,USPSFirstClass,1,0.0,,,,1,,,ReturnsNotAccepted,,,,,,,,,,,,,,Yes,No,,,,
Revise,Refresh-0002-00014-69793,261328,0,2024-25 Panini HOOPS VICTOR WEMBANYAMA #10 FREQUENT FLYERS Winter SPURS,,,4000,No,,,,,,,,,,,,,Excellent,,,,,,,,,,,,,,,,,,,,,,,,,,FixedPriceItem,GTC,4.49,,1,,,ImmediatePayRequired,,United States,,Flat,USPSFirstClass,1,0.0,,,,1,,,ReturnsNotAccepted,,,,,,,,,,,,,,Yes,No,,,,
Revise,Refresh-0002-00043-41130,261328,0,2024 Panini Prizm Draft PICKS COLLEGIATE STEPHEN CURRY #77 Basketball,,,4000,No,,,,,,,,,,,,,Excellent,,,,,,,,,,,,,,,,,,,,,,,,,,FixedPriceItem,GTC,3.49,,1,,,ImmediatePayRequired,,United States,,Flat,USPSFirstClass,1,0.0,,,,1,,,ReturnsNotAccepted,,,,,,,,,,,,,,Yes,No,,,,
Revise,Refresh-0002-00034-25758,261328,0,2025-26 Topps ACE BAILEY #205 RC JAZZ Rookie Basketball,,,4000,No,,,,,,,,,,,,,Excellent,,,,,,,,,,,,,,,,,,,,,,,,,,FixedPriceItem,GTC,1.99,,1,,,ImmediatePayRequired,,United States,,Flat,USPSFirstClass,1,0.0,,,,1,,,ReturnsNotAccepted,,,,,,,,,,,,,,Yes,No,,,,
Revise,Refresh-0002-00035-79814,261328,0,2024 Panini Prizm Draft PICKS COLLEGIATE REED SHEPPARD #2 DEEP SPACE Silver RC,,,4000,No,,,,,,,,,,,,,Excellent,,,,,,,,,,,,,,,,,,,,,,,,,,FixedPriceItem,GTC,2.99,,1,,,ImmediatePayRequired,,United States,,Flat,USPSFirstClass,1,0.0,,,,1,,,ReturnsNotAccepted,,,,,,,,,,,,,,Yes,No,,,,
Revise,Refresh-0002-00039-31810,261328,0,2025-26 Topps DONOVAN MITCHELL #TC-DM 1980-81 Chrome MOJO Refractor Cavaliers,,,4000,No,,,,,,,,,,,,,Excellent,,,,,,,,,,,,,,,,,,,,,,,,,,FixedPriceItem,GTC,2.99,,1,,,ImmediatePayRequired,,United States,,Flat,USPSFirstClass,1,0.0,,,,1,,,ReturnsNotAccepted,,,,,,,,,,,,,,Yes,No,,,,
Revise,Refresh-0002-00025-34034,261328,0,2023-24 Panini Donruss Optic ZION WILLIAMSON #35 Hyper Pink Prizm Pelicans,,,4000,No,,,,,,,,,,,,,Excellent,,,,,,,,,,,,,,,,,,,,,,,,,,FixedPriceItem,GTC,2.99,,1,,,ImmediatePayRequired,,United States,,Flat,USPSFirstClass,1,0.0,,,,1,,,ReturnsNotAccepted,,,,,,,,,,,,,,Yes,No,,,,
Revise,Refresh-0002-00011-21871,261328,0,2025-26 Topps KON KNUEPPEL #204 RC HORNETS Rookie Basketball,,,4000,No,,,,,,,,,,,,,Excellent,,,,,,,,,,,,,,,,,,,,,,,,,,FixedPriceItem,GTC,3.99,,1,,,ImmediatePayRequired,,United States,,Flat,USPSFirstClass,1,0.0,,,,1,,,ReturnsNotAccepted,,,,,,,,,,,,,,Yes,No,,,,
Revise,Refresh-0002-00018-36524,261328,0,2020-21 Panini Prizm CARMELO ANTHONY #154 TRAIL BLAZERS Basketball,,,4000,No,,,,,,,,,,,,,Excellent,,,,,,,,,,,,,,,,,,,,,,,,,,FixedPriceItem,GTC,2.49,,1,,,ImmediatePayRequired,,United States,,Flat,USPSFirstClass,1,0.0,,,,1,,,ReturnsNotAccepted,,,,,,,,,,,,,,Yes,No,,,,
Revise,Refresh-0002-00041-96935,261328,0,2024-25 Panini Donruss Optic ALEXANDRE SARR #9 MY HOUSE Holo RC WIZARDS Rookie,,,4000,No,,,,,,,,,,,,,Excellent,,,,,,,,,,,,,,,,,,,,,,,,,,FixedPriceItem,GTC,2.99,,1,,,ImmediatePayRequired,,United States,,Flat,USPSFirstClass,1,0.0,,,,1,,,ReturnsNotAccepted,,,,,,,,,,,,,,Yes,No,,,,
Revise,Refresh-0002-00007-00636,261328,0,2025-26 Topps ACE BAILEY #NL-5 NO LIMIT RC JAZZ Rookie Basketball,,,4000,No,,,,,,,,,,,,,Excellent,,,,,,,,,,,,,,,,,,,,,,,,,,FixedPriceItem,GTC,5.49,,1,,,ImmediatePayRequired,,United States,,Flat,USPSFirstClass,1,0.0,,,,1,,,ReturnsNotAccepted,,,,,,,,,,,,,,Yes,No,,,,
Revise,Refresh-0002-00009-60951,261328,0,2025-26 Topps NOA ESSENGUE #TC-NE 1980-81 Chrome MOJO Refractor RC Bulls Rookie,,,4000,No,,,,,,,,,,,,,Excellent,,,,,,,,,,,,,,,,,,,,,,,,,,FixedPriceItem,GTC,2.49,,1,,,ImmediatePayRequired,,United States,,Flat,USPSFirstClass,1,0.0,,,,1,,,ReturnsNotAccepted,,,,,,,,,,,,,,Yes,No,,,,
Revise,Refresh-0002-00027-14509,261328,0,2024 Panini Prizm Draft PICKS COLLEGIATE CAMERON BRINK #89b RC VAR Rookie,,,4000,No,,,,,,,,,,,,,Excellent,,,,,,,,,,,,,,,,,,,,,,,,,,FixedPriceItem,GTC,2.99,,1,,,ImmediatePayRequired,,United States,,Flat,USPSFirstClass,1,0.0,,,,1,,,ReturnsNotAccepted,,,,,,,,,,,,,,Yes,No,,,,
Revise,Refresh-0002-00044-41719,261328,0,2014-15 Panini Select JOAKIM NOAH #33 PRIZMS Red 109/149 Bulls Basketball,,,4000,No,,,,,,,,,,,,,Excellent,,,,,,,,,,,,,,,,,,,,,,,,,,FixedPriceItem,GTC,7.19,,1,,,ImmediatePayRequired,,United States,,Flat,USPSFirstClass,1,0.0,,,,1,,,ReturnsNotAccepted,,,,,,,,,,,,,,Yes,No,,,,
Revise,Refresh-0002-00028-01970,261328,0,2024 Panini Prizm Draft PICKS COLLEGIATE CAMERON BRINK #89 RC CARDINAL Rookie,,,4000,No,,,,,,,,,,,,,Excellent,,,,,,,,,,,,,,,,,,,,,,,,,,FixedPriceItem,GTC,3.99,,1,,,ImmediatePayRequired,,United States,,Flat,USPSFirstClass,1,0.0,,,,1,,,ReturnsNotAccepted,,,,,,,,,,,,,,Yes,No,,,,
Revise,Refresh-0002-00038-17093,261328,0,2025-26 Topps FRANZ WAGNER #TC-FW 1980-81 Chrome MOJO Refractor MAGIC Basketball,,,4000,No,,,,,,,,,,,,,Excellent,,,,,,,,,,,,,,,,,,,,,,,,,,FixedPriceItem,GTC,2.99,,1,,,ImmediatePayRequired,,United States,,Flat,USPSFirstClass,1,0.0,,,,1,,,ReturnsNotAccepted,,,,,,,,,,,,,,Yes,No,,,,
Revise,Refresh-0002-00037-77919,261328,0,2024-25 Panini Donruss Optic ROBERT WILLIAMS III #139 Holo Prizm TRAIL BLAZERS,,,4000,No,,,,,,,,,,,,,Excellent,,,,,,,,,,,,,,,,,,,,,,,,,,FixedPriceItem,GTC,3.49,,1,,,ImmediatePayRequired,,United States,,Flat,USPSFirstClass,1,0.0,,,,1,,,ReturnsNotAccepted,,,,,,,,,,,,,,Yes,No,,,,
Revise,Refresh-0002-00012-89406,261328,0,2024-25 Panini Donruss Optic JALEN BRUNSON #12 MY HOUSE Knicks Basketball,,,4000,No,,,,,,,,,,,,,Excellent,,,,,,,,,,,,,,,,,,,,,,,,,,FixedPriceItem,GTC,3.99,,1,,,ImmediatePayRequired,,United States,,Flat,USPSFirstClass,1,0.0,,,,1,,,ReturnsNotAccepted,,,,,,,,,,,,,,Yes,No,,,,
Revise,Refresh-0002-00019-10381,261328,0,2023-24 Panini PHOENIX GIANNIS ANTETOKOUNMPO #10 PARAGON Bucks Basketball,,,4000,No,,,,,,,,,,,,,Excellent,,,,,,,,,,,,,,,,,,,,,,,,,,FixedPriceItem,GTC,3.49,,1,,,ImmediatePayRequired,,United States,,Flat,USPSFirstClass,1,0.0,,,,1,,,ReturnsNotAccepted,,,,,,,,,,,,,,Yes,No,,,,
Revise,Refresh-0002-00029-19591,261328,0,2024 Panini Prizm Draft PICKS COLLEGIATE ZACCHARIE RISACHER #21 NEW RECRUITS RC,,,4000,No,,,,,,,,,,,,,Excellent,,,,,,,,,,,,,,,,,,,,,,,,,,FixedPriceItem,GTC,3.49,,1,,,ImmediatePayRequired,,United States,,Flat,USPSFirstClass,1,0.0,,,,1,,,ReturnsNotAccepted,,,,,,,,,,,,,,Yes,No,,,,
Revise,Refresh-0002-00033-71270,261328,0,2022-23 Panini FLUX JAYLEN BROWN #62 Celtics Basketball,,,4000,No,,,,,,,,,,,,,Excellent,,,,,,,,,,,,,,,,,,,,,,,,,,FixedPriceItem,GTC,2.49,,1,,,ImmediatePayRequired,,United States,,Flat,USPSFirstClass,1,0.0,,,,1,,,ReturnsNotAccepted,,,,,,,,,,,,,,Yes,No,,,,
Revise,Refresh-0002-00001-32193,261328,0,2019-20 Panini ILLUSIONS DEVIN BOOKER #16 SHINING Stars EMERALD Suns Basketball,,,4000,No,,,,,,,,,,,,,Excellent,,,,,,,,,,,,,,,,,,,,,,,,,,FixedPriceItem,GTC,4.49,,1,,,ImmediatePayRequired,,United States,,Flat,USPSFirstClass,1,0.0,,,,1,,,ReturnsNotAccepted,,,,,,,,,,,,,,Yes,No,,,,
Revise,Refresh-0002-00004-29502,261328,0,2021-22 Panini Prizm JONATHAN KUMINGA #7 INSTANT IMPACT RC Warriors Rookie,,,4000,No,,,,,,,,,,,,,Excellent,,,,,,,,,,,,,,,,,,,,,,,,,,FixedPriceItem,GTC,2.99,,1,,,ImmediatePayRequired,,United States,,Flat,USPSFirstClass,1,0.0,,,,1,,,ReturnsNotAccepted,,,,,,,,,,,,,,Yes,No,,,,
Revise,Refresh-0002-00020-30791,261328,0,2021-22 Panini Prizm Draft PICKS STEPHEN CURRY #56 Basketball,,,4000,No,,,,,,,,,,,,,Excellent,,,,,,,,,,,,,,,,,,,,,,,,,,FixedPriceItem,GTC,2.99,,1,,,ImmediatePayRequired,,United States,,Flat,USPSFirstClass,1,0.0,,,,1,,,ReturnsNotAccepted,,,,,,,,,,,,,,Yes,No,,,,
Revise,Refresh-0002-00040-84885,261328,0,2024-25 Panini Donruss Optic SHAI GILGEOUS-ALEXANDER #6 MY HOUSE THUNDER,,,4000,No,,,,,,,,,,,,,Excellent,,,,,,,,,,,,,,,,,,,,,,,,,,FixedPriceItem,GTC,3.49,,1,,,ImmediatePayRequired,,United States,,Flat,USPSFirstClass,1,0.0,,,,1,,,ReturnsNotAccepted,,,,,,,,,,,,,,Yes,No,,,,
Revise,Refresh-0002-00022-62633,261328,0,2025-26 Topps THOMAS SORBER #TC-TS 1980-81 Chrome MOJO REF RC THUNDER Rookie,,,4000,No,,,,,,,,,,,,,Excellent,,,,,,,,,,,,,,,,,,,,,,,,,,FixedPriceItem,GTC,2.49,,1,,,ImmediatePayRequired,,United States,,Flat,USPSFirstClass,1,0.0,,,,1,,,ReturnsNotAccepted,,,,,,,,,,,,,,Yes,No,,,,
Revise,Refresh-0002-00006-58434,261328,0,2023-24 Panini Donruss Optic TYRESE HALIBURTON #27 Pacers Basketball,,,4000,No,,,,,,,,,,,,,Excellent,,,,,,,,,,,,,,,,,,,,,,,,,,FixedPriceItem,GTC,3.49,,1,,,ImmediatePayRequired,,United States,,Flat,USPSFirstClass,1,0.0,,,,1,,,ReturnsNotAccepted,,,,,,,,,,,,,,Yes,No,,,,
Revise,Refresh-0002-00031-63066,261328,0,2024 Panini Donruss Optic PACOME DADIET #264 Holo Prizm RC Rated Rookie,,,4000,No,,,,,,,,,,,,,Excellent,,,,,,,,,,,,,,,,,,,,,,,,,,FixedPriceItem,GTC,3.49,,1,,,ImmediatePayRequired,,United States,,Flat,USPSFirstClass,1,0.0,,,,1,,,ReturnsNotAccepted,,,,,,,,,,,,,,Yes,No,,,,
Revise,Refresh-0002-00021-44469,261328,0,2024-25 Panini Prizm DEVIN CARTER #231 Orange Ice RC Kings Rookie Basketball,,,4000,No,,,,,,,,,,,,,Excellent,,,,,,,,,,,,,,,,,,,,,,,,,,FixedPriceItem,GTC,2.99,,1,,,ImmediatePayRequired,,United States,,Flat,USPSFirstClass,1,0.0,,,,1,,,ReturnsNotAccepted,,,,,,,,,,,,,,Yes,No,,,,
Revise,Refresh-0002-00002-24910,261328,0,2024-25 Panini Prizm MONOPOLY VICTOR WEMBANYAMA #73 SPURS Basketball,,,4000,No,,,,,,,,,,,,,Excellent,,,,,,,,,,,,,,,,,,,,,,,,,,FixedPriceItem,GTC,3.49,,1,,,ImmediatePayRequired,,United States,,Flat,USPSFirstClass,1,0.0,,,,1,,,ReturnsNotAccepted,,,,,,,,,,,,,,Yes,No,,,,
Revise,Refresh-0002-00030-90861,261328,0,2024 Panini Prizm Draft PICKS COLLEGIATE STEPHEN CURRY #19 FEARLESS Basketball,,,4000,No,,,,,,,,,,,,,Excellent,,,,,,,,,,,,,,,,,,,,,,,,,,FixedPriceItem,GTC,3.49,,1,,,ImmediatePayRequired,,United States,,Flat,USPSFirstClass,1,0.0,,,,1,,,ReturnsNotAccepted,,,,,,,,,,,,,,Yes,No,,,,
Revise,Refresh-0002-00046-36964,261328,0,2022-23 Panini FLUX BAM ADEBAYO #7 D LUX Heat Basketball,,,4000,No,,,,,,,,,,,,,Excellent,,,,,,,,,,,,,,,,,,,,,,,,,,FixedPriceItem,GTC,3.99,,1,,,ImmediatePayRequired,,United States,,Flat,USPSFirstClass,1,0.0,,,,1,,,ReturnsNotAccepted,,,,,,,,,,,,,,Yes,No,,,,
Revise,Refresh-0002-00013-91105,261328,0,2024 Panini Prizm Draft PICKS COLLEGIATE REED SHEPPARD #13 NEW RECRUITS RC,,,4000,No,,,,,,,,,,,,,Excellent,,,,,,,,,,,,,,,,,,,,,,,,,,FixedPriceItem,GTC,3.99,,1,,,ImmediatePayRequired,,United States,,Flat,USPSFirstClass,1,0.0,,,,1,,,ReturnsNotAccepted,,,,,,,,,,,,,,Yes,No,,,,
Revise,Refresh-0002-00001-84687,261328,0,2025 Bowman Draft KONNOR GRIFFIN Chrome Refractor #BDC-102 Pirates,,,4000,No,,,,,,,,,,,,,Excellent,,,,,,,,,,,,,,,,,,,,,,,,,,FixedPriceItem,GTC,18.00,,1,,,ImmediatePayRequired,,United States,,Flat,USPSFirstClass,1,0.0,,,,1,,,ReturnsNotAccepted,,,,,,,,,,,,,,Yes,No,,,,
Revise,Refresh-0002-00002-79555,261328,0,2025 Bowman Draft DANTE NORI #BDC-33 Chrome Blue Refractor 53/150 Phillies,,,4000,No,,,,,,,,,,,,,Excellent,,,,,,,,,,,,,,,,,,,,,,,,,,FixedPriceItem,GTC,21.49,,1,,,ImmediatePayRequired,,United States,,Flat,USPSFirstClass,1,0.0,,,,1,,,ReturnsNotAccepted,,,,,,,,,,,,,,Yes,No,,,,
Revise,Refresh-0002-00013-19954,261328,0,2025 Bowman Draft TIM PIASENTIN #CPA-TP Chrome Auto 1st Prospect Blue Jays,,,4000,No,,,,,,,,,,,,,Excellent,,,,,,,,,,,,,,,,,,,,,,,,,,FixedPriceItem,GTC,21.49,,1,,,ImmediatePayRequired,,United States,,Flat,USPSFirstClass,1,0.0,,,,1,,,ReturnsNotAccepted,,,,,,,,,,,,,,Yes,No,,,,
Revise,Refresh-0002-00023-74402,261328,0,2025 BOWMAN'S BEST WALKER JANEK #B25-WJA BEST of Auto Astros,,,4000,No,,,,,,,,,,,,,Excellent,,,,,,,,,,,,,,,,,,,,,,,,,,FixedPriceItem,GTC,9.19,,1,,,ImmediatePayRequired,,United States,,Flat,USPSFirstClass,1,0.0,,,,1,,,ReturnsNotAccepted,,,,,,,,,,,,,,Yes,No,,,,
Revise,Refresh-0002-00011-30105,261328,0,2025 BOWMAN'S BEST CORBIN CARROLL #8 Blue Refractor 67/150 Diamondbacks,,,4000,No,,,,,,,,,,,,,Excellent,,,,,,,,,,,,,,,,,,,,,,,,,,FixedPriceItem,GTC,7.19,,1,,,ImmediatePayRequired,,United States,,Flat,USPSFirstClass,1,0.0,,,,1,,,ReturnsNotAccepted,,,,,,,,,,,,,,Yes,No,,,,
Revise,Refresh-0002-00018-84489,261328,0,2025 BOWMAN'S BEST BYRON BUXTON #48 Gold LAVA Refractor /50 Twins,,,4000,No,,,,,,,,,,,,,Excellent,,,,,,,,,,,,,,,,,,,,,,,,,,FixedPriceItem,GTC,10.99,,1,,,ImmediatePayRequired,,United States,,Flat,USPSFirstClass,1,0.0,,,,1,,,ReturnsNotAccepted,,,,,,,,,,,,,,Yes,No,,,,
Revise,Refresh-0002-00013-28586,261328,0,2025 Bowman Draft JARED THOMAS #BDC-147 Chrome Yellow CRACKED Ice Refractor /75,,,4000,No,,,,,,,,,,,,,Excellent,,,,,,,,,,,,,,,,,,,,,,,,,,FixedPriceItem,GTC,11.09,,1,,,ImmediatePayRequired,,United States,,Flat,USPSFirstClass,1,0.0,,,,1,,,ReturnsNotAccepted,,,,,,,,,,,,,,Yes,No,,,,
Revise,Refresh-0002-00009-30387,261328,0,2025 BOWMAN'S BEST MIKE TROUT #26 Refractor Angels,,,4000,No,,,,,,,,,,,,,Excellent,,,,,,,,,,,,,,,,,,,,,,,,,,FixedPriceItem,GTC,3.49,,1,,,ImmediatePayRequired,,United States,,Flat,USPSFirstClass,1,0.0,,,,1,,,ReturnsNotAccepted,,,,,,,,,,,,,,Yes,No,,,,
Revise,Refresh-0002-00020-28338,261328,0,2025 BOWMAN'S BEST JARED THOMAS #B25-JTH BEST of Auto Rockies,,,4000,No,,,,,,,,,,,,,Excellent,,,,,,,,,,,,,,,,,,,,,,,,,,FixedPriceItem,GTC,7.19,,1,,,ImmediatePayRequired,,United States,,Flat,USPSFirstClass,1,0.0,,,,1,,,ReturnsNotAccepted,,,,,,,,,,,,,,Yes,No,,,,
Revise,Refresh-0002-00001-65747,261328,0,2025 BOWMAN'S BEST ERIC BITONTI #B25-EBI BEST of Auto Brewers,,,4000,No,,,,,,,,,,,,,Excellent,,,,,,,,,,,,,,,,,,,,,,,,,,FixedPriceItem,GTC,7.69,,1,,,ImmediatePayRequired,,United States,,Flat,USPSFirstClass,1,0.0,,,,1,,,ReturnsNotAccepted,,,,,,,,,,,,,,Yes,No,,,,
Revise,Refresh-0002-00003-08094,261328,0,2025 BOWMAN'S BEST JOSWA LUGO #B25-JLU BEST of Auto Angels,,,4000,No,,,,,,,,,,,,,Excellent,,,,,,,,,,,,,,,,,,,,,,,,,,FixedPriceItem,GTC,5.99,,1,,,ImmediatePayRequired,,United States,,Flat,USPSFirstClass,1,0.0,,,,1,,,ReturnsNotAccepted,,,,,,,,,,,,,,Yes,No,,,,
Revise,RB_Batch-0005-00017-01745,261328,0,2025 BOWMAN'S BEST JESUS MADE #BP-20 PERFORMANCE Brewers,,,4000,No,,,,,,,,,,,,,Excellent,,,,,,,,,,,,,,,,,,,,,,,,,,FixedPriceItem,GTC,4.99,,1,,,ImmediatePayRequired,,United States,,Flat,USPSFirstClass,1,0.0,,,,1,,,ReturnsNotAccepted,,,,,,,,,,,,,,Yes,No,,,,
Revise,RB_Batch-0005-00044-68067,261328,0,2026 Topps Heritage AARON JUDGE #RA-AJ READY and ACTION Yankees,,,4000,No,,,,,,,,,,,,,Excellent,,,,,,,,,,,,,,,,,,,,,,,,,,FixedPriceItem,GTC,3.99,,1,,,ImmediatePayRequired,,United States,,Flat,USPSFirstClass,1,0.0,,,,1,,,ReturnsNotAccepted,,,,,,,,,,,,,,Yes,No,,,,
Revise,RB_Batch-0005-00001-41338,261328,0,2025 BOWMAN'S BEST CHASE DOLLANDER #30 Refractor RC Rockies Rookie,,,4000,No,,,,,,,,,,,,,Excellent,,,,,,,,,,,,,,,,,,,,,,,,,,FixedPriceItem,GTC,2.99,,1,,,ImmediatePayRequired,,United States,,Flat,USPSFirstClass,1,0.0,,,,1,,,ReturnsNotAccepted,,,,,,,,,,,,,,Yes,No,,,,
Revise,RB_Batch-0005-00055-79730,261328,0,2025 BOWMAN'S BEST CORBIN CARROLL #BP-3 PERFORMANCE MINI DIAMOND Refractor,,,4000,No,,,,,,,,,,,,,Excellent,,,,,,,,,,,,,,,,,,,,,,,,,,FixedPriceItem,GTC,5.09,,1,,,ImmediatePayRequired,,United States,,Flat,USPSFirstClass,1,0.0,,,,1,,,ReturnsNotAccepted,,,,,,,,,,,,,,Yes,No,,,,
Revise,RB_Batch-0005-00020-86355,261328,0,2025 BOWMAN'S BEST MARCELO MAYER #BS-3 SHOWPIECES MINI DIAMOND REF RC Rookie,,,4000,No,,,,,,,,,,,,,Excellent,,,,,,,,,,,,,,,,,,,,,,,,,,FixedPriceItem,GTC,14.99,,1,,,ImmediatePayRequired,,United States,,Flat,USPSFirstClass,1,0.0,,,,1,,,ReturnsNotAccepted,,,,,,,,,,,,,,Yes,No,,,,
Revise,RB_Batch-0005-00016-45389,261328,0,2025 BOWMAN'S BEST JESUS MADE #TP-17 Top Prospects Refractor Brewers,,,4000,No,,,,,,,,,,,,,Excellent,,,,,,,,,,,,,,,,,,,,,,,,,,FixedPriceItem,GTC,4.99,,1,,,ImmediatePayRequired,,United States,,Flat,USPSFirstClass,1,0.0,,,,1,,,ReturnsNotAccepted,,,,,,,,,,,,,,Yes,No,,,,
Revise,RB_Batch-0005-00032-80043,261328,0,2025 BOWMAN'S BEST GEORGE LOMBARD JR. #FG-19 MLB ALL-STAR FUTURES GAME AL,,,4000,No,,,,,,,,,,,,,Excellent,,,,,,,,,,,,,,,,,,,,,,,,,,FixedPriceItem,GTC,3.99,,1,,,ImmediatePayRequired,,United States,,Flat,USPSFirstClass,1,0.0,,,,1,,,ReturnsNotAccepted,,,,,,,,,,,,,,Yes,No,,,,
Revise,RB_Batch-0005-00025-63899,261328,0,2025 BOWMAN'S BEST MIKE TROUT #BP-22 PERFORMANCE Angels,,,4000,No,,,,,,,,,,,,,Excellent,,,,,,,,,,,,,,,,,,,,,,,,,,FixedPriceItem,GTC,4.49,,1,,,ImmediatePayRequired,,United States,,Flat,USPSFirstClass,1,0.0,,,,1,,,ReturnsNotAccepted,,,,,,,,,,,,,,Yes,No,,,,
Revise,RB_Batch-0005-00054-62366,261328,0,2025 BOWMAN'S BEST JJ WETHERHOLT #BS-11 SHOWPIECES Cardinals Football,,,4000,No,,,,,,,,,,,,,Excellent,,,,,,,,,,,,,,,,,,,,,,,,,,FixedPriceItem,GTC,14.99,,1,,,ImmediatePayRequired,,United States,,Flat,USPSFirstClass,1,0.0,,,,1,,,ReturnsNotAccepted,,,,,,,,,,,,,,Yes,No,,,,
Revise,RB_Batch-0005-00028-70614,261328,0,2025 BOWMAN'S BEST AGUSTIN RAMIREZ #16 Refractor RC Marlins Rookie,,,4000,No,,,,,,,,,,,,,Excellent,,,,,,,,,,,,,,,,,,,,,,,,,,FixedPriceItem,GTC,2.99,,1,,,ImmediatePayRequired,,United States,,Flat,USPSFirstClass,1,0.0,,,,1,,,ReturnsNotAccepted,,,,,,,,,,,,,,Yes,No,,,,
Revise,RB_Batch-0005-00045-98597,261328,0,2026 Topps BRYCE MILLER #331 Yellow Holo Foil 123/399 Mariners,,,4000,No,,,,,,,,,,,,,Excellent,,,,,,,,,,,,,,,,,,,,,,,,,,FixedPriceItem,GTC,3.99,,1,,,ImmediatePayRequired,,United States,,Flat,USPSFirstClass,1,0.0,,,,1,,,ReturnsNotAccepted,,,,,,,,,,,,,,Yes,No,,,,
Revise,RB_Batch-0005-00013-61337,261328,0,2025 BOWMAN'S BEST JJ WETHERHOLT #TP-14 Top Prospects REF Cardinals Football,,,4000,No,,,,,,,,,,,,,Excellent,,,,,,,,,,,,,,,,,,,,,,,,,,FixedPriceItem,GTC,7.99,,1,,,ImmediatePayRequired,,United States,,Flat,USPSFirstClass,1,0.0,,,,1,,,ReturnsNotAccepted,,,,,,,,,,,,,,Yes,No,,,,
Revise,RB_Batch-0005-00003-57150,261328,0,2025 BOWMAN'S BEST MARCELO MAYER #5 Refractor RC Red Sox Rookie,,,4000,No,,,,,,,,,,,,,Excellent,,,,,,,,,,,,,,,,,,,,,,,,,,FixedPriceItem,GTC,3.49,,1,,,ImmediatePayRequired,,United States,,Flat,USPSFirstClass,1,0.0,,,,1,,,ReturnsNotAccepted,,,,,,,,,,,,,,Yes,No,,,,
Revise,RB_Batch-0005-00039-94644,261328,0,2025 BOWMAN'S BEST JR RITCHIE #FG-9 MLB ALL-STAR FUTURES GAME NL,,,4000,No,,,,,,,,,,,,,Excellent,,,,,,,,,,,,,,,,,,,,,,,,,,FixedPriceItem,GTC,3.99,,1,,,ImmediatePayRequired,,United States,,Flat,USPSFirstClass,1,0.0,,,,1,,,ReturnsNotAccepted,,,,,,,,,,,,,,Yes,No,,,,
Revise,RB_Batch-0005-00026-98814,261328,0,2025 BOWMAN'S BEST MATT OLSON #20 Refractor Braves,,,4000,No,,,,,,,,,,,,,Excellent,,,,,,,,,,,,,,,,,,,,,,,,,,FixedPriceItem,GTC,2.99,,1,,,ImmediatePayRequired,,United States,,Flat,USPSFirstClass,1,0.0,,,,1,,,ReturnsNotAccepted,,,,,,,,,,,,,,Yes,No,,,,
Revise,RB_Batch-0005-00029-78872,261328,0,2026 Topps KRIS BUBIC #58 RAINBOW Foil Royals,,,4000,No,,,,,,,,,,,,,Excellent,,,,,,,,,,,,,,,,,,,,,,,,,,FixedPriceItem,GTC,3.49,,1,,,ImmediatePayRequired,,United States,,Flat,USPSFirstClass,1,0.0,,,,1,,,ReturnsNotAccepted,,,,,,,,,,,,,,Yes,No,,,,
Revise,RB_Batch-0005-00007-80964,261328,0,2026 Topps COLLECTOR'S KIT EXCLUSIVE ROMAN ANTHONY #MLB-2 RAINBOW Foil RC Rookie,,,4000,No,,,,,,,,,,,,,Excellent,,,,,,,,,,,,,,,,,,,,,,,,,,FixedPriceItem,GTC,5.99,,1,,,ImmediatePayRequired,,United States,,Flat,USPSFirstClass,1,0.0,,,,1,,,ReturnsNotAccepted,,,,,,,,,,,,,,Yes,No,,,,
Revise,RB_Batch-0005-00040-03022,261328,0,2025 BOWMAN'S BEST CAM SMITH #29 RC Astros Rookie,,,4000,No,,,,,,,,,,,,,Excellent,,,,,,,,,,,,,,,,,,,,,,,,,,FixedPriceItem,GTC,2.99,,1,,,ImmediatePayRequired,,United States,,Flat,USPSFirstClass,1,0.0,,,,1,,,ReturnsNotAccepted,,,,,,,,,,,,,,Yes,No,,,,
Revise,RB_Batch-0005-00005-48251,261328,0,2025 BOWMAN'S BEST MARCELO MAYER #P-18 PIXEL PORTRAITS RC Red Sox Rookie,,,4000,No,,,,,,,,,,,,,Excellent,,,,,,,,,,,,,,,,,,,,,,,,,,FixedPriceItem,GTC,5.99,,1,,,ImmediatePayRequired,,United States,,Flat,USPSFirstClass,1,0.0,,,,1,,,ReturnsNotAccepted,,,,,,,,,,,,,,Yes,No,,,,
Revise,RB_Batch-0005-00023-83538,261328,0,2026 Topps BO JACKSON #91C-5 1991 Chrome Silver PACK MOJO Refractor Royals,,,4000,No,,,,,,,,,,,,,Excellent,,,,,,,,,,,,,,,,,,,,,,,,,,FixedPriceItem,GTC,4.99,,1,,,ImmediatePayRequired,,United States,,Flat,USPSFirstClass,1,0.0,,,,1,,,ReturnsNotAccepted,,,,,,,,,,,,,,Yes,No,,,,
Revise,RB_Batch-0005-00024-97415,261328,0,2025 BOWMAN'S BEST JJ WETHERHOLT #FG-5 MLB ALL-STAR FUTURES GAME NL,,,4000,No,,,,,,,,,,,,,Excellent,,,,,,,,,,,,,,,,,,,,,,,,,,FixedPriceItem,GTC,5.99,,1,,,ImmediatePayRequired,,United States,,Flat,USPSFirstClass,1,0.0,,,,1,,,ReturnsNotAccepted,,,,,,,,,,,,,,Yes,No,,,,
Revise,RB_Batch-0005-00002-73077,261328,0,2025 BOWMAN'S BEST BYRON BUXTON #48 Refractor Twins,,,4000,No,,,,,,,,,,,,,Excellent,,,,,,,,,,,,,,,,,,,,,,,,,,FixedPriceItem,GTC,2.99,,1,,,ImmediatePayRequired,,United States,,Flat,USPSFirstClass,1,0.0,,,,1,,,ReturnsNotAccepted,,,,,,,,,,,,,,Yes,No,,,,
Revise,RB_Batch-0005-00011-73204,261328,0,2025 BOWMAN'S BEST SLADE CALDWELL #TP-30 Top Prospects Refractor Diamondbacks,,,4000,No,,,,,,,,,,,,,Excellent,,,,,,,,,,,,,,,,,,,,,,,,,,FixedPriceItem,GTC,3.49,,1,,,ImmediatePayRequired,,United States,,Flat,USPSFirstClass,1,0.0,,,,1,,,ReturnsNotAccepted,,,,,,,,,,,,,,Yes,No,,,,
Revise,RB_Batch-0005-00031-97486,261328,0,2025 BOWMAN'S BEST JAZZ CHISHOLM JR. #28 Refractor Yankees Basketball,,,4000,No,,,,,,,,,,,,,Excellent,,,,,,,,,,,,,,,,,,,,,,,,,,FixedPriceItem,GTC,3.49,,1,,,ImmediatePayRequired,,United States,,Flat,USPSFirstClass,1,0.0,,,,1,,,ReturnsNotAccepted,,,,,,,,,,,,,,Yes,No,,,,
Revise,RB_Batch-0005-00042-75023,261328,0,2026 Topps Heritage SHOHEI OHTANI #290 NL ALL-STARS LOS ANGELES Dodgers,,,4000,No,,,,,,,,,,,,,Excellent,,,,,,,,,,,,,,,,,,,,,,,,,,FixedPriceItem,GTC,3.99,,1,,,ImmediatePayRequired,,United States,,Flat,USPSFirstClass,1,0.0,,,,1,,,ReturnsNotAccepted,,,,,,,,,,,,,,Yes,No,,,,
Revise,RB_Batch-0005-00006-12283,261328,0,2025 BOWMAN'S BEST JULIO RODRIGUEZ #C-6 CIRCUITRY Mariners,,,4000,No,,,,,,,,,,,,,Excellent,,,,,,,,,,,,,,,,,,,,,,,,,,FixedPriceItem,GTC,5.99,,1,,,ImmediatePayRequired,,United States,,Flat,USPSFirstClass,1,0.0,,,,1,,,ReturnsNotAccepted,,,,,,,,,,,,,,Yes,No,,,,
Revise,RB_Batch-0005-00043-72874,261328,0,2026 Topps COLLECTOR'S KIT EXCLUSIVE JAC CAGLIANONE #MLB-3 Wave Foil RC Rookie,,,4000,No,,,,,,,,,,,,,Excellent,,,,,,,,,,,,,,,,,,,,,,,,,,FixedPriceItem,GTC,12.09,,1,,,ImmediatePayRequired,,United States,,Flat,USPSFirstClass,1,0.0,,,,1,,,ReturnsNotAccepted,,,,,,,,,,,,,,Yes,No,,,,
Revise,RB_Batch-0005-00015-14096,261328,0,2025 BOWMAN'S BEST JAC CAGLIANONE #TP-3 Top Prospects Refractor Royals,,,4000,No,,,,,,,,,,,,,Excellent,,,,,,,,,,,,,,,,,,,,,,,,,,FixedPriceItem,GTC,4.99,,1,,,ImmediatePayRequired,,United States,,Flat,USPSFirstClass,1,0.0,,,,1,,,ReturnsNotAccepted,,,,,,,,,,,,,,Yes,No,,,,
Revise,RB_Batch-0005-00035-22093,261328,0,2025 BOWMAN'S BEST RONALD ACUNA JR. #13 Refractor Braves,,,4000,No,,,,,,,,,,,,,Excellent,,,,,,,,,,,,,,,,,,,,,,,,,,FixedPriceItem,GTC,4.49,,1,,,ImmediatePayRequired,,United States,,Flat,USPSFirstClass,1,0.0,,,,1,,,ReturnsNotAccepted,,,,,,,,,,,,,,Yes,No,,,,
Revise,RB_Batch-0005-00052-85906,261328,0,2025 BOWMAN'S BEST #13 SPENCER SCHWELLENBACH Blue Refractor 142/150 Braves,,,4000,No,,,,,,,,,,,,,Excellent,,,,,,,,,,,,,,,,,,,,,,,,,,FixedPriceItem,GTC,6.69,,1,,,ImmediatePayRequired,,United States,,Flat,USPSFirstClass,1,0.0,,,,1,,,ReturnsNotAccepted,,,,,,,,,,,,,,Yes,No,,,,
Revise,RB_Batch-0005-00041-86252,261328,0,2025 Bowman IKE IRISH #PP-8 Chrome PRIZED Prospects MINI DIAMOND Refractor /150,,,4000,No,,,,,,,,,,,,,Excellent,,,,,,,,,,,,,,,,,,,,,,,,,,FixedPriceItem,GTC,10.09,,1,,,ImmediatePayRequired,,United States,,Flat,USPSFirstClass,1,0.0,,,,1,,,ReturnsNotAccepted,,,,,,,,,,,,,,Yes,No,,,,
Revise,RB_Batch-0005-00047-53053,261328,0,2025 Topps Chrome Update ZAC VEEN #USC186 Refractor RC Rockies Rookie,,,4000,No,,,,,,,,,,,,,Excellent,,,,,,,,,,,,,,,,,,,,,,,,,,FixedPriceItem,GTC,2.99,,1,,,ImmediatePayRequired,,United States,,Flat,USPSFirstClass,1,0.0,,,,1,,,ReturnsNotAccepted,,,,,,,,,,,,,,Yes,No,,,,
Revise,RB_Batch-0005-00010-92929,261328,0,2026 Topps BOBBY WITT JR. #91C-19 1991 Chrome Silver PACK MOJO Refractor Royals,,,4000,No,,,,,,,,,,,,,Excellent,,,,,,,,,,,,,,,,,,,,,,,,,,FixedPriceItem,GTC,5.99,,1,,,ImmediatePayRequired,,United States,,Flat,USPSFirstClass,1,0.0,,,,1,,,ReturnsNotAccepted,,,,,,,,,,,,,,Yes,No,,,,
Revise,RB_Batch-0005-00046-09121,261328,0,2026 Topps Heritage Chrome Refractor #161 - CARSON WILLIAMS - Rays Rookie RC!,,,4000,No,,,,,,,,,,,,,Excellent,,,,,,,,,,,,,,,,,,,,,,,,,,FixedPriceItem,GTC,2.99,,1,,,ImmediatePayRequired,,United States,,Flat,USPSFirstClass,1,0.0,,,,1,,,ReturnsNotAccepted,,,,,,,,,,,,,,Yes,No,,,,
Revise,RB_Batch-0005-00030-09043,261328,0,2025 BOWMAN'S BEST GEORGE LOMBARD JR. #TP-23 Top Prospects Refractor Yankees,,,4000,No,,,,,,,,,,,,,Excellent,,,,,,,,,,,,,,,,,,,,,,,,,,FixedPriceItem,GTC,4.49,,1,,,ImmediatePayRequired,,United States,,Flat,USPSFirstClass,1,0.0,,,,1,,,ReturnsNotAccepted,,,,,,,,,,,,,,Yes,No,,,,
Revise,RB_Batch-0005-00008-38868,261328,0,2026 Topps COLLECTOR'S KIT EXCLUSIVE JAC CAGLIANONE #MLB-3 RAINBOW Foil RC,,,4000,No,,,,,,,,,,,,,Excellent,,,,,,,,,,,,,,,,,,,,,,,,,,FixedPriceItem,GTC,4.99,,1,,,ImmediatePayRequired,,United States,,Flat,USPSFirstClass,1,0.0,,,,1,,,ReturnsNotAccepted,,,,,,,,,,,,,,Yes,No,,,,
Revise,RB_Batch-0005-00051-39338,261328,0,2025 BOWMAN'S BEST ROMAN ANTHONY #TP-16 Top Prospects Refractor Red Sox,,,4000,No,,,,,,,,,,,,,Excellent,,,,,,,,,,,,,,,,,,,,,,,,,,FixedPriceItem,GTC,6.29,,1,,,ImmediatePayRequired,,United States,,Flat,USPSFirstClass,1,0.0,,,,1,,,ReturnsNotAccepted,,,,,,,,,,,,,,Yes,No,,,,
Revise,RB_Batch-0005-00021-21963,261328,0,2025 BOWMAN'S BEST CHARLIE CONDON #TP-8 Top Prospects Refractor Rockies,,,4000,No,,,,,,,,,,,,,Excellent,,,,,,,,,,,,,,,,,,,,,,,,,,FixedPriceItem,GTC,3.49,,1,,,ImmediatePayRequired,,United States,,Flat,USPSFirstClass,1,0.0,,,,1,,,ReturnsNotAccepted,,,,,,,,,,,,,,Yes,No,,,,
Revise,RB_Batch-0005-00037-13206,261328,0,2025 BOWMAN'S BEST BOBBY WITT JR. #C-1 CIRCUITRY Royals,,,4000,No,,,,,,,,,,,,,Excellent,,,,,,,,,,,,,,,,,,,,,,,,,,FixedPriceItem,GTC,4.99,,1,,,ImmediatePayRequired,,United States,,Flat,USPSFirstClass,1,0.0,,,,1,,,ReturnsNotAccepted,,,,,,,,,,,,,,Yes,No,,,,
Revise,RB_Batch-0005-00034-99877,261328,0,2025 BOWMAN'S BEST SPENCER SCHWELLENBACH #68 Refractor RC Braves Rookie,,,4000,No,,,,,,,,,,,,,Excellent,,,,,,,,,,,,,,,,,,,,,,,,,,FixedPriceItem,GTC,3.99,,1,,,ImmediatePayRequired,,United States,,Flat,USPSFirstClass,1,0.0,,,,1,,,ReturnsNotAccepted,,,,,,,,,,,,,,Yes,No,,,,
Revise,RB_Batch-0005-00009-86171,261328,0,2026 Topps STEPHEN KOLEK #48 Yellow RAINBOW Foil 169/399 Royals,,,4000,No,,,,,,,,,,,,,Excellent,,,,,,,,,,,,,,,,,,,,,,,,,,FixedPriceItem,GTC,3.99,,1,,,ImmediatePayRequired,,United States,,Flat,USPSFirstClass,1,0.0,,,,1,,,ReturnsNotAccepted,,,,,,,,,,,,,,Yes,No,,,,
Revise,RB_Batch-0005-00022-55676,261328,0,2025 BOWMAN'S BEST MASYN WINN #44 Refractor Cardinals Football,,,4000,No,,,,,,,,,,,,,Excellent,,,,,,,,,,,,,,,,,,,,,,,,,,FixedPriceItem,GTC,2.99,,1,,,ImmediatePayRequired,,United States,,Flat,USPSFirstClass,1,0.0,,,,1,,,ReturnsNotAccepted,,,,,,,,,,,,,,Yes,No,,,,
Revise,RB_Batch-0005-00027-34560,261328,0,2023 BOWMAN'S BEST SPENCER JONES #TP-5 Top Prospects Refractor Yankees,,,4000,No,,,,,,,,,,,,,Excellent,,,,,,,,,,,,,,,,,,,,,,,,,,FixedPriceItem,GTC,5.49,,1,,,ImmediatePayRequired,,United States,,Flat,USPSFirstClass,1,0.0,,,,1,,,ReturnsNotAccepted,,,,,,,,,,,,,,Yes,No,,,,
Revise,RB_Batch-0006-00019-96080,261328,0,2024-25 Panini Donruss Optic SHAI GILGEOUS-ALEXANDER #6 MY HOUSE Holo THUNDER,,,4000,No,,,,,,,,,,,,,Excellent,,,,,,,,,,,,,,,,,,,,,,,,,,FixedPriceItem,GTC,3.99,,1,,,ImmediatePayRequired,,United States,,Flat,USPSFirstClass,1,0.0,,,,1,,,ReturnsNotAccepted,,,,,,,,,,,,,,Yes,No,,,,
Revise,RB_Batch-0006-00016-50145,261328,0,2024 Panini Donruss Optic BUB CARRINGTON #273 Hyper Pink Prizm RC Rated Rookie,,,4000,No,,,,,,,,,,,,,Excellent,,,,,,,,,,,,,,,,,,,,,,,,,,FixedPriceItem,GTC,3.49,,1,,,ImmediatePayRequired,,United States,,Flat,USPSFirstClass,1,0.0,,,,1,,,ReturnsNotAccepted,,,,,,,,,,,,,,Yes,No,,,,
Revise,RB_Batch-0006-00012-93979,261328,0,2024 Panini Donruss Optic RYAN DUNN #279 Hyper Blue Prizm /175 RC Rated Rookie,,,4000,No,,,,,,,,,,,,,Excellent,,,,,,,,,,,,,,,,,,,,,,,,,,FixedPriceItem,GTC,3.49,,1,,,ImmediatePayRequired,,United States,,Flat,USPSFirstClass,1,0.0,,,,1,,,ReturnsNotAccepted,,,,,,,,,,,,,,Yes,No,,,,
Revise,RB_Batch-0006-00035-91776,261328,0,2026 Topps COLLECTOR'S KIT EXCLUSIVE ACE BAILEY #NBA-8 RAINBOW Foil RC Rookie,,,4000,No,,,,,,,,,,,,,Excellent,,,,,,,,,,,,,,,,,,,,,,,,,,FixedPriceItem,GTC,4.99,,1,,,ImmediatePayRequired,,United States,,Flat,USPSFirstClass,1,0.0,,,,1,,,ReturnsNotAccepted,,,,,,,,,,,,,,Yes,No,,,,
Revise,RB_Batch-0006-00011-36239,261328,0,2024 Panini Donruss Optic DONOVAN CLINGAN #272 Holo Prizm RC Rated Rookie,,,4000,No,,,,,,,,,,,,,Excellent,,,,,,,,,,,,,,,,,,,,,,,,,,FixedPriceItem,GTC,4.49,,1,,,ImmediatePayRequired,,United States,,Flat,USPSFirstClass,1,0.0,,,,1,,,ReturnsNotAccepted,,,,,,,,,,,,,,Yes,No,,,,
Revise,RB_Batch-0006-00006-94968,261328,0,2024-25 Panini Donruss Optic ISAIAH COLLIER #295 Holo Prizm RC Rated Rookie JAZZ,,,4000,No,,,,,,,,,,,,,Excellent,,,,,,,,,,,,,,,,,,,,,,,,,,FixedPriceItem,GTC,4.49,,1,,,ImmediatePayRequired,,United States,,Flat,USPSFirstClass,1,0.0,,,,1,,,ReturnsNotAccepted,,,,,,,,,,,,,,Yes,No,,,,
Revise,RB_Batch-0006-00033-33760,261328,0,2024-25 Panini Donruss Optic STEPHON CASTLE #16 MY HOUSE Holo RC SPURS Rookie,,,4000,No,,,,,,,,,,,,,Excellent,,,,,,,,,,,,,,,,,,,,,,,,,,FixedPriceItem,GTC,5.99,,1,,,ImmediatePayRequired,,United States,,Flat,USPSFirstClass,1,0.0,,,,1,,,ReturnsNotAccepted,,,,,,,,,,,,,,Yes,No,,,,
Revise,RB_Batch-0006-00025-96616,261328,0,2025 Panini CAITLIN CLARK CHRONICLED #69 DRESS For SUCCESS Holo FEVER,,,4000,No,,,,,,,,,,,,,Excellent,,,,,,,,,,,,,,,,,,,,,,,,,,FixedPriceItem,GTC,4.49,,1,,,ImmediatePayRequired,,United States,,Flat,USPSFirstClass,1,0.0,,,,1,,,ReturnsNotAccepted,,,,,,,,,,,,,,Yes,No,,,,
Revise,RB_Batch-0006-00031-90941,261328,0,2026 Topps COLLECTOR'S KIT EXCLUSIVE EGOR DEMIN #NBA-9 RAINBOW Foil RC Rookie,,,4000,No,,,,,,,,,,,,,Excellent,,,,,,,,,,,,,,,,,,,,,,,,,,FixedPriceItem,GTC,4.99,,1,,,ImmediatePayRequired,,United States,,Flat,USPSFirstClass,1,0.0,,,,1,,,ReturnsNotAccepted,,,,,,,,,,,,,,Yes,No,,,,
Revise,RB_Batch-0006-00026-14749,261328,0,2025 Panini CAITLIN CLARK CHRONICLED #36 WNBA Green LASER FEVER,,,4000,No,,,,,,,,,,,,,Excellent,,,,,,,,,,,,,,,,,,,,,,,,,,FixedPriceItem,GTC,35.29,,1,,,ImmediatePayRequired,,United States,,Flat,USPSFirstClass,1,0.0,,,,1,,,ReturnsNotAccepted,,,,,,,,,,,,,,Yes,No,,,,
Revise,RB_Batch-0006-00004-65627,261328,0,2024 Panini Donruss Optic ZACCHARIE RISACHER #268 Holo Prizm RC Rated Rookie,,,4000,No,,,,,,,,,,,,,Excellent,,,,,,,,,,,,,,,,,,,,,,,,,,FixedPriceItem,GTC,3.99,,1,,,ImmediatePayRequired,,United States,,Flat,USPSFirstClass,1,0.0,,,,1,,,ReturnsNotAccepted,,,,,,,,,,,,,,Yes,No,,,,
Revise,RB_Batch-0006-00022-28745,261328,0,2025 Panini CAITLIN CLARK CHRONICLED #38 WNBA Holo FEVER,,,4000,No,,,,,,,,,,,,,Excellent,,,,,,,,,,,,,,,,,,,,,,,,,,FixedPriceItem,GTC,3.99,,1,,,ImmediatePayRequired,,United States,,Flat,USPSFirstClass,1,0.0,,,,1,,,ReturnsNotAccepted,,,,,,,,,,,,,,Yes,No,,,,
Revise,RB_Batch-0006-00029-46916,261328,0,2024-25 Panini Prizm DECA BUB CARRINGTON #145 RC WIZARDS Rookie Basketball,,,4000,No,,,,,,,,,,,,,Excellent,,,,,,,,,,,,,,,,,,,,,,,,,,FixedPriceItem,GTC,4.49,,1,,,ImmediatePayRequired,,United States,,Flat,USPSFirstClass,1,0.0,,,,1,,,ReturnsNotAccepted,,,,,,,,,,,,,,Yes,No,,,,
Revise,RB_Batch-0006-00028-14441,261328,0,2025 Panini CAITLIN CLARK CHRONICLED #72 SHOE GAME Holo FEVER,,,4000,No,,,,,,,,,,,,,Excellent,,,,,,,,,,,,,,,,,,,,,,,,,,FixedPriceItem,GTC,5.49,,1,,,ImmediatePayRequired,,United States,,Flat,USPSFirstClass,1,0.0,,,,1,,,ReturnsNotAccepted,,,,,,,,,,,,,,Yes,No,,,,
Revise,RB_Batch-0006-00015-48867,261328,0,2024 Panini Donruss Optic DONOVAN CLINGAN #11 White HOT Rookies Holo RC,,,4000,No,,,,,,,,,,,,,Excellent,,,,,,,,,,,,,,,,,,,,,,,,,,FixedPriceItem,GTC,3.49,,1,,,ImmediatePayRequired,,United States,,Flat,USPSFirstClass,1,0.0,,,,1,,,ReturnsNotAccepted,,,,,,,,,,,,,,Yes,No,,,,
Revise,RB_Batch-0006-00013-98961,261328,0,2024-25 Panini Donruss Optic KELLY OLYNYK #152 CHECKERBOARD Prizm RAPTORS,,,4000,No,,,,,,,,,,,,,Excellent,,,,,,,,,,,,,,,,,,,,,,,,,,FixedPriceItem,GTC,3.49,,1,,,ImmediatePayRequired,,United States,,Flat,USPSFirstClass,1,0.0,,,,1,,,ReturnsNotAccepted,,,,,,,,,,,,,,Yes,No,,,,
Revise,RB_Batch-0006-00003-03463,261328,0,2024 Panini Donruss Optic JAYLEN WELLS #252 Holo Prizm RC Rated Rookie,,,4000,No,,,,,,,,,,,,,Excellent,,,,,,,,,,,,,,,,,,,,,,,,,,FixedPriceItem,GTC,3.49,,1,,,ImmediatePayRequired,,United States,,Flat,USPSFirstClass,1,0.0,,,,1,,,ReturnsNotAccepted,,,,,,,,,,,,,,Yes,No,,,,
Revise,RB_Batch-0006-00002-81045,261328,0,2024-25 Panini Donruss Optic STEPHON CASTLE #14 SPLASH! Holo RC SPURS Rookie,,,4000,No,,,,,,,,,,,,,Excellent,,,,,,,,,,,,,,,,,,,,,,,,,,FixedPriceItem,GTC,5.49,,1,,,ImmediatePayRequired,,United States,,Flat,USPSFirstClass,1,0.0,,,,1,,,ReturnsNotAccepted,,,,,,,,,,,,,,Yes,No,,,,
Revise,RB_Batch-0006-00010-32511,261328,0,2024-25 Panini Donruss Optic JAKOB POELTL #65 Hyper Orange Prizm 249/299 RAPTORS,,,4000,No,,,,,,,,,,,,,Excellent,,,,,,,,,,,,,,,,,,,,,,,,,,FixedPriceItem,GTC,3.49,,1,,,ImmediatePayRequired,,United States,,Flat,USPSFirstClass,1,0.0,,,,1,,,ReturnsNotAccepted,,,,,,,,,,,,,,Yes,No,,,,
Revise,RB_Batch-0006-00018-95767,261328,0,2026 Topps COLLECTOR'S KIT EXCLUSIVE KEVIN DURANT #NBA-10 RAINBOW Foil,,,4000,No,,,,,,,,,,,,,Excellent,,,,,,,,,,,,,,,,,,,,,,,,,,FixedPriceItem,GTC,3.49,,1,,,ImmediatePayRequired,,United States,,Flat,USPSFirstClass,1,0.0,,,,1,,,ReturnsNotAccepted,,,,,,,,,,,,,,Yes,No,,,,
Revise,RB_Batch-0006-00017-16673,261328,0,2024 Panini Donruss Optic KYLE FILIPOWSKI #300 Hyper Pink Prizm RC Rated Rookie,,,4000,No,,,,,,,,,,,,,Excellent,,,,,,,,,,,,,,,,,,,,,,,,,,FixedPriceItem,GTC,3.49,,1,,,ImmediatePayRequired,,United States,,Flat,USPSFirstClass,1,0.0,,,,1,,,ReturnsNotAccepted,,,,,,,,,,,,,,Yes,No,,,,
Revise,RB_Batch-0006-00020-23225,261328,0,2024-25 Panini Donruss Optic SHAI GILGEOUS-ALEXANDER #6 SPLASH! Holo THUNDER,,,4000,No,,,,,,,,,,,,,Excellent,,,,,,,,,,,,,,,,,,,,,,,,,,FixedPriceItem,GTC,3.99,,1,,,ImmediatePayRequired,,United States,,Flat,USPSFirstClass,1,0.0,,,,1,,,ReturnsNotAccepted,,,,,,,,,,,,,,Yes,No,,,,
Revise,RB_Batch-0006-00001-28978,261328,0,2024 Panini Donruss Optic CAM SPENCER #269 Hyper Pink Prizm RC Rated Rookie,,,4000,No,,,,,,,,,,,,,Excellent,,,,,,,,,,,,,,,,,,,,,,,,,,FixedPriceItem,GTC,3.49,,1,,,ImmediatePayRequired,,United States,,Flat,USPSFirstClass,1,0.0,,,,1,,,ReturnsNotAccepted,,,,,,,,,,,,,,Yes,No,,,,
Revise,RB_Batch-0006-00007-08773,261328,0,2024-25 Panini Donruss Optic LUKA DONCIC #1 SPLASH! Holo MAVERICKS Basketball,,,4000,No,,,,,,,,,,,,,Excellent,,,,,,,,,,,,,,,,,,,,,,,,,,FixedPriceItem,GTC,3.49,,1,,,ImmediatePayRequired,,United States,,Flat,USPSFirstClass,1,0.0,,,,1,,,ReturnsNotAccepted,,,,,,,,,,,,,,Yes,No,,,,
Revise,RB_Batch-0006-00014-80054,261328,0,2024-25 Panini Donruss Optic MATAS BUZELIS #15 MY HOUSE Holo RC Bulls Rookie,,,4000,No,,,,,,,,,,,,,Excellent,,,,,,,,,,,,,,,,,,,,,,,,,,FixedPriceItem,GTC,3.49,,1,,,ImmediatePayRequired,,United States,,Flat,USPSFirstClass,1,0.0,,,,1,,,ReturnsNotAccepted,,,,,,,,,,,,,,Yes,No,,,,
Revise,RB_Batch-0006-00008-62703,261328,0,2024-25 Panini Donruss Optic JA MORANT #106 Hyper Orange Prizm 120/299 Grizzlies,,,4000,No,,,,,,,,,,,,,Excellent,,,,,,,,,,,,,,,,,,,,,,,,,,FixedPriceItem,GTC,3.99,,1,,,ImmediatePayRequired,,United States,,Flat,USPSFirstClass,1,0.0,,,,1,,,ReturnsNotAccepted,,,,,,,,,,,,,,Yes,No,,,,
Revise,RB_Batch-0006-00021-68104,261328,0,2024-25 Panini Donruss Optic MATAS BUZELIS #10 White HOT Rookies Holo RC Bulls,,,4000,No,,,,,,,,,,,,,Excellent,,,,,,,,,,,,,,,,,,,,,,,,,,FixedPriceItem,GTC,3.99,,1,,,ImmediatePayRequired,,United States,,Flat,USPSFirstClass,1,0.0,,,,1,,,ReturnsNotAccepted,,,,,,,,,,,,,,Yes,No,,,,
Revise,RB_Batch-0006-00005-43654,261328,0,2024 Panini Donruss Optic REED SHEPPARD #255 Hyper Pink Prizm RC Rated Rookie,,,4000,No,,,,,,,,,,,,,Excellent,,,,,,,,,,,,,,,,,,,,,,,,,,FixedPriceItem,GTC,5.99,,1,,,ImmediatePayRequired,,United States,,Flat,USPSFirstClass,1,0.0,,,,1,,,ReturnsNotAccepted,,,,,,,,,,,,,,Yes,No,,,,
Revise,RB_Batch-0006-00030-53344,261328,0,2025-26 Topps Chrome ACE BAILEY #YQ-5 YOUTHQUAKE REF RC JAZZ Rookie Basketball,,,4000,No,,,,,,,,,,,,,Excellent,,,,,,,,,,,,,,,,,,,,,,,,,,FixedPriceItem,GTC,4.99,,1,,,ImmediatePayRequired,,United States,,Flat,USPSFirstClass,1,0.0,,,,1,,,ReturnsNotAccepted,,,,,,,,,,,,,,Yes,No,,,,
Revise,Refresh-0002-00007-43934,261328,0,2025-26 Topps FINEST KON KNUEPPEL #F-4 FIRST RC HORNETS Rookie Basketball,,,4000,No,,,,,,,,,,,,,Excellent,,,,,,,,,,,,,,,,,,,,,,,,,,FixedPriceItem,GTC,14.49,,1,,,ImmediatePayRequired,,United States,,Flat,USPSFirstClass,1,0.0,,,,1,,,ReturnsNotAccepted,,,,,,,,,,,,,,Yes,No,,,,
Revise,RBM-0002-00041-49198-69385FB,261328,0,2025 BOWMAN'S BEST KADE ANDERSON #TP-6 Top Prospects Refractor Mariners,,,4000,No,,,,,,,,,,,,,Excellent,,,,,,,,,,,,,,,,,,,,,,,,,,FixedPriceItem,GTC,6.99,,1,,,ImmediatePayRequired,,United States,,Flat,USPSFirstClass,1,0.0,,,,1,,,ReturnsNotAccepted,,,,,,,,,,,,,,Yes,No,,,,
Revise,BLZ_Batch-0001-00001-21387,261328,0,2025-26 Topps FINEST DOMINIQUE WILKINS #M-21 MUSE Orange Refractor /25 Hawks,,,4000,No,,,,,,,,,,,,,Excellent,,,,,,,,,,,,,,,,,,,,,,,,,,FixedPriceItem,GTC,44.99,,1,,,ImmediatePayRequired,,United States,,Flat,USPSFirstClass,1,0.0,,,,1,,,ReturnsNotAccepted,,,,,,,,,,,,,,Yes,No,,,,
Revise,BLZ_Batch-0001-00002-28081,261328,0,2025-26 Topps KON KNUEPPEL #CC-4 CLUTCH CITY Prospects RC HORNETS Rookie,,,4000,No,,,,,,,,,,,,,Excellent,,,,,,,,,,,,,,,,,,,,,,,,,,FixedPriceItem,GTC,2.99,,1,,,ImmediatePayRequired,,United States,,Flat,USPSFirstClass,1,0.0,,,,1,,,ReturnsNotAccepted,,,,,,,,,,,,,,Yes,No,,,,
Revise,Whatnot0415-0001-00001-62471,261328,0,2025-26 Topps Chrome BEN SHEPPARD #94 Green Wave REF 13/99 Pacers Basketball,,,4000,No,,,,,,,,,,,,,Excellent,,,,,,,,,,,,,,,,,,,,,,,,,,FixedPriceItem,GTC,4.49,,1,,,ImmediatePayRequired,,United States,,Flat,USPSFirstClass,1,0.0,,,,1,,,ReturnsNotAccepted,,,,,,,,,,,,,,Yes,No,,,,
Revise,Refresh-0002-00019-35100,261328,0,2026 Topps COLLECTORS KIT EXCLUSIVE SHOHEI OHTANI Foil Holo #MLB-1,,,4000,No,,,,,,,,,,,,,Excellent,,,,,,,,,,,,,,,,,,,,,,,,,,FixedPriceItem,GTC,5.39,,1,,,ImmediatePayRequired,,United States,,Flat,USPSFirstClass,1,0.0,,,,1,,,ReturnsNotAccepted,,,,,,,,,,,,,,Yes,No,,,,
Revise,BBB-000032-tjbzb-144A929,261328,0,2025-26 FINEST TYLER HERRO #50 OIL SPILL Refractor MIAMI Heat Basketball,,,4000,No,,,,,,,,,,,,,Near mint or better,,,,,,,,,,,,,,,,,,,,,,,,,,FixedPriceItem,GTC,2.49,,1,,,ImmediatePayRequired,,United States,,Flat,USPSFirstClass,1,0.0,,,,1,,,ReturnsNotAccepted,,,,,,,,,,,,,,Yes,No,,,,
Revise,CRUZ-WHT-0001,261328,0,2025 Bowman Draft J.D. THOMPSON #BDC-14 Chrome Purple Refractor /250 1st,,,4000,No,,,,,,,,,,,,,Excellent,,,,,,,,,,,,,,,,,,,,,,,,,,FixedPriceItem,GTC,9.69,,1,,,ImmediatePayRequired,,United States,,Flat,USPSFirstClass,1,0.0,,,,1,,,ReturnsNotAccepted,,,,,,,,,,,,,,Yes,No,,,,
Revise,RBBaseball-0004-00004-76852,261328,0,2024 Panini FLAWLESS RAFAEL PALMEIRO #FA-RP Auto /15 Rangers,,,4000,No,,,,,,,,,,,,,Excellent,,,,,,,,,,,,,,,,,,,,,,,,,,FixedPriceItem,GTC,48.00,,1,,,ImmediatePayRequired,,United States,,Flat,USPSFirstClass,1,0.0,,,,1,,,ReturnsNotAccepted,,,,,,,,,,,,,,Yes,No,,,,
Revise,WHTBaseball-0002-00001-51462,261328,0,2025 Bowman Draft Sapphire JB MIDDLETON #BDC-78 Chrome 1st Prospect Rockies,,,4000,No,,,,,,,,,,,,,Excellent,,,,,,,,,,,,,,,,,,,,,,,,,,FixedPriceItem,GTC,8.19,,1,,,ImmediatePayRequired,,United States,,Flat,USPSFirstClass,1,0.0,,,,1,,,ReturnsNotAccepted,,,,,,,,,,,,,,Yes,No,,,,
Revise,MISC-0002-00032-61738,261328,0,2025 Topps HOLIDAY MIKE TROUT #H50 Blue METALLIC GLITTER Angels,,,4000,No,,,,,,,,,,,,,Excellent,,,,,,,,,,,,,,,,,,,,,,,,,,FixedPriceItem,GTC,3.19,,1,,,ImmediatePayRequired,,United States,,Flat,USPSFirstClass,1,0.0,,,,1,,,ReturnsNotAccepted,,,,,,,,,,,,,,Yes,No,,,,
Revise,MISC-0002-00003-88013,261328,0,2022 Panini Prizm PREMIER LEAGUE CHRISTIAN PULISIC #118 CHOICE Red /30 PSA 10,,,3000,Yes,,,,,,,,10,,Professional Sports Authenticator (PSA),,,,,,,,,,,,,,,,,,,,,,,,,,,,,FixedPriceItem,GTC,204.19,,1,,,ImmediatePayRequired,,United States,,Flat,USPSFirstClass,1,0.0,,,,1,,,ReturnsNotAccepted,,,,,,,,,,,,,,Yes,No,,,,
Revise,MISC-0002-00009-37429,261328,0,2025 Topps Chrome Update Sapphire CAM SMITH #USC19 Astros,,,4000,No,,,,,,,,,,,,,Excellent,,,,,,,,,,,,,,,,,,,,,,,,,,FixedPriceItem,GTC,6.49,,1,,,ImmediatePayRequired,,United States,,Flat,USPSFirstClass,1,0.0,,,,1,,,ReturnsNotAccepted,,,,,,,,,,,,,,Yes,No,,,,
Revise,MISC-0002-00003-90757,261328,0,2025 Topps NOW AARON JUDGE SHOHEI OHTANI MVP HOMERS SAME INNING #239,,,4000,No,,,,,,,,,,,,,Excellent,,,,,,,,,,,,,,,,,,,,,,,,,,FixedPriceItem,GTC,7.09,,1,,,ImmediatePayRequired,,United States,,Flat,USPSFirstClass,1,0.0,,,,1,,,ReturnsNotAccepted,,,,,,,,,,,,,,Yes,No,,,,
Revise,MISC-0002-00016-30315,261328,0,2026 Topps JAC CAGLIANONE #138 RC Royals Rookie,,,4000,No,,,,,,,,,,,,,Excellent,,,,,,,,,,,,,,,,,,,,,,,,,,FixedPriceItem,GTC,3.49,,1,,,ImmediatePayRequired,,United States,,Flat,USPSFirstClass,1,0.0,,,,1,,,ReturnsNotAccepted,,,,,,,,,,,,,,Yes,No,,,,
Revise,MISC-0002-00007-33697,261328,0,2025 BOWMAN'S BEST CAM SMITH #29 LAZER Refractor 314/350 RC Astros Rookie,,,4000,No,,,,,,,,,,,,,Excellent,,,,,,,,,,,,,,,,,,,,,,,,,,FixedPriceItem,GTC,5.99,,1,,,ImmediatePayRequired,,United States,,Flat,USPSFirstClass,1,0.0,,,,1,,,ReturnsNotAccepted,,,,,,,,,,,,,,Yes,No,,,,
Revise,MISC-0002-00013-17413,261328,0,2025 BOWMAN'S BEST KETEL MARTE #62 Refractor Diamondbacks,,,4000,No,,,,,,,,,,,,,Excellent,,,,,,,,,,,,,,,,,,,,,,,,,,FixedPriceItem,GTC,2.99,,1,,,ImmediatePayRequired,,United States,,Flat,USPSFirstClass,1,0.0,,,,1,,,ReturnsNotAccepted,,,,,,,,,,,,,,Yes,No,,,,
Revise,MISC-0002-00001-61747,261328,0,2025 Bowman Draft IKE IRISH #PP-8 Chrome PRIZED Prospects MOJO Refractor Orioles,,,4000,No,,,,,,,,,,,,,Excellent,,,,,,,,,,,,,,,,,,,,,,,,,,FixedPriceItem,GTC,2.99,,1,,,ImmediatePayRequired,,United States,,Flat,USPSFirstClass,1,0.0,,,,1,,,ReturnsNotAccepted,,,,,,,,,,,,,,Yes,No,,,,
Revise,MISC-0002-00011-28533,261328,0,2026 Topps COLLECTOR'S KIT EXCLUSIVE FRANCISCO LINDOR #MLB-4 RAINBOW Foil,,,4000,No,,,,,,,,,,,,,Excellent,,,,,,,,,,,,,,,,,,,,,,,,,,FixedPriceItem,GTC,3.49,,1,,,ImmediatePayRequired,,United States,,Flat,USPSFirstClass,1,0.0,,,,1,,,ReturnsNotAccepted,,,,,,,,,,,,,,Yes,No,,,,
Revise,MISC-0002-00012-75919,261328,0,2025 Bowman Draft JARED THOMAS #BDC-147 Chrome Yellow GEOMETRIC Refractor /75,,,4000,No,,,,,,,,,,,,,Excellent,,,,,,,,,,,,,,,,,,,,,,,,,,FixedPriceItem,GTC,10.09,,1,,,ImmediatePayRequired,,United States,,Flat,USPSFirstClass,1,0.0,,,,1,,,ReturnsNotAccepted,,,,,,,,,,,,,,Yes,No,,,,
Revise,MISC-0002-00015-14735,261328,0,2025 BOWMAN'S BEST CHRISTIAN MOORE #TP-2 Top Prospects Refractor Angels,,,4000,No,,,,,,,,,,,,,Excellent,,,,,,,,,,,,,,,,,,,,,,,,,,FixedPriceItem,GTC,3.49,,1,,,ImmediatePayRequired,,United States,,Flat,USPSFirstClass,1,0.0,,,,1,,,ReturnsNotAccepted,,,,,,,,,,,,,,Yes,No,,,,
Revise,MISC-0002-00014-39180,261328,0,2025 BOWMAN'S BEST LUKE KEASCHALL #70 Refractor RC Twins Rookie,,,4000,No,,,,,,,,,,,,,Excellent,,,,,,,,,,,,,,,,,,,,,,,,,,FixedPriceItem,GTC,2.99,,1,,,ImmediatePayRequired,,United States,,Flat,USPSFirstClass,1,0.0,,,,1,,,ReturnsNotAccepted,,,,,,,,,,,,,,Yes,No,,,,
Revise,MISC-0002-00004-49744,261328,0,2025 BOWMAN'S BEST CORBIN CARROLL #8 Aqua Refractor /199 Diamondbacks,,,4000,No,,,,,,,,,,,,,Excellent,,,,,,,,,,,,,,,,,,,,,,,,,,FixedPriceItem,GTC,4.99,,1,,,ImmediatePayRequired,,United States,,Flat,USPSFirstClass,1,0.0,,,,1,,,ReturnsNotAccepted,,,,,,,,,,,,,,Yes,No,,,,
Revise,MISC-0002-00006-95693,261328,0,2025 BOWMAN'S BEST CAM SMITH #29 Purple Blue Refractor /250 RC Astros Rookie,,,4000,No,,,,,,,,,,,,,Excellent,,,,,,,,,,,,,,,,,,,,,,,,,,FixedPriceItem,GTC,6.79,,1,,,ImmediatePayRequired,,United States,,Flat,USPSFirstClass,1,0.0,,,,1,,,ReturnsNotAccepted,,,,,,,,,,,,,,Yes,No,,,,
Revise,RB-0007-00005-45231,261328,0,2025 Bowman Draft BILLY CARLSON #BDC-10 Chrome MOJO Refractor 1st Prospect,,,4000,No,,,,,,,,,,,,,Excellent,,,,,,,,,,,,,,,,,,,,,,,,,,FixedPriceItem,GTC,3.99,,1,,,ImmediatePayRequired,,United States,,Flat,USPSFirstClass,1,0.0,,,,1,,,ReturnsNotAccepted,,,,,,,,,,,,,,Yes,No,,,,
Revise,RB-0007-00027-26789,261328,0,2025-26 Topps Chrome EGOR DEMIN #SF-29 SLEEK FINISHERS RC Nets Rookie Basketball,,,4000,No,,,,,,,,,,,,,Excellent,,,,,,,,,,,,,,,,,,,,,,,,,,FixedPriceItem,GTC,2.49,,1,,,ImmediatePayRequired,,United States,,Flat,USPSFirstClass,1,0.0,,,,1,,,ReturnsNotAccepted,,,,,,,,,,,,,,Yes,No,,,,
Revise,RB-0007-00026-85645,261328,0,2025-26 Topps Chrome BEN SARAF #276 RC Nets Rookie Basketball,,,4000,No,,,,,,,,,,,,,Excellent,,,,,,,,,,,,,,,,,,,,,,,,,,FixedPriceItem,GTC,1.99,,1,,,ImmediatePayRequired,,United States,,Flat,USPSFirstClass,1,0.0,,,,1,,,ReturnsNotAccepted,,,,,,,,,,,,,,Yes,No,,,,
Revise,RB-0007-00022-09016,261328,0,2025-26 Topps FINEST ISAIAH COLLIER #162 UNCOMMON GEOMETRIC REF JAZZ Basketball,,,4000,No,,,,,,,,,,,,,Excellent,,,,,,,,,,,,,,,,,,,,,,,,,,FixedPriceItem,GTC,4.99,,1,,,ImmediatePayRequired,,United States,,Flat,USPSFirstClass,1,0.0,,,,1,,,ReturnsNotAccepted,,,,,,,,,,,,,,Yes,No,,,,
Revise,RB-0007-00013-96995,261328,0,2025-26 Topps FINEST KEL'EL WARE #51 COMMON OIL SPILL Refractor Heat Basketball,,,4000,No,,,,,,,,,,,,,Excellent,,,,,,,,,,,,,,,,,,,,,,,,,,FixedPriceItem,GTC,7.99,,1,,,ImmediatePayRequired,,United States,,Flat,USPSFirstClass,1,0.0,,,,1,,,ReturnsNotAccepted,,,,,,,,,,,,,,Yes,No,,,,
Revise,RB-0007-00017-69839,261328,0,2025-26 Topps FINEST RAY ALLEN #200 UNCOMMON SUPERSONICS,,,4000,No,,,,,,,,,,,,,Excellent,,,,,,,,,,,,,,,,,,,,,,,,,,FixedPriceItem,GTC,4.00,,1,,,ImmediatePayRequired,,United States,,Flat,USPSFirstClass,1,0.0,,,,1,,,ReturnsNotAccepted,,,,,,,,,,,,,,Yes,No,,,,
Revise,RB-0007-00023-63320,261328,0,2025-26 Topps FINEST PAUL PIERCE #M-14 MUSE Refractor Celtics Basketball,,,4000,No,,,,,,,,,,,,,Excellent,,,,,,,,,,,,,,,,,,,,,,,,,,FixedPriceItem,GTC,5.99,,1,,,ImmediatePayRequired,,United States,,Flat,USPSFirstClass,1,0.0,,,,1,,,ReturnsNotAccepted,,,,,,,,,,,,,,Yes,No,,,,
Revise,RB-0007-00012-77822,261328,0,2025-26 Topps FINEST WALTER CLAYTON JR. #18 COMMON RC JAZZ Rookie Basketball,,,4000,No,,,,,,,,,,,,,Excellent,,,,,,,,,,,,,,,,,,,,,,,,,,FixedPriceItem,GTC,1.99,,1,,,ImmediatePayRequired,,United States,,Flat,USPSFirstClass,1,0.0,,,,1,,,ReturnsNotAccepted,,,,,,,,,,,,,,Yes,No,,,,
Revise,RB-0007-00014-14672,261328,0,2025-26 Topps FINEST NIQUE CLIFFORD #113 UNCOMMON RC Kings Rookie Basketball,,,4000,No,,,,,,,,,,,,,Excellent,,,,,,,,,,,,,,,,,,,,,,,,,,FixedPriceItem,GTC,3.99,,1,,,ImmediatePayRequired,,United States,,Flat,USPSFirstClass,1,0.0,,,,1,,,ReturnsNotAccepted,,,,,,,,,,,,,,Yes,No,,,,
Revise,RB-0007-00010-48800,261328,0,2025-26 Topps FINEST THOMAS SORBER #F-15 FIRST RC THUNDER Rookie Basketball,,,4000,No,,,,,,,,,,,,,Excellent,,,,,,,,,,,,,,,,,,,,,,,,,,FixedPriceItem,GTC,2.99,,1,,,ImmediatePayRequired,,United States,,Flat,USPSFirstClass,1,0.0,,,,1,,,ReturnsNotAccepted,,,,,,,,,,,,,,Yes,No,,,,
Revise,RB-0007-00003-06246,261328,0,2025-26 Topps FINEST KAWHI LEONARD #77 OIL SPILL Refractor Clippers Basketball,,,4000,No,,,,,,,,,,,,,Excellent,,,,,,,,,,,,,,,,,,,,,,,,,,FixedPriceItem,GTC,2.99,,1,,,ImmediatePayRequired,,United States,,Flat,USPSFirstClass,1,0.0,,,,1,,,ReturnsNotAccepted,,,,,,,,,,,,,,Yes,No,,,,
Revise,RB-0007-00004-73904,261328,0,2025-26 Topps FINEST NAZ REID #64 COMMON Purple X-FRACTOR 106/150 TIMBERWOLVES,,,4000,No,,,,,,,,,,,,,Excellent,,,,,,,,,,,,,,,,,,,,,,,,,,FixedPriceItem,GTC,9.19,,1,,,ImmediatePayRequired,,United States,,Flat,USPSFirstClass,1,0.0,,,,1,,,ReturnsNotAccepted,,,,,,,,,,,,,,Yes,No,,,,
Revise,RB-0007-00016-81656,261328,0,2025-26 Topps FINEST JULIUS RANDLE #65 COMMON OIL SPILL Refractor TIMBERWOLVES,,,4000,No,,,,,,,,,,,,,Excellent,,,,,,,,,,,,,,,,,,,,,,,,,,FixedPriceItem,GTC,3.49,,1,,,ImmediatePayRequired,,United States,,Flat,USPSFirstClass,1,0.0,,,,1,,,ReturnsNotAccepted,,,,,,,,,,,,,,Yes,No,,,,
Revise,RB-0007-00021-17884,261328,0,2025-26 Topps FINEST SHAI GILGEOUS-ALEXANDER #66 COMMON THUNDER Basketball,,,4000,No,,,,,,,,,,,,,Excellent,,,,,,,,,,,,,,,,,,,,,,,,,,FixedPriceItem,GTC,9.00,,1,,,ImmediatePayRequired,,United States,,Flat,USPSFirstClass,1,0.0,,,,1,,,ReturnsNotAccepted,,,,,,,,,,,,,,Yes,No,,,,
Revise,RB-0007-00011-28281,261328,0,2025-26 Topps FINEST DERON WILLIAMS #M-24 MUSE Refractor JAZZ Basketball,,,4000,No,,,,,,,,,,,,,Excellent,,,,,,,,,,,,,,,,,,,,,,,,,,FixedPriceItem,GTC,3.89,,1,,,ImmediatePayRequired,,United States,,Flat,USPSFirstClass,1,0.0,,,,1,,,ReturnsNotAccepted,,,,,,,,,,,,,,Yes,No,,,,
Revise,RB-0007-00009-73714,261328,0,2025 Topps FINEST YANIC KONAN-NIEDERHAUSER #A-30 ARRIVALS Refractor RC Rookie,,,4000,No,,,,,,,,,,,,,Excellent,,,,,,,,,,,,,,,,,,,,,,,,,,FixedPriceItem,GTC,4.99,,1,,,ImmediatePayRequired,,United States,,Flat,USPSFirstClass,1,0.0,,,,1,,,ReturnsNotAccepted,,,,,,,,,,,,,,Yes,No,,,,
Revise,RB-0007-00028-33938,261328,0,2025-26 Topps Chrome DRAKE POWELL #GR-17 GENERATION RISING RC Nets Rookie,,,4000,No,,,,,,,,,,,,,Excellent,,,,,,,,,,,,,,,,,,,,,,,,,,FixedPriceItem,GTC,2.49,,1,,,ImmediatePayRequired,,United States,,Flat,USPSFirstClass,1,0.0,,,,1,,,ReturnsNotAccepted,,,,,,,,,,,,,,Yes,No,,,,
Revise,RB-0007-00020-28051,261328,0,2025-26 Topps FINEST CHAZ LANIER #F-27 FIRST RC Pistons Rookie Basketball,,,4000,No,,,,,,,,,,,,,Excellent,,,,,,,,,,,,,,,,,,,,,,,,,,FixedPriceItem,GTC,2.49,,1,,,ImmediatePayRequired,,United States,,Flat,USPSFirstClass,1,0.0,,,,1,,,ReturnsNotAccepted,,,,,,,,,,,,,,Yes,No,,,,
Revise,RB-0007-00018-91473,261328,0,2025-26 Topps Chrome ACE BAILEY #GR-5 GENERATION RISING RC JAZZ Rookie,,,4000,No,,,,,,,,,,,,,Excellent,,,,,,,,,,,,,,,,,,,,,,,,,,FixedPriceItem,GTC,2.99,,1,,,ImmediatePayRequired,,United States,,Flat,USPSFirstClass,1,0.0,,,,1,,,ReturnsNotAccepted,,,,,,,,,,,,,,Yes,No,,,,
Revise,RB-0007-00024-94565,261328,0,2025-26 Topps Chrome DANNY WOLF #GR-13 GENERATION RISING RC Nets Rookie,,,4000,No,,,,,,,,,,,,,Excellent,,,,,,,,,,,,,,,,,,,,,,,,,,FixedPriceItem,GTC,2.99,,1,,,ImmediatePayRequired,,United States,,Flat,USPSFirstClass,1,0.0,,,,1,,,ReturnsNotAccepted,,,,,,,,,,,,,,Yes,No,,,,
Revise,RB-0007-00015-72617,261328,0,2025-26 Topps FINEST DWYANE WADE #M-8 MUSE Heat Basketball,,,4000,No,,,,,,,,,,,,,Excellent,,,,,,,,,,,,,,,,,,,,,,,,,,FixedPriceItem,GTC,2.49,,1,,,ImmediatePayRequired,,United States,,Flat,USPSFirstClass,1,0.0,,,,1,,,ReturnsNotAccepted,,,,,,,,,,,,,,Yes,No,,,,
Revise,MISC-0002-00017-11980,261328,0,2025 BOWMAN'S BEST KEVIN MCGONIGLE #TP-28 Top Prospects Refractor Tigers,,,4000,No,,,,,,,,,,,,,Excellent,,,,,,,,,,,,,,,,,,,,,,,,,,FixedPriceItem,GTC,6.19,,1,,,ImmediatePayRequired,,United States,,Flat,USPSFirstClass,1,0.0,,,,1,,,ReturnsNotAccepted,,,,,,,,,,,,,,Yes,No,,,,
Revise,COLL-0001-00002-55420,261328,0,2026 Topps Heritage COBY MAYO #49 Chrome Orioles,,,4000,No,,,,,,,,,,,,,Excellent,,,,,,,,,,,,,,,,,,,,,,,,,,FixedPriceItem,GTC,3.49,,1,,,ImmediatePayRequired,,United States,,Flat,USPSFirstClass,1,0.0,,,,1,,,ReturnsNotAccepted,,,,,,,,,,,,,,Yes,No,,,,
Revise,COLL-0001-00001-47756,261328,0,2026 Topps JONAH TONG #4 SANDGLITTER RC Mets Rookie,,,4000,No,,,,,,,,,,,,,Excellent,,,,,,,,,,,,,,,,,,,,,,,,,,FixedPriceItem,GTC,6.49,,1,,,ImmediatePayRequired,,United States,,Flat,USPSFirstClass,1,0.0,,,,1,,,ReturnsNotAccepted,,,,,,,,,,,,,,Yes,No,,,,
Revise,COLL-0001-00010-30824,261328,0,2026 Topps COLLECTOR'S KIT EXCLUSIVE VICTOR WEMBANYAMA #NBA-7 Wave Foil SPURS,,,4000,No,,,,,,,,,,,,,Excellent,,,,,,,,,,,,,,,,,,,,,,,,,,FixedPriceItem,GTC,13.49,,1,,,ImmediatePayRequired,,United States,,Flat,USPSFirstClass,1,0.0,,,,1,,,ReturnsNotAccepted,,,,,,,,,,,,,,Yes,No,,,,
Revise,COLL-0001-00005-55780,261328,0,2026 Topps Heritage KYLE TUCKER #187 Chrome Cubs Football,,,4000,No,,,,,,,,,,,,,Excellent,,,,,,,,,,,,,,,,,,,,,,,,,,FixedPriceItem,GTC,3.49,,1,,,ImmediatePayRequired,,United States,,Flat,USPSFirstClass,1,0.0,,,,1,,,ReturnsNotAccepted,,,,,,,,,,,,,,Yes,No,,,,
Revise,COLL-0001-00004-65879,261328,0,2026 Topps JAVIER BAEZ #144 Aqua RAINBOW Foil Tigers,,,4000,No,,,,,,,,,,,,,Excellent,,,,,,,,,,,,,,,,,,,,,,,,,,FixedPriceItem,GTC,3.49,,1,,,ImmediatePayRequired,,United States,,Flat,USPSFirstClass,1,0.0,,,,1,,,ReturnsNotAccepted,,,,,,,,,,,,,,Yes,No,,,,
Revise,COLL-0001-00006-73319,261328,0,2026 Topps Heritage EMMET SHEEHAN #178 Chrome Pink SPARKLE Refractor Dodgers,,,4000,No,,,,,,,,,,,,,Excellent,,,,,,,,,,,,,,,,,,,,,,,,,,FixedPriceItem,GTC,3.99,,1,,,ImmediatePayRequired,,United States,,Flat,USPSFirstClass,1,0.0,,,,1,,,ReturnsNotAccepted,,,,,,,,,,,,,,Yes,No,,,,
Revise,COLL-0001-00007-49290,261328,0,2026 Topps COLLECTOR'S KIT EXCLUSIVE EGOR DEMIN #NBA-9 RAINBOW Foil RC Nets,,,4000,No,,,,,,,,,,,,,Excellent,,,,,,,,,,,,,,,,,,,,,,,,,,FixedPriceItem,GTC,3.49,,1,,,ImmediatePayRequired,,United States,,Flat,USPSFirstClass,1,0.0,,,,1,,,ReturnsNotAccepted,,,,,,,,,,,,,,Yes,No,,,,
Revise,COLL-0001-00003-32963,261328,0,2026 Topps Heritage SANDY ALCANTARA #76 Chrome Marlins,,,4000,No,,,,,,,,,,,,,Excellent,,,,,,,,,,,,,,,,,,,,,,,,,,FixedPriceItem,GTC,3.49,,1,,,ImmediatePayRequired,,United States,,Flat,USPSFirstClass,1,0.0,,,,1,,,ReturnsNotAccepted,,,,,,,,,,,,,,Yes,No,,,,
Revise,COLL-0001-00003-36882,261328,0,2025 Bowman Chrome Sapphire LEO DE VRIES #BCP-204 Prospects Padres,,,4000,No,,,,,,,,,,,,,Excellent,,,,,,,,,,,,,,,,,,,,,,,,,,FixedPriceItem,GTC,5.99,,1,,,ImmediatePayRequired,,United States,,Flat,USPSFirstClass,1,0.0,,,,1,,,ReturnsNotAccepted,,,,,,,,,,,,,,Yes,No,,,,
Revise,RB_Batch-0005-00014-94530,261328,0,2025 Topps Chrome Sapphire CAM SMITH Rookie HOUSTON Astros RC #USC145,,,4000,No,,,,,,,,,,,,,Excellent,,,,,,,,,,,,,,,,,,,,,,,,,,FixedPriceItem,GTC,8.09,,1,,,ImmediatePayRequired,,United States,,Flat,USPSFirstClass,1,0.0,,,,1,,,ReturnsNotAccepted,,,,,,,,,,,,,,Yes,No,,,,
Revise,GABED-0001-00009-18517,261328,0,2025 Topps Chrome JEFFERY SIMMONS #289 Titans Football,,,4000,No,,,,,,,,,,,,,Excellent,,,,,,,,,,,,,,,,,,,,,,,,,,FixedPriceItem,GTC,2.49,,1,,,ImmediatePayRequired,,United States,,Flat,USPSFirstClass,1,0.0,,,,1,,,ReturnsNotAccepted,,,,,,,,,,,,,,Yes,No,,,,
Revise,GABED-0001-00011-10052,261328,0,2025 Topps Chrome TEZ JOHNSON #342 Rookie RC Buccaneers Football,,,4000,No,,,,,,,,,,,,,Excellent,,,,,,,,,,,,,,,,,,,,,,,,,,FixedPriceItem,GTC,2.49,,1,,,ImmediatePayRequired,,United States,,Flat,USPSFirstClass,1,0.0,,,,1,,,ReturnsNotAccepted,,,,,,,,,,,,,,Yes,No,,,,
Revise,GABED-0001-00005-56783,261328,0,2025 Topps Chrome JEREMY CHINN #184 PRISM Refractor Raiders Football,,,4000,No,,,,,,,,,,,,,Excellent,,,,,,,,,,,,,,,,,,,,,,,,,,FixedPriceItem,GTC,2.99,,1,,,ImmediatePayRequired,,United States,,Flat,USPSFirstClass,1,0.0,,,,1,,,ReturnsNotAccepted,,,,,,,,,,,,,,Yes,No,,,,
Revise,GABED-0001-00004-69649,261328,0,2025 Topps Chrome BROCK BOWERS #ACT-10 All TEAM Refractor Raiders Football,,,4000,No,,,,,,,,,,,,,Excellent,,,,,,,,,,,,,,,,,,,,,,,,,,FixedPriceItem,GTC,5.99,,1,,,ImmediatePayRequired,,United States,,Flat,USPSFirstClass,1,0.0,,,,1,,,ReturnsNotAccepted,,,,,,,,,,,,,,Yes,No,,,,
Revise,GABED-0001-00013-02552,261328,0,2025 Topps Chrome CHRIS GODWIN #283 Buccaneers Football,,,4000,No,,,,,,,,,,,,,Excellent,,,,,,,,,,,,,,,,,,,,,,,,,,FixedPriceItem,GTC,2.49,,1,,,ImmediatePayRequired,,United States,,Flat,USPSFirstClass,1,0.0,,,,1,,,ReturnsNotAccepted,,,,,,,,,,,,,,Yes,No,,,,
Revise,GABED-0001-00008-71969,261328,0,2025 Topps Chrome JONATHAN TAYLOR #130 Colts Football,,,4000,No,,,,,,,,,,,,,Excellent,,,,,,,,,,,,,,,,,,,,,,,,,,FixedPriceItem,GTC,2.49,,1,,,ImmediatePayRequired,,United States,,Flat,USPSFirstClass,1,0.0,,,,1,,,ReturnsNotAccepted,,,,,,,,,,,,,,Yes,No,,,,
Revise,GABED-0001-00010-98908,261328,0,2025 Topps Chrome BAKER MAYFIELD #281 Buccaneers Football,,,4000,No,,,,,,,,,,,,,Excellent,,,,,,,,,,,,,,,,,,,,,,,,,,FixedPriceItem,GTC,2.49,,1,,,ImmediatePayRequired,,United States,,Flat,USPSFirstClass,1,0.0,,,,1,,,ReturnsNotAccepted,,,,,,,,,,,,,,Yes,No,,,,
Revise,GABED-0001-00001-83274,261328,0,2025 Topps Chrome TYLER WARREN #PP-35 POWER PLAYERS RC Colts Rookie Football,,,4000,No,,,,,,,,,,,,,Excellent,,,,,,,,,,,,,,,,,,,,,,,,,,FixedPriceItem,GTC,2.99,,1,,,ImmediatePayRequired,,United States,,Flat,USPSFirstClass,1,0.0,,,,1,,,ReturnsNotAccepted,,,,,,,,,,,,,,Yes,No,,,,
Revise,GABED-0001-00006-00535,261328,0,2025 Topps Chrome BO JACKSON #LOG-17 LEGENDS of the GRIDIRON Raiders Football,,,4000,No,,,,,,,,,,,,,Excellent,,,,,,,,,,,,,,,,,,,,,,,,,,FixedPriceItem,GTC,2.49,,1,,,ImmediatePayRequired,,United States,,Flat,USPSFirstClass,1,0.0,,,,1,,,ReturnsNotAccepted,,,,,,,,,,,,,,Yes,No,,,,
Revise,GABED-0001-00012-64283,261328,0,2025 Topps Chrome TOM BRADY #F15-35 FORTUNE 15 Buccaneers Football,,,4000,No,,,,,,,,,,,,,Excellent,,,,,,,,,,,,,,,,,,,,,,,,,,FixedPriceItem,GTC,3.99,,1,,,ImmediatePayRequired,,United States,,Flat,USPSFirstClass,1,0.0,,,,1,,,ReturnsNotAccepted,,,,,,,,,,,,,,Yes,No,,,,
Revise,GABED-0001-00007-12220,261328,0,2025 Topps Chrome KOLTON MILLER #183 Raiders Football,,,4000,No,,,,,,,,,,,,,Excellent,,,,,,,,,,,,,,,,,,,,,,,,,,FixedPriceItem,GTC,2.49,,1,,,ImmediatePayRequired,,United States,,Flat,USPSFirstClass,1,0.0,,,,1,,,ReturnsNotAccepted,,,,,,,,,,,,,,Yes,No,,,,
Revise,GABED-0001-00014-09283,261328,0,2025 Topps Chrome MAXX CROSBY #180 Raiders Football,,,4000,No,,,,,,,,,,,,,Excellent,,,,,,,,,,,,,,,,,,,,,,,,,,FixedPriceItem,GTC,2.49,,1,,,ImmediatePayRequired,,United States,,Flat,USPSFirstClass,1,0.0,,,,1,,,ReturnsNotAccepted,,,,,,,,,,,,,,Yes,No,,,,
Revise,GABED-0001-00003-90200,261328,0,2025 Topps Chrome JEREMY CHINN #184 PULSAR Refractor Raiders Football,,,4000,No,,,,,,,,,,,,,Excellent,,,,,,,,,,,,,,,,,,,,,,,,,,FixedPriceItem,GTC,2.99,,1,,,ImmediatePayRequired,,United States,,Flat,USPSFirstClass,1,0.0,,,,1,,,ReturnsNotAccepted,,,,,,,,,,,,,,Yes,No,,,,
Revise,GABED-0001-00002-16536,261328,0,2025 Topps Chrome CADE OTTON #284 PULSAR Refractor Buccaneers Basketball,,,4000,No,,,,,,,,,,,,,Excellent,,,,,,,,,,,,,,,,,,,,,,,,,,FixedPriceItem,GTC,2.49,,1,,,ImmediatePayRequired,,United States,,Flat,USPSFirstClass,1,0.0,,,,1,,,ReturnsNotAccepted,,,,,,,,,,,,,,Yes,No,,,,
Revise,GABED-0001-00004-49772,261328,0,2025 Panini Prizm FIFA CLUB World Cup WOO-YOUNG JUNG #193 Teal SEISMIC /49,,,4000,No,,,,,,,,,,,,,Excellent,,,,,,,,,,,,,,,,,,,,,,,,,,FixedPriceItem,GTC,10.69,,1,,,ImmediatePayRequired,,United States,,Flat,USPSFirstClass,1,0.0,,,,1,,,ReturnsNotAccepted,,,,,,,,,,,,,,Yes,No,,,,
Revise,GABED-0001-00005-05746,261328,0,2024-25 Panini Prizm COPA AMERICA LUIS ABRAM #92 Blue Wave /199,,,4000,No,,,,,,,,,,,,,Excellent,,,,,,,,,,,,,,,,,,,,,,,,,,FixedPriceItem,GTC,6.49,,1,,,ImmediatePayRequired,,United States,,Flat,USPSFirstClass,1,0.0,,,,1,,,ReturnsNotAccepted,,,,,,,,,,,,,,Yes,No,,,,
Revise,GABED-0001-00002-14030,261328,0,2025 Panini Prizm FIFA CLUB World Cup OUSSAMA IDRISSI #147 Orange SEISMIC /199,,,4000,No,,,,,,,,,,,,,Excellent,,,,,,,,,,,,,,,,,,,,,,,,,,FixedPriceItem,GTC,15.99,,1,,,ImmediatePayRequired,,United States,,Flat,USPSFirstClass,1,0.0,,,,1,,,ReturnsNotAccepted,,,,,,,,,,,,,,Yes,No,,,,
Revise,GABED-0001-00006-93499,261328,0,2021 Topps Chrome BUNDESLIGA YUYA OSAKO #26 PULSAR /199,,,4000,No,,,,,,,,,,,,,Excellent,,,,,,,,,,,,,,,,,,,,,,,,,,FixedPriceItem,GTC,5.49,,1,,,ImmediatePayRequired,,United States,,Flat,USPSFirstClass,1,0.0,,,,1,,,ReturnsNotAccepted,,,,,,,,,,,,,,Yes,No,,,,
Revise,GABED-0001-00001-56200,261328,0,2025 Panini Prizm FIFA CLUB World Cup GERARD GARRIGA #29 Blue SEISMIC /275 SPAIN,,,4000,No,,,,,,,,,,,,,Excellent,,,,,,,,,,,,,,,,,,,,,,,,,,FixedPriceItem,GTC,12.99,,1,,,ImmediatePayRequired,,United States,,Flat,USPSFirstClass,1,0.0,,,,1,,,ReturnsNotAccepted,,,,,,,,,,,,,,Yes,No,,,,
Revise,GABED-0001-00003-01693,261328,0,2020 Topps Chrome UEFA CHAMPIONS LEAGUE DODO #74 Blue Wave /75 RC Rookie,,,4000,No,,,,,,,,,,,,,Excellent,,,,,,,,,,,,,,,,,,,,,,,,,,FixedPriceItem,GTC,4.00,,1,,,ImmediatePayRequired,,United States,,Flat,USPSFirstClass,1,0.0,,,,1,,,ReturnsNotAccepted,,,,,,,,,,,,,,Yes,No,,,,
Revise,TMWHT-0001-00005-30294,261328,0,2025 Topps Chrome JAYDEN DANIELS #295 Commanders Football,,,4000,No,,,,,,,,,,,,,Excellent,,,,,,,,,,,,,,,,,,,,,,,,,,FixedPriceItem,GTC,3.99,,1,,,ImmediatePayRequired,,United States,,Flat,USPSFirstClass,1,0.0,,,,1,,,ReturnsNotAccepted,,,,,,,,,,,,,,Yes,No,,,,
Revise,TMWHT-0001-00003-85573,261328,0,2025 Topps Chrome RHAMONDRE STEVENSON #210 PRISM Refractor Patriots Football,,,4000,No,,,,,,,,,,,,,Excellent,,,,,,,,,,,,,,,,,,,,,,,,,,FixedPriceItem,GTC,3.49,,1,,,ImmediatePayRequired,,United States,,Flat,USPSFirstClass,1,0.0,,,,1,,,ReturnsNotAccepted,,,,,,,,,,,,,,Yes,No,,,,
Revise,TMWHT-0001-00010-91733,261328,0,2025 Topps Chrome ZACK BAUN #ACT-22 All TEAM Eagles Football,,,4000,No,,,,,,,,,,,,,Excellent,,,,,,,,,,,,,,,,,,,,,,,,,,FixedPriceItem,GTC,1.99,,1,,,ImmediatePayRequired,,United States,,Flat,USPSFirstClass,1,0.0,,,,1,,,ReturnsNotAccepted,,,,,,,,,,,,,,Yes,No,,,,
Revise,TMWHT-0001-00007-78347,261328,0,2025 Topps Chrome JAYDEN DANIELS #PP-3 POWER PLAYERS REF Commanders Football,,,4000,No,,,,,,,,,,,,,Excellent,,,,,,,,,,,,,,,,,,,,,,,,,,FixedPriceItem,GTC,5.99,,1,,,ImmediatePayRequired,,United States,,Flat,USPSFirstClass,1,0.0,,,,1,,,ReturnsNotAccepted,,,,,,,,,,,,,,Yes,No,,,,
Revise,TMWHT-0001-00004-87184,261328,0,2025 Topps Chrome ROB GRONKOWSKI #LOG-29 LEGENDS of the GRIDIRON Patriots,,,4000,No,,,,,,,,,,,,,Excellent,,,,,,,,,,,,,,,,,,,,,,,,,,FixedPriceItem,GTC,2.49,,1,,,ImmediatePayRequired,,United States,,Flat,USPSFirstClass,1,0.0,,,,1,,,ReturnsNotAccepted,,,,,,,,,,,,,,Yes,No,,,,
Revise,TMWHT-0001-00001-41333,261328,0,2025 Topps Chrome JAYLEN REED #374 Rookie RC Texans Football,,,4000,No,,,,,,,,,,,,,Excellent,,,,,,,,,,,,,,,,,,,,,,,,,,FixedPriceItem,GTC,2.99,,1,,,ImmediatePayRequired,,United States,,Flat,USPSFirstClass,1,0.0,,,,1,,,ReturnsNotAccepted,,,,,,,,,,,,,,Yes,No,,,,
Revise,TMWHT-0001-00011-06626,261328,0,2025 Topps Chrome COOPER DEJEAN #252 PULSAR Refractor Eagles Football,,,4000,No,,,,,,,,,,,,,Excellent,,,,,,,,,,,,,,,,,,,,,,,,,,FixedPriceItem,GTC,4.49,,1,,,ImmediatePayRequired,,United States,,Flat,USPSFirstClass,1,0.0,,,,1,,,ReturnsNotAccepted,,,,,,,,,,,,,,Yes,No,,,,
Revise,TMWHT-0001-00006-14003,261328,0,2025 Topps Chrome TREVEYON HENDERSON #F15-26 FORTUNE 15 RC Patriots Rookie,,,4000,No,,,,,,,,,,,,,Excellent,,,,,,,,,,,,,,,,,,,,,,,,,,FixedPriceItem,GTC,5.99,,1,,,ImmediatePayRequired,,United States,,Flat,USPSFirstClass,1,0.0,,,,1,,,ReturnsNotAccepted,,,,,,,,,,,,,,Yes,No,,,,
Revise,TMWHT-0001-00012-69697,261328,0,2025 Topps Chrome LANE JOHNSON #246 Refractor Eagles Football,,,4000,No,,,,,,,,,,,,,Excellent,,,,,,,,,,,,,,,,,,,,,,,,,,FixedPriceItem,GTC,2.99,,1,,,ImmediatePayRequired,,United States,,Flat,USPSFirstClass,1,0.0,,,,1,,,ReturnsNotAccepted,,,,,,,,,,,,,,Yes,No,,,,
Revise,TMWHT-0001-00008-26111,261328,0,2025 Topps Chrome JAYDEN DANIELS #1975-34 1975 Refractor Commanders Football,,,4000,No,,,,,,,,,,,,,Excellent,,,,,,,,,,,,,,,,,,,,,,,,,,FixedPriceItem,GTC,4.99,,1,,,ImmediatePayRequired,,United States,,Flat,USPSFirstClass,1,0.0,,,,1,,,ReturnsNotAccepted,,,,,,,,,,,,,,Yes,No,,,,
Revise,TMWHT-0001-00002-93050,261328,0,2025 Topps Chrome SHEMAR STEWART #363 Rookie RC Bengals Football,,,4000,No,,,,,,,,,,,,,Excellent,,,,,,,,,,,,,,,,,,,,,,,,,,FixedPriceItem,GTC,2.99,,1,,,ImmediatePayRequired,,United States,,Flat,USPSFirstClass,1,0.0,,,,1,,,ReturnsNotAccepted,,,,,,,,,,,,,,Yes,No,,,,
Revise,TMWHT-0001-00013-48021,261328,0,2025 Topps Chrome CAM SKATTEBO #331 Rookie Refractor RC Giants Football,,,4000,No,,,,,,,,,,,,,Excellent,,,,,,,,,,,,,,,,,,,,,,,,,,FixedPriceItem,GTC,10.99,,1,,,ImmediatePayRequired,,United States,,Flat,USPSFirstClass,1,0.0,,,,1,,,ReturnsNotAccepted,,,,,,,,,,,,,,Yes,No,,,,
Revise,DREAMRP-0001-00017-02082,261328,0,2025 Topps HOLIDAY KYLE TUCKER #HC26 Chrome Purple REF 60/299 Cubs Football,,,4000,No,,,,,,,,,,,,,Excellent,,,,,,,,,,,,,,,,,,,,,,,,,,FixedPriceItem,GTC,3.99,,1,,,ImmediatePayRequired,,United States,,Flat,USPSFirstClass,1,0.0,,,,1,,,ReturnsNotAccepted,,,,,,,,,,,,,,Yes,No,,,,
Revise,DREAMRP-0001-00010-54639,261328,0,2011 Bowman BRYCE HARPER #BCP1 Chrome Prospects Nationals,,,4000,No,,,,,,,,,,,,,Excellent,,,,,,,,,,,,,,,,,,,,,,,,,,FixedPriceItem,GTC,11.59,,1,,,ImmediatePayRequired,,United States,,Flat,USPSFirstClass,1,0.0,,,,1,,,ReturnsNotAccepted,,,,,,,,,,,,,,Yes,No,,,,
Revise,DREAMRP-0001-00019-62373,261328,0,2025 Topps Update KEN GRIFFEY JR. #U90-47 1990 Holo Foil Mariners,,,4000,No,,,,,,,,,,,,,Excellent,,,,,,,,,,,,,,,,,,,,,,,,,,FixedPriceItem,GTC,2.99,,1,,,ImmediatePayRequired,,United States,,Flat,USPSFirstClass,1,0.0,,,,1,,,ReturnsNotAccepted,,,,,,,,,,,,,,Yes,No,,,,
Revise,DREAMRP-0001-00004-48195,261328,0,2025 Topps Chrome ANTHONY EDWARDS Yellow Basketball Refractor /275 SSP,,,4000,No,,,,,,,,,,,,,Excellent,,,,,,,,,,,,,,,,,,,,,,,,,,FixedPriceItem,GTC,29.19,,1,,,ImmediatePayRequired,,United States,,Flat,USPSFirstClass,1,0.0,,,,1,,,ReturnsNotAccepted,,,,,,,,,,,,,,Yes,No,,,,
Revise,DREAMRP-0001-00013-35212,261328,0,2025 Topps Chrome YOSHINOBU YAMAMOTO #179 X-FRACTOR Dodgers,,,4000,No,,,,,,,,,,,,,Excellent,,,,,,,,,,,,,,,,,,,,,,,,,,FixedPriceItem,GTC,8.99,,1,,,ImmediatePayRequired,,United States,,Flat,USPSFirstClass,1,0.0,,,,1,,,ReturnsNotAccepted,,,,,,,,,,,,,,Yes,No,,,,
Revise,DREAMRP-0001-00020-78905,261328,0,2025 Bowman Chrome Mega BOX TARIK SKUBAL #95 MOJO Refractor Tigers,,,4000,No,,,,,,,,,,,,,Excellent,,,,,,,,,,,,,,,,,,,,,,,,,,FixedPriceItem,GTC,4.99,,1,,,ImmediatePayRequired,,United States,,Flat,USPSFirstClass,1,0.0,,,,1,,,ReturnsNotAccepted,,,,,,,,,,,,,,Yes,No,,,,
Revise,DREAMRP-0001-00007-28754,261328,0,2024-25 Panini Donruss VICTOR WEMBANYAMA #6 Holo Green LASER SPURS Basketball,,,4000,No,,,,,,,,,,,,,Excellent,,,,,,,,,,,,,,,,,,,,,,,,,,FixedPriceItem,GTC,12.59,,1,,,ImmediatePayRequired,,United States,,Flat,USPSFirstClass,1,0.0,,,,1,,,ReturnsNotAccepted,,,,,,,,,,,,,,Yes,No,,,,
Revise,DREAMRP-0001-00006-70303,261328,0,1999-00 HOOPS KOBE BRYANT #27 Lakers Basketball,,,4000,No,,,,,,,,,,,,,Excellent,,,,,,,,,,,,,,,,,,,,,,,,,,FixedPriceItem,GTC,6.49,,1,,,ImmediatePayRequired,,United States,,Flat,USPSFirstClass,1,0.0,,,,1,,,ReturnsNotAccepted,,,,,,,,,,,,,,Yes,No,,,,
Revise,DREAMRP-0001-00022-23600,261328,0,2025-26 Topps VICTOR WEMBANYAMA #195 SEASON TIP-OFF SPURS Basketball,,,4000,No,,,,,,,,,,,,,Excellent,,,,,,,,,,,,,,,,,,,,,,,,,,FixedPriceItem,GTC,8.99,,1,,,ImmediatePayRequired,,United States,,Flat,USPSFirstClass,1,0.0,,,,1,,,ReturnsNotAccepted,,,,,,,,,,,,,,Yes,No,,,,
Revise,DREAMRP-0001-00021-22968,261328,0,2025 Panini Donruss OMARION HAMPTON #303 Optic Rated Rookie PREVIEW Red Wave RC,,,4000,No,,,,,,,,,,,,,Excellent,,,,,,,,,,,,,,,,,,,,,,,,,,FixedPriceItem,GTC,2.99,,1,,,ImmediatePayRequired,,United States,,Flat,USPSFirstClass,1,0.0,,,,1,,,ReturnsNotAccepted,,,,,,,,,,,,,,Yes,No,,,,
Revise,DREAMRP-0001-00003-04829,261328,0,2024 Topps TRIPLE THREADS NOLAN RYAN #25 AMBER 46/199 Angels,,,4000,No,,,,,,,,,,,,,Excellent,,,,,,,,,,,,,,,,,,,,,,,,,,FixedPriceItem,GTC,9.19,,1,,,ImmediatePayRequired,,United States,,Flat,USPSFirstClass,1,0.0,,,,1,,,ReturnsNotAccepted,,,,,,,,,,,,,,Yes,No,,,,
Revise,Chromebox-0001-00016-66075,261328,0,2025-26 Bowman ALIJAH MARTIN #BCV-40 Chrome RC RAPTORS Rookie Basketball,,,4000,No,,,,,,,,,,,,,Excellent,,,,,,,,,,,,,,,,,,,,,,,,,,FixedPriceItem,GTC,2.49,,1,,,ImmediatePayRequired,,United States,,Flat,USPSFirstClass,1,0.0,,,,1,,,ReturnsNotAccepted,,,,,,,,,,,,,,Yes,No,,,,
Revise,Chromebox-0001-00017-51428,261328,0,2025-26 Bowman EMILEE SKINNER #BCP-85 Chrome 1st Prospect Blue DEVILS,,,4000,No,,,,,,,,,,,,,Excellent,,,,,,,,,,,,,,,,,,,,,,,,,,FixedPriceItem,GTC,2.49,,1,,,ImmediatePayRequired,,United States,,Flat,USPSFirstClass,1,0.0,,,,1,,,ReturnsNotAccepted,,,,,,,,,,,,,,Yes,No,,,,
Revise,Chromebox-0001-00001-14880,261328,0,2025-26 Bowman ACE FLAGG #BCP-91 Chrome REPTILIAN Refractor 1st Prospect Bears,,,4000,No,,,,,,,,,,,,,Excellent,,,,,,,,,,,,,,,,,,,,,,,,,,FixedPriceItem,GTC,3.39,,1,,,ImmediatePayRequired,,United States,,Flat,USPSFirstClass,1,0.0,,,,1,,,ReturnsNotAccepted,,,,,,,,,,,,,,Yes,No,,,,
Revise,Chromebox-0001-00003-52786,261328,0,2025-26 Bowman RYAN KALKBRENNER #BCV-34 Chrome RC HORNETS Rookie Basketball,,,4000,No,,,,,,,,,,,,,Excellent,,,,,,,,,,,,,,,,,,,,,,,,,,FixedPriceItem,GTC,3.99,,1,,,ImmediatePayRequired,,United States,,Flat,USPSFirstClass,1,0.0,,,,1,,,ReturnsNotAccepted,,,,,,,,,,,,,,Yes,No,,,,
Revise,Chromebox-0001-00019-81084,261328,0,2025-26 Bowman TYRESE MAXEY #BCV-66 Chrome 76ers Basketball,,,4000,No,,,,,,,,,,,,,Excellent,,,,,,,,,,,,,,,,,,,,,,,,,,FixedPriceItem,GTC,3.99,,1,,,ImmediatePayRequired,,United States,,Flat,USPSFirstClass,1,0.0,,,,1,,,ReturnsNotAccepted,,,,,,,,,,,,,,Yes,No,,,,
Revise,Chromebox-0001-00002-60219,261328,0,2025-26 Bowman CALEB WILSON #BCP-83 Chrome 1st Prospect TAR HEELS,,,4000,No,,,,,,,,,,,,,Excellent,,,,,,,,,,,,,,,,,,,,,,,,,,FixedPriceItem,GTC,5.49,,1,,,ImmediatePayRequired,,United States,,Flat,USPSFirstClass,1,0.0,,,,1,,,ReturnsNotAccepted,,,,,,,,,,,,,,Yes,No,,,,
Revise,Chromebox-0001-00008-80129,261328,0,2025-26 Bowman NICK MARTINELLI #BCP-62 Chrome 1st Prospect WILDCATS,,,4000,No,,,,,,,,,,,,,Excellent,,,,,,,,,,,,,,,,,,,,,,,,,,FixedPriceItem,GTC,2.49,,1,,,ImmediatePayRequired,,United States,,Flat,USPSFirstClass,1,0.0,,,,1,,,ReturnsNotAccepted,,,,,,,,,,,,,,Yes,No,,,,
Revise,Chromebox-0001-00011-70215,261328,0,2025-26 Bowman JARED MCCAIN #BCV-65 Chrome REPTILIAN Refractor 76ers Basketball,,,4000,No,,,,,,,,,,,,,Excellent,,,,,,,,,,,,,,,,,,,,,,,,,,FixedPriceItem,GTC,3.49,,1,,,ImmediatePayRequired,,United States,,Flat,USPSFirstClass,1,0.0,,,,1,,,ReturnsNotAccepted,,,,,,,,,,,,,,Yes,No,,,,
Revise,Chromebox-0001-00005-56793,261328,0,2025-26 Bowman ALEXANDRA ESCHMEYER #BCP-75 Chrome 1st Prospect CARDINAL,,,4000,No,,,,,,,,,,,,,Excellent,,,,,,,,,,,,,,,,,,,,,,,,,,FixedPriceItem,GTC,2.49,,1,,,ImmediatePayRequired,,United States,,Flat,USPSFirstClass,1,0.0,,,,1,,,ReturnsNotAccepted,,,,,,,,,,,,,,Yes,No,,,,
Revise,Chromebox-0001-00025-62477,261328,0,2025-26 Bowman KEVIN DURANT #YK-14 YOUNG Kings THUNDER Basketball,,,4000,No,,,,,,,,,,,,,Excellent,,,,,,,,,,,,,,,,,,,,,,,,,,FixedPriceItem,GTC,2.49,,1,,,ImmediatePayRequired,,United States,,Flat,USPSFirstClass,1,0.0,,,,1,,,ReturnsNotAccepted,,,,,,,,,,,,,,Yes,No,,,,
Revise,Chromebox-0001-00009-25803,261328,0,2025-26 Bowman TA'NIYA LATSON #VIP-22 VERY IMPORTANT Prospects GAMECOCKS,,,4000,No,,,,,,,,,,,,,Excellent,,,,,,,,,,,,,,,,,,,,,,,,,,FixedPriceItem,GTC,1.99,,1,,,ImmediatePayRequired,,United States,,Flat,USPSFirstClass,1,0.0,,,,1,,,ReturnsNotAccepted,,,,,,,,,,,,,,Yes,No,,,,
Revise,Chromebox-0001-00014-40831,261328,0,2025-26 Bowman TOUNDE YESSOUFOU #BCP-11 Chrome 1st Prospect Bears Football,,,4000,No,,,,,,,,,,,,,Excellent,,,,,,,,,,,,,,,,,,,,,,,,,,FixedPriceItem,GTC,2.99,,1,,,ImmediatePayRequired,,United States,,Flat,USPSFirstClass,1,0.0,,,,1,,,ReturnsNotAccepted,,,,,,,,,,,,,,Yes,No,,,,
Revise,Chromebox-0001-00006-65759,261328,0,2025 Bowman BRAYDEN BURRIES #BCP-51 Chrome REPTILIAN Refractor 1st Prospect,,,4000,No,,,,,,,,,,,,,Excellent,,,,,,,,,,,,,,,,,,,,,,,,,,FixedPriceItem,GTC,5.09,,1,,,ImmediatePayRequired,,United States,,Flat,USPSFirstClass,1,0.0,,,,1,,,ReturnsNotAccepted,,,,,,,,,,,,,,Yes,No,,,,
Revise,Chromebox-0001-00012-88781,261328,0,2025-26 Bowman KAM JONES #BCV-39 Chrome RC Pacers Rookie Basketball,,,4000,No,,,,,,,,,,,,,Excellent,,,,,,,,,,,,,,,,,,,,,,,,,,FixedPriceItem,GTC,1.99,,1,,,ImmediatePayRequired,,United States,,Flat,USPSFirstClass,1,0.0,,,,1,,,ReturnsNotAccepted,,,,,,,,,,,,,,Yes,No,,,,
Revise,Chromebox-0001-00013-07191,261328,0,2025 Bowman JOSH DIX #BCP-17 Chrome BASE CREIGHTON,,,4000,No,,,,,,,,,,,,,Excellent,,,,,,,,,,,,,,,,,,,,,,,,,,FixedPriceItem,GTC,1.99,,1,,,ImmediatePayRequired,,United States,,Flat,USPSFirstClass,1,0.0,,,,1,,,ReturnsNotAccepted,,,,,,,,,,,,,,Yes,No,,,,
Revise,Chromebox-0001-00022-81040,261328,0,2025-26 Bowman KON KNUEPPEL #GL-4 GREATNESS LOADING RC HORNETS Rookie Basketball,,,4000,No,,,,,,,,,,,,,Excellent,,,,,,,,,,,,,,,,,,,,,,,,,,FixedPriceItem,GTC,8.99,,1,,,ImmediatePayRequired,,United States,,Flat,USPSFirstClass,1,0.0,,,,1,,,ReturnsNotAccepted,,,,,,,,,,,,,,Yes,No,,,,
Revise,Chromebox-0001-00015-45694,261328,0,2025-26 Bowman ACE BAILEY #HS-9 Hobby Stars RC JAZZ Rookie Basketball,,,4000,No,,,,,,,,,,,,,Excellent,,,,,,,,,,,,,,,,,,,,,,,,,,FixedPriceItem,GTC,3.99,,1,,,ImmediatePayRequired,,United States,,Flat,USPSFirstClass,1,0.0,,,,1,,,ReturnsNotAccepted,,,,,,,,,,,,,,Yes,No,,,,
Revise,Chromebox-0001-00023-49210,261328,0,2025-26 Bowman ACE FLAGG #BPP-91 1st Prospect Bears Basketball,,,4000,No,,,,,,,,,,,,,Excellent,,,,,,,,,,,,,,,,,,,,,,,,,,FixedPriceItem,GTC,2.99,,1,,,ImmediatePayRequired,,United States,,Flat,USPSFirstClass,1,0.0,,,,1,,,ReturnsNotAccepted,,,,,,,,,,,,,,Yes,No,,,,
Revise,Chromebox-0001-00010-71069,261328,0,2025-26 Bowman HERBERT JONES #BCV-140 Chrome Pelicans Basketball,,,4000,No,,,,,,,,,,,,,Excellent,,,,,,,,,,,,,,,,,,,,,,,,,,FixedPriceItem,GTC,2.49,,1,,,ImmediatePayRequired,,United States,,Flat,USPSFirstClass,1,0.0,,,,1,,,ReturnsNotAccepted,,,,,,,,,,,,,,Yes,No,,,,
Revise,Chromebox-0001-00007-62977,261328,0,2025-26 Bowman ZACH EDEY #BCV-139 Chrome Grizzlies Basketball,,,4000,No,,,,,,,,,,,,,Excellent,,,,,,,,,,,,,,,,,,,,,,,,,,FixedPriceItem,GTC,2.99,,1,,,ImmediatePayRequired,,United States,,Flat,USPSFirstClass,1,0.0,,,,1,,,ReturnsNotAccepted,,,,,,,,,,,,,,Yes,No,,,,
Revise,Chromebox-0001-00024-61795,261328,0,2025-26 Bowman AJ Green #164 BORDER 17/99 Bucks Basketball,,,4000,No,,,,,,,,,,,,,Excellent,,,,,,,,,,,,,,,,,,,,,,,,,,FixedPriceItem,GTC,11.09,,1,,,ImmediatePayRequired,,United States,,Flat,USPSFirstClass,1,0.0,,,,1,,,ReturnsNotAccepted,,,,,,,,,,,,,,Yes,No,,,,
Revise,Chromebox-0001-00004-17271,261328,0,2025-26 Bowman KASPARAS JAKUCIONIS #RR-20 Rockstar Rookies RC Heat Basketball,,,4000,No,,,,,,,,,,,,,Excellent,,,,,,,,,,,,,,,,,,,,,,,,,,FixedPriceItem,GTC,3.49,,1,,,ImmediatePayRequired,,United States,,Flat,USPSFirstClass,1,0.0,,,,1,,,ReturnsNotAccepted,,,,,,,,,,,,,,Yes,No,,,,
Revise,Chromebox-0001-00020-24166,261328,0,2025 Bowman CHET HOLMGREN #BCV-108 Chrome REPTILIAN Green REF /99 Basketball,,,4000,No,,,,,,,,,,,,,Excellent,,,,,,,,,,,,,,,,,,,,,,,,,,FixedPriceItem,GTC,55.39,,1,,,ImmediatePayRequired,,United States,,Flat,USPSFirstClass,1,0.0,,,,1,,,ReturnsNotAccepted,,,,,,,,,,,,,,Yes,No,,,,
Revise,Chromebox-0001-00018-081004,261328,0,2025-26 Bowman CADE CUNNINGHAM #YK-12 YOUNG Kings Pistons Basketball,,,4000,No,,,,,,,,,,,,,Excellent,,,,,,,,,,,,,,,,,,,,,,,,,,FixedPriceItem,GTC,3.99,,1,,,ImmediatePayRequired,,United States,,Flat,USPSFirstClass,1,0.0,,,,1,,,ReturnsNotAccepted,,,,,,,,,,,,,,Yes,No,,,,
Revise,Ebayrefresh-0002-00017-14561,261328,0,2024 Bowman Mega BOX CEDDANNE RAFAELA #84 MOJO Refractor Red Sox,,,4000,No,,,,,,,,,,,,,Excellent,,,,,,,,,,,,,,,,,,,,,,,,,,FixedPriceItem,GTC,3.49,,1,,,ImmediatePayRequired,,United States,,Flat,USPSFirstClass,1,0.0,,,,1,,,ReturnsNotAccepted,,,,,,,,,,,,,,Yes,No,,,,
Revise,Ebayrefresh-0002-00022-21180,261328,0,2024 Topps Update ANDY PAGES #US108 RC Dodgers Rookie,,,4000,No,,,,,,,,,,,,,Excellent,,,,,,,,,,,,,,,,,,,,,,,,,,FixedPriceItem,GTC,3.49,,1,,,ImmediatePayRequired,,United States,,Flat,USPSFirstClass,1,0.0,,,,1,,,ReturnsNotAccepted,,,,,,,,,,,,,,Yes,No,,,,
Revise,Ebayrefresh-0002-00002-01100,261328,0,2024 Bowman Draft JAMES TIBBS III #PP-6 PLASMA POWER Giants Football,,,4000,No,,,,,,,,,,,,,Excellent,,,,,,,,,,,,,,,,,,,,,,,,,,FixedPriceItem,GTC,3.49,,1,,,ImmediatePayRequired,,United States,,Flat,USPSFirstClass,1,0.0,,,,1,,,ReturnsNotAccepted,,,,,,,,,,,,,,Yes,No,,,,
Revise,Ebayrefresh-0002-00014-26737,261328,0,2021 BOWMAN'S BEST ANDREW PAINTER #85 Phillies,,,4000,No,,,,,,,,,,,,,Excellent,,,,,,,,,,,,,,,,,,,,,,,,,,FixedPriceItem,GTC,5.49,,1,,,ImmediatePayRequired,,United States,,Flat,USPSFirstClass,1,0.0,,,,1,,,ReturnsNotAccepted,,,,,,,,,,,,,,Yes,No,,,,
Revise,Ebayrefresh-0002-00006-22774,261328,0,2025 Bowman Draft JOSUAR GONZALEZ #BDC-182 Chrome MOJO Refractor Giants Football,,,4000,No,,,,,,,,,,,,,Excellent,,,,,,,,,,,,,,,,,,,,,,,,,,FixedPriceItem,GTC,2.99,,1,,,ImmediatePayRequired,,United States,,Flat,USPSFirstClass,1,0.0,,,,1,,,ReturnsNotAccepted,,,,,,,,,,,,,,Yes,No,,,,
Revise,Ebayrefresh-0002-00001-67750,261328,0,2022 Bowman Draft DALTON RUSHING #BDC-84 Chrome Black & White RAYWAVE Refractor,,,4000,No,,,,,,,,,,,,,Excellent,,,,,,,,,,,,,,,,,,,,,,,,,,FixedPriceItem,GTC,13.89,,1,,,ImmediatePayRequired,,United States,,Flat,USPSFirstClass,1,0.0,,,,1,,,ReturnsNotAccepted,,,,,,,,,,,,,,Yes,No,,,,
Revise,Ebayrefresh-0002-00015-13689,261328,0,2024 BOWMAN'S BEST CHASE BURNS #TP-28 Prospects Reds,,,4000,No,,,,,,,,,,,,,Excellent,,,,,,,,,,,,,,,,,,,,,,,,,,FixedPriceItem,GTC,3.99,,1,,,ImmediatePayRequired,,United States,,Flat,USPSFirstClass,1,0.0,,,,1,,,ReturnsNotAccepted,,,,,,,,,,,,,,Yes,No,,,,
Revise,Ebayrefresh-0002-00009-49453,261328,0,2025 Bowman CAM SMITH #BCP-48 Chrome Prospects Mega BOX Refractor Astros,,,4000,No,,,,,,,,,,,,,Excellent,,,,,,,,,,,,,,,,,,,,,,,,,,FixedPriceItem,GTC,2.99,,1,,,ImmediatePayRequired,,United States,,Flat,USPSFirstClass,1,0.0,,,,1,,,ReturnsNotAccepted,,,,,,,,,,,,,,Yes,No,,,,
Revise,Ebayrefresh-0002-00021-32773,261328,0,2024 Panini Prospect EDITION GEORGE LOMBARD JR. #36 TICKET Yankees,,,4000,No,,,,,,,,,,,,,Excellent,,,,,,,,,,,,,,,,,,,,,,,,,,FixedPriceItem,GTC,4.49,,1,,,ImmediatePayRequired,,United States,,Flat,USPSFirstClass,1,0.0,,,,1,,,ReturnsNotAccepted,,,,,,,,,,,,,,Yes,No,,,,
Revise,Ebayrefresh-0002-00013-00121,261328,0,2022 Bowman Draft ANDREW PINTAR #BDC-138 Chrome Black & White RAYWAVE Refractor,,,4000,No,,,,,,,,,,,,,Excellent,,,,,,,,,,,,,,,,,,,,,,,,,,FixedPriceItem,GTC,4.49,,1,,,ImmediatePayRequired,,United States,,Flat,USPSFirstClass,1,0.0,,,,1,,,ReturnsNotAccepted,,,,,,,,,,,,,,Yes,No,,,,
Revise,Ebayrefresh-0002-00026-02339,261328,0,2024 Topps Chrome KYLE TUCKER #112 Purple Refractor 24/250 Astros Football,,,4000,No,,,,,,,,,,,,,Excellent,,,,,,,,,,,,,,,,,,,,,,,,,,FixedPriceItem,GTC,4.49,,1,,,ImmediatePayRequired,,United States,,Flat,USPSFirstClass,1,0.0,,,,1,,,ReturnsNotAccepted,,,,,,,,,,,,,,Yes,No,,,,
Revise,Ebayrefresh-0002-00035-54294,261328,0,2019 Topps ARCHIVES SNAPSHOTS KYLE TUCKER #AS-KT RC Astros Rookie Football,,,4000,No,,,,,,,,,,,,,Excellent,,,,,,,,,,,,,,,,,,,,,,,,,,FixedPriceItem,GTC,4.99,,1,,,ImmediatePayRequired,,United States,,Flat,USPSFirstClass,1,0.0,,,,1,,,ReturnsNotAccepted,,,,,,,,,,,,,,Yes,No,,,,
Revise,Ebayrefresh-0002-00016-70749,261328,0,2022 Topps Update MIKE TROUT #BG-3 Black Gold Angels,,,4000,No,,,,,,,,,,,,,Excellent,,,,,,,,,,,,,,,,,,,,,,,,,,FixedPriceItem,GTC,3.49,,1,,,ImmediatePayRequired,,United States,,Flat,USPSFirstClass,1,0.0,,,,1,,,ReturnsNotAccepted,,,,,,,,,,,,,,Yes,No,,,,
Revise,Ebayrefresh-0002-00008-09965,261328,0,2022 Topps MARK MCGWIRE #T87C-80 1987 Baseball 35th ANNIVERSARY Chrome A'S,,,4000,No,,,,,,,,,,,,,Excellent,,,,,,,,,,,,,,,,,,,,,,,,,,FixedPriceItem,GTC,3.99,,1,,,ImmediatePayRequired,,United States,,Flat,USPSFirstClass,1,0.0,,,,1,,,ReturnsNotAccepted,,,,,,,,,,,,,,Yes,No,,,,
Revise,Ebayrefresh-0002-00027-64309,261328,0,2024 Bowman Chrome AUSTIN WELLS #15 RC Yankees Rookie,,,4000,No,,,,,,,,,,,,,Excellent,,,,,,,,,,,,,,,,,,,,,,,,,,FixedPriceItem,GTC,3.49,,1,,,ImmediatePayRequired,,United States,,Flat,USPSFirstClass,1,0.0,,,,1,,,ReturnsNotAccepted,,,,,,,,,,,,,,Yes,No,,,,
Revise,Ebayrefresh-0002-00031-70300,261328,0,2024 Topps Update HANK AARON #BG-22 Black Gold Braves,,,4000,No,,,,,,,,,,,,,Excellent,,,,,,,,,,,,,,,,,,,,,,,,,,FixedPriceItem,GTC,3.49,,1,,,ImmediatePayRequired,,United States,,Flat,USPSFirstClass,1,0.0,,,,1,,,ReturnsNotAccepted,,,,,,,,,,,,,,Yes,No,,,,
Revise,Ebayrefresh-0002-00028-82943,261328,0,2025 Topps CORBIN CARROLL #T90C-80 1990 Baseball Chrome Silver PACK Diamondbacks,,,4000,No,,,,,,,,,,,,,Excellent,,,,,,,,,,,,,,,,,,,,,,,,,,FixedPriceItem,GTC,2.99,,1,,,ImmediatePayRequired,,United States,,Flat,USPSFirstClass,1,0.0,,,,1,,,ReturnsNotAccepted,,,,,,,,,,,,,,Yes,No,,,,
Revise,Ebayrefresh-0002-00018-46451,261328,0,2020 Topps TOTAL BRYCE HARPER #1 Phillies,,,4000,No,,,,,,,,,,,,,Excellent,,,,,,,,,,,,,,,,,,,,,,,,,,FixedPriceItem,GTC,9.89,,1,,,ImmediatePayRequired,,United States,,Flat,USPSFirstClass,1,0.0,,,,1,,,ReturnsNotAccepted,,,,,,,,,,,,,,Yes,No,,,,
Revise,Ebayrefresh-0002-00005-29363,261328,0,2024 Bowman Draft GEORGE LOMBARD JR. #BD-118 Yankees,,,4000,No,,,,,,,,,,,,,Excellent,,,,,,,,,,,,,,,,,,,,,,,,,,FixedPriceItem,GTC,3.49,,1,,,ImmediatePayRequired,,United States,,Flat,USPSFirstClass,1,0.0,,,,1,,,ReturnsNotAccepted,,,,,,,,,,,,,,Yes,No,,,,
Revise,Ebayrefresh-0002-00032-81186,261328,0,2018 Topps BRYCE HARPER #351 Nationals,,,4000,No,,,,,,,,,,,,,Excellent,,,,,,,,,,,,,,,,,,,,,,,,,,FixedPriceItem,GTC,3.49,,1,,,ImmediatePayRequired,,United States,,Flat,USPSFirstClass,1,0.0,,,,1,,,ReturnsNotAccepted,,,,,,,,,,,,,,Yes,No,,,,
Revise,Ebayrefresh-0002-00003-65867,261328,0,2024 Bowman Draft MAX CLARK #BDC-104 Chrome Refractor Tigers,,,4000,No,,,,,,,,,,,,,Excellent,,,,,,,,,,,,,,,,,,,,,,,,,,FixedPriceItem,GTC,2.19,,1,,,ImmediatePayRequired,,United States,,Flat,USPSFirstClass,1,0.0,,,,1,,,ReturnsNotAccepted,,,,,,,,,,,,,,Yes,No,,,,
Revise,Ebayrefresh-0002-00011-58267,261328,0,2023 Topps BOBBY WITT JR. #SMLB-17 Stars of MLB Royals,,,4000,No,,,,,,,,,,,,,Excellent,,,,,,,,,,,,,,,,,,,,,,,,,,FixedPriceItem,GTC,3.49,,1,,,ImmediatePayRequired,,United States,,Flat,USPSFirstClass,1,0.0,,,,1,,,ReturnsNotAccepted,,,,,,,,,,,,,,Yes,No,,,,
Revise,Ebayrefresh-0002-00029-44172,261328,0,2025 Bowman Draft JOSWA LUGO #BDC-24 Chrome LAZER Refractor Angels,,,4000,No,,,,,,,,,,,,,Excellent,,,,,,,,,,,,,,,,,,,,,,,,,,FixedPriceItem,GTC,3.99,,1,,,ImmediatePayRequired,,United States,,Flat,USPSFirstClass,1,0.0,,,,1,,,ReturnsNotAccepted,,,,,,,,,,,,,,Yes,No,,,,
Revise,Ebayrefresh-0002-00012-98623,261328,0,2025 Topps Heritage BOBBY WITT JR. #92 Royals,,,4000,No,,,,,,,,,,,,,Excellent,,,,,,,,,,,,,,,,,,,,,,,,,,FixedPriceItem,GTC,2.99,,1,,,ImmediatePayRequired,,United States,,Flat,USPSFirstClass,1,0.0,,,,1,,,ReturnsNotAccepted,,,,,,,,,,,,,,Yes,No,,,,
Revise,Ebayrefresh-0002-00023-71661,261328,0,2025 Bowman TSUNG-CHE CHENG #BP-95 Prospects Pirates,,,4000,No,,,,,,,,,,,,,Excellent,,,,,,,,,,,,,,,,,,,,,,,,,,FixedPriceItem,GTC,2.99,,1,,,ImmediatePayRequired,,United States,,Flat,USPSFirstClass,1,0.0,,,,1,,,ReturnsNotAccepted,,,,,,,,,,,,,,Yes,No,,,,
Revise,Ebayrefresh-0002-00034-90872,261328,0,2015 Topps Update ALBERT PUJOLS #RS-21 Rookie SENSATIONS Cardinals RC Football,,,4000,No,,,,,,,,,,,,,Excellent,,,,,,,,,,,,,,,,,,,,,,,,,,FixedPriceItem,GTC,3.49,,1,,,ImmediatePayRequired,,United States,,Flat,USPSFirstClass,1,0.0,,,,1,,,ReturnsNotAccepted,,,,,,,,,,,,,,Yes,No,,,,
Revise,Ebayrefresh-0002-00004-99777,261328,0,2024 Bowman Draft LEO DE VRIES #PP-19 PLASMA POWER Padres,,,4000,No,,,,,,,,,,,,,Excellent,,,,,,,,,,,,,,,,,,,,,,,,,,FixedPriceItem,GTC,3.49,,1,,,ImmediatePayRequired,,United States,,Flat,USPSFirstClass,1,0.0,,,,1,,,ReturnsNotAccepted,,,,,,,,,,,,,,Yes,No,,,,
Revise,Ebayrefresh-0002-00033-48324,261328,0,2019 Bowman KYLE TUCKER #94 RC Astros Rookie Football,,,4000,No,,,,,,,,,,,,,Excellent,,,,,,,,,,,,,,,,,,,,,,,,,,FixedPriceItem,GTC,3.49,,1,,,ImmediatePayRequired,,United States,,Flat,USPSFirstClass,1,0.0,,,,1,,,ReturnsNotAccepted,,,,,,,,,,,,,,Yes,No,,,,
Revise,KKSC-0001-00014-42870,261328,0,2025 Topps Chrome MCDONALD'S ALL-AMERICAN JORDAN SPEISER #75 Purple /150,,,4000,No,,,,,,,,,,,,,Excellent,,,,,,,,,,,,,,,,,,,,,,,,,,FixedPriceItem,GTC,7.59,,1,,,ImmediatePayRequired,,United States,,Flat,USPSFirstClass,1,0.0,,,,1,,,ReturnsNotAccepted,,,,,,,,,,,,,,Yes,No,,,,
Revise,KKSC-0001-00005-89064,261328,0,2025 Topps Chrome MCDONALD'S ALL-AMERICAN CHRIS CENAC JR. #11 Aqua Wave /199,,,4000,No,,,,,,,,,,,,,Excellent,,,,,,,,,,,,,,,,,,,,,,,,,,FixedPriceItem,GTC,5.99,,1,,,ImmediatePayRequired,,United States,,Flat,USPSFirstClass,1,0.0,,,,1,,,ReturnsNotAccepted,,,,,,,,,,,,,,Yes,No,,,,
Revise,KKSC-0001-00007-65226,261328,0,2025 Upper Deck Series 1 JEREMY LAUZON #93 CLEAR CUT PREDATORS,,,4000,No,,,,,,,,,,,,,Excellent,,,,,,,,,,,,,,,,,,,,,,,,,,FixedPriceItem,GTC,2.49,,1,,,ImmediatePayRequired,,United States,,Flat,USPSFirstClass,1,0.0,,,,1,,,ReturnsNotAccepted,,,,,,,,,,,,,,Yes,No,,,,
Revise,KKSC-0001-00011-75904,261328,0,2025 Topps Chrome MCDONALD'S ALL-AMERICAN ZAI HARWELL #5 Aqua Wave /199,,,4000,No,,,,,,,,,,,,,Excellent,,,,,,,,,,,,,,,,,,,,,,,,,,FixedPriceItem,GTC,4.99,,1,,,ImmediatePayRequired,,United States,,Flat,USPSFirstClass,1,0.0,,,,1,,,ReturnsNotAccepted,,,,,,,,,,,,,,Yes,No,,,,
Revise,KKSC-0001-00004-62290,261328,0,2025 Topps Chrome MCDONALD'S ALL-AMERICAN ERIC REIBE #44 Aqua Wave REF /199,,,4000,No,,,,,,,,,,,,,Excellent,,,,,,,,,,,,,,,,,,,,,,,,,,FixedPriceItem,GTC,1.99,,1,,,ImmediatePayRequired,,United States,,Flat,USPSFirstClass,1,0.0,,,,1,,,ReturnsNotAccepted,,,,,,,,,,,,,,Yes,No,,,,
Revise,KKSC-0001-00012-03782,261328,0,2025 Topps Chrome MCDONALD'S ALL-AMERICAN JAREN JACKSON JR. #95 LOGO Refractor,,,4000,No,,,,,,,,,,,,,Excellent,,,,,,,,,,,,,,,,,,,,,,,,,,FixedPriceItem,GTC,5.99,,1,,,ImmediatePayRequired,,United States,,Flat,USPSFirstClass,1,0.0,,,,1,,,ReturnsNotAccepted,,,,,,,,,,,,,,Yes,No,,,,
Revise,KKSC-0001-00006-81442,261328,0,2024-25 Upper Deck ALLURE SERGEI BOBROVSKY #PI-7 PROTECTORS of the Ice Panthers,,,4000,No,,,,,,,,,,,,,Excellent,,,,,,,,,,,,,,,,,,,,,,,,,,FixedPriceItem,GTC,3.49,,1,,,ImmediatePayRequired,,United States,,Flat,USPSFirstClass,1,0.0,,,,1,,,ReturnsNotAccepted,,,,,,,,,,,,,,Yes,No,,,,
Revise,KKSC-0001-00009-69291,261328,0,2024-25 Upper Deck ALLURE EMIL LILLEBERG #116 RC LIGHTNING Rookie,,,4000,No,,,,,,,,,,,,,Excellent,,,,,,,,,,,,,,,,,,,,,,,,,,FixedPriceItem,GTC,2.99,,1,,,ImmediatePayRequired,,United States,,Flat,USPSFirstClass,1,0.0,,,,1,,,ReturnsNotAccepted,,,,,,,,,,,,,,Yes,No,,,,
Revise,KKSC-0001-00002-58312,261328,0,2025 Topps Chrome MCDONALD'S ALL-AMERICAN JALIYA DAVIS #59 Aqua Wave REF /199,,,4000,No,,,,,,,,,,,,,Excellent,,,,,,,,,,,,,,,,,,,,,,,,,,FixedPriceItem,GTC,2.99,,1,,,ImmediatePayRequired,,United States,,Flat,USPSFirstClass,1,0.0,,,,1,,,ReturnsNotAccepted,,,,,,,,,,,,,,Yes,No,,,,
Revise,KKSC-0001-00013-15723,261328,0,2025 Panini Prizm TREY AMOS #400 Orange 169/249 RC Commanders Rookie Football,,,4000,No,,,,,,,,,,,,,Excellent,,,,,,,,,,,,,,,,,,,,,,,,,,FixedPriceItem,GTC,3.99,,1,,,ImmediatePayRequired,,United States,,Flat,USPSFirstClass,1,0.0,,,,1,,,ReturnsNotAccepted,,,,,,,,,,,,,,Yes,No,,,,
Revise,KKSC-0001-00008-39136,261328,0,2024-25 Upper Deck ALLURE MARCO ROSSI #CFL-31 COLOR FLOW RED-ORANGE WILD,,,4000,No,,,,,,,,,,,,,Excellent,,,,,,,,,,,,,,,,,,,,,,,,,,FixedPriceItem,GTC,3.49,,1,,,ImmediatePayRequired,,United States,,Flat,USPSFirstClass,1,0.0,,,,1,,,ReturnsNotAccepted,,,,,,,,,,,,,,Yes,No,,,,
Revise,KKSC-0001-00003-64879,261328,0,2023-24 Upper Deck MVP ALTERNATE THREADS BARZAL PELECH SOROKIN #AT-14 ISLANDERS,,,4000,No,,,,,,,,,,,,,Excellent,,,,,,,,,,,,,,,,,,,,,,,,,,FixedPriceItem,GTC,3.49,,1,,,ImmediatePayRequired,,United States,,Flat,USPSFirstClass,1,0.0,,,,1,,,ReturnsNotAccepted,,,,,,,,,,,,,,Yes,No,,,,
Revise,KKSC-0001-00016-87372,261328,0,2025-26 Topps Chrome KON KNUEPPEL #254 RC HORNETS Rookie Basketball,,,4000,No,,,,,,,,,,,,,Excellent,,,,,,,,,,,,,,,,,,,,,,,,,,FixedPriceItem,GTC,9.00,,1,,,ImmediatePayRequired,,United States,,Flat,USPSFirstClass,1,0.0,,,,1,,,ReturnsNotAccepted,,,,,,,,,,,,,,Yes,No,,,,
Revise,EBAY-0002-00005-89882,261328,0,2024 Bowman MAX CLARK #PP-12 Prospect POWER UP Tigers,,,4000,No,,,,,,,,,,,,,Excellent,,,,,,,,,,,,,,,,,,,,,,,,,,FixedPriceItem,GTC,2.00,,1,,,ImmediatePayRequired,,United States,,Flat,USPSFirstClass,1,0.0,,,,1,,,ReturnsNotAccepted,,,,,,,,,,,,,,Yes,No,,,,
Revise,EBAY-0002-00002-40631,261328,0,2024 Topps Update RONALD ACUNA JR. #BG-3 Black Gold Braves,,,4000,No,,,,,,,,,,,,,Excellent,,,,,,,,,,,,,,,,,,,,,,,,,,FixedPriceItem,GTC,3.99,,1,,,ImmediatePayRequired,,United States,,Flat,USPSFirstClass,1,0.0,,,,1,,,ReturnsNotAccepted,,,,,,,,,,,,,,Yes,No,,,,
Revise,EBAY-0002-00006-57493,261328,0,2024 Bowman Mega BOX JACKSON HOLLIDAY #BCP-47 Chrome Prospects MOJO Refractor,,,4000,No,,,,,,,,,,,,,Excellent,,,,,,,,,,,,,,,,,,,,,,,,,,FixedPriceItem,GTC,3.49,,1,,,ImmediatePayRequired,,United States,,Flat,USPSFirstClass,1,0.0,,,,1,,,ReturnsNotAccepted,,,,,,,,,,,,,,Yes,No,,,,
Revise,EBAY-0002-00009-80603,261328,0,2023 Topps MICHAEL HARRIS II #226 Silver PATTERN FOILBOARD RC ALL-STAR Braves,,,4000,No,,,,,,,,,,,,,Excellent,,,,,,,,,,,,,,,,,,,,,,,,,,FixedPriceItem,GTC,4.99,,1,,,ImmediatePayRequired,,United States,,Flat,USPSFirstClass,1,0.0,,,,1,,,ReturnsNotAccepted,,,,,,,,,,,,,,Yes,No,,,,
Revise,EBAY-0002-00011-24640,261328,0,2022 Panini USA Baseball Stars & STRIPES KYLE TEEL #34,,,4000,No,,,,,,,,,,,,,Excellent,,,,,,,,,,,,,,,,,,,,,,,,,,FixedPriceItem,GTC,2.49,,1,,,ImmediatePayRequired,,United States,,Flat,USPSFirstClass,1,0.0,,,,1,,,ReturnsNotAccepted,,,,,,,,,,,,,,Yes,No,,,,
Revise,EBAY-0002-00022-80961,261328,0,2021 Topps GREG MADDUX #86BC-25 1986 Baseball 35th ANNIVERSARY Chrome Series ONE,,,4000,No,,,,,,,,,,,,,Excellent,,,,,,,,,,,,,,,,,,,,,,,,,,FixedPriceItem,GTC,3.49,,1,,,ImmediatePayRequired,,United States,,Flat,USPSFirstClass,1,0.0,,,,1,,,ReturnsNotAccepted,,,,,,,,,,,,,,Yes,No,,,,
Revise,EBAY-0002-00025-93307,261328,0,2025 Bowman CHARLES MCADOO #BCP-150 Chrome 1st Prospect Blue Jays,,,4000,No,,,,,,,,,,,,,Excellent,,,,,,,,,,,,,,,,,,,,,,,,,,FixedPriceItem,GTC,2.49,,1,,,ImmediatePayRequired,,United States,,Flat,USPSFirstClass,1,0.0,,,,1,,,ReturnsNotAccepted,,,,,,,,,,,,,,Yes,No,,,,
Revise,EBAY-0002-00008-84544,261328,0,2024 Topps Chrome KRIS BRYANT #179 Purple SONAR Refractor /275 Rockies,,,4000,No,,,,,,,,,,,,,Excellent,,,,,,,,,,,,,,,,,,,,,,,,,,FixedPriceItem,GTC,3.99,,1,,,ImmediatePayRequired,,United States,,Flat,USPSFirstClass,1,0.0,,,,1,,,ReturnsNotAccepted,,,,,,,,,,,,,,Yes,No,,,,
Revise,EBAY-0002-00023-40726,261328,0,2021 Topps FRANK THOMAS #86BC-50 35th ANNIVERSARY Chrome Series ONE White Sox,,,4000,No,,,,,,,,,,,,,Excellent,,,,,,,,,,,,,,,,,,,,,,,,,,FixedPriceItem,GTC,4.49,,1,,,ImmediatePayRequired,,United States,,Flat,USPSFirstClass,1,0.0,,,,1,,,ReturnsNotAccepted,,,,,,,,,,,,,,Yes,No,,,,
Revise,EBAY-0002-00027-85255,261328,0,2025 Topps SHOTA IMANAGA #T90-85 1990 Baseball 35th ANNIVERSARY Series 1 Cubs,,,4000,No,,,,,,,,,,,,,Excellent,,,,,,,,,,,,,,,,,,,,,,,,,,FixedPriceItem,GTC,2.49,,1,,,ImmediatePayRequired,,United States,,Flat,USPSFirstClass,1,0.0,,,,1,,,ReturnsNotAccepted,,,,,,,,,,,,,,Yes,No,,,,
Revise,EBAY-0002-00015-46976,261328,0,2025 Topps Heritage HIGH NUMBER JACKSON JOBE #RP-14 Rookie PERFORMERS Tigers RC,,,4000,No,,,,,,,,,,,,,Excellent,,,,,,,,,,,,,,,,,,,,,,,,,,FixedPriceItem,GTC,2.99,,1,,,ImmediatePayRequired,,United States,,Flat,USPSFirstClass,1,0.0,,,,1,,,ReturnsNotAccepted,,,,,,,,,,,,,,Yes,No,,,,
Revise,EBAY-0002-00010-53390,261328,0,2024 Topps Chrome CEDDANNE RAFAELA #118 RAYWAVE Refractor RC Red Sox Rookie,,,4000,No,,,,,,,,,,,,,Excellent,,,,,,,,,,,,,,,,,,,,,,,,,,FixedPriceItem,GTC,5.49,,1,,,ImmediatePayRequired,,United States,,Flat,USPSFirstClass,1,0.0,,,,1,,,ReturnsNotAccepted,,,,,,,,,,,,,,Yes,No,,,,
Revise,EBAY-0002-00016-64828,261328,0,2024 Bowman Draft JONNY FARMELO #BDC-193 Chrome Refractor Mariners,,,4000,No,,,,,,,,,,,,,Excellent,,,,,,,,,,,,,,,,,,,,,,,,,,FixedPriceItem,GTC,3.49,,1,,,ImmediatePayRequired,,United States,,Flat,USPSFirstClass,1,0.0,,,,1,,,ReturnsNotAccepted,,,,,,,,,,,,,,Yes,No,,,,
Revise,EBAY-0002-00018-32544,261328,0,2021 Topps Update BRYCE HARPER #86C-3 1986 Chrome Silver PACK PROMOTION Phillies,,,4000,No,,,,,,,,,,,,,Excellent,,,,,,,,,,,,,,,,,,,,,,,,,,FixedPriceItem,GTC,3.99,,1,,,ImmediatePayRequired,,United States,,Flat,USPSFirstClass,1,0.0,,,,1,,,ReturnsNotAccepted,,,,,,,,,,,,,,Yes,No,,,,
Revise,EBAY-0002-00026-76831,261328,0,2025 Bowman GEORGE KLASSEN #BCP-63 Chrome 1st Prospect Angels,,,4000,No,,,,,,,,,,,,,Excellent,,,,,,,,,,,,,,,,,,,,,,,,,,FixedPriceItem,GTC,2.49,,1,,,ImmediatePayRequired,,United States,,Flat,USPSFirstClass,1,0.0,,,,1,,,ReturnsNotAccepted,,,,,,,,,,,,,,Yes,No,,,,
Revise,EBAY-0002-00013-51458,261328,0,2024 Topps ALLEN & GINTER JACKSON MERRILL #275 Silver PORTRAIT RC Padres Rookie,,,4000,No,,,,,,,,,,,,,Excellent,,,,,,,,,,,,,,,,,,,,,,,,,,FixedPriceItem,GTC,3.49,,1,,,ImmediatePayRequired,,United States,,Flat,USPSFirstClass,1,0.0,,,,1,,,ReturnsNotAccepted,,,,,,,,,,,,,,Yes,No,,,,
Revise,EBAY-0002-00003-65985,261328,0,2024 Topps Chrome Update COLTON COWSER #USC154 Aqua REF /199 RC Orioles Rookie,,,4000,No,,,,,,,,,,,,,Excellent,,,,,,,,,,,,,,,,,,,,,,,,,,FixedPriceItem,GTC,9.19,,1,,,ImmediatePayRequired,,United States,,Flat,USPSFirstClass,1,0.0,,,,1,,,ReturnsNotAccepted,,,,,,,,,,,,,,Yes,No,,,,
Revise,EBAY-0002-00019-94951,261328,0,2024 Bowman Chrome BRALYN BRAZOBAN #BCP-224 Mega BOX MOJO Refractor 1st Prospect,,,4000,No,,,,,,,,,,,,,Excellent,,,,,,,,,,,,,,,,,,,,,,,,,,FixedPriceItem,GTC,3.49,,1,,,ImmediatePayRequired,,United States,,Flat,USPSFirstClass,1,0.0,,,,1,,,ReturnsNotAccepted,,,,,,,,,,,,,,Yes,No,,,,
Revise,EBAY-0002-00014-11117,261328,0,2024 Topps ALLEN & GINTER FREDDIE FREEMAN #62 Silver PORTRAIT Dodgers,,,4000,No,,,,,,,,,,,,,Excellent,,,,,,,,,,,,,,,,,,,,,,,,,,FixedPriceItem,GTC,3.49,,1,,,ImmediatePayRequired,,United States,,Flat,USPSFirstClass,1,0.0,,,,1,,,ReturnsNotAccepted,,,,,,,,,,,,,,Yes,No,,,,
Revise,EBAY-0002-00020-34334,261328,0,2025 Topps DAVID FESTA #T90C-90 1990 Baseball Chrome Silver PACK RC Twins Rookie,,,4000,No,,,,,,,,,,,,,Excellent,,,,,,,,,,,,,,,,,,,,,,,,,,FixedPriceItem,GTC,3.99,,1,,,ImmediatePayRequired,,United States,,Flat,USPSFirstClass,1,0.0,,,,1,,,ReturnsNotAccepted,,,,,,,,,,,,,,Yes,No,,,,
Revise,EBAY-0002-00007-66481,261328,0,2024 Bowman Mega BOX JUNIOR CAMINERO #20 MOJO Refractor Rays,,,4000,No,,,,,,,,,,,,,Excellent,,,,,,,,,,,,,,,,,,,,,,,,,,FixedPriceItem,GTC,4.49,,1,,,ImmediatePayRequired,,United States,,Flat,USPSFirstClass,1,0.0,,,,1,,,ReturnsNotAccepted,,,,,,,,,,,,,,Yes,No,,,,
Revise,EBAY-0002-00017-69417,261328,0,2025 Topps BRYCE HARPER #T90C-14 1990 Baseball Chrome Silver PACK Phillies,,,4000,No,,,,,,,,,,,,,Excellent,,,,,,,,,,,,,,,,,,,,,,,,,,FixedPriceItem,GTC,3.49,,1,,,ImmediatePayRequired,,United States,,Flat,USPSFirstClass,1,0.0,,,,1,,,ReturnsNotAccepted,,,,,,,,,,,,,,Yes,No,,,,
Revise,EBAY-0002-00012-85224,261328,0,2020 Topps ARCHIVES RONALD ACUNA JR. #241 Braves,,,4000,No,,,,,,,,,,,,,Excellent,,,,,,,,,,,,,,,,,,,,,,,,,,FixedPriceItem,GTC,3.49,,1,,,ImmediatePayRequired,,United States,,Flat,USPSFirstClass,1,0.0,,,,1,,,ReturnsNotAccepted,,,,,,,,,,,,,,Yes,No,,,,
Revise,EBAY-0002-00004-43276,261328,0,2020 Bowman CLAYTON KERSHAW #90B-CK 1990 Chrome Dodgers,,,4000,No,,,,,,,,,,,,,Excellent,,,,,,,,,,,,,,,,,,,,,,,,,,FixedPriceItem,GTC,3.49,,1,,,ImmediatePayRequired,,United States,,Flat,USPSFirstClass,1,0.0,,,,1,,,ReturnsNotAccepted,,,,,,,,,,,,,,Yes,No,,,,
Revise,EBAY-0002-00021-52213,261328,0,2025 Bowman SEBASTIAN WALCOTT #BCP-133 Chrome Prospects Rangers,,,4000,No,,,,,,,,,,,,,Excellent,,,,,,,,,,,,,,,,,,,,,,,,,,FixedPriceItem,GTC,1.99,,1,,,ImmediatePayRequired,,United States,,Flat,USPSFirstClass,1,0.0,,,,1,,,ReturnsNotAccepted,,,,,,,,,,,,,,Yes,No,,,,
Revise,EBAY-0002-00001-17151,261328,0,2025 Bowman Draft TAITN GRAY #BDC-7 Chrome 1st Prospect Rays,,,4000,No,,,,,,,,,,,,,Excellent,,,,,,,,,,,,,,,,,,,,,,,,,,FixedPriceItem,GTC,2.49,,1,,,ImmediatePayRequired,,United States,,Flat,USPSFirstClass,1,0.0,,,,1,,,ReturnsNotAccepted,,,,,,,,,,,,,,Yes,No,,,,
Revise,RBM-0001-00017-63721,261328,0,2025 BOWMAN'S BEST JULIO RODRIGUEZ #59 Purple Refractor 197/250 Mariners,,,4000,No,,,,,,,,,,,,,Excellent,,,,,,,,,,,,,,,,,,,,,,,,,,FixedPriceItem,GTC,6.69,,1,,,ImmediatePayRequired,,United States,,Flat,USPSFirstClass,1,0.0,,,,1,,,ReturnsNotAccepted,,,,,,,,,,,,,,Yes,No,,,,
Revise,jpm0k,261328,0,JACKSON MERRILL 2024 Topps ALLEN & GINTER #275 Chrome SAN DIEGO Padres,,,4000,No,,,,,,,,,,,,,Excellent,,,,,,,,,,,,,,,,,,,,,,,,,,FixedPriceItem,GTC,2.99,,1,,,ImmediatePayRequired,,United States,,Flat,USPSFirstClass,1,0.0,,,,1,,,ReturnsNotAccepted,,,,,,,,,,,,,,Yes,No,,,,
Revise,BA-000188-r8m0i,261328,0,2025 Bowman Chrome LUKE KEASCHALL #61 MINNESOTA Twins,,,4000,No,,,,,,,,,,,,,Excellent,,,,,,,,,,,,,,,,,,,,,,,,,,FixedPriceItem,GTC,2.49,,1,,,ImmediatePayRequired,,United States,,Flat,USPSFirstClass,1,0.0,,,,1,,,ReturnsNotAccepted,,,,,,,,,,,,,,Yes,No,,,,
Revise,EBAY-0002-00004-78160,261328,0,2025 Bowman Chrome NICK KURTZ #MV-11 MAX VOLUME RC Athletics Rookie,,,4000,No,,,,,,,,,,,,,Excellent,,,,,,,,,,,,,,,,,,,,,,,,,,FixedPriceItem,GTC,4.99,,1,,,ImmediatePayRequired,,United States,,Flat,USPSFirstClass,1,0.0,,,,1,,,ReturnsNotAccepted,,,,,,,,,,,,,,Yes,No,,,,
Revise,EBAY-0002-00017-07483,261328,0,2025 Bowman Draft NATE SNEAD #BDC-38 Chrome Refractor 1st Prospect Angels,,,4000,No,,,,,,,,,,,,,Excellent,,,,,,,,,,,,,,,,,,,,,,,,,,FixedPriceItem,GTC,2.49,,1,,,ImmediatePayRequired,,United States,,Flat,USPSFirstClass,1,0.0,,,,1,,,ReturnsNotAccepted,,,,,,,,,,,,,,Yes,No,,,,
Revise,EBAY-0002-00041-37909,261328,0,2025 Topps COSMIC Chrome DYLAN CREWS #LIO-33 LAUNCHED INTO ORBIT RC Nationals,,,4000,No,,,,,,,,,,,,,Excellent,,,,,,,,,,,,,,,,,,,,,,,,,,FixedPriceItem,GTC,6.69,,1,,,ImmediatePayRequired,,United States,,Flat,USPSFirstClass,1,0.0,,,,1,,,ReturnsNotAccepted,,,,,,,,,,,,,,Yes,No,,,,
Revise,EBAY-0002-00029-56619,261328,0,2025 Bowman Chrome MAX CLARK #MM-18 MELT MASHERS Tigers,,,4000,No,,,,,,,,,,,,,Excellent,,,,,,,,,,,,,,,,,,,,,,,,,,FixedPriceItem,GTC,3.99,,1,,,ImmediatePayRequired,,United States,,Flat,USPSFirstClass,1,0.0,,,,1,,,ReturnsNotAccepted,,,,,,,,,,,,,,Yes,No,,,,
Revise,EBAY-0002-00015-52200,261328,0,2025 Bowman Draft BRYCE CUNNINGHAM #BDC-155 Chrome Refractor Yankees Basketball,,,4000,No,,,,,,,,,,,,,Excellent,,,,,,,,,,,,,,,,,,,,,,,,,,FixedPriceItem,GTC,2.99,,1,,,ImmediatePayRequired,,United States,,Flat,USPSFirstClass,1,0.0,,,,1,,,ReturnsNotAccepted,,,,,,,,,,,,,,Yes,No,,,,
Revise,EBAY-0002-00024-42318,261328,0,2025 BOWMAN'S BEST PAUL SKENES #40 Refractor Pirates,,,4000,No,,,,,,,,,,,,,Excellent,,,,,,,,,,,,,,,,,,,,,,,,,,FixedPriceItem,GTC,4.99,,1,,,ImmediatePayRequired,,United States,,Flat,USPSFirstClass,1,0.0,,,,1,,,ReturnsNotAccepted,,,,,,,,,,,,,,Yes,No,,,,
Revise,EBAY-0002-00018-82396,261328,0,2025 Bowman Draft JAMIE ARNOLD #BDC-30 Chrome Refractor 1st Prospect Athletics,,,4000,No,,,,,,,,,,,,,Excellent,,,,,,,,,,,,,,,,,,,,,,,,,,FixedPriceItem,GTC,5.99,,1,,,ImmediatePayRequired,,United States,,Flat,USPSFirstClass,1,0.0,,,,1,,,ReturnsNotAccepted,,,,,,,,,,,,,,Yes,No,,,,
Revise,EBAY-0002-00027-36223,261328,0,2025 BOWMAN'S BEST MAX CLARK #FG-16 MLB ALL-STAR FUTURES GAME AL,,,4000,No,,,,,,,,,,,,,Excellent,,,,,,,,,,,,,,,,,,,,,,,,,,FixedPriceItem,GTC,1.99,,1,,,ImmediatePayRequired,,United States,,Flat,USPSFirstClass,1,0.0,,,,1,,,ReturnsNotAccepted,,,,,,,,,,,,,,Yes,No,,,,
Revise,EBAY-0002-00020-75164,261328,0,2025 Bowman Draft JESUS MADE #BIA-5 In ACTION Brewers,,,4000,No,,,,,,,,,,,,,Excellent,,,,,,,,,,,,,,,,,,,,,,,,,,FixedPriceItem,GTC,5.99,,1,,,ImmediatePayRequired,,United States,,Flat,USPSFirstClass,1,0.0,,,,1,,,ReturnsNotAccepted,,,,,,,,,,,,,,Yes,No,,,,
Revise,EBAY-0002-00002-84383,261328,0,2025 Bowman Draft JT QUINN #BDC-85 Chrome Refractor 1st Prospect Orioles,,,4000,No,,,,,,,,,,,,,Excellent,,,,,,,,,,,,,,,,,,,,,,,,,,FixedPriceItem,GTC,3.49,,1,,,ImmediatePayRequired,,United States,,Flat,USPSFirstClass,1,0.0,,,,1,,,ReturnsNotAccepted,,,,,,,,,,,,,,Yes,No,,,,
Revise,EBAY-0002-00008-94704,261328,0,2025 BOWMAN'S BEST NICK KURTZ #BS-2 SHOWPIECES RC Athletics Rookie,,,4000,No,,,,,,,,,,,,,Excellent,,,,,,,,,,,,,,,,,,,,,,,,,,FixedPriceItem,GTC,6.59,,1,,,ImmediatePayRequired,,United States,,Flat,USPSFirstClass,1,0.0,,,,1,,,ReturnsNotAccepted,,,,,,,,,,,,,,Yes,No,,,,
Revise,EBAY-0002-00034-04084,261328,0,2025 Bowman Chrome CAM SMITH #77 Red RC Variation Astros Rookie,,,4000,No,,,,,,,,,,,,,Excellent,,,,,,,,,,,,,,,,,,,,,,,,,,FixedPriceItem,GTC,2.99,,1,,,ImmediatePayRequired,,United States,,Flat,USPSFirstClass,1,0.0,,,,1,,,ReturnsNotAccepted,,,,,,,,,,,,,,Yes,No,,,,
Revise,EBAY-0002-00011-04199,261328,0,2025 Bowman Draft MASON MORRIS #BDC-66 Chrome Refractor 1st Prospect Reds,,,4000,No,,,,,,,,,,,,,Excellent,,,,,,,,,,,,,,,,,,,,,,,,,,FixedPriceItem,GTC,3.49,,1,,,ImmediatePayRequired,,United States,,Flat,USPSFirstClass,1,0.0,,,,1,,,ReturnsNotAccepted,,,,,,,,,,,,,,Yes,No,,,,
Revise,EBAY-0002-00014-07440,261328,0,2025 Bowman Chrome ROMAN ANTHONY #BCP-167 Prospects MINI DIAMOND Refractor,,,4000,No,,,,,,,,,,,,,Excellent,,,,,,,,,,,,,,,,,,,,,,,,,,FixedPriceItem,GTC,12.59,,1,,,ImmediatePayRequired,,United States,,Flat,USPSFirstClass,1,0.0,,,,1,,,ReturnsNotAccepted,,,,,,,,,,,,,,Yes,No,,,,
Revise,EBAY-0002-00035-94645,261328,0,2025 Bowman Chrome ANDREW SALAS #MM-17 MELT MASHERS Marlins,,,4000,No,,,,,,,,,,,,,Excellent,,,,,,,,,,,,,,,,,,,,,,,,,,FixedPriceItem,GTC,2.49,,1,,,ImmediatePayRequired,,United States,,Flat,USPSFirstClass,1,0.0,,,,1,,,ReturnsNotAccepted,,,,,,,,,,,,,,Yes,No,,,,
Revise,EBAY-0002-00007-38513,261328,0,2025 Bowman Chrome JACOB WILSON #MM-7 MELT MASHERS RC Athletics Rookie,,,4000,No,,,,,,,,,,,,,Excellent,,,,,,,,,,,,,,,,,,,,,,,,,,FixedPriceItem,GTC,3.99,,1,,,ImmediatePayRequired,,United States,,Flat,USPSFirstClass,1,0.0,,,,1,,,ReturnsNotAccepted,,,,,,,,,,,,,,Yes,No,,,,
Revise,EBAY-0002-00012-07962,261328,0,2025 Bowman Draft CALEB BONEMER #BDC-184 Chrome Refractor White Sox,,,4000,No,,,,,,,,,,,,,Excellent,,,,,,,,,,,,,,,,,,,,,,,,,,FixedPriceItem,GTC,3.99,,1,,,ImmediatePayRequired,,United States,,Flat,USPSFirstClass,1,0.0,,,,1,,,ReturnsNotAccepted,,,,,,,,,,,,,,Yes,No,,,,
Revise,EBAY-0002-00025-25331,261328,0,2025 Bowman Draft JACOB MORRISON #BDC-42 Chrome Refractor 1st Prospect Brewers,,,4000,No,,,,,,,,,,,,,Excellent,,,,,,,,,,,,,,,,,,,,,,,,,,FixedPriceItem,GTC,2.49,,1,,,ImmediatePayRequired,,United States,,Flat,USPSFirstClass,1,0.0,,,,1,,,ReturnsNotAccepted,,,,,,,,,,,,,,Yes,No,,,,
Revise,EBAY-0002-00044-01080,261328,0,2025 Bowman Draft SETH HERNANDEZ #BDN-5 NIGHT Chrome Pirates,,,4000,No,,,,,,,,,,,,,Excellent,,,,,,,,,,,,,,,,,,,,,,,,,,FixedPriceItem,GTC,4.99,,1,,,ImmediatePayRequired,,United States,,Flat,USPSFirstClass,1,0.0,,,,1,,,ReturnsNotAccepted,,,,,,,,,,,,,,Yes,No,,,,
Revise,EBAY-0002-00023-08639,261328,0,2025 Bowman Chrome NESTOR MIRANDA #BCP-217 Shimmer Refractor 1st Prospect Tigers,,,4000,No,,,,,,,,,,,,,Excellent,,,,,,,,,,,,,,,,,,,,,,,,,,FixedPriceItem,GTC,2.99,,1,,,ImmediatePayRequired,,United States,,Flat,USPSFirstClass,1,0.0,,,,1,,,ReturnsNotAccepted,,,,,,,,,,,,,,Yes,No,,,,
Revise,RBBB5-0001-00048-62486,261328,0,2025 Bowman Draft CADE OBERMUELLER #CPA-CO Chrome Auto Aqua LAVA /199 Phillies,,,4000,No,,,,,,,,,,,,,Excellent,,,,,,,,,,,,,,,,,,,,,,,,,,FixedPriceItem,GTC,34.19,,1,,,ImmediatePayRequired,,United States,,Flat,USPSFirstClass,1,0.0,,,,1,,,ReturnsNotAccepted,,,,,,,,,,,,,,Yes,No,,,,
Revise,RBBB5-0001-00079-01870,261328,0,2025 Bowman Draft CAMERON NELSON #BDC-130 Chrome 1st Prospect Rockies,,,4000,No,,,,,,,,,,,,,Excellent,,,,,,,,,,,,,,,,,,,,,,,,,,FixedPriceItem,GTC,2.99,,1,,,ImmediatePayRequired,,United States,,Flat,USPSFirstClass,1,0.0,,,,1,,,ReturnsNotAccepted,,,,,,,,,,,,,,Yes,No,,,,
Revise,RBBB5-0001-00081-32391,261328,0,2025 Bowman Draft JOSH HAMMOND #BDC-185 Chrome 1st Prospect Royals,,,4000,No,,,,,,,,,,,,,Excellent,,,,,,,,,,,,,,,,,,,,,,,,,,FixedPriceItem,GTC,2.49,,3,,,ImmediatePayRequired,,United States,,Flat,USPSFirstClass,1,0.0,,,,1,,,ReturnsNotAccepted,,,,,,,,,,,,,,Yes,No,,,,
Revise,RBBB5-0001-00063-63794,261328,0,2025 Topps Chrome DILLON GABRIEL #317 Rookie RAYWAVE REF RC Browns Football,,,4000,No,,,,,,,,,,,,,Excellent,,,,,,,,,,,,,,,,,,,,,,,,,,FixedPriceItem,GTC,3.49,,1,,,ImmediatePayRequired,,United States,,Flat,USPSFirstClass,1,0.0,,,,1,,,ReturnsNotAccepted,,,,,,,,,,,,,,Yes,No,,,,
Revise,RBBB5-0001-00074-18201,261328,0,2025 Bowman Draft JACOB MORRISON #BDC-42 Chrome 1st Prospect Brewers,,,4000,No,,,,,,,,,,,,,Excellent,,,,,,,,,,,,,,,,,,,,,,,,,,FixedPriceItem,GTC,2.49,,1,,,ImmediatePayRequired,,United States,,Flat,USPSFirstClass,1,0.0,,,,1,,,ReturnsNotAccepted,,,,,,,,,,,,,,Yes,No,,,,
Revise,RBBB5-0001-00068-98158,261328,0,2025 Topps Chrome CAM WARD #314 Rookie RC Titans Football,,,4000,No,,,,,,,,,,,,,Excellent,,,,,,,,,,,,,,,,,,,,,,,,,,FixedPriceItem,GTC,3.99,,1,,,ImmediatePayRequired,,United States,,Flat,USPSFirstClass,1,0.0,,,,1,,,ReturnsNotAccepted,,,,,,,,,,,,,,Yes,No,,,,
Revise,RBBB5-0001-00054-03436,261328,0,2025 Topps Chrome Update GAGE WORKMAN #USC21 Refractor RC Tigers Rookie,,,4000,No,,,,,,,,,,,,,Excellent,,,,,,,,,,,,,,,,,,,,,,,,,,FixedPriceItem,GTC,2.99,,1,,,ImmediatePayRequired,,United States,,Flat,USPSFirstClass,1,0.0,,,,1,,,ReturnsNotAccepted,,,,,,,,,,,,,,Yes,No,,,,
Revise,RBBB5-0001-00057-06225,261328,0,2025 Topps Chrome Update ISAAC PAREDES #USC29 X-FRACTOR Astros,,,4000,No,,,,,,,,,,,,,Excellent,,,,,,,,,,,,,,,,,,,,,,,,,,FixedPriceItem,GTC,2.49,,1,,,ImmediatePayRequired,,United States,,Flat,USPSFirstClass,1,0.0,,,,1,,,ReturnsNotAccepted,,,,,,,,,,,,,,Yes,No,,,,
Revise,RBBB5-0001-00064-25263,261328,0,2025 Topps Chrome WILL REICHARD #203 Orange GEOMETRIC Refractor 6/25 Vikings,,,4000,No,,,,,,,,,,,,,Excellent,,,,,,,,,,,,,,,,,,,,,,,,,,FixedPriceItem,GTC,63.99,,1,,,ImmediatePayRequired,,United States,,Flat,USPSFirstClass,1,0.0,,,,1,,,ReturnsNotAccepted,,,,,,,,,,,,,,Yes,No,,,,
Revise,RBBB5-0001-00076-28925,261328,0,2025 BOWMAN'S BEST KEVIN MCGONIGLE #TP-28 Top Prospects Wave Refractor Tigers,,,4000,No,,,,,,,,,,,,,Excellent,,,,,,,,,,,,,,,,,,,,,,,,,,FixedPriceItem,GTC,8.19,,1,,,ImmediatePayRequired,,United States,,Flat,USPSFirstClass,1,0.0,,,,1,,,ReturnsNotAccepted,,,,,,,,,,,,,,Yes,No,,,,
Revise,RBBB5-0001-00073-03736,261328,0,2025 Topps Chrome TYRONE TRACY JR. #228 Refractor Giants Football,,,4000,No,,,,,,,,,,,,,Excellent,,,,,,,,,,,,,,,,,,,,,,,,,,FixedPriceItem,GTC,2.99,,1,,,ImmediatePayRequired,,United States,,Flat,USPSFirstClass,1,0.0,,,,1,,,ReturnsNotAccepted,,,,,,,,,,,,,,Yes,No,,,,
Revise,RBBB5-0001-00075-53652,261328,0,2025 Topps Chrome Update JAVIER BAEZ #ASGC-7 ALL-STAR GAME Tigers,,,4000,No,,,,,,,,,,,,,Excellent,,,,,,,,,,,,,,,,,,,,,,,,,,FixedPriceItem,GTC,2.99,,1,,,ImmediatePayRequired,,United States,,Flat,USPSFirstClass,1,0.0,,,,1,,,ReturnsNotAccepted,,,,,,,,,,,,,,Yes,No,,,,
Revise,RBBB5-0001-00094-37492,261328,0,2025 Topps Chrome EMEKA EGBUKA #312 Rookie RC Buccaneers Football,,,4000,No,,,,,,,,,,,,,Excellent,,,,,,,,,,,,,,,,,,,,,,,,,,FixedPriceItem,GTC,3.99,,1,,,ImmediatePayRequired,,United States,,Flat,USPSFirstClass,1,0.0,,,,1,,,ReturnsNotAccepted,,,,,,,,,,,,,,Yes,No,,,,
Revise,RBBB5-0001-00062-05471,261328,0,2025 Topps Chrome GUNNAR HELM #305 Rookie Football LEATHER Refractor RC Titans,,,4000,No,,,,,,,,,,,,,Excellent,,,,,,,,,,,,,,,,,,,,,,,,,,FixedPriceItem,GTC,3.49,,1,,,ImmediatePayRequired,,United States,,Flat,USPSFirstClass,1,0.0,,,,1,,,ReturnsNotAccepted,,,,,,,,,,,,,,Yes,No,,,,
Revise,RBBB5-0001-00089-10664,261328,0,2025 Topps Chrome JACORY CROSKEY-MERRITT #F15-29 FORTUNE 15 RC Commanders Rookie,,,4000,No,,,,,,,,,,,,,Excellent,,,,,,,,,,,,,,,,,,,,,,,,,,FixedPriceItem,GTC,5.99,,1,,,ImmediatePayRequired,,United States,,Flat,USPSFirstClass,1,0.0,,,,1,,,ReturnsNotAccepted,,,,,,,,,,,,,,Yes,No,,,,
Revise,RBBB5-0001-00092-53023,261328,0,2025 Topps Chrome TEZ JOHNSON #342 Rookie Refractor RC Buccaneers Football,,,4000,No,,,,,,,,,,,,,Excellent,,,,,,,,,,,,,,,,,,,,,,,,,,FixedPriceItem,GTC,3.49,,1,,,ImmediatePayRequired,,United States,,Flat,USPSFirstClass,1,0.0,,,,1,,,ReturnsNotAccepted,,,,,,,,,,,,,,Yes,No,,,,
Revise,RBBB5-0001-00088-21547,261328,0,2025 Bowman Draft EDUARDO QUINTERO #BDC-111 Chrome X-FRACTOR Dodgers,,,4000,No,,,,,,,,,,,,,Excellent,,,,,,,,,,,,,,,,,,,,,,,,,,FixedPriceItem,GTC,3.49,,1,,,ImmediatePayRequired,,United States,,Flat,USPSFirstClass,1,0.0,,,,1,,,ReturnsNotAccepted,,,,,,,,,,,,,,Yes,No,,,,
Revise,RBBB5-0001-00067-65535,261328,0,2025 Bowman Chrome MARCELO MAYER #AD-2 ADIOS! RC Red Sox Rookie,,,4000,No,,,,,,,,,,,,,Excellent,,,,,,,,,,,,,,,,,,,,,,,,,,FixedPriceItem,GTC,2.49,,1,,,ImmediatePayRequired,,United States,,Flat,USPSFirstClass,1,0.0,,,,1,,,ReturnsNotAccepted,,,,,,,,,,,,,,Yes,No,,,,
Revise,RBBB5-0001-00085-42777,261328,0,2025 Topps Chrome BILLY Bowman JR. #344 Rookie Blue Wave Refractor /150 RC,,,4000,No,,,,,,,,,,,,,Excellent,,,,,,,,,,,,,,,,,,,,,,,,,,FixedPriceItem,GTC,10.09,,1,,,ImmediatePayRequired,,United States,,Flat,USPSFirstClass,1,0.0,,,,1,,,ReturnsNotAccepted,,,,,,,,,,,,,,Yes,No,,,,
Revise,RBBB5-0001-00071-21998,261328,0,2025 Topps Chrome Update WILL SMITH #USC196 NEGATIVE Refractor Dodgers,,,4000,No,,,,,,,,,,,,,Excellent,,,,,,,,,,,,,,,,,,,,,,,,,,FixedPriceItem,GTC,9.69,,1,,,ImmediatePayRequired,,United States,,Flat,USPSFirstClass,1,0.0,,,,1,,,ReturnsNotAccepted,,,,,,,,,,,,,,Yes,No,,,,
Revise,RBBB5-0001-00091-02146,261328,0,2025 Topps Chrome DONOVAN EDWARDS #392 Rookie Football LEATHER Refractor RC Jets,,,4000,No,,,,,,,,,,,,,Excellent,,,,,,,,,,,,,,,,,,,,,,,,,,FixedPriceItem,GTC,4.99,,1,,,ImmediatePayRequired,,United States,,Flat,USPSFirstClass,1,0.0,,,,1,,,ReturnsNotAccepted,,,,,,,,,,,,,,Yes,No,,,,
Revise,RBBB5-0001-00086-38098,261328,0,2025 Topps Chrome DARIEN PORTER #367 Rookie Refractor RC Raiders Football,,,4000,No,,,,,,,,,,,,,Excellent,,,,,,,,,,,,,,,,,,,,,,,,,,FixedPriceItem,GTC,2.99,,1,,,ImmediatePayRequired,,United States,,Flat,USPSFirstClass,1,0.0,,,,1,,,ReturnsNotAccepted,,,,,,,,,,,,,,Yes,No,,,,
Revise,RBBB5-0001-00093-26831,261328,0,2025 Topps Chrome BRYCE YOUNG #FS-17 Future Stars Refractor SP Panthers,,,4000,No,,,,,,,,,,,,,Excellent,,,,,,,,,,,,,,,,,,,,,,,,,,FixedPriceItem,GTC,2.99,,1,,,ImmediatePayRequired,,United States,,Flat,USPSFirstClass,1,0.0,,,,1,,,ReturnsNotAccepted,,,,,,,,,,,,,,Yes,No,,,,
Revise,RBBB5-0001-00082-80037,261328,0,2025 Topps Chrome TUTU ATWELL #167 Pink Refractor 164/250 Rams Football,,,4000,No,,,,,,,,,,,,,Excellent,,,,,,,,,,,,,,,,,,,,,,,,,,FixedPriceItem,GTC,2.99,,1,,,ImmediatePayRequired,,United States,,Flat,USPSFirstClass,1,0.0,,,,1,,,ReturnsNotAccepted,,,,,,,,,,,,,,Yes,No,,,,
Revise,RBBB5-0001-00084-17180,261328,0,2025 Topps Chrome QUINCY RILEY #369 Rookie Blue GEOMETRIC Refractor /150 RC,,,4000,No,,,,,,,,,,,,,Excellent,,,,,,,,,,,,,,,,,,,,,,,,,,FixedPriceItem,GTC,3.49,,1,,,ImmediatePayRequired,,United States,,Flat,USPSFirstClass,1,0.0,,,,1,,,ReturnsNotAccepted,,,,,,,,,,,,,,Yes,No,,,,
Revise,RBBB5-0001-00070-89905,261328,0,2025 Bowman Draft TYLER BREMNER #BIA-12 In ACTION Angels,,,4000,No,,,,,,,,,,,,,Excellent,,,,,,,,,,,,,,,,,,,,,,,,,,FixedPriceItem,GTC,3.99,,1,,,ImmediatePayRequired,,United States,,Flat,USPSFirstClass,1,0.0,,,,1,,,ReturnsNotAccepted,,,,,,,,,,,,,,Yes,No,,,,
Revise,RBBB5-0001-00060-27732,261328,0,2025 Bowman Chrome COBY MAYO #83 Red RC Variation Orioles Rookie,,,4000,No,,,,,,,,,,,,,Excellent,,,,,,,,,,,,,,,,,,,,,,,,,,FixedPriceItem,GTC,2.49,,1,,,ImmediatePayRequired,,United States,,Flat,USPSFirstClass,1,0.0,,,,1,,,ReturnsNotAccepted,,,,,,,,,,,,,,Yes,No,,,,
Revise,RBBB5-0001-00090-38373,261328,0,2025 Topps Chrome TREY AMOS #371 Rookie Refractor RC Commanders Football,,,4000,No,,,,,,,,,,,,,Excellent,,,,,,,,,,,,,,,,,,,,,,,,,,FixedPriceItem,GTC,3.99,,1,,,ImmediatePayRequired,,United States,,Flat,USPSFirstClass,1,0.0,,,,1,,,ReturnsNotAccepted,,,,,,,,,,,,,,Yes,No,,,,
Revise,RBBB5-0001-00069-56123,261328,0,2025 Bowman Chrome TREY SWEENEY #25 Red RC Variation Tigers Rookie,,,4000,No,,,,,,,,,,,,,Excellent,,,,,,,,,,,,,,,,,,,,,,,,,,FixedPriceItem,GTC,5.99,,1,,,ImmediatePayRequired,,United States,,Flat,USPSFirstClass,1,0.0,,,,1,,,ReturnsNotAccepted,,,,,,,,,,,,,,Yes,No,,,,
Revise,RBBB5-0001-00095-83648,261328,0,2025 Topps Chrome LAMAR JACKSON #24 RAYWAVE Refractor Ravens Football,,,4000,No,,,,,,,,,,,,,Excellent,,,,,,,,,,,,,,,,,,,,,,,,,,FixedPriceItem,GTC,5.99,,1,,,ImmediatePayRequired,,United States,,Flat,USPSFirstClass,1,0.0,,,,1,,,ReturnsNotAccepted,,,,,,,,,,,,,,Yes,No,,,,
Revise,RBBB5-0001-00053-77555,261328,0,2025 Bowman Draft KAEDEN KENT #BDC-65 Chrome 1st Prospect Yankees,,,4000,No,,,,,,,,,,,,,Excellent,,,,,,,,,,,,,,,,,,,,,,,,,,FixedPriceItem,GTC,2.99,,1,,,ImmediatePayRequired,,United States,,Flat,USPSFirstClass,1,0.0,,,,1,,,ReturnsNotAccepted,,,,,,,,,,,,,,Yes,No,,,,
Revise,RBBB5-0001-00058-38083,261328,0,2025 Bowman Chrome KEVIN DEFRANK #BCP-205 MINI DIAMOND Refractor 1st Prospect,,,4000,No,,,,,,,,,,,,,Excellent,,,,,,,,,,,,,,,,,,,,,,,,,,FixedPriceItem,GTC,7.19,,1,,,ImmediatePayRequired,,United States,,Flat,USPSFirstClass,1,0.0,,,,1,,,ReturnsNotAccepted,,,,,,,,,,,,,,Yes,No,,,,
Revise,RBBB5-0001-00078-68915,261328,0,2025 Bowman Draft XAVIER NEYENS #BIA-14 In ACTION Astros,,,4000,No,,,,,,,,,,,,,Excellent,,,,,,,,,,,,,,,,,,,,,,,,,,FixedPriceItem,GTC,3.99,,1,,,ImmediatePayRequired,,United States,,Flat,USPSFirstClass,1,0.0,,,,1,,,ReturnsNotAccepted,,,,,,,,,,,,,,Yes,No,,,,
Revise,RBBB5-0001-00066-60187,261328,0,2025 Topps Chrome Update BRAD LORD #USC77 GEOMETRIC REF RC Nationals Rookie,,,4000,No,,,,,,,,,,,,,Excellent,,,,,,,,,,,,,,,,,,,,,,,,,,FixedPriceItem,GTC,2.99,,1,,,ImmediatePayRequired,,United States,,Flat,USPSFirstClass,1,0.0,,,,1,,,ReturnsNotAccepted,,,,,,,,,,,,,,Yes,No,,,,
Revise,RBBB5-0001-00065-39461,261328,0,2025 Bowman Chrome KEVIN DEFRANK #BCP-205 1st Prospect Marlins,,,4000,No,,,,,,,,,,,,,Excellent,,,,,,,,,,,,,,,,,,,,,,,,,,FixedPriceItem,GTC,3.99,,1,,,ImmediatePayRequired,,United States,,Flat,USPSFirstClass,1,0.0,,,,1,,,ReturnsNotAccepted,,,,,,,,,,,,,,Yes,No,,,,
Revise,BD-000084-skhxz,261328,0,2025 Bowman Draft SEAN GAMBLE #BDC-178 Chrome Refractor KANSAS CITY Royals,,,4000,No,,,,,,,,,,,,,Near mint or better,,,,,,,,,,,,,,,,,,,,,,,,,,FixedPriceItem,GTC,3.49,,3,,,ImmediatePayRequired,,United States,,Flat,USPSFirstClass,1,0.0,,,,1,,,ReturnsNotAccepted,,,,,,,,,,,,,,Yes,No,,,,
Revise,RBBB5-0001-00107-89994,261328,0,2025 Topps Chrome QUINCY RILEY #369 Rookie Refractor RC Saints Football,,,4000,No,,,,,,,,,,,,,Excellent,,,,,,,,,,,,,,,,,,,,,,,,,,FixedPriceItem,GTC,2.49,,1,,,ImmediatePayRequired,,United States,,Flat,USPSFirstClass,1,0.0,,,,1,,,ReturnsNotAccepted,,,,,,,,,,,,,,Yes,No,,,,
Revise,RBBB5-0001-00141-91287,261328,0,2025 Bowman Draft JOJO PARKER #BDC-8 Chrome 1st Prospect Blue Jays,,,4000,No,,,,,,,,,,,,,Excellent,,,,,,,,,,,,,,,,,,,,,,,,,,FixedPriceItem,GTC,4.49,,1,,,ImmediatePayRequired,,United States,,Flat,USPSFirstClass,1,0.0,,,,1,,,ReturnsNotAccepted,,,,,,,,,,,,,,Yes,No,,,,
Revise,RBBB5-0001-00130-21052,261328,0,2025 Topps Chrome BRYCE YOUNG #40 Refractor Panthers,,,4000,No,,,,,,,,,,,,,Excellent,,,,,,,,,,,,,,,,,,,,,,,,,,FixedPriceItem,GTC,2.49,,1,,,ImmediatePayRequired,,United States,,Flat,USPSFirstClass,1,0.0,,,,1,,,ReturnsNotAccepted,,,,,,,,,,,,,,Yes,No,,,,
Revise,RBBB5-0001-00147-50717,261328,0,2025 Topps Chrome Update JACOB WILSON #USC150 RC Athletics Rookie,,,4000,No,,,,,,,,,,,,,Excellent,,,,,,,,,,,,,,,,,,,,,,,,,,FixedPriceItem,GTC,2.49,,1,,,ImmediatePayRequired,,United States,,Flat,USPSFirstClass,1,0.0,,,,1,,,ReturnsNotAccepted,,,,,,,,,,,,,,Yes,No,,,,
Revise,RBBB5-0001-00120-95232,261328,0,2025 Topps Chrome CAM WARD #314 Rookie Refractor RC Titans Football,,,4000,No,,,,,,,,,,,,,Excellent,,,,,,,,,,,,,,,,,,,,,,,,,,FixedPriceItem,GTC,25.00,,1,,,ImmediatePayRequired,,United States,,Flat,USPSFirstClass,1,0.0,,,,1,,,ReturnsNotAccepted,,,,,,,,,,,,,,Yes,No,,,,
Revise,RBBB5-0001-00133-96977,261328,0,2025 Bowman Draft EDUARDO QUINTERO #BDC-111 Chrome Refractor Dodgers,,,4000,No,,,,,,,,,,,,,Excellent,,,,,,,,,,,,,,,,,,,,,,,,,,FixedPriceItem,GTC,4.49,,1,,,ImmediatePayRequired,,United States,,Flat,USPSFirstClass,1,0.0,,,,1,,,ReturnsNotAccepted,,,,,,,,,,,,,,Yes,No,,,,
Revise,RBBB5-0001-00114-71391,261328,0,2025 Topps Chrome Update NICK KURTZ #USC178 RC Athletics Rookie,,,4000,No,,,,,,,,,,,,,Excellent,,,,,,,,,,,,,,,,,,,,,,,,,,FixedPriceItem,GTC,5.99,,1,,,ImmediatePayRequired,,United States,,Flat,USPSFirstClass,1,0.0,,,,1,,,ReturnsNotAccepted,,,,,,,,,,,,,,Yes,No,,,,
Revise,RBBB5-0001-00129-89763,261328,0,2025 Topps Chrome MAASON SMITH #140 Refractor Jaguars Football,,,4000,No,,,,,,,,,,,,,Excellent,,,,,,,,,,,,,,,,,,,,,,,,,,FixedPriceItem,GTC,2.99,,1,,,ImmediatePayRequired,,United States,,Flat,USPSFirstClass,1,0.0,,,,1,,,ReturnsNotAccepted,,,,,,,,,,,,,,Yes,No,,,,
Revise,RBBB5-0001-00121-21847,261328,0,2025 Bowman Chrome JACOB WILSON #1 RC Athletics Rookie,,,4000,No,,,,,,,,,,,,,Excellent,,,,,,,,,,,,,,,,,,,,,,,,,,FixedPriceItem,GTC,2.99,,1,,,ImmediatePayRequired,,United States,,Flat,USPSFirstClass,1,0.0,,,,1,,,ReturnsNotAccepted,,,,,,,,,,,,,,Yes,No,,,,
Revise,RBBB5-0001-00134-16195,261328,0,2025 Bowman Chrome KRISTIAN CAMPBELL #MM-2 MELT MASHERS RC Red Sox Rookie,,,4000,No,,,,,,,,,,,,,Excellent,,,,,,,,,,,,,,,,,,,,,,,,,,FixedPriceItem,GTC,2.99,,1,,,ImmediatePayRequired,,United States,,Flat,USPSFirstClass,1,0.0,,,,1,,,ReturnsNotAccepted,,,,,,,,,,,,,,Yes,No,,,,
Revise,RBBB5-0001-00132-98069,261328,0,2025 Topps Chrome Update CARLOS CORREA #USC164 Astros,,,4000,No,,,,,,,,,,,,,Excellent,,,,,,,,,,,,,,,,,,,,,,,,,,FixedPriceItem,GTC,2.49,,1,,,ImmediatePayRequired,,United States,,Flat,USPSFirstClass,1,0.0,,,,1,,,ReturnsNotAccepted,,,,,,,,,,,,,,Yes,No,,,,
Revise,RBBB5-0001-00128-57232,261328,0,2025 Topps Chrome KALEB JOHNSON #323 Rookie RC Steelers Football,,,4000,No,,,,,,,,,,,,,Excellent,,,,,,,,,,,,,,,,,,,,,,,,,,FixedPriceItem,GTC,2.99,,1,,,ImmediatePayRequired,,United States,,Flat,USPSFirstClass,1,0.0,,,,1,,,ReturnsNotAccepted,,,,,,,,,,,,,,Yes,No,,,,
Revise,RBBB5-0001-00106-85937,261328,0,2025 Topps Chrome SAQUON BARKLEY #F15-3 FORTUNE 15 Refractor Eagles Football,,,4000,No,,,,,,,,,,,,,Excellent,,,,,,,,,,,,,,,,,,,,,,,,,,FixedPriceItem,GTC,2.49,,1,,,ImmediatePayRequired,,United States,,Flat,USPSFirstClass,1,0.0,,,,1,,,ReturnsNotAccepted,,,,,,,,,,,,,,Yes,No,,,,
Revise,RBBB5-0001-00102-34827,261328,0,2025 Bowman Draft WALKER JENKINS #BDC-159 Chrome Refractor Twins,,,4000,No,,,,,,,,,,,,,Excellent,,,,,,,,,,,,,,,,,,,,,,,,,,FixedPriceItem,GTC,3.49,,1,,,ImmediatePayRequired,,United States,,Flat,USPSFirstClass,1,0.0,,,,1,,,ReturnsNotAccepted,,,,,,,,,,,,,,Yes,No,,,,
Revise,RBBB5-0001-00145-18484,261328,0,2025 Bowman Draft JJ WETHERHOLT #BDC-145 Chrome Cardinals,,,4000,No,,,,,,,,,,,,,Excellent,,,,,,,,,,,,,,,,,,,,,,,,,,FixedPriceItem,GTC,3.49,,1,,,ImmediatePayRequired,,United States,,Flat,USPSFirstClass,1,0.0,,,,1,,,ReturnsNotAccepted,,,,,,,,,,,,,,Yes,No,,,,
Revise,RBBB5-0001-00109-58964,261328,0,2025 Topps Chrome Update LOGAN VANWEY #USC141 Refractor RC Astros Rookie,,,4000,No,,,,,,,,,,,,,Excellent,,,,,,,,,,,,,,,,,,,,,,,,,,FixedPriceItem,GTC,2.99,,1,,,ImmediatePayRequired,,United States,,Flat,USPSFirstClass,1,0.0,,,,1,,,ReturnsNotAccepted,,,,,,,,,,,,,,Yes,No,,,,
Revise,RBBB5-0001-00139-26471,261328,0,2025 Topps Chrome Update YORDAN ALVAREZ #90CU-7 1990 GEOMETRIC Refractor Astros,,,4000,No,,,,,,,,,,,,,Excellent,,,,,,,,,,,,,,,,,,,,,,,,,,FixedPriceItem,GTC,2.99,,1,,,ImmediatePayRequired,,United States,,Flat,USPSFirstClass,1,0.0,,,,1,,,ReturnsNotAccepted,,,,,,,,,,,,,,Yes,No,,,,
Revise,RBBB5-0001-00127-62689,261328,0,2025 Topps Chrome JAHDAE BARRON #359 Rookie RC Broncos Football,,,4000,No,,,,,,,,,,,,,Excellent,,,,,,,,,,,,,,,,,,,,,,,,,,FixedPriceItem,GTC,2.49,,1,,,ImmediatePayRequired,,United States,,Flat,USPSFirstClass,1,0.0,,,,1,,,ReturnsNotAccepted,,,,,,,,,,,,,,Yes,No,,,,
Revise,RBBB5-0001-00119-75839,261328,0,2025 Topps Chrome Update NICK KURTZ #USC180 RC Athletics Rookie,,,4000,No,,,,,,,,,,,,,Excellent,,,,,,,,,,,,,,,,,,,,,,,,,,FixedPriceItem,GTC,2.99,,1,,,ImmediatePayRequired,,United States,,Flat,USPSFirstClass,1,0.0,,,,1,,,ReturnsNotAccepted,,,,,,,,,,,,,,Yes,No,,,,
Revise,RBBB5-0001-00137-97309,261328,0,2025 BOWMAN'S BEST NICK KURTZ #C-16 CIRCUITRY RC Athletics Rookie,,,4000,No,,,,,,,,,,,,,Excellent,,,,,,,,,,,,,,,,,,,,,,,,,,FixedPriceItem,GTC,5.99,,1,,,ImmediatePayRequired,,United States,,Flat,USPSFirstClass,1,0.0,,,,1,,,ReturnsNotAccepted,,,,,,,,,,,,,,Yes,No,,,,
Revise,RBBB5-0001-00131-02855,261328,0,2025 Bowman Chrome Sapphire COBY MAYO #83 RC Orioles Rookie,,,4000,No,,,,,,,,,,,,,Excellent,,,,,,,,,,,,,,,,,,,,,,,,,,FixedPriceItem,GTC,2.99,,1,,,ImmediatePayRequired,,United States,,Flat,USPSFirstClass,1,0.0,,,,1,,,ReturnsNotAccepted,,,,,,,,,,,,,,Yes,No,,,,
Revise,RBBB5-0001-00116-56818,261328,0,2025 Topps Chrome JOSH SIMMONS #304 Rookie RC Chiefs Football,,,4000,No,,,,,,,,,,,,,Excellent,,,,,,,,,,,,,,,,,,,,,,,,,,FixedPriceItem,GTC,2.49,,1,,,ImmediatePayRequired,,United States,,Flat,USPSFirstClass,1,0.0,,,,1,,,ReturnsNotAccepted,,,,,,,,,,,,,,Yes,No,,,,
Revise,RBBB5-0001-00103-42031,261328,0,2025 Bowman Draft ETHAN FREY #BDC-67 Chrome Refractor 1st Prospect Astros,,,4000,No,,,,,,,,,,,,,Excellent,,,,,,,,,,,,,,,,,,,,,,,,,,FixedPriceItem,GTC,5.99,,1,,,ImmediatePayRequired,,United States,,Flat,USPSFirstClass,1,0.0,,,,1,,,ReturnsNotAccepted,,,,,,,,,,,,,,Yes,No,,,,
Revise,RBBB5-0001-00097-61096,261328,0,2025 Bowman Draft ELI WILLITS #A-1 AXIS Chrome Nationals,,,4000,No,,,,,,,,,,,,,Excellent,,,,,,,,,,,,,,,,,,,,,,,,,,FixedPriceItem,GTC,2.49,,1,,,ImmediatePayRequired,,United States,,Flat,USPSFirstClass,1,0.0,,,,1,,,ReturnsNotAccepted,,,,,,,,,,,,,,Yes,No,,,,
Revise,RBBB5-0001-00143-68890,261328,0,2025 Bowman Draft GAVIN KILEN #PP-14 Chrome PRIZED Prospects Giants Football,,,4000,No,,,,,,,,,,,,,Excellent,,,,,,,,,,,,,,,,,,,,,,,,,,FixedPriceItem,GTC,2.49,,1,,,ImmediatePayRequired,,United States,,Flat,USPSFirstClass,1,0.0,,,,1,,,ReturnsNotAccepted,,,,,,,,,,,,,,Yes,No,,,,
Revise,RBBB5-0001-00105-51543,261328,0,2025 Bowman Draft Sapphire GRIFFIN HUGUS #BDC-101 Chrome 1st Prospect Mariners,,,4000,No,,,,,,,,,,,,,Excellent,,,,,,,,,,,,,,,,,,,,,,,,,,FixedPriceItem,GTC,2.99,,1,,,ImmediatePayRequired,,United States,,Flat,USPSFirstClass,1,0.0,,,,1,,,ReturnsNotAccepted,,,,,,,,,,,,,,Yes,No,,,,
Revise,RBBB5-0001-00108-69232,261328,0,2025 Topps Chrome TRENT MCDUFFIE #154 GEOMETRIC Refractor Chiefs Football,,,4000,No,,,,,,,,,,,,,Excellent,,,,,,,,,,,,,,,,,,,,,,,,,,FixedPriceItem,GTC,5.99,,1,,,ImmediatePayRequired,,United States,,Flat,USPSFirstClass,1,0.0,,,,1,,,ReturnsNotAccepted,,,,,,,,,,,,,,Yes,No,,,,
Revise,RBBB5-0001-00118-09658,261328,0,2025 Topps Chrome Update DENZEL CLARKE #USC15 PRISM REF RC Athletics Rookie,,,4000,No,,,,,,,,,,,,,Excellent,,,,,,,,,,,,,,,,,,,,,,,,,,FixedPriceItem,GTC,2.49,,1,,,ImmediatePayRequired,,United States,,Flat,USPSFirstClass,1,0.0,,,,1,,,ReturnsNotAccepted,,,,,,,,,,,,,,Yes,No,,,,
Revise,RBBB5-0001-00111-21837,261328,0,2025 Topps Chrome Update COLE HENRY #USC72 GEOMETRIC REF RC Nationals Rookie,,,4000,No,,,,,,,,,,,,,Excellent,,,,,,,,,,,,,,,,,,,,,,,,,,FixedPriceItem,GTC,2.49,,1,,,ImmediatePayRequired,,United States,,Flat,USPSFirstClass,1,0.0,,,,1,,,ReturnsNotAccepted,,,,,,,,,,,,,,Yes,No,,,,
Revise,RBBB5-0001-00135-70424,261328,0,2025 Topps Chrome Update ISAAC PAREDES #USC29 Refractor Astros,,,4000,No,,,,,,,,,,,,,Excellent,,,,,,,,,,,,,,,,,,,,,,,,,,FixedPriceItem,GTC,2.49,,1,,,ImmediatePayRequired,,United States,,Flat,USPSFirstClass,1,0.0,,,,1,,,ReturnsNotAccepted,,,,,,,,,,,,,,Yes,No,,,,
Revise,RBBB5-0001-00006-34515,261328,0,2025 Bowman Draft JESUS MADE #BDC-196 Chrome Refractor Brewers,,,4000,No,,,,,,,,,,,,,Excellent,,,,,,,,,,,,,,,,,,,,,,,,,,FixedPriceItem,GTC,4.99,,1,,,ImmediatePayRequired,,United States,,Flat,USPSFirstClass,1,0.0,,,,1,,,ReturnsNotAccepted,,,,,,,,,,,,,,Yes,No,,,,
Revise,RBBB5-0001-00012-24697,261328,0,2025 Bowman Draft COLIN YEAMAN #CPA-CY Chrome Auto 1st Prospect Orioles,,,4000,No,,,,,,,,,,,,,Excellent,,,,,,,,,,,,,,,,,,,,,,,,,,FixedPriceItem,GTC,8.19,,1,,,ImmediatePayRequired,,United States,,Flat,USPSFirstClass,1,0.0,,,,1,,,ReturnsNotAccepted,,,,,,,,,,,,,,Yes,No,,,,
Revise,RBBB5-0001-00001-99588,261328,0,2025 Bowman Draft DEVIN TAYLOR #BDC-135 Chrome Refractor 1st Prospect Athletics,,,4000,No,,,,,,,,,,,,,Excellent,,,,,,,,,,,,,,,,,,,,,,,,,,FixedPriceItem,GTC,2.99,,1,,,ImmediatePayRequired,,United States,,Flat,USPSFirstClass,1,0.0,,,,1,,,ReturnsNotAccepted,,,,,,,,,,,,,,Yes,No,,,,
Revise,RBBB5-0001-00040-52745,261328,0,2025 Bowman Draft RAINIEL RODRIGUEZ #BDC-72 Chrome Refractor Cardinals Football,,,4000,No,,,,,,,,,,,,,Excellent,,,,,,,,,,,,,,,,,,,,,,,,,,FixedPriceItem,GTC,3.99,,1,,,ImmediatePayRequired,,United States,,Flat,USPSFirstClass,1,0.0,,,,1,,,ReturnsNotAccepted,,,,,,,,,,,,,,Yes,No,,,,
Revise,RBBB5-0001-00019-14127,261328,0,2025 Bowman Chrome HAYDEN BIRDSONG #63 Red RC Variation Giants Rookie Football,,,4000,No,,,,,,,,,,,,,Excellent,,,,,,,,,,,,,,,,,,,,,,,,,,FixedPriceItem,GTC,4.49,,1,,,ImmediatePayRequired,,United States,,Flat,USPSFirstClass,1,0.0,,,,1,,,ReturnsNotAccepted,,,,,,,,,,,,,,Yes,No,,,,
Revise,RBBB5-0001-00020-57984,261328,0,2025 Bowman Draft MITCH VOIT #PP-10 Chrome PRIZED Prospects Mets,,,4000,No,,,,,,,,,,,,,Excellent,,,,,,,,,,,,,,,,,,,,,,,,,,FixedPriceItem,GTC,2.49,,1,,,ImmediatePayRequired,,United States,,Flat,USPSFirstClass,1,0.0,,,,1,,,ReturnsNotAccepted,,,,,,,,,,,,,,Yes,No,,,,
Revise,RBBB5-0001-00027-04839,261328,0,2025 Bowman Draft CAMERON MILLAR #BDC-176 Chrome Blue GEOMETRIC Refractor /150,,,4000,No,,,,,,,,,,,,,Excellent,,,,,,,,,,,,,,,,,,,,,,,,,,FixedPriceItem,GTC,8.19,,1,,,ImmediatePayRequired,,United States,,Flat,USPSFirstClass,1,0.0,,,,1,,,ReturnsNotAccepted,,,,,,,,,,,,,,Yes,No,,,,
Revise,RBBB5-0001-00018-54863,261328,0,2025 Bowman Draft MITCH VOIT #BDN-4 NIGHT Chrome Mets,,,4000,No,,,,,,,,,,,,,Excellent,,,,,,,,,,,,,,,,,,,,,,,,,,FixedPriceItem,GTC,2.99,,1,,,ImmediatePayRequired,,United States,,Flat,USPSFirstClass,1,0.0,,,,1,,,ReturnsNotAccepted,,,,,,,,,,,,,,Yes,No,,,,
Revise,RBBB5-0001-00014-26818,261328,0,2025 Bowman Chrome YULIAN BARRETO #CPA-YU Auto Refractor /499 1st Prospect,,,4000,No,,,,,,,,,,,,,Excellent,,,,,,,,,,,,,,,,,,,,,,,,,,FixedPriceItem,GTC,12.89,,1,,,ImmediatePayRequired,,United States,,Flat,USPSFirstClass,1,0.0,,,,1,,,ReturnsNotAccepted,,,,,,,,,,,,,,Yes,No,,,,
Revise,RBBB5-0001-00003-19004,261328,0,2025 Bowman Draft SEAN GAMBLE #BDC-178 Chrome SKY Blue Refractor 1st Prospect,,,4000,No,,,,,,,,,,,,,Excellent,,,,,,,,,,,,,,,,,,,,,,,,,,FixedPriceItem,GTC,11.09,,1,,,ImmediatePayRequired,,United States,,Flat,USPSFirstClass,1,0.0,,,,1,,,ReturnsNotAccepted,,,,,,,,,,,,,,Yes,No,,,,
Revise,RBBB5-0001-00029-07369,261328,0,2025 Bowman Draft KEVIN MCGONIGLE #BIA-10 In ACTION Tigers,,,4000,No,,,,,,,,,,,,,Excellent,,,,,,,,,,,,,,,,,,,,,,,,,,FixedPriceItem,GTC,8.09,,1,,,ImmediatePayRequired,,United States,,Flat,USPSFirstClass,1,0.0,,,,1,,,ReturnsNotAccepted,,,,,,,,,,,,,,Yes,No,,,,
Revise,RBBB5-0001-00035-48472,261328,0,2025 Bowman Draft Sapphire JONNY FARMELO #BDC-163 Chrome Mariners,,,4000,No,,,,,,,,,,,,,Excellent,,,,,,,,,,,,,,,,,,,,,,,,,,FixedPriceItem,GTC,3.99,,1,,,ImmediatePayRequired,,United States,,Flat,USPSFirstClass,1,0.0,,,,1,,,ReturnsNotAccepted,,,,,,,,,,,,,,Yes,No,,,,
Revise,RBBB5-0001-00021-46502,261328,0,2025 Bowman Draft Sapphire SLADE CALDWELL #BDC-152 Chrome Diamondbacks,,,4000,No,,,,,,,,,,,,,Excellent,,,,,,,,,,,,,,,,,,,,,,,,,,FixedPriceItem,GTC,3.49,,1,,,ImmediatePayRequired,,United States,,Flat,USPSFirstClass,1,0.0,,,,1,,,ReturnsNotAccepted,,,,,,,,,,,,,,Yes,No,,,,
Revise,RBBB5-0001-00024-02465,261328,0,2025 Bowman Draft Sapphire LUKE DICKERSON #BDC-61 Chrome Nationals,,,4000,No,,,,,,,,,,,,,Excellent,,,,,,,,,,,,,,,,,,,,,,,,,,FixedPriceItem,GTC,3.49,,1,,,ImmediatePayRequired,,United States,,Flat,USPSFirstClass,1,0.0,,,,1,,,ReturnsNotAccepted,,,,,,,,,,,,,,Yes,No,,,,
Revise,RBBB5-0001-00017-30522,261328,0,2025 Bowman Draft RYAN MITCHELL #BDC-77 Chrome Refractor 1st Prospect Cardinals,,,4000,No,,,,,,,,,,,,,Excellent,,,,,,,,,,,,,,,,,,,,,,,,,,FixedPriceItem,GTC,3.99,,1,,,ImmediatePayRequired,,United States,,Flat,USPSFirstClass,1,0.0,,,,1,,,ReturnsNotAccepted,,,,,,,,,,,,,,Yes,No,,,,
Revise,RBBB5-0001-00031-53527,261328,0,2025 Bowman Draft JOSH HAMMOND #BDC-185 Chrome Purple Refractor /250 Royals,,,4000,No,,,,,,,,,,,,,Excellent,,,,,,,,,,,,,,,,,,,,,,,,,,FixedPriceItem,GTC,26.29,,1,,,ImmediatePayRequired,,United States,,Flat,USPSFirstClass,1,0.0,,,,1,,,ReturnsNotAccepted,,,,,,,,,,,,,,Yes,No,,,,
Revise,RBBB5-0001-00007-89957,261328,0,2025 Bowman Draft AARON WATSON #BDC-193 Chrome Refractor 1st Prospect Reds,,,4000,No,,,,,,,,,,,,,Excellent,,,,,,,,,,,,,,,,,,,,,,,,,,FixedPriceItem,GTC,2.99,,1,,,ImmediatePayRequired,,United States,,Flat,USPSFirstClass,1,0.0,,,,1,,,ReturnsNotAccepted,,,,,,,,,,,,,,Yes,No,,,,
Revise,RBBB5-0002-00070-02515,261328,0,2025 Bowman Draft MICHAEL OLIVETO #BDC-156 Chrome 1st Prospect Tigers,,,4000,No,,,,,,,,,,,,,Excellent,,,,,,,,,,,,,,,,,,,,,,,,,,FixedPriceItem,GTC,3.49,,1,,,ImmediatePayRequired,,United States,,Flat,USPSFirstClass,1,0.0,,,,1,,,ReturnsNotAccepted,,,,,,,,,,,,,,Yes,No,,,,
Revise,RBBB5-0002-00056-58260,261328,0,2025 Bowman Draft Sapphire ARJUN NIMMALA #BDC-35 Chrome Blue Jays,,,4000,No,,,,,,,,,,,,,Excellent,,,,,,,,,,,,,,,,,,,,,,,,,,FixedPriceItem,GTC,2.99,,1,,,ImmediatePayRequired,,United States,,Flat,USPSFirstClass,1,0.0,,,,1,,,ReturnsNotAccepted,,,,,,,,,,,,,,Yes,No,,,,
Revise,RBBB5-0002-00077-78830,261328,0,2025 Bowman Draft CALEB LEYS #BDC-195 Chrome SPARKLE Refractor 1st Prospect,,,4000,No,,,,,,,,,,,,,Excellent,,,,,,,,,,,,,,,,,,,,,,,,,,FixedPriceItem,GTC,6.49,,1,,,ImmediatePayRequired,,United States,,Flat,USPSFirstClass,1,0.0,,,,1,,,ReturnsNotAccepted,,,,,,,,,,,,,,Yes,No,,,,
Revise,RBBB5-0002-00060-61636,261328,0,2025 Bowman Draft JHONNY LEVEL #BDC-55 Chrome Refractor Giants Football,,,4000,No,,,,,,,,,,,,,Excellent,,,,,,,,,,,,,,,,,,,,,,,,,,FixedPriceItem,GTC,2.00,,1,,,ImmediatePayRequired,,United States,,Flat,USPSFirstClass,1,0.0,,,,1,,,ReturnsNotAccepted,,,,,,,,,,,,,,Yes,No,,,,
Revise,RBBB5-0002-00063-64672,261328,0,2025 Bowman Draft COOPER PRATT #BDC-157 Chrome Refractor Brewers,,,4000,No,,,,,,,,,,,,,Excellent,,,,,,,,,,,,,,,,,,,,,,,,,,FixedPriceItem,GTC,2.49,,1,,,ImmediatePayRequired,,United States,,Flat,USPSFirstClass,1,0.0,,,,1,,,ReturnsNotAccepted,,,,,,,,,,,,,,Yes,No,,,,
Revise,RBBB5-0002-00048-43492,261328,0,2025 Bowman Draft GEORGE LOMBARD JR. #BDC-43 Chrome Refractor Yankees,,,4000,No,,,,,,,,,,,,,Excellent,,,,,,,,,,,,,,,,,,,,,,,,,,FixedPriceItem,GTC,3.99,,1,,,ImmediatePayRequired,,United States,,Flat,USPSFirstClass,1,0.0,,,,1,,,ReturnsNotAccepted,,,,,,,,,,,,,,Yes,No,,,,
Revise,RBBB5-0002-00052-89291,261328,0,2025 Bowman Chrome BRYCE ELDRIDGE #BCP-180 Prospects Shimmer REF Giants Football,,,4000,No,,,,,,,,,,,,,Excellent,,,,,,,,,,,,,,,,,,,,,,,,,,FixedPriceItem,GTC,3.99,,1,,,ImmediatePayRequired,,United States,,Flat,USPSFirstClass,1,0.0,,,,1,,,ReturnsNotAccepted,,,,,,,,,,,,,,Yes,No,,,,
Revise,RBBB5-0002-00061-46273,261328,0,2025 Bowman Draft QUENTIN YOUNG #BDC-92 Chrome Refractor 1st Prospect Twins,,,4000,No,,,,,,,,,,,,,Excellent,,,,,,,,,,,,,,,,,,,,,,,,,,FixedPriceItem,GTC,2.99,,1,,,ImmediatePayRequired,,United States,,Flat,USPSFirstClass,1,0.0,,,,1,,,ReturnsNotAccepted,,,,,,,,,,,,,,Yes,No,,,,
Revise,RBBB5-0002-00049-12013,261328,0,2025 BOWMAN'S BEST ELI WILLITS #TP-20 Top Prospects Refractor Nationals,,,4000,No,,,,,,,,,,,,,Excellent,,,,,,,,,,,,,,,,,,,,,,,,,,FixedPriceItem,GTC,5.99,,1,,,ImmediatePayRequired,,United States,,Flat,USPSFirstClass,1,0.0,,,,1,,,ReturnsNotAccepted,,,,,,,,,,,,,,Yes,No,,,,
Revise,RBBB5-0002-00064-78051,261328,0,2025 Bowman Draft CARLOS LAGRANGE #BDC-132 Chrome Refractor Yankees,,,4000,No,,,,,,,,,,,,,Excellent,,,,,,,,,,,,,,,,,,,,,,,,,,FixedPriceItem,GTC,4.99,,1,,,ImmediatePayRequired,,United States,,Flat,USPSFirstClass,1,0.0,,,,1,,,ReturnsNotAccepted,,,,,,,,,,,,,,Yes,No,,,,
Revise,RBBB5-0002-00057-43226,261328,0,2025 Bowman Draft AIDAN WEST #BDC-6 Chrome Refractor 1st Prospect Dodgers,,,4000,No,,,,,,,,,,,,,Excellent,,,,,,,,,,,,,,,,,,,,,,,,,,FixedPriceItem,GTC,2.49,,1,,,ImmediatePayRequired,,United States,,Flat,USPSFirstClass,1,0.0,,,,1,,,ReturnsNotAccepted,,,,,,,,,,,,,,Yes,No,,,,
Revise,RBBB5-0002-00053-33598,261328,0,2025 Bowman Draft KEVIN MCGONIGLE #BDC-59 Chrome Refractor Tigers,,,4000,No,,,,,,,,,,,,,Excellent,,,,,,,,,,,,,,,,,,,,,,,,,,FixedPriceItem,GTC,6.99,,1,,,ImmediatePayRequired,,United States,,Flat,USPSFirstClass,1,0.0,,,,1,,,ReturnsNotAccepted,,,,,,,,,,,,,,Yes,No,,,,
Revise,RBBB5-0002-00062-59153,261328,0,2025 Bowman Draft DAKOTA JORDAN #BDC-139 Chrome Refractor Giants Football,,,4000,No,,,,,,,,,,,,,Excellent,,,,,,,,,,,,,,,,,,,,,,,,,,FixedPriceItem,GTC,2.49,,1,,,ImmediatePayRequired,,United States,,Flat,USPSFirstClass,1,0.0,,,,1,,,ReturnsNotAccepted,,,,,,,,,,,,,,Yes,No,,,,
Revise,RBBB5-0002-00042-31699,261328,0,2025-26 Bowman ANTHONY DAVIS #131 Orange BORDER /25 MAVERICKS Basketball,,,4000,No,,,,,,,,,,,,,Excellent,,,,,,,,,,,,,,,,,,,,,,,,,,FixedPriceItem,GTC,15.79,,1,,,ImmediatePayRequired,,United States,,Flat,USPSFirstClass,1,0.0,,,,1,,,ReturnsNotAccepted,,,,,,,,,,,,,,Yes,No,,,,
Revise,RBBB5-0002-00074-62272,261328,0,2025 Bowman Draft Sapphire CODY BOWKER #BDC-140 Chrome 1st Prospect Phillies,,,4000,No,,,,,,,,,,,,,Excellent,,,,,,,,,,,,,,,,,,,,,,,,,,FixedPriceItem,GTC,2.99,,1,,,ImmediatePayRequired,,United States,,Flat,USPSFirstClass,1,0.0,,,,1,,,ReturnsNotAccepted,,,,,,,,,,,,,,Yes,No,,,,
Revise,RBBB5-0002-00044-75707,261328,0,2025 Bowman Draft MICHAEL OLIVETO #BD-156 Green BORDER /99 1st Prospect Tigers,,,4000,No,,,,,,,,,,,,,Excellent,,,,,,,,,,,,,,,,,,,,,,,,,,FixedPriceItem,GTC,8.19,,1,,,ImmediatePayRequired,,United States,,Flat,USPSFirstClass,1,0.0,,,,1,,,ReturnsNotAccepted,,,,,,,,,,,,,,Yes,No,,,,
Revise,RBBB5-0002-00071-72087,261328,0,2025 Bowman Draft Sapphire TOMMY TROY #BDC-36 Chrome Diamondbacks,,,4000,No,,,,,,,,,,,,,Excellent,,,,,,,,,,,,,,,,,,,,,,,,,,FixedPriceItem,GTC,3.99,,1,,,ImmediatePayRequired,,United States,,Flat,USPSFirstClass,1,0.0,,,,1,,,ReturnsNotAccepted,,,,,,,,,,,,,,Yes,No,,,,
Revise,RBBB5-0004-00002-09389,261328,0,2025-26 Bowman SHAI GILGEOUS-ALEXANDER #YK-1 Chrome YOUNG Kings Clippers,,,4000,No,,,,,,,,,,,,,Excellent,,,,,,,,,,,,,,,,,,,,,,,,,,FixedPriceItem,GTC,2.99,,1,,,ImmediatePayRequired,,United States,,Flat,USPSFirstClass,1,0.0,,,,1,,,ReturnsNotAccepted,,,,,,,,,,,,,,Yes,No,,,,
Revise,RBBB5-0004-00017-77507,261328,0,2025-26 Bowman KON KNUEPPEL #RY-4 ROY FAVORITES Chrome RC HORNETS Rookie,,,4000,No,,,,,,,,,,,,,Excellent,,,,,,,,,,,,,,,,,,,,,,,,,,FixedPriceItem,GTC,5.99,,1,,,ImmediatePayRequired,,United States,,Flat,USPSFirstClass,1,0.0,,,,1,,,ReturnsNotAccepted,,,,,,,,,,,,,,Yes,No,,,,
Revise,RBBB5-0004-00003-79280,261328,0,2025-26 Bowman KON KNUEPPEL #HS-7 Chrome Hobby Stars RC HORNETS Rookie,,,4000,No,,,,,,,,,,,,,Excellent,,,,,,,,,,,,,,,,,,,,,,,,,,FixedPriceItem,GTC,3.89,,1,,,ImmediatePayRequired,,United States,,Flat,USPSFirstClass,1,0.0,,,,1,,,ReturnsNotAccepted,,,,,,,,,,,,,,Yes,No,,,,
Revise,RBBB5-0004-00001-89641,261328,0,2025-26 Bowman SHAI GILGEOUS-ALEXANDER #BCV-106 Chrome THUNDER Basketball,,,4000,No,,,,,,,,,,,,,Excellent,,,,,,,,,,,,,,,,,,,,,,,,,,FixedPriceItem,GTC,3.99,,1,,,ImmediatePayRequired,,United States,,Flat,USPSFirstClass,1,0.0,,,,1,,,ReturnsNotAccepted,,,,,,,,,,,,,,Yes,No,,,,
Revise,RBBB5-0004-00013-62538,261328,0,2025 Bowman Draft GAVIN FIEN #BDN-10 NIGHT Chrome Rangers,,,4000,No,,,,,,,,,,,,,Excellent,,,,,,,,,,,,,,,,,,,,,,,,,,FixedPriceItem,GTC,2.49,,1,,,ImmediatePayRequired,,United States,,Flat,USPSFirstClass,1,0.0,,,,1,,,ReturnsNotAccepted,,,,,,,,,,,,,,Yes,No,,,,
Revise,RBBB5-0004-00010-69994,261328,0,2025-26 Bowman KON KNUEPPEL #GL-4 Chrome GREATNESS LOADING RC HORNETS Rookie,,,4000,No,,,,,,,,,,,,,Excellent,,,,,,,,,,,,,,,,,,,,,,,,,,FixedPriceItem,GTC,6.99,,1,,,ImmediatePayRequired,,United States,,Flat,USPSFirstClass,1,0.0,,,,1,,,ReturnsNotAccepted,,,,,,,,,,,,,,Yes,No,,,,
Revise,RBBB5-0004-00008-92674,261328,0,2025 Bowman Draft GAVIN FIEN #BIA-16 In ACTION Rangers,,,4000,No,,,,,,,,,,,,,Excellent,,,,,,,,,,,,,,,,,,,,,,,,,,FixedPriceItem,GTC,2.99,,1,,,ImmediatePayRequired,,United States,,Flat,USPSFirstClass,1,0.0,,,,1,,,ReturnsNotAccepted,,,,,,,,,,,,,,Yes,No,,,,
Revise,RBBB5-0004-00020-10509,261328,0,2025 Bowman LEAH MACY #CPA-LM Chrome Auto Refractor /499 1st Prospect,,,4000,No,,,,,,,,,,,,,Excellent,,,,,,,,,,,,,,,,,,,,,,,,,,FixedPriceItem,GTC,15.00,,1,,,ImmediatePayRequired,,United States,,Flat,USPSFirstClass,1,0.0,,,,1,,,ReturnsNotAccepted,,,,,,,,,,,,,,Yes,No,,,,
Revise,RBBB5-0004-00012-95993,261328,0,2025-26 Bowman KON KNUEPPEL #BCV-4 Chrome RC HORNETS Rookie Basketball,,,4000,No,,,,,,,,,,,,,Excellent,,,,,,,,,,,,,,,,,,,,,,,,,,FixedPriceItem,GTC,6.00,,1,,,ImmediatePayRequired,,United States,,Flat,USPSFirstClass,1,0.0,,,,1,,,ReturnsNotAccepted,,,,,,,,,,,,,,Yes,No,,,,
Revise,RBBB5-0004-00018-23517,261328,0,2025 Bowman SHELTON HENDERSON #BCP-10 Chrome Purple Refractor /250 1st Prospect,,,4000,No,,,,,,,,,,,,,Excellent,,,,,,,,,,,,,,,,,,,,,,,,,,FixedPriceItem,GTC,7.19,,1,,,ImmediatePayRequired,,United States,,Flat,USPSFirstClass,1,0.0,,,,1,,,ReturnsNotAccepted,,,,,,,,,,,,,,Yes,No,,,,
Revise,RBBB5-0002-00011-69349,261328,0,2025-26 Bowman KON KNUEPPEL #RR-4 Chrome Rockstar Rookies RC HORNETS Basketball,,,4000,No,,,,,,,,,,,,,Excellent,,,,,,,,,,,,,,,,,,,,,,,,,,FixedPriceItem,GTC,5.99,,1,,,ImmediatePayRequired,,United States,,Flat,USPSFirstClass,1,0.0,,,,1,,,ReturnsNotAccepted,,,,,,,,,,,,,,Yes,No,,,,
Revise,RBBB5-0004-00019-87265,261328,0,2025 Bowman JAMIER JONES #CPA-JO Chrome Auto Refractor /499 1st Prospect,,,4000,No,,,,,,,,,,,,,Excellent,,,,,,,,,,,,,,,,,,,,,,,,,,FixedPriceItem,GTC,20.00,,1,,,ImmediatePayRequired,,United States,,Flat,USPSFirstClass,1,0.0,,,,1,,,ReturnsNotAccepted,,,,,,,,,,,,,,Yes,No,,,,
Revise,RBBB5-0004-00004-33506,261328,0,2025 Bowman OTEGA OWEH #CPA-OO Chrome Auto Refractor /499 1st Prospect,,,4000,No,,,,,,,,,,,,,Excellent,,,,,,,,,,,,,,,,,,,,,,,,,,FixedPriceItem,GTC,50.00,,1,,,ImmediatePayRequired,,United States,,Flat,USPSFirstClass,1,0.0,,,,1,,,ReturnsNotAccepted,,,,,,,,,,,,,,Yes,No,,,,
Revise,RBBB5-0004-00006-04236,261328,0,2025 Bowman YANG HANSEN #BRR-16 Chrome Red Rookie Variation SP RC,,,4000,No,,,,,,,,,,,,,Excellent,,,,,,,,,,,,,,,,,,,,,,,,,,FixedPriceItem,GTC,4.99,,1,,,ImmediatePayRequired,,United States,,Flat,USPSFirstClass,1,0.0,,,,1,,,ReturnsNotAccepted,,,,,,,,,,,,,,Yes,No,,,,
Revise,RBBB5-0001-00112-26249,261328,0,2025 BOWMAN'S BEST PAUL SKENES #P-14 PIXEL PORTRAITS Pirates,,,4000,No,,,,,,,,,,,,,Excellent,,,,,,,,,,,,,,,,,,,,,,,,,,FixedPriceItem,GTC,9.69,,2,,,ImmediatePayRequired,,United States,,Flat,USPSFirstClass,1,0.0,,,,1,,,ReturnsNotAccepted,,,,,,,,,,,,,,Yes,No,,,,
Revise,RBBB5-0004-00043-69805,261328,0,2025 Bowman Chrome NICK KURTZ #93 RC Athletics Rookie,,,4000,No,,,,,,,,,,,,,Excellent,,,,,,,,,,,,,,,,,,,,,,,,,,FixedPriceItem,GTC,2.99,,1,,,ImmediatePayRequired,,United States,,Flat,USPSFirstClass,1,0.0,,,,1,,,ReturnsNotAccepted,,,,,,,,,,,,,,Yes,No,,,,
Revise,RBBB5-0004-00042-99756,261328,0,2025 Bowman Chrome MAX MUNCY #90 Red RC Variation Athletics Rookie,,,4000,No,,,,,,,,,,,,,Excellent,,,,,,,,,,,,,,,,,,,,,,,,,,FixedPriceItem,GTC,2.00,,1,,,ImmediatePayRequired,,United States,,Flat,USPSFirstClass,1,0.0,,,,1,,,ReturnsNotAccepted,,,,,,,,,,,,,,Yes,No,,,,
Revise,RBBB5-0004-00022-38355,261328,0,2025 BOWMAN'S BEST KONNOR GRIFFIN #B25-KG BEST of Auto Purple Refractor /75 RC,,,4000,No,,,,,,,,,,,,,Excellent,,,,,,,,,,,,,,,,,,,,,,,,,,FixedPriceItem,GTC,389.99,,1,,,ImmediatePayRequired,,United States,,Flat,USPSFirstClass,1,0.0,,,,1,,,ReturnsNotAccepted,,,,,,,,,,,,,,Yes,No,,,,
Revise,RBBB5-0004-00045-65535,261328,0,2025 Bowman Draft GAVIN KILEN #BDC-40 Chrome REF 1st Prospect Giants Football,,,4000,No,,,,,,,,,,,,,Excellent,,,,,,,,,,,,,,,,,,,,,,,,,,FixedPriceItem,GTC,3.49,,1,,,ImmediatePayRequired,,United States,,Flat,USPSFirstClass,1,0.0,,,,1,,,ReturnsNotAccepted,,,,,,,,,,,,,,Yes,No,,,,
Revise,RBBB5-0004-00040-08525,261328,0,2025 Bowman Chrome AYDEN JOHNSON #BCP-197 1st Prospect Athletics,,,4000,No,,,,,,,,,,,,,Excellent,,,,,,,,,,,,,,,,,,,,,,,,,,FixedPriceItem,GTC,2.99,,1,,,ImmediatePayRequired,,United States,,Flat,USPSFirstClass,1,0.0,,,,1,,,ReturnsNotAccepted,,,,,,,,,,,,,,Yes,No,,,,
Revise,RBBB5-0004-00032-31085,261328,0,2025 Bowman Draft CAMERON MALDONADO #BDC-99 Chrome Refractor 1st Prospect Giants,,,4000,No,,,,,,,,,,,,,Excellent,,,,,,,,,,,,,,,,,,,,,,,,,,FixedPriceItem,GTC,3.99,,1,,,ImmediatePayRequired,,United States,,Flat,USPSFirstClass,1,0.0,,,,1,,,ReturnsNotAccepted,,,,,,,,,,,,,,Yes,No,,,,
Revise,RBBB5-0004-00030-95175,261328,0,2023 Bowman SHEA LANGELIERS #ROYF-10 Rookie of the YEAR FAVORITES Chrome RC,,,4000,No,,,,,,,,,,,,,Excellent,,,,,,,,,,,,,,,,,,,,,,,,,,FixedPriceItem,GTC,4.49,,1,,,ImmediatePayRequired,,United States,,Flat,USPSFirstClass,1,0.0,,,,1,,,ReturnsNotAccepted,,,,,,,,,,,,,,Yes,No,,,,
Revise,RBBB5-0004-00025-30205,261328,0,2025 Bowman Draft GRANT RICHARDSON #BDC-171 Chrome 1st Prospect Athletics,,,4000,No,,,,,,,,,,,,,Excellent,,,,,,,,,,,,,,,,,,,,,,,,,,FixedPriceItem,GTC,2.99,,1,,,ImmediatePayRequired,,United States,,Flat,USPSFirstClass,1,0.0,,,,1,,,ReturnsNotAccepted,,,,,,,,,,,,,,Yes,No,,,,
Revise,RBBB5-0004-00034-10626,261328,0,2025 Bowman Draft NOLAN SCHUBART #BDC-192 Chrome 1st Prospect Guardians,,,4000,No,,,,,,,,,,,,,Excellent,,,,,,,,,,,,,,,,,,,,,,,,,,FixedPriceItem,GTC,2.49,,1,,,ImmediatePayRequired,,United States,,Flat,USPSFirstClass,1,0.0,,,,1,,,ReturnsNotAccepted,,,,,,,,,,,,,,Yes,No,,,,
Revise,RBBB5-0004-00047-85291,261328,0,2025 Bowman Draft NATE GEORGE #BDC-113 Chrome Refractor Orioles,,,4000,No,,,,,,,,,,,,,Excellent,,,,,,,,,,,,,,,,,,,,,,,,,,FixedPriceItem,GTC,5.99,,1,,,ImmediatePayRequired,,United States,,Flat,USPSFirstClass,1,0.0,,,,1,,,ReturnsNotAccepted,,,,,,,,,,,,,,Yes,No,,,,
Revise,RBBB5-0004-00037-06747,261328,0,2025 Bowman Draft DAX KILBY #BDC-146 Chrome Refractor 1st Prospect Yankees,,,4000,No,,,,,,,,,,,,,Excellent,,,,,,,,,,,,,,,,,,,,,,,,,,FixedPriceItem,GTC,11.00,,1,,,ImmediatePayRequired,,United States,,Flat,USPSFirstClass,1,0.0,,,,1,,,ReturnsNotAccepted,,,,,,,,,,,,,,Yes,No,,,,
Revise,RBBB5-0004-00031-93970,261328,0,2025 BOWMAN'S BEST JACOB WILSON #C-4 CIRCUITRY RC Athletics Rookie,,,4000,No,,,,,,,,,,,,,Excellent,,,,,,,,,,,,,,,,,,,,,,,,,,FixedPriceItem,GTC,4.49,,1,,,ImmediatePayRequired,,United States,,Flat,USPSFirstClass,1,0.0,,,,1,,,ReturnsNotAccepted,,,,,,,,,,,,,,Yes,No,,,,
Revise,RBBB5-0004-00035-16785,261328,0,2025 BOWMAN'S BEST JOSE RAMIREZ #14 Refractor Guardians,,,4000,No,,,,,,,,,,,,,Excellent,,,,,,,,,,,,,,,,,,,,,,,,,,FixedPriceItem,GTC,9.99,,1,,,ImmediatePayRequired,,United States,,Flat,USPSFirstClass,1,0.0,,,,1,,,ReturnsNotAccepted,,,,,,,,,,,,,,Yes,No,,,,
Revise,RBBB5-0004-00044-57429,261328,0,2025 Bowman Draft ELI WILLITS #BDN-1 NIGHT Chrome Nationals,,,4000,No,,,,,,,,,,,,,Excellent,,,,,,,,,,,,,,,,,,,,,,,,,,FixedPriceItem,GTC,2.99,,1,,,ImmediatePayRequired,,United States,,Flat,USPSFirstClass,1,0.0,,,,1,,,ReturnsNotAccepted,,,,,,,,,,,,,,Yes,No,,,,
Revise,RBBB5-0004-00029-13509,261328,0,2023 Bowman TYLER SODERSTROM #BTP-34 Scouts Top 100 Chrome RC Athletics Rookie,,,4000,No,,,,,,,,,,,,,Excellent,,,,,,,,,,,,,,,,,,,,,,,,,,FixedPriceItem,GTC,2.99,,1,,,ImmediatePayRequired,,United States,,Flat,USPSFirstClass,1,0.0,,,,1,,,ReturnsNotAccepted,,,,,,,,,,,,,,Yes,No,,,,
Revise,RBBB5-0004-00024-58893,261328,0,2025 Bowman Chrome MAX MUNCY #90 RC Athletics Rookie,,,4000,No,,,,,,,,,,,,,Excellent,,,,,,,,,,,,,,,,,,,,,,,,,,FixedPriceItem,GTC,2.45,,1,,,ImmediatePayRequired,,United States,,Flat,USPSFirstClass,1,0.0,,,,1,,,ReturnsNotAccepted,,,,,,,,,,,,,,Yes,No,,,,
Revise,RBBB5-0004-00049-51379,261328,0,2025 Bowman Draft SHOTARO MORII #BDC-174 Chrome Refractor Athletics,,,4000,No,,,,,,,,,,,,,Excellent,,,,,,,,,,,,,,,,,,,,,,,,,,FixedPriceItem,GTC,7.00,,1,,,ImmediatePayRequired,,United States,,Flat,USPSFirstClass,1,0.0,,,,1,,,ReturnsNotAccepted,,,,,,,,,,,,,,Yes,No,,,,
Revise,RBBB5-0004-00028-84368,261328,0,2025 Bowman Draft DEVIN TAYLOR #BDC-135 Chrome 1st Prospect Athletics,,,4000,No,,,,,,,,,,,,,Excellent,,,,,,,,,,,,,,,,,,,,,,,,,,FixedPriceItem,GTC,2.49,,1,,,ImmediatePayRequired,,United States,,Flat,USPSFirstClass,1,0.0,,,,1,,,ReturnsNotAccepted,,,,,,,,,,,,,,Yes,No,,,,
Revise,RBBB5-0004-00048-77678,261328,0,2025 Bowman Draft LUIS PENA #BDC-105 Chrome Refractor Brewers,,,4000,No,,,,,,,,,,,,,Excellent,,,,,,,,,,,,,,,,,,,,,,,,,,FixedPriceItem,GTC,2.99,,1,,,ImmediatePayRequired,,United States,,Flat,USPSFirstClass,1,0.0,,,,1,,,ReturnsNotAccepted,,,,,,,,,,,,,,Yes,No,,,,
Revise,RBBB5-0004-00027-45450,261328,0,2025 Bowman Draft SHOTARO MORII #A-18 AXIS Chrome Athletics,,,4000,No,,,,,,,,,,,,,Excellent,,,,,,,,,,,,,,,,,,,,,,,,,,FixedPriceItem,GTC,2.99,,1,,,ImmediatePayRequired,,United States,,Flat,USPSFirstClass,1,0.0,,,,1,,,ReturnsNotAccepted,,,,,,,,,,,,,,Yes,No,,,,
Revise,RBBB5-0004-00036-48124,261328,0,2025 BOWMAN'S BEST LEO DE VRIES #FG-3 MLB ALL-STAR FUTURES GAME NL,,,4000,No,,,,,,,,,,,,,Excellent,,,,,,,,,,,,,,,,,,,,,,,,,,FixedPriceItem,GTC,2.49,,1,,,ImmediatePayRequired,,United States,,Flat,USPSFirstClass,1,0.0,,,,1,,,ReturnsNotAccepted,,,,,,,,,,,,,,Yes,No,,,,
Revise,RBBB5-0004-00026-15090,261328,0,2025 Bowman Draft GAVIN TURLEY #BDC-28 Chrome 1st Prospect Athletics,,,4000,No,,,,,,,,,,,,,Excellent,,,,,,,,,,,,,,,,,,,,,,,,,,FixedPriceItem,GTC,2.49,,1,,,ImmediatePayRequired,,United States,,Flat,USPSFirstClass,1,0.0,,,,1,,,ReturnsNotAccepted,,,,,,,,,,,,,,Yes,No,,,,
Revise,RBBB5-0001-00025-80828,261328,0,2025 Bowman Draft Sapphire LUKE LACOURSE #BDC-123 Chrome 1st Prospect Angels,,,4000,No,,,,,,,,,,,,,Excellent,,,,,,,,,,,,,,,,,,,,,,,,,,FixedPriceItem,GTC,2.99,,1,,,ImmediatePayRequired,,United States,,Flat,USPSFirstClass,1,0.0,,,,1,,,ReturnsNotAccepted,,,,,,,,,,,,,,Yes,No,,,,
Revise,MISC-0002-00018-31239,261328,0,2025 Bowman Draft IKE IRISH #BDC-16 Chrome Refractor 1st Prospect Orioles,,,4000,No,,,,,,,,,,,,,Excellent,,,,,,,,,,,,,,,,,,,,,,,,,,FixedPriceItem,GTC,4.49,,1,,,ImmediatePayRequired,,United States,,Flat,USPSFirstClass,1,0.0,,,,1,,,ReturnsNotAccepted,,,,,,,,,,,,,,Yes,No,,,,
Revise,RB-0007-00002-55169,261328,0,2025-26 Topps FINEST ACE BAILEY #5 COMMON RC JAZZ Rookie Basketball,,,4000,No,,,,,,,,,,,,,Excellent,,,,,,,,,,,,,,,,,,,,,,,,,,FixedPriceItem,GTC,2.49,,1,,,ImmediatePayRequired,,United States,,Flat,USPSFirstClass,1,0.0,,,,1,,,ReturnsNotAccepted,,,,,,,,,,,,,,Yes,No,,,,
Revise,POOKIEWHT-0001-00029-43928,261328,0,2025 Bowman Draft Sapphire YOLFRAN CASTILLO #BDC-107 Chrome Rangers,,,4000,No,,,,,,,,,,,,,Excellent,,,,,,,,,,,,,,,,,,,,,,,,,,FixedPriceItem,GTC,3.49,,1,,,ImmediatePayRequired,,United States,,Flat,USPSFirstClass,1,0.0,,,,1,,,ReturnsNotAccepted,,,,,,,,,,,,,,Yes,No,,,,
Revise,POOKIEWHT-0001-00026-42273,261328,0,2025 Bowman Chrome DYLAN CREWS #3 GEOMETRIC Refractor /499 RC Nationals Rookie,,,4000,No,,,,,,,,,,,,,Excellent,,,,,,,,,,,,,,,,,,,,,,,,,,FixedPriceItem,GTC,5.99,,1,,,ImmediatePayRequired,,United States,,Flat,USPSFirstClass,1,0.0,,,,1,,,ReturnsNotAccepted,,,,,,,,,,,,,,Yes,No,,,,
Revise,POOKIEWHT-0001-00007-43100,261328,0,2025 Bowman Draft Sapphire JARED THOMAS #BDC-147 Chrome Rockies,,,4000,No,,,,,,,,,,,,,Excellent,,,,,,,,,,,,,,,,,,,,,,,,,,FixedPriceItem,GTC,3.99,,1,,,ImmediatePayRequired,,United States,,Flat,USPSFirstClass,1,0.0,,,,1,,,ReturnsNotAccepted,,,,,,,,,,,,,,Yes,No,,,,
Revise,POOKIEWHT-0001-00009-30465,261328,0,2025 Bowman Draft Sapphire DEAN MOSS #BDC-114 Chrome Rays,,,4000,No,,,,,,,,,,,,,Excellent,,,,,,,,,,,,,,,,,,,,,,,,,,FixedPriceItem,GTC,3.99,,1,,,ImmediatePayRequired,,United States,,Flat,USPSFirstClass,1,0.0,,,,1,,,ReturnsNotAccepted,,,,,,,,,,,,,,Yes,No,,,,
Revise,POOKIEWHT-0001-00006-26635,261328,0,2025 Bowman Draft Sapphire MICHAEL OLIVETO #BDC-156 Chrome 1st Prospect Tigers,,,4000,No,,,,,,,,,,,,,Excellent,,,,,,,,,,,,,,,,,,,,,,,,,,FixedPriceItem,GTC,6.09,,1,,,ImmediatePayRequired,,United States,,Flat,USPSFirstClass,1,0.0,,,,1,,,ReturnsNotAccepted,,,,,,,,,,,,,,Yes,No,,,,
Revise,POOKIEWHT-0001-00002-42708,261328,0,2025 Bowman Draft Sapphire KANE KEPLEY #BDC-200 Chrome 1st Prospect Cubs,,,4000,No,,,,,,,,,,,,,Excellent,,,,,,,,,,,,,,,,,,,,,,,,,,FixedPriceItem,GTC,8.19,,1,,,ImmediatePayRequired,,United States,,Flat,USPSFirstClass,1,0.0,,,,1,,,ReturnsNotAccepted,,,,,,,,,,,,,,Yes,No,,,,
Revise,POOKIEWHT-0001-00021-59118,261328,0,2025 Bowman Draft THOMAS WHITE #BDC-26 Chrome SPARKLE Refractor Marlins,,,4000,No,,,,,,,,,,,,,Excellent,,,,,,,,,,,,,,,,,,,,,,,,,,FixedPriceItem,GTC,2.99,,1,,,ImmediatePayRequired,,United States,,Flat,USPSFirstClass,1,0.0,,,,1,,,ReturnsNotAccepted,,,,,,,,,,,,,,Yes,No,,,,
Revise,POOKIEWHT-0001-00018-04041,261328,0,2025 Bowman Draft Sapphire MASON MCCONNAUGHEY #BDC-117 Chrome 1st Prospect,,,4000,No,,,,,,,,,,,,,Excellent,,,,,,,,,,,,,,,,,,,,,,,,,,FixedPriceItem,GTC,2.99,,1,,,ImmediatePayRequired,,United States,,Flat,USPSFirstClass,1,0.0,,,,1,,,ReturnsNotAccepted,,,,,,,,,,,,,,Yes,No,,,,
Revise,POOKIEWHT-0001-00012-89690,261328,0,2025 Bowman Draft Sapphire JAMES ELLWANGER #BDC-164 Chrome 1st Prospect Twins,,,4000,No,,,,,,,,,,,,,Excellent,,,,,,,,,,,,,,,,,,,,,,,,,,FixedPriceItem,GTC,3.49,,1,,,ImmediatePayRequired,,United States,,Flat,USPSFirstClass,1,0.0,,,,1,,,ReturnsNotAccepted,,,,,,,,,,,,,,Yes,No,,,,
Revise,POOKIEWHT-0001-00001-53167,261328,0,2025 Bowman Draft Sapphire MICHAEL SALINA #BDC-76 Chrome 1st Prospect Padres,,,4000,No,,,,,,,,,,,,,Excellent,,,,,,,,,,,,,,,,,,,,,,,,,,FixedPriceItem,GTC,3.99,,1,,,ImmediatePayRequired,,United States,,Flat,USPSFirstClass,1,0.0,,,,1,,,ReturnsNotAccepted,,,,,,,,,,,,,,Yes,No,,,,
Revise,POOKIEWHT-0001-00004-33569,261328,0,2025 Bowman Draft Sapphire ETHAN FREY #BDC-67 Chrome 1st Prospect Astros,,,4000,No,,,,,,,,,,,,,Excellent,,,,,,,,,,,,,,,,,,,,,,,,,,FixedPriceItem,GTC,5.99,,1,,,ImmediatePayRequired,,United States,,Flat,USPSFirstClass,1,0.0,,,,1,,,ReturnsNotAccepted,,,,,,,,,,,,,,Yes,No,,,,
Revise,POOKIEWHT-0001-00022-15164,261328,0,2025 Bowman Draft LANDON HODGE #BDC-93 Chrome Refractor 1st Prospect White Sox,,,4000,No,,,,,,,,,,,,,Excellent,,,,,,,,,,,,,,,,,,,,,,,,,,FixedPriceItem,GTC,2.49,,1,,,ImmediatePayRequired,,United States,,Flat,USPSFirstClass,1,0.0,,,,1,,,ReturnsNotAccepted,,,,,,,,,,,,,,Yes,No,,,,
Revise,POOKIEWHT-0001-00019-06075,261328,0,2025 Bowman Draft Sapphire JEFFERSON ROJAS #BDC-75 Chrome Cubs,,,4000,No,,,,,,,,,,,,,Excellent,,,,,,,,,,,,,,,,,,,,,,,,,,FixedPriceItem,GTC,4.49,,1,,,ImmediatePayRequired,,United States,,Flat,USPSFirstClass,1,0.0,,,,1,,,ReturnsNotAccepted,,,,,,,,,,,,,,Yes,No,,,,
Revise,POOKIEWHT-0001-00010-41001,261328,0,2025 Bowman Draft AARON WATSON #BDC-193 Chrome STEEL METAL Refractor /100 Reds,,,4000,No,,,,,,,,,,,,,Excellent,,,,,,,,,,,,,,,,,,,,,,,,,,FixedPriceItem,GTC,12.09,,1,,,ImmediatePayRequired,,United States,,Flat,USPSFirstClass,1,0.0,,,,1,,,ReturnsNotAccepted,,,,,,,,,,,,,,Yes,No,,,,
Revise,POOKIEWHT-0001-00034-00487,261328,0,2025 Bowman Draft Sapphire DOMINICK REID #BDC-53 Chrome 1st Prospect Cubs,,,4000,No,,,,,,,,,,,,,Excellent,,,,,,,,,,,,,,,,,,,,,,,,,,FixedPriceItem,GTC,2.99,,1,,,ImmediatePayRequired,,United States,,Flat,USPSFirstClass,1,0.0,,,,1,,,ReturnsNotAccepted,,,,,,,,,,,,,,Yes,No,,,,
Revise,POOKIEWHT-0001-00035-30416,261328,0,2025 Bowman Draft Sapphire JOSH OWENS #BDC-119 Chrome 1st Prospect Rangers,,,4000,No,,,,,,,,,,,,,Excellent,,,,,,,,,,,,,,,,,,,,,,,,,,FixedPriceItem,GTC,7.19,,1,,,ImmediatePayRequired,,United States,,Flat,USPSFirstClass,1,0.0,,,,1,,,ReturnsNotAccepted,,,,,,,,,,,,,,Yes,No,,,,
Revise,POOKIEWHT-0001-00033-99197,261328,0,2025 Bowman Draft Sapphire GRANT RICHARDSON #BDC-171 Chrome 1st Prospect,,,4000,No,,,,,,,,,,,,,Excellent,,,,,,,,,,,,,,,,,,,,,,,,,,FixedPriceItem,GTC,3.49,,2,,,ImmediatePayRequired,,United States,,Flat,USPSFirstClass,1,0.0,,,,1,,,ReturnsNotAccepted,,,,,,,,,,,,,,Yes,No,,,,
Revise,POOKIEWHT-0001-00036-32822,261328,0,2025 Bowman Chrome Sapphire HEINS BRITO #BCP-203 1st Prospect Guardians,,,4000,No,,,,,,,,,,,,,Excellent,,,,,,,,,,,,,,,,,,,,,,,,,,FixedPriceItem,GTC,2.49,,1,,,ImmediatePayRequired,,United States,,Flat,USPSFirstClass,1,0.0,,,,1,,,ReturnsNotAccepted,,,,,,,,,,,,,,Yes,No,,,,
Revise,POOKIEWHT-0001-00037-06825,261328,0,2025 Bowman Chrome Sapphire ARJUN NIMMALA #BCP-228 Prospects Blue Jays,,,4000,No,,,,,,,,,,,,,Excellent,,,,,,,,,,,,,,,,,,,,,,,,,,FixedPriceItem,GTC,5.19,,1,,,ImmediatePayRequired,,United States,,Flat,USPSFirstClass,1,0.0,,,,1,,,ReturnsNotAccepted,,,,,,,,,,,,,,Yes,No,,,,
Revise,CARDSHQBK-0001-00010-48549,261328,0,2026 Bowman JOJO PARKER #BCP-147 Chrome Prospects Blue Jays,,,4000,No,,,,,,,,,,,,,Excellent,,,,,,,,,,,,,,,,,,,,,,,,,,FixedPriceItem,GTC,3.49,,1,,,ImmediatePayRequired,,United States,,Flat,USPSFirstClass,1,0.0,,,,1,,,ReturnsNotAccepted,,,,,,,,,,,,,,Yes,No,,,,
Revise,CARDSHQBK-0001-00026-17063,261328,0,2026 Bowman NICK MONISTERE #BCP-103 Chrome 1st Prospect Astros,,,4000,No,,,,,,,,,,,,,Excellent,,,,,,,,,,,,,,,,,,,,,,,,,,FixedPriceItem,GTC,3.49,,1,,,ImmediatePayRequired,,United States,,Flat,USPSFirstClass,1,0.0,,,,1,,,ReturnsNotAccepted,,,,,,,,,,,,,,Yes,No,,,,
Revise,CARDSHQBK-0001-00029-06664,261328,0,2026 Bowman KONNOR GRIFFIN #ES-17 Electric SLUGGERS Chrome Pirates,,,4000,No,,,,,,,,,,,,,Excellent,,,,,,,,,,,,,,,,,,,,,,,,,,FixedPriceItem,GTC,4.49,,1,,,ImmediatePayRequired,,United States,,Flat,USPSFirstClass,1,0.0,,,,1,,,ReturnsNotAccepted,,,,,,,,,,,,,,Yes,No,,,,
Revise,CARDSHQBK-0001-00017-13475,261328,0,2026 Bowman LEO DE VRIES #BCP-63 Chrome Prospects Athletics,,,4000,No,,,,,,,,,,,,,Excellent,,,,,,,,,,,,,,,,,,,,,,,,,,FixedPriceItem,GTC,3.49,,1,,,ImmediatePayRequired,,United States,,Flat,USPSFirstClass,1,0.0,,,,1,,,ReturnsNotAccepted,,,,,,,,,,,,,,Yes,No,,,,
Revise,CARDSHQBK-0001-00004-69249,261328,0,2026 Bowman JUDE WARWICK #BCP-58 Chrome 1st Prospect Tigers,,,4000,No,,,,,,,,,,,,,Excellent,,,,,,,,,,,,,,,,,,,,,,,,,,FixedPriceItem,GTC,3.49,,1,,,ImmediatePayRequired,,United States,,Flat,USPSFirstClass,1,0.0,,,,1,,,ReturnsNotAccepted,,,,,,,,,,,,,,Yes,No,,,,
Revise,CARDSHQBK-0001-00012-85571,261328,0,2026 Bowman BRYCE RAINER #BCP-99 Chrome Prospects Tigers,,,4000,No,,,,,,,,,,,,,Excellent,,,,,,,,,,,,,,,,,,,,,,,,,,FixedPriceItem,GTC,2.99,,1,,,ImmediatePayRequired,,United States,,Flat,USPSFirstClass,1,0.0,,,,1,,,ReturnsNotAccepted,,,,,,,,,,,,,,Yes,No,,,,
Revise,CARDSHQBK-0001-00032-26766,261328,0,2026 Bowman WYATT SANFORD #BCP-66 Chrome 1st Prospect Pirates,,,4000,No,,,,,,,,,,,,,Excellent,,,,,,,,,,,,,,,,,,,,,,,,,,FixedPriceItem,GTC,3.49,,1,,,ImmediatePayRequired,,United States,,Flat,USPSFirstClass,1,0.0,,,,1,,,ReturnsNotAccepted,,,,,,,,,,,,,,Yes,No,,,,
Revise,CARDSHQBK-0001-00019-55729,261328,0,2026 Bowman DANIEL PIERCE #BCP-77 Chrome 1st Prospect Rays,,,4000,No,,,,,,,,,,,,,Excellent,,,,,,,,,,,,,,,,,,,,,,,,,,FixedPriceItem,GTC,3.49,,1,,,ImmediatePayRequired,,United States,,Flat,USPSFirstClass,1,0.0,,,,1,,,ReturnsNotAccepted,,,,,,,,,,,,,,Yes,No,,,,
Revise,CARDSHQBK-0001-00022-01529,261328,0,2026 Bowman CARSON WILLIAMS #39 Rookie Red RC Variation Rays,,,4000,No,,,,,,,,,,,,,Excellent,,,,,,,,,,,,,,,,,,,,,,,,,,FixedPriceItem,GTC,4.49,,1,,,ImmediatePayRequired,,United States,,Flat,USPSFirstClass,1,0.0,,,,1,,,ReturnsNotAccepted,,,,,,,,,,,,,,Yes,No,,,,
Revise,CARDSHQBK-0001-00011-72401,261328,0,2026 Bowman MAX CLARK #BCP-2 Chrome Prospects Tigers,,,4000,No,,,,,,,,,,,,,Excellent,,,,,,,,,,,,,,,,,,,,,,,,,,FixedPriceItem,GTC,1.49,,1,,,ImmediatePayRequired,,United States,,Flat,USPSFirstClass,1,0.0,,,,1,,,ReturnsNotAccepted,,,,,,,,,,,,,,Yes,No,,,,
Revise,CARDSHQBK-0001-00005-01729,261328,0,2026 Bowman MAX CLARK #BST-5 STERLING Chrome Tigers,,,4000,No,,,,,,,,,,,,,Excellent,,,,,,,,,,,,,,,,,,,,,,,,,,FixedPriceItem,GTC,2.99,,1,,,ImmediatePayRequired,,United States,,Flat,USPSFirstClass,1,0.0,,,,1,,,ReturnsNotAccepted,,,,,,,,,,,,,,Yes,No,,,,
Revise,CARDSHQBK-0001-00003-72478,261328,0,2026 Bowman EDWARD DURAN #BCP-24 Chrome 1st Prospect Blue Jays,,,4000,No,,,,,,,,,,,,,Excellent,,,,,,,,,,,,,,,,,,,,,,,,,,FixedPriceItem,GTC,3.49,,1,,,ImmediatePayRequired,,United States,,Flat,USPSFirstClass,1,0.0,,,,1,,,ReturnsNotAccepted,,,,,,,,,,,,,,Yes,No,,,,
Revise,CARDSHQBK-0001-00035-49003,261328,0,2026 Bowman ARJUN NIMMALA #BTP-32 Scouts Top 100 Chrome Blue Jays,,,4000,No,,,,,,,,,,,,,Excellent,,,,,,,,,,,,,,,,,,,,,,,,,,FixedPriceItem,GTC,3.99,,1,,,ImmediatePayRequired,,United States,,Flat,USPSFirstClass,1,0.0,,,,1,,,ReturnsNotAccepted,,,,,,,,,,,,,,Yes,No,,,,
Revise,CARDSHQBK-0001-00007-05705,261328,0,2026 Bowman TYLER BREMNER #BCP-9 Chrome Prospects Angels,,,4000,No,,,,,,,,,,,,,Excellent,,,,,,,,,,,,,,,,,,,,,,,,,,FixedPriceItem,GTC,3.49,,1,,,ImmediatePayRequired,,United States,,Flat,USPSFirstClass,1,0.0,,,,1,,,ReturnsNotAccepted,,,,,,,,,,,,,,Yes,No,,,,
Revise,CARDSHQBK-0001-00001-41213,261328,0,2026 Bowman VLADIMIR GUERRERO JR. #PC-9 POWER CHORDS Chrome Blue Jays,,,4000,No,,,,,,,,,,,,,Excellent,,,,,,,,,,,,,,,,,,,,,,,,,,FixedPriceItem,GTC,4.49,,1,,,ImmediatePayRequired,,United States,,Flat,USPSFirstClass,1,0.0,,,,1,,,ReturnsNotAccepted,,,,,,,,,,,,,,Yes,No,,,,
Revise,CARDSHQBK-0001-00031-82854,261328,0,2026 Bowman EDWARD FLORENTINO #PC-10 POWER CHORDS Chrome Pirates,,,4000,No,,,,,,,,,,,,,Excellent,,,,,,,,,,,,,,,,,,,,,,,,,,FixedPriceItem,GTC,5.49,,1,,,ImmediatePayRequired,,United States,,Flat,USPSFirstClass,1,0.0,,,,1,,,ReturnsNotAccepted,,,,,,,,,,,,,,Yes,No,,,,
Revise,CARDSHQBK-0001-00018-73818,261328,0,2026 Bowman SHOTARO MORII #BCP-48 Chrome Prospects Athletics,,,4000,No,,,,,,,,,,,,,Excellent,,,,,,,,,,,,,,,,,,,,,,,,,,FixedPriceItem,GTC,3.49,,1,,,ImmediatePayRequired,,United States,,Flat,USPSFirstClass,1,0.0,,,,1,,,ReturnsNotAccepted,,,,,,,,,,,,,,Yes,No,,,,
Revise,CARDSHQBK-0001-00033-33900,261328,0,2026 Bowman RONALD ACUNA JR. #ES-8 Electric SLUGGERS Chrome Braves,,,4000,No,,,,,,,,,,,,,Excellent,,,,,,,,,,,,,,,,,,,,,,,,,,FixedPriceItem,GTC,3.49,,1,,,ImmediatePayRequired,,United States,,Flat,USPSFirstClass,1,0.0,,,,1,,,ReturnsNotAccepted,,,,,,,,,,,,,,Yes,No,,,,
Revise,CARDSHQBK-0001-00009-21670,261328,0,2026 Bowman CRISTOPHER POLANCO #BCP-34 Chrome Prospects Blue Jays,,,4000,No,,,,,,,,,,,,,Excellent,,,,,,,,,,,,,,,,,,,,,,,,,,FixedPriceItem,GTC,3.49,,1,,,ImmediatePayRequired,,United States,,Flat,USPSFirstClass,1,0.0,,,,1,,,ReturnsNotAccepted,,,,,,,,,,,,,,Yes,No,,,,
Revise,CARDSHQBK-0001-00006-81082,261328,0,2026 Bowman MAX CLARK #BTP-7 Scouts Top 100 Chrome Tigers,,,4000,No,,,,,,,,,,,,,Excellent,,,,,,,,,,,,,,,,,,,,,,,,,,FixedPriceItem,GTC,1.99,,1,,,ImmediatePayRequired,,United States,,Flat,USPSFirstClass,1,0.0,,,,1,,,ReturnsNotAccepted,,,,,,,,,,,,,,Yes,No,,,,
Revise,CARDSHQBK-0001-00030-75179,261328,0,2026 Bowman BRENT IREDALE #BCP-31 Chrome 1st Prospect Pirates,,,4000,No,,,,,,,,,,,,,Excellent,,,,,,,,,,,,,,,,,,,,,,,,,,FixedPriceItem,GTC,3.49,,1,,,ImmediatePayRequired,,United States,,Flat,USPSFirstClass,1,0.0,,,,1,,,ReturnsNotAccepted,,,,,,,,,,,,,,Yes,No,,,,
Revise,CARDSHQBK-0001-00015-54424,261328,0,2026 Bowman KONNOR GRIFFIN #BCP-92 Chrome Prospects Pirates,,,4000,No,,,,,,,,,,,,,Excellent,,,,,,,,,,,,,,,,,,,,,,,,,,FixedPriceItem,GTC,4.49,,1,,,ImmediatePayRequired,,United States,,Flat,USPSFirstClass,1,0.0,,,,1,,,ReturnsNotAccepted,,,,,,,,,,,,,,Yes,No,,,,
Revise,CARDSHQBK-0001-00013-94910,261328,0,2026 Bowman JR RITCHIE #BCP-123 Chrome Prospects Braves,,,4000,No,,,,,,,,,,,,,Excellent,,,,,,,,,,,,,,,,,,,,,,,,,,FixedPriceItem,GTC,3.49,,1,,,ImmediatePayRequired,,United States,,Flat,USPSFirstClass,1,0.0,,,,1,,,ReturnsNotAccepted,,,,,,,,,,,,,,Yes,No,,,,
Revise,CARDSHQBK-0001-00008-23642,261328,0,2026 Bowman ARJUN NIMMALA #BCP-67 Chrome Prospects Blue Jays,,,4000,No,,,,,,,,,,,,,Excellent,,,,,,,,,,,,,,,,,,,,,,,,,,FixedPriceItem,GTC,3.49,,1,,,ImmediatePayRequired,,United States,,Flat,USPSFirstClass,1,0.0,,,,1,,,ReturnsNotAccepted,,,,,,,,,,,,,,Yes,No,,,,
Revise,CARDSHQBK-0001-00016-07019,261328,0,2026 Bowman JAMIE ARNOLD #BCP-112 Chrome Prospects Athletics,,,4000,No,,,,,,,,,,,,,Excellent,,,,,,,,,,,,,,,,,,,,,,,,,,FixedPriceItem,GTC,3.49,,1,,,ImmediatePayRequired,,United States,,Flat,USPSFirstClass,1,0.0,,,,1,,,ReturnsNotAccepted,,,,,,,,,,,,,,Yes,No,,,,
Revise,CARDSHQBK-0001-00021-07611,261328,0,2026 Bowman JUNIOR CAMINERO #ES-4 Electric SLUGGERS Chrome Rays,,,4000,No,,,,,,,,,,,,,Excellent,,,,,,,,,,,,,,,,,,,,,,,,,,FixedPriceItem,GTC,2.99,,1,,,ImmediatePayRequired,,United States,,Flat,USPSFirstClass,1,0.0,,,,1,,,ReturnsNotAccepted,,,,,,,,,,,,,,Yes,No,,,,
Revise,CARDSHQBK-0001-00014-78035,261328,0,2026 Bowman ESMERLYN VALDEZ #BCP-76 Chrome Prospects Pirates,,,4000,No,,,,,,,,,,,,,Excellent,,,,,,,,,,,,,,,,,,,,,,,,,,FixedPriceItem,GTC,3.49,,1,,,ImmediatePayRequired,,United States,,Flat,USPSFirstClass,1,0.0,,,,1,,,ReturnsNotAccepted,,,,,,,,,,,,,,Yes,No,,,,
Revise,CARDSHQBK-0001-00025-63688,261328,0,2026 Bowman WALKER JANEK #BCP-131 Chrome Prospects Astros,,,4000,No,,,,,,,,,,,,,Excellent,,,,,,,,,,,,,,,,,,,,,,,,,,FixedPriceItem,GTC,7.99,,1,,,ImmediatePayRequired,,United States,,Flat,USPSFirstClass,1,0.0,,,,1,,,ReturnsNotAccepted,,,,,,,,,,,,,,Yes,No,,,,
Revise,CARDSHQBK-0001-00024-62903,261328,0,2026 Bowman WALKER JANEK #BCP-131 Chrome Prospects Wave Refractor /350 Astros,,,4000,No,,,,,,,,,,,,,Excellent,,,,,,,,,,,,,,,,,,,,,,,,,,FixedPriceItem,GTC,6.49,,1,,,ImmediatePayRequired,,United States,,Flat,USPSFirstClass,1,0.0,,,,1,,,ReturnsNotAccepted,,,,,,,,,,,,,,Yes,No,,,,
Revise,CARDSHQBK-0001-00020-73377,261328,0,2026 Bowman JOSE URBINA #BCP-81 Chrome 1st Prospect Rays,,,4000,No,,,,,,,,,,,,,Excellent,,,,,,,,,,,,,,,,,,,,,,,,,,FixedPriceItem,GTC,3.49,,1,,,ImmediatePayRequired,,United States,,Flat,USPSFirstClass,1,0.0,,,,1,,,ReturnsNotAccepted,,,,,,,,,,,,,,Yes,No,,,,
Revise,CARDSHQBK-0001-00002-56632,261328,0,2025 Bowman 1st LANDON HODGE #BDC-93 Chrome STEEL METAL Refractor /100 White Sox,,,4000,No,,,,,,,,,,,,,Excellent,,,,,,,,,,,,,,,,,,,,,,,,,,FixedPriceItem,GTC,8.19,,1,,,ImmediatePayRequired,,United States,,Flat,USPSFirstClass,1,0.0,,,,1,,,ReturnsNotAccepted,,,,,,,,,,,,,,Yes,No,,,,
Revise,CARDSHQBK-0001-00005-87032,261328,0,2025 Bowman Draft CODY MILLER #CPA-CM Chrome Auto Blue Refractor /150 Braves,,,4000,No,,,,,,,,,,,,,Excellent,,,,,,,,,,,,,,,,,,,,,,,,,,FixedPriceItem,GTC,54.49,,1,,,ImmediatePayRequired,,United States,,Flat,USPSFirstClass,1,0.0,,,,1,,,ReturnsNotAccepted,,,,,,,,,,,,,,Yes,No,,,,
Revise,CARDSHQBK-0001-00009-26749,261328,0,2025 Bowman 1st JAVIER VAZ #CPA-JVA Chrome Auto Gold Refractor /50 KC Royals,,,4000,No,,,,,,,,,,,,,Excellent,,,,,,,,,,,,,,,,,,,,,,,,,,FixedPriceItem,GTC,54.39,,1,,,ImmediatePayRequired,,United States,,Flat,USPSFirstClass,1,0.0,,,,1,,,ReturnsNotAccepted,,,,,,,,,,,,,,Yes,No,,,,
Revise,CARDSHQBK-0001-00011-49790,261328,0,2025 Bowman Draft MASON MORRIS #BDC-66 Chrome Purple GEOMETRIC Refractor /250,,,4000,No,,,,,,,,,,,,,Excellent,,,,,,,,,,,,,,,,,,,,,,,,,,FixedPriceItem,GTC,9.19,,1,,,ImmediatePayRequired,,United States,,Flat,USPSFirstClass,1,0.0,,,,1,,,ReturnsNotAccepted,,,,,,,,,,,,,,Yes,No,,,,
Revise,CARDSHQBK-0001-00010-06216,261328,0,2025 Bowman Draft KAYSON CUNNINGHAM #BDC-84 Chrome Aqua Wave Refractor /125,,,4000,No,,,,,,,,,,,,,Excellent,,,,,,,,,,,,,,,,,,,,,,,,,,FixedPriceItem,GTC,25.79,,1,,,ImmediatePayRequired,,United States,,Flat,USPSFirstClass,1,0.0,,,,1,,,ReturnsNotAccepted,,,,,,,,,,,,,,Yes,No,,,,
Revise,CARDSHQBK-0001-00014-74302,261328,0,2024-25 Panini Select DE'AARON FOX #150 PREMIER LIGHT Blue Prizm /299 SPURS,,,4000,No,,,,,,,,,,,,,Excellent,,,,,,,,,,,,,,,,,,,,,,,,,,FixedPriceItem,GTC,5.49,,1,,,ImmediatePayRequired,,United States,,Flat,USPSFirstClass,1,0.0,,,,1,,,ReturnsNotAccepted,,,,,,,,,,,,,,Yes,No,,,,
Revise,RBM-0001-00028-44139,261328,0,2024-25 Panini REVOLUTION VICTOR WEMBANYAMA #79 SPURS Basketball,,,4000,No,,,,,,,,,,,,,Excellent,,,,,,,,,,,,,,,,,,,,,,,,,,FixedPriceItem,GTC,4.99,,1,,,ImmediatePayRequired,,United States,,Flat,USPSFirstClass,1,0.0,,,,1,,,ReturnsNotAccepted,,,,,,,,,,,,,,Yes,No,,,,
Revise,WHATNOT-0003-00012-30882,261328,0,2015 Topps Chrome MIGUEL CABRERA #162 Tigers,,,4000,No,,,,,,,,,,,,,Excellent,,,,,,,,,,,,,,,,,,,,,,,,,,FixedPriceItem,GTC,2.49,,1,,,ImmediatePayRequired,,United States,,Flat,USPSFirstClass,1,0.0,,,,1,,,ReturnsNotAccepted,,,,,,,,,,,,,,Yes,No,,,,
Revise,WHATNOT-0003-00016-05667,261328,0,2025 BOWMAN'S BEST CHARLIE CONDON #B25-CC BEST of Auto Purple Refractor /75,,,4000,No,,,,,,,,,,,,,Excellent,,,,,,,,,,,,,,,,,,,,,,,,,,FixedPriceItem,GTC,96.49,,1,,,ImmediatePayRequired,,United States,,Flat,USPSFirstClass,1,0.0,,,,1,,,ReturnsNotAccepted,,,,,,,,,,,,,,Yes,No,,,,
Revise,WHATNOT-0003-00008-34538,261328,0,2025 Bowman Draft KANE KEPLEY #BDC-200 Chrome Refractor 1st Prospect Cubs,,,4000,No,,,,,,,,,,,,,Excellent,,,,,,,,,,,,,,,,,,,,,,,,,,FixedPriceItem,GTC,2.99,,1,,,ImmediatePayRequired,,United States,,Flat,USPSFirstClass,1,0.0,,,,1,,,ReturnsNotAccepted,,,,,,,,,,,,,,Yes,No,,,,
Revise,WHATNOT-0003-00011-48960,261328,0,2025 Topps COSMIC Chrome LUKE KEASCHALL #153 RC Twins Rookie,,,4000,No,,,,,,,,,,,,,Excellent,,,,,,,,,,,,,,,,,,,,,,,,,,FixedPriceItem,GTC,2.49,,1,,,ImmediatePayRequired,,United States,,Flat,USPSFirstClass,1,0.0,,,,1,,,ReturnsNotAccepted,,,,,,,,,,,,,,Yes,No,,,,
Revise,WHATNOT-0003-00026-87696,261328,0,2025 Bowman Draft STEELE HALL #BIA-SH In ACTION Auto /99 Reds,,,4000,No,,,,,,,,,,,,,Excellent,,,,,,,,,,,,,,,,,,,,,,,,,,FixedPriceItem,GTC,60.99,,1,,,ImmediatePayRequired,,United States,,Flat,USPSFirstClass,1,0.0,,,,1,,,ReturnsNotAccepted,,,,,,,,,,,,,,Yes,No,,,,
Revise,WHATNOT-0003-00021-31608,261328,0,2025 Bowman Draft STEELE HALL #BIA-2 In ACTION Gold Refractor /50 Reds,,,4000,No,,,,,,,,,,,,,Excellent,,,,,,,,,,,,,,,,,,,,,,,,,,FixedPriceItem,GTC,40.19,,1,,,ImmediatePayRequired,,United States,,Flat,USPSFirstClass,1,0.0,,,,1,,,ReturnsNotAccepted,,,,,,,,,,,,,,Yes,No,,,,
Revise,WHATNOT-0003-00005-08831,261328,0,2025 Bowman Draft KAEDEN KENT #BDC-65 Chrome Refractor 1st Prospect Yankees,,,4000,No,,,,,,,,,,,,,Excellent,,,,,,,,,,,,,,,,,,,,,,,,,,FixedPriceItem,GTC,5.99,,1,,,ImmediatePayRequired,,United States,,Flat,USPSFirstClass,1,0.0,,,,1,,,ReturnsNotAccepted,,,,,,,,,,,,,,Yes,No,,,,
Revise,WHATNOT-0003-00006-09180,261328,0,2025 Bowman Draft RILEY QUICK #BDC-23 Chrome X-FRACTOR 1st Prospect Twins,,,4000,No,,,,,,,,,,,,,Excellent,,,,,,,,,,,,,,,,,,,,,,,,,,FixedPriceItem,GTC,2.99,,1,,,ImmediatePayRequired,,United States,,Flat,USPSFirstClass,1,0.0,,,,1,,,ReturnsNotAccepted,,,,,,,,,,,,,,Yes,No,,,,
Revise,WHATNOT-0003-00001-17156,261328,0,2025 Topps Chrome MASON MILLER #142 SEPIA Refractor Athletics,,,4000,No,,,,,,,,,,,,,Excellent,,,,,,,,,,,,,,,,,,,,,,,,,,FixedPriceItem,GTC,4.49,,1,,,ImmediatePayRequired,,United States,,Flat,USPSFirstClass,1,0.0,,,,1,,,ReturnsNotAccepted,,,,,,,,,,,,,,Yes,No,,,,
Revise,WHATNOT-0003-00013-94114,261328,0,2024 Bowman Sapphire GABRIEL GONZALEZ #BCP-35 Chrome Gold /50 Mariners,,,4000,No,,,,,,,,,,,,,Excellent,,,,,,,,,,,,,,,,,,,,,,,,,,FixedPriceItem,GTC,15.99,,1,,,ImmediatePayRequired,,United States,,Flat,USPSFirstClass,1,0.0,,,,1,,,ReturnsNotAccepted,,,,,,,,,,,,,,Yes,No,,,,
Revise,WHATNOT-0003-00023-93735,261328,0,2023 Bowman TONY BLANCO JR. #BCP-134 Chrome FUCHSIA Refractor /199 1st Prospect,,,4000,No,,,,,,,,,,,,,Excellent,,,,,,,,,,,,,,,,,,,,,,,,,,FixedPriceItem,GTC,24.39,,1,,,ImmediatePayRequired,,United States,,Flat,USPSFirstClass,1,0.0,,,,1,,,ReturnsNotAccepted,,,,,,,,,,,,,,Yes,No,,,,
Revise,WHATNOT-0003-00025-28079,261328,0,2025 Bowman Chrome LUISANGEL ACUNA #32 Green Wave Refractor /99 RC Mets Rookie,,,4000,No,,,,,,,,,,,,,Excellent,,,,,,,,,,,,,,,,,,,,,,,,,,FixedPriceItem,GTC,9.19,,1,,,ImmediatePayRequired,,United States,,Flat,USPSFirstClass,1,0.0,,,,1,,,ReturnsNotAccepted,,,,,,,,,,,,,,Yes,No,,,,
Revise,WHATNOT-0003-00022-10257,261328,0,2025 Bowman Draft STEELE HALL #BS-15 SPOTLIGHTS Chrome Reds,,,4000,No,,,,,,,,,,,,,Excellent,,,,,,,,,,,,,,,,,,,,,,,,,,FixedPriceItem,GTC,74.09,,1,,,ImmediatePayRequired,,United States,,Flat,USPSFirstClass,1,0.0,,,,1,,,ReturnsNotAccepted,,,,,,,,,,,,,,Yes,No,,,,
Revise,WHATNOT-0003-00061-99837,261328,0,2026 Bowman Mega BOX CAM SCHLITTLER #53 Chrome MOJO Refractor RC Yankees Rookie,,,4000,No,,,,,,,,,,,,,Excellent,,,,,,,,,,,,,,,,,,,,,,,,,,FixedPriceItem,GTC,4.79,,1,,,ImmediatePayRequired,,United States,,Flat,USPSFirstClass,1,0.0,,,,1,,,ReturnsNotAccepted,,,,,,,,,,,,,,Yes,No,,,,
Revise,WHATNOT-0003-00032-12820,261328,0,2025 BOWMAN'S BEST CHASE DOLLANDER #30 MINI DIAMOND REF /299 RC Rockies Rookie,,,4000,No,,,,,,,,,,,,,Excellent,,,,,,,,,,,,,,,,,,,,,,,,,,FixedPriceItem,GTC,2.99,,1,,,ImmediatePayRequired,,United States,,Flat,USPSFirstClass,1,0.0,,,,1,,,ReturnsNotAccepted,,,,,,,,,,,,,,Yes,No,,,,
Revise,WHATNOT-0003-00036-06219,261328,0,2025 Bowman Chrome JHOAN DE LA CRUZ #BCP-223 Wave Refractor /100 1st Prospect,,,4000,No,,,,,,,,,,,,,Excellent,,,,,,,,,,,,,,,,,,,,,,,,,,FixedPriceItem,GTC,8.59,,1,,,ImmediatePayRequired,,United States,,Flat,USPSFirstClass,1,0.0,,,,1,,,ReturnsNotAccepted,,,,,,,,,,,,,,Yes,No,,,,
Revise,WHATNOT-0003-00030-08352,261328,0,2025 BOWMAN'S BEST NICK KURTZ #42 Purple LAZER REF /250 RC Athletics Rookie,,,4000,No,,,,,,,,,,,,,Excellent,,,,,,,,,,,,,,,,,,,,,,,,,,FixedPriceItem,GTC,26.29,,1,,,ImmediatePayRequired,,United States,,Flat,USPSFirstClass,1,0.0,,,,1,,,ReturnsNotAccepted,,,,,,,,,,,,,,Yes,No,,,,
Revise,WHATNOT-0003-00052-89012,261328,0,2023 Bowman Draft TRE MORGAN #BDC-199 Chrome 1st Prospect Rays,,,4000,No,,,,,,,,,,,,,Excellent,,,,,,,,,,,,,,,,,,,,,,,,,,FixedPriceItem,GTC,2.49,,1,,,ImmediatePayRequired,,United States,,Flat,USPSFirstClass,1,0.0,,,,1,,,ReturnsNotAccepted,,,,,,,,,,,,,,Yes,No,,,,
Revise,WHATNOT-0003-00038-91459,261328,0,2025 Bowman Draft AJ RUSSELL #BDC-51 Chrome Green GRASS Refractor /99,,,4000,No,,,,,,,,,,,,,Excellent,,,,,,,,,,,,,,,,,,,,,,,,,,FixedPriceItem,GTC,8.19,,1,,,ImmediatePayRequired,,United States,,Flat,USPSFirstClass,1,0.0,,,,1,,,ReturnsNotAccepted,,,,,,,,,,,,,,Yes,No,,,,
Revise,WHATNOT-0003-00051-43157,261328,0,2026 Bowman NOLAN MCLEAN #BST-8 STERLING Chrome RC Mets Rookie,,,4000,No,,,,,,,,,,,,,Excellent,,,,,,,,,,,,,,,,,,,,,,,,,,FixedPriceItem,GTC,2.99,,1,,,ImmediatePayRequired,,United States,,Flat,USPSFirstClass,1,0.0,,,,1,,,ReturnsNotAccepted,,,,,,,,,,,,,,Yes,No,,,,
Revise,WHATNOT-0003-00033-76795,261328,0,2025 BOWMAN'S BEST QUINN MATHEWS #B25-QM BEST of Auto Blue Refractor /150,,,4000,No,,,,,,,,,,,,,Excellent,,,,,,,,,,,,,,,,,,,,,,,,,,FixedPriceItem,GTC,22.59,,1,,,ImmediatePayRequired,,United States,,Flat,USPSFirstClass,1,0.0,,,,1,,,ReturnsNotAccepted,,,,,,,,,,,,,,Yes,No,,,,
Revise,WHATNOT-0003-00065-59294,261328,0,2025 BOWMAN'S BEST JOSUAR GONZALEZ #B25-JG BEST of Auto REF Giants Football,,,4000,No,,,,,,,,,,,,,Excellent,,,,,,,,,,,,,,,,,,,,,,,,,,FixedPriceItem,GTC,30.19,,1,,,ImmediatePayRequired,,United States,,Flat,USPSFirstClass,1,0.0,,,,1,,,ReturnsNotAccepted,,,,,,,,,,,,,,Yes,No,,,,
Revise,WHATNOT-0003-00045-24442,261328,0,2024 Topps National NSCC WRAPPER REDEMPTION BLAKE MITCHELL #TP-7 Bowman Chrome\,,,4000,No,,,,,,,,,,,,,Excellent,,,,,,,,,,,,,,,,,,,,,,,,,,FixedPriceItem,GTC,3.49,,1,,,ImmediatePayRequired,,United States,,Flat,USPSFirstClass,1,0.0,,,,1,,,ReturnsNotAccepted,,,,,,,,,,,,,,Yes,No,,,,
Revise,WHATNOT-0003-00054-14654,261328,0,2026 Bowman KADE ANDERSON #BCP-19 Chrome Prospects REPTILIAN Refractor Mariners,,,4000,No,,,,,,,,,,,,,Excellent,,,,,,,,,,,,,,,,,,,,,,,,,,FixedPriceItem,GTC,5.99,,1,,,ImmediatePayRequired,,United States,,Flat,USPSFirstClass,1,0.0,,,,1,,,ReturnsNotAccepted,,,,,,,,,,,,,,Yes,No,,,,
Revise,WHATNOT-0003-00042-51647,261328,0,2025 Bowman Draft JOJO PARKER #PP-9 Chrome PRIZED Prospects Blue Jays,,,4000,No,,,,,,,,,,,,,Excellent,,,,,,,,,,,,,,,,,,,,,,,,,,FixedPriceItem,GTC,3.49,,1,,,ImmediatePayRequired,,United States,,Flat,USPSFirstClass,1,0.0,,,,1,,,ReturnsNotAccepted,,,,,,,,,,,,,,Yes,No,,,,
Revise,WHATNOT-0003-00059-00577,261328,0,2026 Bowman GAGE JUMP #BP-15 Neon Green BORDER /399 1st Prospect Athletics,,,4000,No,,,,,,,,,,,,,Excellent,,,,,,,,,,,,,,,,,,,,,,,,,,FixedPriceItem,GTC,11.95,,1,,,ImmediatePayRequired,,United States,,Flat,USPSFirstClass,1,0.0,,,,1,,,ReturnsNotAccepted,,,,,,,,,,,,,,Yes,No,,,,
Revise,WHATNOT-0003-00048-23812,261328,0,2024 Bowman SAMUEL BASALLO #PP-8 Prospect POWER UP Orioles,,,4000,No,,,,,,,,,,,,,Excellent,,,,,,,,,,,,,,,,,,,,,,,,,,FixedPriceItem,GTC,2.99,,1,,,ImmediatePayRequired,,United States,,Flat,USPSFirstClass,1,0.0,,,,1,,,ReturnsNotAccepted,,,,,,,,,,,,,,Yes,No,,,,
Revise,WHATNOT-0003-00066-59516,261328,0,2025 Bowman CARLOS LAGRANGE #BDC-132 Chrome FUCHSIA REPTILIAN Refractor /199,,,4000,No,,,,,,,,,,,,,Excellent,,,,,,,,,,,,,,,,,,,,,,,,,,FixedPriceItem,GTC,34.99,,1,,,ImmediatePayRequired,,United States,,Flat,USPSFirstClass,1,0.0,,,,1,,,ReturnsNotAccepted,,,,,,,,,,,,,,Yes,No,,,,
Revise,WHATNOT-0003-00050-32649,261328,0,2023 Bowman Mega BOX DEYVISON DE LOS SANTOS #BCP-116 Prospects MOJO Refractor,,,4000,No,,,,,,,,,,,,,Excellent,,,,,,,,,,,,,,,,,,,,,,,,,,FixedPriceItem,GTC,2.99,,1,,,ImmediatePayRequired,,United States,,Flat,USPSFirstClass,1,0.0,,,,1,,,ReturnsNotAccepted,,,,,,,,,,,,,,Yes,No,,,,
Revise,WHATNOT-0003-00039-37776,261328,0,2026 Bowman EDWARD FLORENTINO #UR-9 UNDER the RADAR Chrome Pirates,,,4000,No,,,,,,,,,,,,,Excellent,,,,,,,,,,,,,,,,,,,,,,,,,,FixedPriceItem,GTC,2.99,,1,,,ImmediatePayRequired,,United States,,Flat,USPSFirstClass,1,0.0,,,,1,,,ReturnsNotAccepted,,,,,,,,,,,,,,Yes,No,,,,
Revise,WHATNOT-0003-00029-07297,261328,0,2025 Bowman Chrome SAMMY HERNANDEZ #CPA-SH Prospect Auto Cardinals Football,,,4000,No,,,,,,,,,,,,,Excellent,,,,,,,,,,,,,,,,,,,,,,,,,,FixedPriceItem,GTC,7.49,,1,,,ImmediatePayRequired,,United States,,Flat,USPSFirstClass,1,0.0,,,,1,,,ReturnsNotAccepted,,,,,,,,,,,,,,Yes,No,,,,
Revise,WHATNOT-0003-00055-12703,261328,0,2026 Bowman CARLOS GUTIERREZ #CPA-CGU Chrome Auto 1st Prospect Giants Football,,,4000,No,,,,,,,,,,,,,Excellent,,,,,,,,,,,,,,,,,,,,,,,,,,FixedPriceItem,GTC,8.99,,1,,,ImmediatePayRequired,,United States,,Flat,USPSFirstClass,1,0.0,,,,1,,,ReturnsNotAccepted,,,,,,,,,,,,,,Yes,No,,,,
Revise,WHATNOT-0003-00043-50338,261328,0,2023 Bowman Chrome ADLEY RUTSCHMAN #CFL-5 IT CAME to the LEAGUE RC Orioles,,,4000,No,,,,,,,,,,,,,Excellent,,,,,,,,,,,,,,,,,,,,,,,,,,FixedPriceItem,GTC,2.99,,1,,,ImmediatePayRequired,,United States,,Flat,USPSFirstClass,1,0.0,,,,1,,,ReturnsNotAccepted,,,,,,,,,,,,,,Yes,No,,,,
Revise,WHATNOT-0003-00047-15056,261328,0,2023 BOWMAN'S BEST JOSH JUNG #AP-28 ASTRAL PROJECTIONS RC Rangers Rookie,,,4000,No,,,,,,,,,,,,,Excellent,,,,,,,,,,,,,,,,,,,,,,,,,,FixedPriceItem,GTC,4.99,,1,,,ImmediatePayRequired,,United States,,Flat,USPSFirstClass,1,0.0,,,,1,,,ReturnsNotAccepted,,,,,,,,,,,,,,Yes,No,,,,
Revise,WHATNOT-0003-00044-48044,261328,0,2025 Bowman Draft MIKE SIROTA #BDC-11 Chrome Dodgers,,,4000,No,,,,,,,,,,,,,Excellent,,,,,,,,,,,,,,,,,,,,,,,,,,FixedPriceItem,GTC,2.49,,1,,,ImmediatePayRequired,,United States,,Flat,USPSFirstClass,1,0.0,,,,1,,,ReturnsNotAccepted,,,,,,,,,,,,,,Yes,No,,,,
Revise,WHATNOT-0003-00053-00804,261328,0,2026 Bowman COLT EMERSON #UR-4 UNDER the RADAR Chrome Mariners,,,4000,No,,,,,,,,,,,,,Excellent,,,,,,,,,,,,,,,,,,,,,,,,,,FixedPriceItem,GTC,2.99,,1,,,ImmediatePayRequired,,United States,,Flat,USPSFirstClass,1,0.0,,,,1,,,ReturnsNotAccepted,,,,,,,,,,,,,,Yes,No,,,,
Revise,WHATNOT-0003-00046-75516,261328,0,2025 Bowman Draft RAINIEL RODRIGUEZ #BDC-72 Chrome Cardinals Football,,,4000,No,,,,,,,,,,,,,Excellent,,,,,,,,,,,,,,,,,,,,,,,,,,FixedPriceItem,GTC,2.99,,1,,,ImmediatePayRequired,,United States,,Flat,USPSFirstClass,1,0.0,,,,1,,,ReturnsNotAccepted,,,,,,,,,,,,,,Yes,No,,,,
Revise,WHATNOT-0003-00018-58326,261328,0,2026 Topps Series 1 MIKE TROUT #91C-42 1991 Chrome Silver Orange MOJO REFR /25,,,4000,No,,,,,,,,,,,,,Excellent,,,,,,,,,,,,,,,,,,,,,,,,,,FixedPriceItem,GTC,179.99,,1,,,ImmediatePayRequired,,United States,,Flat,USPSFirstClass,1,0.0,,,,1,,,ReturnsNotAccepted,,,,,,,,,,,,,,Yes,No,,,,
Revise,WHATNOT-0003-00062-93409,261328,0,"2022 Topps Update 100 CAREER HOME RUNS CL, #US92 ROYAL Blue Angels",,,4000,No,,,,,,,,,,,,,Excellent,,,,,,,,,,,,,,,,,,,,,,,,,,FixedPriceItem,GTC,10.09,,1,,,ImmediatePayRequired,,United States,,Flat,USPSFirstClass,1,0.0,,,,1,,,ReturnsNotAccepted,,,,,,,,,,,,,,Yes,No,,,,
Revise,WHATNOT-0003-00060-25114,261328,0,2026 Bowman Mega BOX SEOJUN MOON #BCP-45 Chrome MOJO Refractor 1st Prospect,,,4000,No,,,,,,,,,,,,,Excellent,,,,,,,,,,,,,,,,,,,,,,,,,,FixedPriceItem,GTC,3.49,,1,,,ImmediatePayRequired,,United States,,Flat,USPSFirstClass,1,0.0,,,,1,,,ReturnsNotAccepted,,,,,,,,,,,,,,Yes,No,,,,
Revise,WHATNOT-0003-00049-10647,261328,0,2022 BOWMAN'S BEST ELLY DE LA CRUZ #TP-17 Top Prospects Refractor Reds,,,4000,No,,,,,,,,,,,,,Excellent,,,,,,,,,,,,,,,,,,,,,,,,,,FixedPriceItem,GTC,4.39,,1,,,ImmediatePayRequired,,United States,,Flat,USPSFirstClass,1,0.0,,,,1,,,ReturnsNotAccepted,,,,,,,,,,,,,,Yes,No,,,,
Revise,WHATNOT-0003-00034-44013,261328,0,2025 BOWMAN'S BEST ROKI SASAKI #P-7 PIXEL PORTRAITS RC Dodgers Rookie,,,4000,No,,,,,,,,,,,,,Excellent,,,,,,,,,,,,,,,,,,,,,,,,,,FixedPriceItem,GTC,5.99,,1,,,ImmediatePayRequired,,United States,,Flat,USPSFirstClass,1,0.0,,,,1,,,ReturnsNotAccepted,,,,,,,,,,,,,,Yes,No,,,,
Revise,WHATNOT-0003-00037-87616,261328,0,2025 Bowman WEN-HUI PAN #BCP-6 Chrome Orange Shimmer Refractor /25 1st Prospect,,,4000,No,,,,,,,,,,,,,Excellent,,,,,,,,,,,,,,,,,,,,,,,,,,FixedPriceItem,GTC,50.59,,1,,,ImmediatePayRequired,,United States,,Flat,USPSFirstClass,1,0.0,,,,1,,,ReturnsNotAccepted,,,,,,,,,,,,,,Yes,No,,,,
Revise,WHATNOT-0003-00024-60741,261328,0,2023 Bowman Chrome JUNIOR CAMINERO #BCP-162 Prospects FUCHSIA Shimmer /199,,,4000,No,,,,,,,,,,,,,Excellent,,,,,,,,,,,,,,,,,,,,,,,,,,FixedPriceItem,GTC,50.59,,1,,,ImmediatePayRequired,,United States,,Flat,USPSFirstClass,1,0.0,,,,1,,,ReturnsNotAccepted,,,,,,,,,,,,,,Yes,No,,,,
Revise,WHATNOT-0003-00040-72935,261328,0,2026 Bowman CHARLES DAVALAN #BP-73 Prospects FUCHSIA BORDER /299 Dodgers,,,4000,No,,,,,,,,,,,,,Excellent,,,,,,,,,,,,,,,,,,,,,,,,,,FixedPriceItem,GTC,4.99,,1,,,ImmediatePayRequired,,United States,,Flat,USPSFirstClass,1,0.0,,,,1,,,ReturnsNotAccepted,,,,,,,,,,,,,,Yes,No,,,,
Revise,WHATNOT-0003-00016-04342,261328,0,2025 Bowman Draft BRYCE CUNNINGHAM #BDC-155 Chrome Orange Refractor /25 Yankees,,,4000,No,,,,,,,,,,,,,Excellent,,,,,,,,,,,,,,,,,,,,,,,,,,FixedPriceItem,GTC,44.89,,1,,,ImmediatePayRequired,,United States,,Flat,USPSFirstClass,1,0.0,,,,1,,,ReturnsNotAccepted,,,,,,,,,,,,,,Yes,No,,,,
Revise,WHATNOT-0003-00003-52020,261328,0,2025 BOWMAN'S BEST TYLER BREMNER #B25-TBR BEST of Auto Gold Refractor /50 Angels,,,4000,No,,,,,,,,,,,,,Excellent,,,,,,,,,,,,,,,,,,,,,,,,,,FixedPriceItem,GTC,82.59,,1,,,ImmediatePayRequired,,United States,,Flat,USPSFirstClass,1,0.0,,,,1,,,ReturnsNotAccepted,,,,,,,,,,,,,,Yes,No,,,,
Revise,WHATNOT-0003-00015-85552,261328,0,2026 Bowman LEO DE VRIES #BTP-3 Scouts Top 100 Chrome Athletics,,,4000,No,,,,,,,,,,,,,Excellent,,,,,,,,,,,,,,,,,,,,,,,,,,FixedPriceItem,GTC,2.99,,1,,,ImmediatePayRequired,,United States,,Flat,USPSFirstClass,1,0.0,,,,1,,,ReturnsNotAccepted,,,,,,,,,,,,,,Yes,No,,,,
Revise,WHATNOT-0003-00009-29985,261328,0,2026 Bowman SHOTARO MORII #BTP-75 Scouts Top 100 Chrome Athletics,,,4000,No,,,,,,,,,,,,,Excellent,,,,,,,,,,,,,,,,,,,,,,,,,,FixedPriceItem,GTC,2.99,,1,,,ImmediatePayRequired,,United States,,Flat,USPSFirstClass,1,0.0,,,,1,,,ReturnsNotAccepted,,,,,,,,,,,,,,Yes,No,,,,
Revise,WHATNOT-0003-00010-21308,261328,0,2026 Bowman SHOTARO MORII #BCP-48 Chrome Prospects REPTILIAN Refractor Athletics,,,4000,No,,,,,,,,,,,,,Excellent,,,,,,,,,,,,,,,,,,,,,,,,,,FixedPriceItem,GTC,3.99,,1,,,ImmediatePayRequired,,United States,,Flat,USPSFirstClass,1,0.0,,,,1,,,ReturnsNotAccepted,,,,,,,,,,,,,,Yes,No,,,,
Revise,WHATNOT-0003-00001-62219,261328,0,2025 BOWMAN'S BEST DALTON RUSHING #33 Purple MOJO REF /250 RC Dodgers Rookie,,,4000,No,,,,,,,,,,,,,Excellent,,,,,,,,,,,,,,,,,,,,,,,,,,FixedPriceItem,GTC,7.19,,1,,,ImmediatePayRequired,,United States,,Flat,USPSFirstClass,1,0.0,,,,1,,,ReturnsNotAccepted,,,,,,,,,,,,,,Yes,No,,,,
Revise,WHATNOT-0003-00002-18053,261328,0,2024 Topps FERNANDO TATIS JR. #89BA-FT 35th ANNIVERSARY Auto Gold /50,,,4000,No,,,,,,,,,,,,,Excellent,,,,,,,,,,,,,,,,,,,,,,,,,,FixedPriceItem,GTC,136.29,,1,,,ImmediatePayRequired,,United States,,Flat,USPSFirstClass,1,0.0,,,,1,,,ReturnsNotAccepted,,,,,,,,,,,,,,Yes,No,,,,
Revise,WHATNOT-0003-00007-15627,261328,0,2026 Bowman KAYSON CUNNINGHAM #BTP-79 Scouts Top 100 Chrome Diamondbacks,,,4000,No,,,,,,,,,,,,,Excellent,,,,,,,,,,,,,,,,,,,,,,,,,,FixedPriceItem,GTC,2.99,,1,,,ImmediatePayRequired,,United States,,Flat,USPSFirstClass,1,0.0,,,,1,,,ReturnsNotAccepted,,,,,,,,,,,,,,Yes,No,,,,
Revise,WHATNOT-0003-00022-18060,261328,0,2026 Bowman AARON JUDGE #ES-15 Electric SLUGGERS Chrome Yankees,,,4000,No,,,,,,,,,,,,,Excellent,,,,,,,,,,,,,,,,,,,,,,,,,,FixedPriceItem,GTC,3.49,,1,,,ImmediatePayRequired,,United States,,Flat,USPSFirstClass,1,0.0,,,,1,,,ReturnsNotAccepted,,,,,,,,,,,,,,Yes,No,,,,
Revise,WHATNOT-0003-00019-49382,261328,0,2026 Bowman JOSUE DE PAULA #UR-14 UNDER the RADAR Chrome Dodgers,,,4000,No,,,,,,,,,,,,,Excellent,,,,,,,,,,,,,,,,,,,,,,,,,,FixedPriceItem,GTC,2.99,,1,,,ImmediatePayRequired,,United States,,Flat,USPSFirstClass,1,0.0,,,,1,,,ReturnsNotAccepted,,,,,,,,,,,,,,Yes,No,,,,
Revise,WHATNOT-0003-00020-08436,261328,0,2026 Bowman KADE ANDERSON #BCP-19 Chrome Prospects FUCHSIA Refractor /199,,,4000,No,,,,,,,,,,,,,Excellent,,,,,,,,,,,,,,,,,,,,,,,,,,FixedPriceItem,GTC,18.19,,1,,,ImmediatePayRequired,,United States,,Flat,USPSFirstClass,1,0.0,,,,1,,,ReturnsNotAccepted,,,,,,,,,,,,,,Yes,No,,,,
Revise,WHATNOT-0003-00013-20799,261328,0,2026 Bowman JAC CAGLIANONE #BST-14 STERLING Chrome RC Royals Rookie,,,4000,No,,,,,,,,,,,,,Excellent,,,,,,,,,,,,,,,,,,,,,,,,,,FixedPriceItem,GTC,2.99,,1,,,ImmediatePayRequired,,United States,,Flat,USPSFirstClass,1,0.0,,,,1,,,ReturnsNotAccepted,,,,,,,,,,,,,,Yes,No,,,,
Revise,WHATNOT-0003-00017-86373,261328,0,2026 Bowman YOJANCEL CABRERA #BP-3 Gold BORDER /50 1st Prospect Angels,,,4000,No,,,,,,,,,,,,,Excellent,,,,,,,,,,,,,,,,,,,,,,,,,,FixedPriceItem,GTC,44.95,,1,,,ImmediatePayRequired,,United States,,Flat,USPSFirstClass,1,0.0,,,,1,,,ReturnsNotAccepted,,,,,,,,,,,,,,Yes,No,,,,
Revise,WHATNOT-0003-00008-14897,261328,0,2026 Bowman MIKE TROUT #ES-25 Electric SLUGGERS Chrome Angels,,,4000,No,,,,,,,,,,,,,Excellent,,,,,,,,,,,,,,,,,,,,,,,,,,FixedPriceItem,GTC,2.99,,1,,,ImmediatePayRequired,,United States,,Flat,USPSFirstClass,1,0.0,,,,1,,,ReturnsNotAccepted,,,,,,,,,,,,,,Yes,No,,,,
Revise,WHATNOT-0003-00021-23650,261328,0,2026 Bowman CAM SCHLITTLER #UR-2 UNDER the RADAR Chrome RC Yankees Rookie,,,4000,No,,,,,,,,,,,,,Excellent,,,,,,,,,,,,,,,,,,,,,,,,,,FixedPriceItem,GTC,2.99,,1,,,ImmediatePayRequired,,United States,,Flat,USPSFirstClass,1,0.0,,,,1,,,ReturnsNotAccepted,,,,,,,,,,,,,,Yes,No,,,,
Revise,WHATNOT-0003-00011-27168,261328,0,2025 BOWMAN'S BEST JOSUAR GONZALEZ #TP-13 MINI DIAMOND Refractor /299,,,4000,No,,,,,,,,,,,,,Excellent,,,,,,,,,,,,,,,,,,,,,,,,,,FixedPriceItem,GTC,7.99,,1,,,ImmediatePayRequired,,United States,,Flat,USPSFirstClass,1,0.0,,,,1,,,ReturnsNotAccepted,,,,,,,,,,,,,,Yes,No,,,,
Revise,WHATNOT-0003-00012-14864,261328,0,2025 BOWMAN'S BEST JOSUAR GONZALEZ #TP-13 Top Prospects Aqua Refractor /199,,,4000,No,,,,,,,,,,,,,Excellent,,,,,,,,,,,,,,,,,,,,,,,,,,FixedPriceItem,GTC,6.09,,1,,,ImmediatePayRequired,,United States,,Flat,USPSFirstClass,1,0.0,,,,1,,,ReturnsNotAccepted,,,,,,,,,,,,,,Yes,No,,,,
Revise,WHATNOT-0003-00004-57356,261328,0,2025 BOWMAN'S BEST TYLER BREMNER #B25-TBR BEST of Auto Orange X-FRACTOR /25,,,4000,No,,,,,,,,,,,,,Excellent,,,,,,,,,,,,,,,,,,,,,,,,,,FixedPriceItem,GTC,110.00,,1,,,ImmediatePayRequired,,United States,,Flat,USPSFirstClass,1,0.0,,,,1,,,ReturnsNotAccepted,,,,,,,,,,,,,,Yes,No,,,,
Revise,WHATNOT-0003-00023-92905,261328,0,2026 Bowman ROMAN ANTHONY #BST-12 STERLING Chrome RC Red Sox Rookie,,,4000,No,,,,,,,,,,,,,Excellent,,,,,,,,,,,,,,,,,,,,,,,,,,FixedPriceItem,GTC,2.99,,1,,,ImmediatePayRequired,,United States,,Flat,USPSFirstClass,1,0.0,,,,1,,,ReturnsNotAccepted,,,,,,,,,,,,,,Yes,No,,,,
Revise,WHATNOT-0003-00006-97578,261328,0,2026 Bowman LUIS MORALES #49 Chrome Rookie Red RC Variation Athletics,,,4000,No,,,,,,,,,,,,,Excellent,,,,,,,,,,,,,,,,,,,,,,,,,,FixedPriceItem,GTC,3.49,,1,,,ImmediatePayRequired,,United States,,Flat,USPSFirstClass,1,0.0,,,,1,,,ReturnsNotAccepted,,,,,,,,,,,,,,Yes,No,,,,
Revise,WHATNOT-0003-00018-60748,261328,0,2025 Bowman Draft DEAN CURLEY #BDC-129 Chrome Purple Refractor /250 1st Prospect,,,4000,No,,,,,,,,,,,,,Excellent,,,,,,,,,,,,,,,,,,,,,,,,,,FixedPriceItem,GTC,3.99,,1,,,ImmediatePayRequired,,United States,,Flat,USPSFirstClass,1,0.0,,,,1,,,ReturnsNotAccepted,,,,,,,,,,,,,,Yes,No,,,,
Revise,WHATNOT-0003-00026-32424,261328,0,2026 Bowman Mega BOX KONNOR GRIFFIN #ES-17 Electric SLUGGERS Chrome MOJO Pirates,,,4000,No,,,,,,,,,,,,,Excellent,,,,,,,,,,,,,,,,,,,,,,,,,,FixedPriceItem,GTC,4.49,,1,,,ImmediatePayRequired,,United States,,Flat,USPSFirstClass,1,0.0,,,,1,,,ReturnsNotAccepted,,,,,,,,,,,,,,Yes,No,,,,
Revise,WHATNOT-0003-00024-01521,261328,0,2023 Bowman Draft NELSON RADA #BDC-81 Chrome Yellow LUNAR CRATER Refractor /75,,,4000,No,,,,,,,,,,,,,Excellent,,,,,,,,,,,,,,,,,,,,,,,,,,FixedPriceItem,GTC,7.19,,1,,,ImmediatePayRequired,,United States,,Flat,USPSFirstClass,1,0.0,,,,1,,,ReturnsNotAccepted,,,,,,,,,,,,,,Yes,No,,,,
Revise,WHATNOT-0003-00017-54815,261328,0,2025 Bowman Chrome ETHAN SALAS #BCP-169 Purple PULSAR Refractor /250 Padres,,,4000,No,,,,,,,,,,,,,Excellent,,,,,,,,,,,,,,,,,,,,,,,,,,FixedPriceItem,GTC,5.29,,1,,,ImmediatePayRequired,,United States,,Flat,USPSFirstClass,1,0.0,,,,1,,,ReturnsNotAccepted,,,,,,,,,,,,,,Yes,No,,,,
Revise,WHATNOT-0003-00023-95664,261328,0,2026 Bowman Mega BOX ETHAN HOLLIDAY #ES-13 Electric SLUGGERS Chrome MOJO Rockies,,,4000,No,,,,,,,,,,,,,Excellent,,,,,,,,,,,,,,,,,,,,,,,,,,FixedPriceItem,GTC,5.49,,1,,,ImmediatePayRequired,,United States,,Flat,USPSFirstClass,1,0.0,,,,1,,,ReturnsNotAccepted,,,,,,,,,,,,,,Yes,No,,,,
Revise,WHATNOT-0003-00027-75414,261328,0,2025 Bowman Chrome ELLY DE LA CRUZ #BA-18 ASCENSIONS Reds SSP,,,4000,No,,,,,,,,,,,,,Excellent,,,,,,,,,,,,,,,,,,,,,,,,,,FixedPriceItem,GTC,102.79,,1,,,ImmediatePayRequired,,United States,,Flat,USPSFirstClass,1,0.0,,,,1,,,ReturnsNotAccepted,,,,,,,,,,,,,,Yes,No,,,,
Revise,WHATNOT-0003-00016-24580,261328,0,2025 Bowman Draft IKE IRISH #PP-8 Chrome PRIZED Prospects Gold Refractor /50,,,4000,No,,,,,,,,,,,,,Excellent,,,,,,,,,,,,,,,,,,,,,,,,,,FixedPriceItem,GTC,25.39,,1,,,ImmediatePayRequired,,United States,,Flat,USPSFirstClass,1,0.0,,,,1,,,ReturnsNotAccepted,,,,,,,,,,,,,,Yes,No,,,,
Revise,WHATNOT-0003-00018-45103,261328,0,2026 Bowman GEORGE LOMBARD JR. #BCP-64 Chrome Prospects MINI-DIAMOND Refractor,,,4000,No,,,,,,,,,,,,,Excellent,,,,,,,,,,,,,,,,,,,,,,,,,,FixedPriceItem,GTC,5.19,,1,,,ImmediatePayRequired,,United States,,Flat,USPSFirstClass,1,0.0,,,,1,,,ReturnsNotAccepted,,,,,,,,,,,,,,Yes,No,,,,
Revise,WHATNOT-0003-00020-40424,261328,0,2025 Bowman JHOSTYNXON GARCIA #BCP-43 Chrome Yellow Refractor /75 1st Prospect,,,4000,No,,,,,,,,,,,,,Excellent,,,,,,,,,,,,,,,,,,,,,,,,,,FixedPriceItem,GTC,55.39,,1,,,ImmediatePayRequired,,United States,,Flat,USPSFirstClass,1,0.0,,,,1,,,ReturnsNotAccepted,,,,,,,,,,,,,,Yes,No,,,,
Revise,WHATNOT-0003-00019-05100,261328,0,2025 Bowman Draft BRODY BRECHT #BDC-143 Chrome Yellow Refractor /75 Rockies,,,4000,No,,,,,,,,,,,,,Excellent,,,,,,,,,,,,,,,,,,,,,,,,,,FixedPriceItem,GTC,5.99,,1,,,ImmediatePayRequired,,United States,,Flat,USPSFirstClass,1,0.0,,,,1,,,ReturnsNotAccepted,,,,,,,,,,,,,,Yes,No,,,,
Revise,Whatnot_06_-_06-18-26-00036-832765,261328,0,2026 Bowman Mega BOX FERNANDO TATIS JR. #ES-3 Electric SLUGGERS Chrome MOJO,,,4000,No,,,,,,,,,,,,,Excellent,,,,,,,,,,,,,,,,,,,,,,,,,,FixedPriceItem,GTC,2.99,,1,,,ImmediatePayRequired,,United States,,Flat,USPSFirstClass,1,0.0,,,,1,,,ReturnsNotAccepted,,,,,,,,,,,,,,Yes,No,,,,
Revise,Whatnot_06_-_06-18-26-00034-030714,261328,0,2026 Bowman XAVIER NEYENS #BCP-133 Chrome Prospects LAZER Refractor Astros,,,4000,No,,,,,,,,,,,,,Excellent,,,,,,,,,,,,,,,,,,,,,,,,,,FixedPriceItem,GTC,3.49,,1,,,ImmediatePayRequired,,United States,,Flat,USPSFirstClass,1,0.0,,,,1,,,ReturnsNotAccepted,,,,,,,,,,,,,,Yes,No,,,,
Revise,Whatnot_06_-_06-18-26-00015-665394,261328,0,2025 Topps ELLY DE LA CRUZ #SMLB-13 Stars of MLB Reds,,,4000,No,,,,,,,,,,,,,Excellent,,,,,,,,,,,,,,,,,,,,,,,,,,FixedPriceItem,GTC,2.99,,1,,,ImmediatePayRequired,,United States,,Flat,USPSFirstClass,1,0.0,,,,1,,,ReturnsNotAccepted,,,,,,,,,,,,,,Yes,No,,,,
Revise,Whatnot_06_-_06-18-26-00029-365338,261328,0,2026 Bowman SEOJUN MOON #BCP-127 Chrome 1st Prospect Blue Jays,,,4000,No,,,,,,,,,,,,,Excellent,,,,,,,,,,,,,,,,,,,,,,,,,,FixedPriceItem,GTC,2.99,,1,,,ImmediatePayRequired,,United States,,Flat,USPSFirstClass,1,0.0,,,,1,,,ReturnsNotAccepted,,,,,,,,,,,,,,Yes,No,,,,
Revise,Whatnot_06_-_06-18-26-00016-910223,261328,0,2026 Topps Series 1 ROMAN ANTHONY #189 RC Red Sox Rookie,,,4000,No,,,,,,,,,,,,,Excellent,,,,,,,,,,,,,,,,,,,,,,,,,,FixedPriceItem,GTC,2.99,,1,,,ImmediatePayRequired,,United States,,Flat,USPSFirstClass,1,0.0,,,,1,,,ReturnsNotAccepted,,,,,,,,,,,,,,Yes,No,,,,
Revise,Whatnot_06_-_06-18-26-00033-775006,261328,0,2026 Bowman Mega BOX JONAH TONG #65 Chrome MOJO Refractor RC Mets Rookie,,,4000,No,,,,,,,,,,,,,Excellent,,,,,,,,,,,,,,,,,,,,,,,,,,FixedPriceItem,GTC,3.99,,1,,,ImmediatePayRequired,,United States,,Flat,USPSFirstClass,1,0.0,,,,1,,,ReturnsNotAccepted,,,,,,,,,,,,,,Yes,No,,,,
Revise,Whatnot_06_-_06-18-26-00013-634039,261328,0,2026 Bowman PARKS HARBER #BCP-43 Chrome 1st Prospect Giants Football,,,4000,No,,,,,,,,,,,,,Excellent,,,,,,,,,,,,,,,,,,,,,,,,,,FixedPriceItem,GTC,2.99,,1,,,ImmediatePayRequired,,United States,,Flat,USPSFirstClass,1,0.0,,,,1,,,ReturnsNotAccepted,,,,,,,,,,,,,,Yes,No,,,,
Revise,Whatnot_06_-_06-18-26-00017-798979,261328,0,2026 Bowman JONNY FARMELO #BTP-48 Scouts Top 100 Chrome Mariners,,,4000,No,,,,,,,,,,,,,Excellent,,,,,,,,,,,,,,,,,,,,,,,,,,FixedPriceItem,GTC,3.49,,1,,,ImmediatePayRequired,,United States,,Flat,USPSFirstClass,1,0.0,,,,1,,,ReturnsNotAccepted,,,,,,,,,,,,,,Yes,No,,,,
Revise,Whatnot_06_-_06-18-26-00021-979525,261328,0,2025 Topps Chrome MLS Sapphire LEONARDO BARROSO #182 Orange REF /25 RC Rookie,,,4000,No,,,,,,,,,,,,,Excellent,,,,,,,,,,,,,,,,,,,,,,,,,,FixedPriceItem,GTC,10.09,,1,,,ImmediatePayRequired,,United States,,Flat,USPSFirstClass,1,0.0,,,,1,,,ReturnsNotAccepted,,,,,,,,,,,,,,Yes,No,,,,
Revise,Whatnot_06_-_06-18-26-00026-709353,261328,0,2026 Bowman HECTOR RAMOS #BCP-128 Chrome 1st Prospect Red Sox,,,4000,No,,,,,,,,,,,,,Excellent,,,,,,,,,,,,,,,,,,,,,,,,,,FixedPriceItem,GTC,2.99,,1,,,ImmediatePayRequired,,United States,,Flat,USPSFirstClass,1,0.0,,,,1,,,ReturnsNotAccepted,,,,,,,,,,,,,,Yes,No,,,,
Revise,Whatnot_06_-_06-18-26-00030-899330,261328,0,2026 Bowman RAINIEL RODRIGUEZ #UR-7 UNDER the RADAR Chrome Cardinals Football,,,4000,No,,,,,,,,,,,,,Excellent,,,,,,,,,,,,,,,,,,,,,,,,,,FixedPriceItem,GTC,2.49,,1,,,ImmediatePayRequired,,United States,,Flat,USPSFirstClass,1,0.0,,,,1,,,ReturnsNotAccepted,,,,,,,,,,,,,,Yes,No,,,,
Revise,Whatnot_06_-_06-18-26-00010-932404,261328,0,2026 Bowman JHONNY LEVEL #BTP-76 Scouts Top 100 Chrome MINI-DIAMOND /150,,,4000,No,,,,,,,,,,,,,Excellent,,,,,,,,,,,,,,,,,,,,,,,,,,FixedPriceItem,GTC,8.59,,1,,,ImmediatePayRequired,,United States,,Flat,USPSFirstClass,1,0.0,,,,1,,,ReturnsNotAccepted,,,,,,,,,,,,,,Yes,No,,,,
Revise,Whatnot_06_-_06-18-26-00032-931352,261328,0,2026 Bowman MAX CLARK #BCP-2 Chrome Prospects LAZER Refractor Tigers,,,4000,No,,,,,,,,,,,,,Excellent,,,,,,,,,,,,,,,,,,,,,,,,,,FixedPriceItem,GTC,1.99,,1,,,ImmediatePayRequired,,United States,,Flat,USPSFirstClass,1,0.0,,,,1,,,ReturnsNotAccepted,,,,,,,,,,,,,,Yes,No,,,,
Revise,Whatnot_06_-_06-18-26-00019-861066,261328,0,2026 Bowman AIVA ARQUETTE #ES-21 Electric SLUGGERS Chrome Marlins,,,4000,No,,,,,,,,,,,,,Excellent,,,,,,,,,,,,,,,,,,,,,,,,,,FixedPriceItem,GTC,2.49,,1,,,ImmediatePayRequired,,United States,,Flat,USPSFirstClass,1,0.0,,,,1,,,ReturnsNotAccepted,,,,,,,,,,,,,,Yes,No,,,,
Revise,Whatnot_06_-_06-18-26-00024-198637,261328,0,2026 Bowman AIVA ARQUETTE #BTP-18 Scouts Top 100 Chrome Marlins,,,4000,No,,,,,,,,,,,,,Excellent,,,,,,,,,,,,,,,,,,,,,,,,,,FixedPriceItem,GTC,2.99,,1,,,ImmediatePayRequired,,United States,,Flat,USPSFirstClass,1,0.0,,,,1,,,ReturnsNotAccepted,,,,,,,,,,,,,,Yes,No,,,,
Revise,Whatnot_06_-_06-18-26-00028-774331,261328,0,2026 Bowman GAGE STANIFER #BCP-37 Chrome 1st Prospect Blue Jays,,,4000,No,,,,,,,,,,,,,Excellent,,,,,,,,,,,,,,,,,,,,,,,,,,FixedPriceItem,GTC,2.49,,1,,,ImmediatePayRequired,,United States,,Flat,USPSFirstClass,1,0.0,,,,1,,,ReturnsNotAccepted,,,,,,,,,,,,,,Yes,No,,,,
Revise,Whatnot_06_-_06-18-26-00012-030267,261328,0,2026 Bowman CARLOS GUTIERREZ #BCP-14 Chrome 1st Prospect Giants Football,,,4000,No,,,,,,,,,,,,,Excellent,,,,,,,,,,,,,,,,,,,,,,,,,,FixedPriceItem,GTC,2.99,,1,,,ImmediatePayRequired,,United States,,Flat,USPSFirstClass,1,0.0,,,,1,,,ReturnsNotAccepted,,,,,,,,,,,,,,Yes,No,,,,
Revise,Whatnot_06_-_06-18-26-00002-037750,261328,0,2024-25 TOPPS MERLIN CHROME UEFA CLUB COMPETITIONS LAMINE YAMAL BARCELONA,,,4000,No,,,,,,,,,,,,,Excellent,,,,,,,,,,,,,,,,,,,,,,,,,,FixedPriceItem,GTC,5.99,,1,,,ImmediatePayRequired,,United States,,Flat,USPSFirstClass,1,0.0,,,,1,,,ReturnsNotAccepted,,,,,,,,,,,,,,Yes,No,,,,
Revise,Whatnot_06_-_06-18-26-00020-067923,261328,0,2023 Topps UEFA LIONEL MESSI #SD-10 STARBALL DEBUTS Aqua MINI DIAMOND /199,,,4000,No,,,,,,,,,,,,,Excellent,,,,,,,,,,,,,,,,,,,,,,,,,,FixedPriceItem,GTC,85.19,,1,,,ImmediatePayRequired,,United States,,Flat,USPSFirstClass,1,0.0,,,,1,,,ReturnsNotAccepted,,,,,,,,,,,,,,Yes,No,,,,
Revise,Whatnot_06_-_06-18-26-00037-695917,261328,0,2026 Bowman Mega BOX FRANCISCO LINDOR #ES-1 Electric SLUGGERS Chrome MOJO,,,4000,No,,,,,,,,,,,,,Excellent,,,,,,,,,,,,,,,,,,,,,,,,,,FixedPriceItem,GTC,2.99,,1,,,ImmediatePayRequired,,United States,,Flat,USPSFirstClass,1,0.0,,,,1,,,ReturnsNotAccepted,,,,,,,,,,,,,,Yes,No,,,,
Revise,Whatnot_06_-_06-18-26-00003-231819,261328,0,2025 Topps NOW MLS LIONEL MESSI #23 INTER MIAMI World Cup,,,4000,No,,,,,,,,,,,,,Excellent,,,,,,,,,,,,,,,,,,,,,,,,,,FixedPriceItem,GTC,14.99,,1,,,ImmediatePayRequired,,United States,,Flat,USPSFirstClass,1,0.0,,,,1,,,ReturnsNotAccepted,,,,,,,,,,,,,,Yes,No,,,,
Revise,Whatnot_06_-_06-18-26-00014-161086,261328,0,2026 Bowman XAVIER NEYENS #BTP-50 Scouts Top 100 Chrome Astros,,,4000,No,,,,,,,,,,,,,Excellent,,,,,,,,,,,,,,,,,,,,,,,,,,FixedPriceItem,GTC,2.99,,1,,,ImmediatePayRequired,,United States,,Flat,USPSFirstClass,1,0.0,,,,1,,,ReturnsNotAccepted,,,,,,,,,,,,,,Yes,No,,,,
Revise,Whatnot_06_-_06-18-26-00005-949576,261328,0,2024 Topps MERLIN Chrome UEFA CLUB COMPETITIONS KYLIAN MBAPPE #9 MOJO Refractor,,,4000,No,,,,,,,,,,,,,Excellent,,,,,,,,,,,,,,,,,,,,,,,,,,FixedPriceItem,GTC,11.09,,1,,,ImmediatePayRequired,,United States,,Flat,USPSFirstClass,1,0.0,,,,1,,,ReturnsNotAccepted,,,,,,,,,,,,,,Yes,No,,,,
Revise,Whatnot_06_-_06-18-26-00004-580214,261328,0,2025 TOPPS CHROME MLS KELVIN YEBOAH AUTO GREEN WAVE REFRACTOR /99 UNITED,,,4000,No,,,,,,,,,,,,,Excellent,,,,,,,,,,,,,,,,,,,,,,,,,,FixedPriceItem,GTC,15.99,,1,,,ImmediatePayRequired,,United States,,Flat,USPSFirstClass,1,0.0,,,,1,,,ReturnsNotAccepted,,,,,,,,,,,,,,Yes,No,,,,
Revise,Whatnot_06_-_06-18-26-00007-126434,261328,0,2021 TOPPS NOW UEFA CHAMPIONS LEAGUE CRISTIANO RONALDO MAN U PORTUGAL,,,4000,No,,,,,,,,,,,,,Excellent,,,,,,,,,,,,,,,,,,,,,,,,,,FixedPriceItem,GTC,8.19,,1,,,ImmediatePayRequired,,United States,,Flat,USPSFirstClass,1,0.0,,,,1,,,ReturnsNotAccepted,,,,,,,,,,,,,,Yes,No,,,,
Revise,Whatnot_06_-_06-18-26-00025-813115,261328,0,2026 Bowman KYSON WITHERSPOON #BTP-63 Scouts Top 100 Chrome Red Sox,,,4000,No,,,,,,,,,,,,,Excellent,,,,,,,,,,,,,,,,,,,,,,,,,,FixedPriceItem,GTC,3.49,,1,,,ImmediatePayRequired,,United States,,Flat,USPSFirstClass,1,0.0,,,,1,,,ReturnsNotAccepted,,,,,,,,,,,,,,Yes,No,,,,
Revise,Whatnot_06_-_06-18-26-00022-591961,261328,0,2023 Topps UEFA CLUB COMPETITIONS LIONEL MESSI #USC-15 ULTIMATE STAGE Chrome,,,4000,No,,,,,,,,,,,,,Excellent,,,,,,,,,,,,,,,,,,,,,,,,,,FixedPriceItem,GTC,34.09,,1,,,ImmediatePayRequired,,United States,,Flat,USPSFirstClass,1,0.0,,,,1,,,ReturnsNotAccepted,,,,,,,,,,,,,,Yes,No,,,,
Revise,Whatnot_06_-_06-18-26-00006-250628,261328,0,2024-25 PANINI SELECT PREMIER LEAGUE DIOGO JOTA MEZZANINE RED WAVE /88 LIVERPOOL,,,4000,No,,,,,,,,,,,,,Excellent,,,,,,,,,,,,,,,,,,,,,,,,,,FixedPriceItem,GTC,16.79,,1,,,ImmediatePayRequired,,United States,,Flat,USPSFirstClass,1,0.0,,,,1,,,ReturnsNotAccepted,,,,,,,,,,,,,,Yes,No,,,,
Revise,Whatnot_06_-_06-18-26-00011-212522,261328,0,2026 Bowman ARGENIS CAYAMA #BCP-114 Chrome 1st Prospect Giants Football,,,4000,No,,,,,,,,,,,,,Excellent,,,,,,,,,,,,,,,,,,,,,,,,,,FixedPriceItem,GTC,2.99,,1,,,ImmediatePayRequired,,United States,,Flat,USPSFirstClass,1,0.0,,,,1,,,ReturnsNotAccepted,,,,,,,,,,,,,,Yes,No,,,,
Revise,Whatnot_06_-_06-18-26-00027-756820,261328,0,2026 Bowman LEONARDO BERNAL #BTP-97 Scouts Top 100 Chrome Cardinals Football,,,4000,No,,,,,,,,,,,,,Excellent,,,,,,,,,,,,,,,,,,,,,,,,,,FixedPriceItem,GTC,3.49,,1,,,ImmediatePayRequired,,United States,,Flat,USPSFirstClass,1,0.0,,,,1,,,ReturnsNotAccepted,,,,,,,,,,,,,,Yes,No,,,,
Revise,Whatnot_07_multi_-_06-23-26-00010-085764,261328,0,2026 Bowman GEORGE LOMBARD JR. #BTP-17 Scouts Top 100 Chrome Yankees,,,4000,No,,,,,,,,,,,,,Excellent,,,,,,,,,,,,,,,,,,,,,,,,,,FixedPriceItem,GTC,3.49,,1,,,ImmediatePayRequired,,United States,,Flat,USPSFirstClass,1,0.0,,,,1,,,ReturnsNotAccepted,,,,,,,,,,,,,,Yes,No,,,,
Revise,Whatnot_07_multi_-_06-23-26-00011-660004,261328,0,2026 Bowman ALIMBER SANTA #BCP-30 Chrome 1st Prospect Astros,,,4000,No,,,,,,,,,,,,,Excellent,,,,,,,,,,,,,,,,,,,,,,,,,,FixedPriceItem,GTC,3.49,,1,,,ImmediatePayRequired,,United States,,Flat,USPSFirstClass,1,0.0,,,,1,,,ReturnsNotAccepted,,,,,,,,,,,,,,Yes,No,,,,
Revise,Whatnot_07_multi_-_06-23-26-00016-128346,261328,0,2025 Panini Donruss CAM SKATTEBO #302 Optic Rated Rookie PREVIEW Pink RC Giants,,,4000,No,,,,,,,,,,,,,Excellent,,,,,,,,,,,,,,,,,,,,,,,,,,FixedPriceItem,GTC,4.79,,1,,,ImmediatePayRequired,,United States,,Flat,USPSFirstClass,1,0.0,,,,1,,,ReturnsNotAccepted,,,,,,,,,,,,,,Yes,No,,,,
Revise,Whatnot_07_multi_-_06-23-26-00012-934532,261328,0,2026 Bowman TYLER BREMNER #BTP-66 Scouts Top 100 Chrome Angels,,,4000,No,,,,,,,,,,,,,Excellent,,,,,,,,,,,,,,,,,,,,,,,,,,FixedPriceItem,GTC,3.49,,1,,,ImmediatePayRequired,,United States,,Flat,USPSFirstClass,1,0.0,,,,1,,,ReturnsNotAccepted,,,,,,,,,,,,,,Yes,No,,,,
Revise,Whatnot_07_multi_-_06-23-26-00015-430601,261328,0,2026 PANINI PRIZM MONOPOLY WORLD CUP FEDERICO VALVERDE RED URUGUAY,,,4000,No,,,,,,,,,,,,,Excellent,,,,,,,,,,,,,,,,,,,,,,,,,,FixedPriceItem,GTC,4.49,,1,,,ImmediatePayRequired,,United States,,Flat,USPSFirstClass,1,0.0,,,,1,,,ReturnsNotAccepted,,,,,,,,,,,,,,Yes,No,,,,
Revise,Whatnot_07_multi_-_06-23-26-00014-986283,261328,0,2026 Topps Series 1 JACOB MISIOROWSKI #10 RC Brewers Rookie,,,4000,No,,,,,,,,,,,,,Excellent,,,,,,,,,,,,,,,,,,,,,,,,,,FixedPriceItem,GTC,3.49,,1,,,ImmediatePayRequired,,United States,,Flat,USPSFirstClass,1,0.0,,,,1,,,ReturnsNotAccepted,,,,,,,,,,,,,,Yes,No,,,,
Revise,Whatnot_07_multi_-_06-23-26-00013-744619,261328,0,2026 Bowman JACKSON CHOURIO #BST-1 STERLING Chrome Brewers,,,4000,No,,,,,,,,,,,,,Excellent,,,,,,,,,,,,,,,,,,,,,,,,,,FixedPriceItem,GTC,3.49,,1,,,ImmediatePayRequired,,United States,,Flat,USPSFirstClass,1,0.0,,,,1,,,ReturnsNotAccepted,,,,,,,,,,,,,,Yes,No,,,,
Revise,Whatnot_07_multi_-_06-23-26-00002-623332,261328,0,2026 Bowman DAX KILBY #BP-78 Prospects SKY Blue BORDER /499 Yankees,,,4000,No,,,,,,,,,,,,,Excellent,,,,,,,,,,,,,,,,,,,,,,,,,,FixedPriceItem,GTC,8.99,,1,,,ImmediatePayRequired,,United States,,Flat,USPSFirstClass,1,0.0,,,,1,,,ReturnsNotAccepted,,,,,,,,,,,,,,Yes,No,,,,
Revise,Whatnot_07_multi_-_06-23-26-00003-116872,261328,0,2026 Bowman COLT EMERSON #BTP-12 Scouts Top 100 Chrome Mariners,,,4000,No,,,,,,,,,,,,,Excellent,,,,,,,,,,,,,,,,,,,,,,,,,,FixedPriceItem,GTC,3.49,,1,,,ImmediatePayRequired,,United States,,Flat,USPSFirstClass,1,0.0,,,,1,,,ReturnsNotAccepted,,,,,,,,,,,,,,Yes,No,,,,
Revise,Whatnot_07_multi_-_06-23-26-00018-773952,261328,0,2026 Topps Series 1 BRYCE MILLER #331 Yellow RAINBOW Foil /399 Mariners,,,4000,No,,,,,,,,,,,,,Excellent,,,,,,,,,,,,,,,,,,,,,,,,,,FixedPriceItem,GTC,5.59,,1,,,ImmediatePayRequired,,United States,,Flat,USPSFirstClass,1,0.0,,,,1,,,ReturnsNotAccepted,,,,,,,,,,,,,,Yes,No,,,,
Revise,Whatnot_07_multi_-_06-23-26-00008-382105,261328,0,2026 Bowman KADE ANDERSON #BTP-21 Scouts Top 100 Chrome Mariners,,,4000,No,,,,,,,,,,,,,Excellent,,,,,,,,,,,,,,,,,,,,,,,,,,FixedPriceItem,GTC,3.49,,1,,,ImmediatePayRequired,,United States,,Flat,USPSFirstClass,1,0.0,,,,1,,,ReturnsNotAccepted,,,,,,,,,,,,,,Yes,No,,,,
Revise,Whatnot_07_multi_-_06-23-26-00023-750722,261328,0,2026 Bowman EDGAR MONTERO #BCP-139 Chrome 1st Prospect Athletics,,,4000,No,,,,,,,,,,,,,Excellent,,,,,,,,,,,,,,,,,,,,,,,,,,FixedPriceItem,GTC,3.49,,1,,,ImmediatePayRequired,,United States,,Flat,USPSFirstClass,1,0.0,,,,1,,,ReturnsNotAccepted,,,,,,,,,,,,,,Yes,No,,,,
Revise,Whatnot_07_multi_-_06-23-26-00025-641120,261328,0,2026 Bowman Mega BOX FREDDIE FREEMAN #BST-2 STERLING Chrome MOJO Refractor,,,4000,No,,,,,,,,,,,,,Excellent,,,,,,,,,,,,,,,,,,,,,,,,,,FixedPriceItem,GTC,3.49,,1,,,ImmediatePayRequired,,United States,,Flat,USPSFirstClass,1,0.0,,,,1,,,ReturnsNotAccepted,,,,,,,,,,,,,,Yes,No,,,,
Revise,Whatnot_07_multi_-_06-23-26-00019-634108,261328,0,2025 Bowman Draft JOSH HAMMOND #BIA-9 In ACTION Royals,,,4000,No,,,,,,,,,,,,,Excellent,,,,,,,,,,,,,,,,,,,,,,,,,,FixedPriceItem,GTC,3.49,,1,,,ImmediatePayRequired,,United States,,Flat,USPSFirstClass,1,0.0,,,,1,,,ReturnsNotAccepted,,,,,,,,,,,,,,Yes,No,,,,
Revise,Whatnot_07_multi_-_06-23-26-00009-981525,261328,0,2026 Bowman NELLY TAYLOR #BCP-65 Chrome 1st Prospect Red Sox,,,4000,No,,,,,,,,,,,,,Excellent,,,,,,,,,,,,,,,,,,,,,,,,,,FixedPriceItem,GTC,3.49,,1,,,ImmediatePayRequired,,United States,,Flat,USPSFirstClass,1,0.0,,,,1,,,ReturnsNotAccepted,,,,,,,,,,,,,,Yes,No,,,,
Revise,Whatnot_07_multi_-_06-23-26-00024-657749,261328,0,2026 Bowman GAGE JUMP #BTP-89 Scouts Top 100 Chrome Athletics,,,4000,No,,,,,,,,,,,,,Excellent,,,,,,,,,,,,,,,,,,,,,,,,,,FixedPriceItem,GTC,3.49,,1,,,ImmediatePayRequired,,United States,,Flat,USPSFirstClass,1,0.0,,,,1,,,ReturnsNotAccepted,,,,,,,,,,,,,,Yes,No,,,,
Revise,Whatnot_07_multi_-_06-23-26-00007-837833,261328,0,2021 Panini Contenders Draft PICKS JOSHUAH BLEDSOE #255 Auto Tigers,,,4000,No,,,,,,,,,,,,,Excellent,,,,,,,,,,,,,,,,,,,,,,,,,,FixedPriceItem,GTC,3.99,,1,,,ImmediatePayRequired,,United States,,Flat,USPSFirstClass,1,0.0,,,,1,,,ReturnsNotAccepted,,,,,,,,,,,,,,Yes,No,,,,
Revise,Whatnot_07_multi_-_06-23-26-00020-885761,261328,0,2026 Bowman KENDRY CHOURIO #BCP-7 Chrome 1st Prospect Royals,,,4000,No,,,,,,,,,,,,,Excellent,,,,,,,,,,,,,,,,,,,,,,,,,,FixedPriceItem,GTC,3.49,,1,,,ImmediatePayRequired,,United States,,Flat,USPSFirstClass,1,0.0,,,,1,,,ReturnsNotAccepted,,,,,,,,,,,,,,Yes,No,,,,
Revise,Whatnot_07_multi_-_06-23-26-00021-964914,261328,0,2026 Bowman T.J. RUMFIELD #BCP-134 Chrome 1st Prospect Yankees,,,4000,No,,,,,,,,,,,,,Excellent,,,,,,,,,,,,,,,,,,,,,,,,,,FixedPriceItem,GTC,3.49,,1,,,ImmediatePayRequired,,United States,,Flat,USPSFirstClass,1,0.0,,,,1,,,ReturnsNotAccepted,,,,,,,,,,,,,,Yes,No,,,,
Revise,Whatnot_07_multi_-_06-23-26-00001-712326,261328,0,2025 Bowman SEAVER KING #BCP-93 Chrome Prospects REPTILIAN Gold Refractor /50,,,4000,No,,,,,,,,,,,,,Excellent,,,,,,,,,,,,,,,,,,,,,,,,,,FixedPriceItem,GTC,14.49,,1,,,ImmediatePayRequired,,United States,,Flat,USPSFirstClass,1,0.0,,,,1,,,ReturnsNotAccepted,,,,,,,,,,,,,,Yes,No,,,,
Revise,Whatnot_07_multi_-_06-23-26-00006-388408,261328,0,2021 WILD Card ALUMINATION DAYO ODEYINGBO #ABC-36 Pink Holo LUX /99 RC Rookie,,,4000,No,,,,,,,,,,,,,Excellent,,,,,,,,,,,,,,,,,,,,,,,,,,FixedPriceItem,GTC,7.29,,1,,,ImmediatePayRequired,,United States,,Flat,USPSFirstClass,1,0.0,,,,1,,,ReturnsNotAccepted,,,,,,,,,,,,,,Yes,No,,,,
Revise,Whatnot_07_multi_-_06-23-26-00022-421480,261328,0,2026 Bowman JUAN SANCHEZ #BCP-25 Chrome 1st Prospect Blue Jays,,,4000,No,,,,,,,,,,,,,Excellent,,,,,,,,,,,,,,,,,,,,,,,,,,FixedPriceItem,GTC,3.49,,1,,,ImmediatePayRequired,,United States,,Flat,USPSFirstClass,1,0.0,,,,1,,,ReturnsNotAccepted,,,,,,,,,,,,,,Yes,No,,,,
Revise,Whatnot_07_multi_-_06-23-26-00017-461415,261328,0,2025 Bowman Draft ELI WILLITS #BIA-1 In ACTION MOJO Refractor Nationals,,,4000,No,,,,,,,,,,,,,Excellent,,,,,,,,,,,,,,,,,,,,,,,,,,FixedPriceItem,GTC,5.49,,1,,,ImmediatePayRequired,,United States,,Flat,USPSFirstClass,1,0.0,,,,1,,,ReturnsNotAccepted,,,,,,,,,,,,,,Yes,No,,,,
Revise,Whatnot_07_multi_-_06-23-26-00026-903093,261328,0,2025 Bowman Draft BRANDON COMPTON #BD-64 Gold BORDER /50 1st Prospect Marlins,,,4000,No,,,,,,,,,,,,,Excellent,,,,,,,,,,,,,,,,,,,,,,,,,,FixedPriceItem,GTC,12.99,,1,,,ImmediatePayRequired,,United States,,Flat,USPSFirstClass,1,0.0,,,,1,,,ReturnsNotAccepted,,,,,,,,,,,,,,Yes,No,,,,
Revise,Whatnot_07_multi_-_06-23-26-00028-531852,261328,0,2025 Bowman Draft RILEY KELLY #CPA-RK Chrome Auto Aqua LAVA Refractor /199,,,4000,No,,,,,,,,,,,,,Excellent,,,,,,,,,,,,,,,,,,,,,,,,,,FixedPriceItem,GTC,15.79,,1,,,ImmediatePayRequired,,United States,,Flat,USPSFirstClass,1,0.0,,,,1,,,ReturnsNotAccepted,,,,,,,,,,,,,,Yes,No,,,,
Revise,Gameday-wn-06-24-26-00005-694315,261328,0,2025 BOWMAN'S BEST JACOB REIMER #B25-JR BEST of Auto Refractor Mets,,,4000,No,,,,,,,,,,,,,Excellent,,,,,,,,,,,,,,,,,,,,,,,,,,FixedPriceItem,GTC,15.79,,1,,,ImmediatePayRequired,,United States,,Flat,USPSFirstClass,1,0.0,,,,1,,,ReturnsNotAccepted,,,,,,,,,,,,,,Yes,No,,,,
Revise,Gameday-wn-06-24-26-00002-176819,261328,0,2025 Bowman Chrome BLAKE WOLTERS #CPA-BW Prospect Auto Refractor /499 Royals,,,4000,No,,,,,,,,,,,,,Excellent,,,,,,,,,,,,,,,,,,,,,,,,,,FixedPriceItem,GTC,15.89,,1,,,ImmediatePayRequired,,United States,,Flat,USPSFirstClass,1,0.0,,,,1,,,ReturnsNotAccepted,,,,,,,,,,,,,,Yes,No,,,,
Revise,Cruz-wn-06-24-26-00001-645103,261328,0,2026 Bowman KAELEN CULPEPPER #UR-20 UNDER the RADAR Chrome Auto Gold REF /50,,,4000,No,,,,,,,,,,,,,Excellent,,,,,,,,,,,,,,,,,,,,,,,,,,FixedPriceItem,GTC,63.19,,1,,,ImmediatePayRequired,,United States,,Flat,USPSFirstClass,1,0.0,,,,1,,,ReturnsNotAccepted,,,,,,,,,,,,,,Yes,No,,,,
Revise,RBM-0001-00015-10174,261328,0,2025 Bowman Draft JOSH HAMMOND #BDC-185 Chrome Refractor 1st Prospect Royals,,,4000,No,,,,,,,,,,,,,Excellent,,,,,,,,,,,,,,,,,,,,,,,,,,FixedPriceItem,GTC,3.99,,1,,,ImmediatePayRequired,,United States,,Flat,USPSFirstClass,1,0.0,,,,1,,,ReturnsNotAccepted,,,,,,,,,,,,,,Yes,No,,,,
Revise,Girks_BB_-_06-27-26-00007-298179,261328,0,2025 Bowman 1st Chrome CHARLES MCADOO #BCP-150 REPTILIAN Green Refractor /99,,,4000,No,,,,,,,,,,,,,Excellent,,,,,,,,,,,,,,,,,,,,,,,,,,FixedPriceItem,GTC,9.99,,1,,,ImmediatePayRequired,,United States,,Flat,USPSFirstClass,1,0.0,,,,1,,,ReturnsNotAccepted,,,,,,,,,,,,,,Yes,No,,,,
Revise,Girks_BB_-_06-27-26-00001-596754,261328,0,2026 Bowman TYLER BREMNER #BCP-9 Chrome Prospects Aqua Shimmer Refractor /125,,,4000,No,,,,,,,,,,,,,Excellent,,,,,,,,,,,,,,,,,,,,,,,,,,FixedPriceItem,GTC,5.99,,1,,,ImmediatePayRequired,,United States,,Flat,USPSFirstClass,1,0.0,,,,1,,,ReturnsNotAccepted,,,,,,,,,,,,,,Yes,No,,,,
Revise,Girks_BB_-_06-27-26-00008-889287,261328,0,2025 BOWMAN'S BEST PETE CROW-ARMSTRONG #35 Blue LAZER Refractor /150 Cubs,,,4000,No,,,,,,,,,,,,,Excellent,,,,,,,,,,,,,,,,,,,,,,,,,,FixedPriceItem,GTC,18.99,,1,,,ImmediatePayRequired,,United States,,Flat,USPSFirstClass,1,0.0,,,,1,,,ReturnsNotAccepted,,,,,,,,,,,,,,Yes,No,,,,
Revise,Girks_BB_-_06-27-26-00003-391884,261328,0,2026 Bowman Sapphire SHOTARO MORII #BCP-48 Chrome Prospects Athletics,,,4000,No,,,,,,,,,,,,,Excellent,,,,,,,,,,,,,,,,,,,,,,,,,,FixedPriceItem,GTC,7.19,,1,,,ImmediatePayRequired,,United States,,Flat,USPSFirstClass,1,0.0,,,,1,,,ReturnsNotAccepted,,,,,,,,,,,,,,Yes,No,,,,
Revise,Girks_BB_-_06-27-26-00002-870917,261328,0,2026 Bowman Mega BOX JAC CAGLIANONE #75 Chrome Purple MOJO REF /250 RC Rookie,,,4000,No,,,,,,,,,,,,,Excellent,,,,,,,,,,,,,,,,,,,,,,,,,,FixedPriceItem,GTC,17.99,,1,,,ImmediatePayRequired,,United States,,Flat,USPSFirstClass,1,0.0,,,,1,,,ReturnsNotAccepted,,,,,,,,,,,,,,Yes,No,,,,
Revise,Girks_BB_-_06-27-26-00006-881021,261328,0,2026 Bowman FELNIN CELESTEN #BCP-57 Chrome REPTILIAN Blue Refractor /150,,,4000,No,,,,,,,,,,,,,Excellent,,,,,,,,,,,,,,,,,,,,,,,,,,FixedPriceItem,GTC,5.99,,1,,,ImmediatePayRequired,,United States,,Flat,USPSFirstClass,1,0.0,,,,1,,,ReturnsNotAccepted,,,,,,,,,,,,,,Yes,No,,,,
Revise,Girks_BB_-_06-27-26-00004-035421,261328,0,2026 Bowman Sapphire LEO DE VRIES #BCP-63 Chrome Prospects Athletics,,,4000,No,,,,,,,,,,,,,Excellent,,,,,,,,,,,,,,,,,,,,,,,,,,FixedPriceItem,GTC,32.00,,1,,,ImmediatePayRequired,,United States,,Flat,USPSFirstClass,1,0.0,,,,1,,,ReturnsNotAccepted,,,,,,,,,,,,,,Yes,No,,,,
Revise,Girks_BB_-_06-27-26-00010-835631,261328,0,2026 TOPPS COLLECTOR'S KIT EXCLUSIVE SHOHEI OHTANI WAVE FOIL,,,4000,No,,,,,,,,,,,,,Excellent,,,,,,,,,,,,,,,,,,,,,,,,,,FixedPriceItem,GTC,18.00,,2,,,ImmediatePayRequired,,United States,,Flat,USPSFirstClass,1,0.0,,,,1,,,ReturnsNotAccepted,,,,,,,,,,,,,,Yes,No,,,,
Revise,Clint_multi_-06-27-26-00001-861149,261328,0,2025-26 Topps SIGNATURE CLASS DYLAN HARPER #AF-2 AFTER IMAGE RC SPURS Rookie,,,4000,No,,,,,,,,,,,,,Excellent,,,,,,,,,,,,,,,,,,,,,,,,,,FixedPriceItem,GTC,5.59,,1,,,ImmediatePayRequired,,United States,,Flat,USPSFirstClass,1,0.0,,,,1,,,ReturnsNotAccepted,,,,,,,,,,,,,,Yes,No,,,,
Revise,Clint_multi_-06-27-26-00003-139647,261328,0,2025 Topps Chrome BRIAN THOMAS JR. #135 Gold GEOMETRIC REF /50 Jaguars Football,,,4000,No,,,,,,,,,,,,,Excellent,,,,,,,,,,,,,,,,,,,,,,,,,,FixedPriceItem,GTC,69.29,,1,,,ImmediatePayRequired,,United States,,Flat,USPSFirstClass,1,0.0,,,,1,,,ReturnsNotAccepted,,,,,,,,,,,,,,Yes,No,,,,
Revise,FB_Drake_Maye_-06-27-26-00008-777299,261328,0,2025 Panini Score DRAKE MAYE #3 THROWBACKS Patriots Football,,,4000,No,,,,,,,,,,,,,Excellent,,,,,,,,,,,,,,,,,,,,,,,,,,FixedPriceItem,GTC,2.99,,1,,,ImmediatePayRequired,,United States,,Flat,USPSFirstClass,1,0.0,,,,1,,,ReturnsNotAccepted,,,,,,,,,,,,,,Yes,No,,,,
Revise,FB_Drake_Maye_-06-27-26-00002-336757,261328,0,2024 Panini ROOKIES & Stars DRAKE MAYE #RR-DME Rookie RUSH RC Patriots Football,,,4000,No,,,,,,,,,,,,,Excellent,,,,,,,,,,,,,,,,,,,,,,,,,,FixedPriceItem,GTC,3.99,,1,,,ImmediatePayRequired,,United States,,Flat,USPSFirstClass,1,0.0,,,,1,,,ReturnsNotAccepted,,,,,,,,,,,,,,Yes,No,,,,
Revise,FB_Drake_Maye_-06-27-26-00001-845762,261328,0,2025 Panini MOSAIC DRAKE MAYE #258 International GAMES Patriots Football,,,4000,No,,,,,,,,,,,,,Excellent,,,,,,,,,,,,,,,,,,,,,,,,,,FixedPriceItem,GTC,2.99,,1,,,ImmediatePayRequired,,United States,,Flat,USPSFirstClass,1,0.0,,,,1,,,ReturnsNotAccepted,,,,,,,,,,,,,,Yes,No,,,,
Revise,FB_Drake_Maye_-06-27-26-00007-724697,261328,0,2025 Panini REVOLUTION DRAKE MAYE #48 Patriots Football,,,4000,No,,,,,,,,,,,,,Excellent,,,,,,,,,,,,,,,,,,,,,,,,,,FixedPriceItem,GTC,2.99,,1,,,ImmediatePayRequired,,United States,,Flat,USPSFirstClass,1,0.0,,,,1,,,ReturnsNotAccepted,,,,,,,,,,,,,,Yes,No,,,,
Revise,FB_Drake_Maye_-06-27-26-00009-025417,261328,0,2024 Panini Select DRAKE MAYE #24 TURBOCHARGED RC Patriots Rookie Football,,,4000,No,,,,,,,,,,,,,Excellent,,,,,,,,,,,,,,,,,,,,,,,,,,FixedPriceItem,GTC,4.49,,1,,,ImmediatePayRequired,,United States,,Flat,USPSFirstClass,1,0.0,,,,1,,,ReturnsNotAccepted,,,,,,,,,,,,,,Yes,No,,,,
Revise,FB_Drake_Maye_-06-27-26-00004-687281,261328,0,2024 Panini Select DRAKE MAYE #27 CONCOURSE RC Patriots Rookie Football,,,4000,No,,,,,,,,,,,,,Excellent,,,,,,,,,,,,,,,,,,,,,,,,,,FixedPriceItem,GTC,2.99,,2,,,ImmediatePayRequired,,United States,,Flat,USPSFirstClass,1,0.0,,,,1,,,ReturnsNotAccepted,,,,,,,,,,,,,,Yes,No,,,,
Revise,FB_Drake_Maye_-06-27-26-00014-036253,261328,0,2024 Panini Absolute DRAKE MAYE #RO-DME ROCK OUT RC Patriots Rookie Football,,,4000,No,,,,,,,,,,,,,Excellent,,,,,,,,,,,,,,,,,,,,,,,,,,FixedPriceItem,GTC,3.99,,1,,,ImmediatePayRequired,,United States,,Flat,USPSFirstClass,1,0.0,,,,1,,,ReturnsNotAccepted,,,,,,,,,,,,,,Yes,No,,,,
Revise,FB_Drake_Maye_-06-27-26-00006-122078,261328,0,2025 Panini REVOLUTION DRAKE MAYE #6 FUTURES Patriots Football,,,4000,No,,,,,,,,,,,,,Excellent,,,,,,,,,,,,,,,,,,,,,,,,,,FixedPriceItem,GTC,2.99,,1,,,ImmediatePayRequired,,United States,,Flat,USPSFirstClass,1,0.0,,,,1,,,ReturnsNotAccepted,,,,,,,,,,,,,,Yes,No,,,,
Revise,FB_Drake_Maye_-06-27-26-00010-959570,261328,0,2024 Panini Select DRAKE MAYE #5 Future RC Patriots Rookie Football,,,4000,No,,,,,,,,,,,,,Excellent,,,,,,,,,,,,,,,,,,,,,,,,,,FixedPriceItem,GTC,4.99,,1,,,ImmediatePayRequired,,United States,,Flat,USPSFirstClass,1,0.0,,,,1,,,ReturnsNotAccepted,,,,,,,,,,,,,,Yes,No,,,,
Revise,FB_Drake_Maye_-06-27-26-00011-880577,261328,0,2024 Panini Absolute DRAKE MAYE #103 Rookies RC Patriots Football,,,4000,No,,,,,,,,,,,,,Excellent,,,,,,,,,,,,,,,,,,,,,,,,,,FixedPriceItem,GTC,3.99,,2,,,ImmediatePayRequired,,United States,,Flat,USPSFirstClass,1,0.0,,,,1,,,ReturnsNotAccepted,,,,,,,,,,,,,,Yes,No,,,,
Revise,FB_Drake_Maye_-06-27-26-00013-856821,261328,0,2024 Topps Chrome DRAKE MAYE #203 RC Patriots Rookie Football,,,4000,No,,,,,,,,,,,,,Excellent,,,,,,,,,,,,,,,,,,,,,,,,,,FixedPriceItem,GTC,5.99,,1,,,ImmediatePayRequired,,United States,,Flat,USPSFirstClass,1,0.0,,,,1,,,ReturnsNotAccepted,,,,,,,,,,,,,,Yes,No,,,,
Revise,Slabs_06-27-26-00001-353751,261328,0,2022 Topps Chrome RONALD ACUNA JR. #165 Blue Wave Refractor /75 Braves PSA 9,,,3000,Yes,,,,,,,,9,,Professional Sports Authenticator (PSA),,,,,,,,,,,,,,,,,,,,,,,,,,,,,FixedPriceItem,GTC,65.00,,1,,,ImmediatePayRequired,,United States,,Flat,USPSFirstClass,1,0.0,,,,1,,,ReturnsNotAccepted,,,,,,,,,,,,,,Yes,No,,,,
Revise,Slabs_06-27-26-00003-826811,261328,0,2024-25 PANINI DONRUSS LIONEL MESSI PITCH KINGS RED ARGENTINA PSA 9,,,3000,Yes,,,,,,,,9,,Professional Sports Authenticator (PSA),,,,,,,,,,,,,,,,,,,,,,,,,,,,,FixedPriceItem,GTC,125.00,,1,,,ImmediatePayRequired,,United States,,Flat,USPSFirstClass,1,0.0,,,,1,,,ReturnsNotAccepted,,,,,,,,,,,,,,Yes,No,,,,
Revise,Slabs_06-27-26-00002-098812,261328,0,2022 Panini Prizm MIKE TROUT #IL-10 ILLUMINATION Blue MOJO /199 Angels PSA 9,,,3000,Yes,,,,,,,,9,,Professional Sports Authenticator (PSA),,,,,,,,,,,,,,,,,,,,,,,,,,,,,FixedPriceItem,GTC,47.99,,1,,,ImmediatePayRequired,,United States,,Flat,USPSFirstClass,1,0.0,,,,1,,,ReturnsNotAccepted,,,,,,,,,,,,,,Yes,No,,,,
Revise,WHATNOT-0003-00032-97661,261328,0,2022 Topps Chrome JUDE BELLINGHAM UEFA CLUB COMPETITIONS #59-5 1959 Topps PSA 10,,,3000,Yes,,,,,,,,10,,Professional Sports Authenticator (PSA),,,,,,,,,,,,,,,,,,,,,,,,,,,,,FixedPriceItem,GTC,155.69,,1,,,ImmediatePayRequired,,United States,,Flat,USPSFirstClass,1,0.0,,,,1,,,ReturnsNotAccepted,,,,,,,,,,,,,,Yes,No,,,,
Revise,Whatnot_08_multi_06-28-26-00004-358593,261328,0,2025 Panini PHOENIX CAM WARD #194 Silver PYRAMIDS Prizm RC Titans Rookie,,,4000,No,,,,,,,,,,,,,Excellent,,,,,,,,,,,,,,,,,,,,,,,,,,FixedPriceItem,GTC,4.49,,1,,,ImmediatePayRequired,,United States,,Flat,USPSFirstClass,1,0.0,,,,1,,,ReturnsNotAccepted,,,,,,,,,,,,,,Yes,No,,,,
Revise,Whatnot_08_multi_06-28-26-00001-595397,261328,0,2026 Topps NOW MUNETAKA MURAKAMI #52 White Sox,,,4000,No,,,,,,,,,,,,,Excellent,,,,,,,,,,,,,,,,,,,,,,,,,,FixedPriceItem,GTC,25.99,,1,,,ImmediatePayRequired,,United States,,Flat,USPSFirstClass,1,0.0,,,,1,,,ReturnsNotAccepted,,,,,,,,,,,,,,Yes,No,,,,
Revise,Whatnot_08_multi_06-28-26-00006-556521,261328,0,2024 WILD Card AUTOMANIA AFB EAGLE TAULIA TAGOVAILOA ROOKIE Auto 1/1 ATLANTA RC,,,4000,No,,,,,,,,,,,,,Excellent,,,,,,,,,,,,,,,,,,,,,,,,,,FixedPriceItem,GTC,25.00,,1,,,ImmediatePayRequired,,United States,,Flat,USPSFirstClass,1,0.0,,,,1,,,ReturnsNotAccepted,,,,,,,,,,,,,,Yes,No,,,,
Revise,Whatnot_08_multi_06-28-26-00005-955149,261328,0,2024 Panini Select PATRICK MAHOMES II #33 CONCOURSE Silver Prizm DIE-CUT Chiefs,,,4000,No,,,,,,,,,,,,,Excellent,,,,,,,,,,,,,,,,,,,,,,,,,,FixedPriceItem,GTC,4.99,,1,,,ImmediatePayRequired,,United States,,Flat,USPSFirstClass,1,0.0,,,,1,,,ReturnsNotAccepted,,,,,,,,,,,,,,Yes,No,,,,
Revise,Whatnot_08_multi_06-28-26-00002-941619,261328,0,2025 Panini PHOENIX TETAIROA MCMILLAN #5 CONTOURS RC Panthers Rookie Football,,,4000,No,,,,,,,,,,,,,Excellent,,,,,,,,,,,,,,,,,,,,,,,,,,FixedPriceItem,GTC,5.99,,1,,,ImmediatePayRequired,,United States,,Flat,USPSFirstClass,1,0.0,,,,1,,,ReturnsNotAccepted,,,,,,,,,,,,,,Yes,No,,,,
Revise,Clint_multi_-06-27-26-00002-036634,261328,0,2025 Topps FINEST TYLER SHOUGH #3 Green Refractor /75 RC Saints Rookie Football,,,4000,No,,,,,,,,,,,,,Excellent,,,,,,,,,,,,,,,,,,,,,,,,,,FixedPriceItem,GTC,65.09,,1,,,ImmediatePayRequired,,United States,,Flat,USPSFirstClass,1,0.0,,,,1,,,ReturnsNotAccepted,,,,,,,,,,,,,,Yes,No,,,,
Revise,BBA-000100-00012-14198,261328,0,2025 Topps Chrome STEPHEN CURRY #SF-1 SLEEK FINISHERS Blue REF /150 Basketball,,,4000,No,,,,,,,,,,,,,Excellent,,,,,,,,,,,,,,,,,,,,,,,,,,FixedPriceItem,GTC,60.99,,1,,,ImmediatePayRequired,,United States,,Flat,USPSFirstClass,1,0.0,,,,1,,,ReturnsNotAccepted,,,,,,,,,,,,,,Yes,No,,,,
Revise,BB_Anthony_Marks_Whatnot_06-30-26-00004-235752,261328,0,2023 Bowman Chrome Sapphire FRANCISCO ALVAREZ #35 Aqua /99 RC Mets Rookie,,,4000,No,,,,,,,,,,,,,Excellent,,,,,,,,,,,,,,,,,,,,,,,,,,FixedPriceItem,GTC,9.99,,1,,,ImmediatePayRequired,,United States,,Flat,USPSFirstClass,1,0.0,,,,1,,,ReturnsNotAccepted,,,,,,,,,,,,,,Yes,No,,,,
Revise,BB_Anthony_Marks_Whatnot_06-30-26-00005-853276,261328,0,2025 Bowman CHARLES MCADOO #BCP-150 Chrome Aqua X-FRACTOR /125 1st Prospect,,,4000,No,,,,,,,,,,,,,Excellent,,,,,,,,,,,,,,,,,,,,,,,,,,FixedPriceItem,GTC,8.00,,1,,,ImmediatePayRequired,,United States,,Flat,USPSFirstClass,1,0.0,,,,1,,,ReturnsNotAccepted,,,,,,,,,,,,,,Yes,No,,,,
Revise,BB_Anthony_Marks_Whatnot_06-30-26-00003-607712,261328,0,2025 Bowman Chrome MARCELO MAYER #39 FUCHSIA Wave REF /299 RC Red Sox Rookie,,,4000,No,,,,,,,,,,,,,Excellent,,,,,,,,,,,,,,,,,,,,,,,,,,FixedPriceItem,GTC,9.99,,1,,,ImmediatePayRequired,,United States,,Flat,USPSFirstClass,1,0.0,,,,1,,,ReturnsNotAccepted,,,,,,,,,,,,,,Yes,No,,,,
Revise,BB_Anthony_Marks_Whatnot_06-30-26-00006-733999,261328,0,2026 Topps Series 1 CAM SCHLITTLER #91R-CSC 1991 Relic RC Yankees Rookie,,,4000,No,,,,,,,,,,,,,Excellent,,,,,,,,,,,,,,,,,,,,,,,,,,FixedPriceItem,GTC,35.29,,1,,,ImmediatePayRequired,,United States,,Flat,USPSFirstClass,1,0.0,,,,1,,,ReturnsNotAccepted,,,,,,,,,,,,,,Yes,No,,,,
Revise,BAS-002269-ng98r,261328,0,2024 Topps NOW BOBBY WITT JR. #778 KANSAS CITY Royals,,,4000,No,,,,,,,,,,,,,Excellent,,,,,,,,,,,,,,,,,,,,,,,,,,FixedPriceItem,GTC,3.99,,1,,,ImmediatePayRequired,,United States,,Flat,USPSFirstClass,1,0.0,,,,1,,,ReturnsNotAccepted,,,,,,,,,,,,,,Yes,No,,,,
Revise,Baseball_-_Rip_-_07-02-26-00001-677212,261328,0,2025 BOWMAN'S BEST LEO DE VRIES #TP-26 Top Prospects Purple LAZER Refractor /250,,,4000,No,,,,,,,,,,,,,Excellent,,,,,,,,,,,,,,,,,,,,,,,,,,FixedPriceItem,GTC,10.89,,1,,,ImmediatePayRequired,,United States,,Flat,USPSFirstClass,1,0.0,,,,1,,,ReturnsNotAccepted,,,,,,,,,,,,,,Yes,No,,,,
Revise,RBBB5-0001-00142-25202,261328,0,2025 Bowman Chrome CRIS RODRIGUEZ #BCP-250 1st Prospect Tigers,,,4000,No,,,,,,,,,,,,,Excellent,,,,,,,,,,,,,,,,,,,,,,,,,,FixedPriceItem,GTC,2.99,,2,,,ImmediatePayRequired,,United States,,Flat,USPSFirstClass,1,0.0,,,,1,,,ReturnsNotAccepted,,,,,,,,,,,,,,Yes,No,,,,
Revise,EBAYRE-0001-00047-00801,261328,0,PETE CROW-ARMSTRONG 2026 Topps Titans Of The GAME #TOG-13 Cubs Baseball MLB,,,4000,No,,,,,,,,,,,,,Excellent,,,,,,,,,,,,,,,,,,,,,,,,,,FixedPriceItem,GTC,1.99,,1,,,ImmediatePayRequired,,United States,,Flat,USPSFirstClass,1,0.0,,,,1,,,ReturnsNotAccepted,,,,,,,,,,,,,,Yes,No,,,,
Revise,BA-000243-rck47,261328,0,PETE CROW-ARMSTRONG 2024 Topps Stars of MLB Chrome #CSMLB-25 Cubs Baseball MLB,,,4000,No,,,,,,,,,,,,,Excellent,,,,,,,,,,,,,,,,,,,,,,,,,,FixedPriceItem,GTC,1.99,,2,,,ImmediatePayRequired,,United States,,Flat,USPSFirstClass,1,0.0,,,,1,,,ReturnsNotAccepted,,,,,,,,,,,,,,Yes,No,,,,
Revise,TY-KS000297-kamrv,261328,0,PETE CROW-ARMSTRONG 2024 Bowman #RI-4 RISING INFERNOS Cubs RC Rookie Baseball,,,4000,No,,,,,,,,,,,,,Excellent,,,,,,,,,,,,,,,,,,,,,,,,,,FixedPriceItem,GTC,10.99,,1,,,ImmediatePayRequired,,United States,,Flat,USPSFirstClass,1,0.0,,,,1,,,ReturnsNotAccepted,,,,,,,,,,,,,,Yes,No,,,,
Revise,BC-000097-rrqk0,261328,0,PETE CROW-ARMSTRONG SEIYA SUZUKI 2026 Topps BFFS #126 Cubs Baseball MLB,,,4000,No,,,,,,,,,,,,,Near mint or better,,,,,,,,,,,,,,,,,,,,,,,,,,FixedPriceItem,GTC,1.99,,1,,,ImmediatePayRequired,,United States,,Flat,USPSFirstClass,1,0.0,,,,1,,,ReturnsNotAccepted,,,,,,,,,,,,,,Yes,No,,,,
Revise,BC-000088-rrqjr,261328,0,PETE CROW-ARMSTRONG 2026 Topps #196 DIAMANTE Foil CHICAGO Cubs Baseball MLB,,,4000,No,,,,,,,,,,,,,Near mint or better,,,,,,,,,,,,,,,,,,,,,,,,,,FixedPriceItem,GTC,2.99,,1,,,ImmediatePayRequired,,United States,,Flat,USPSFirstClass,1,0.0,,,,1,,,ReturnsNotAccepted,,,,,,,,,,,,,,Yes,No,,,,
Revise,BB-Corbin_-07-03-26_$145-00001-960242,261328,0,2025 Bowman Chrome JJ WETHERHOLT #VIP-18 VIP MINI DIAMOND /150 Cardinals RC,,,4000,No,,,,,,,,,,,,,Excellent,,,,,,,,,,,,,,,,,,,,,,,,,,FixedPriceItem,GTC,42.99,,1,,,ImmediatePayRequired,,United States,,Flat,USPSFirstClass,1,0.0,,,,1,,,ReturnsNotAccepted,,,,,,,,,,,,,,Yes,No,,,,
Revise,BB-Corbin_-07-03-26_$145-00002-717337,261328,0,2022 Panini Prizm Draft PICKS JACOB MISIOROWSKI #PDP63 Neon Pink VELOCITY,,,4000,No,,,,,,,,,,,,,Excellent,,,,,,,,,,,,,,,,,,,,,,,,,,FixedPriceItem,GTC,22.99,,1,,,ImmediatePayRequired,,United States,,Flat,USPSFirstClass,1,0.0,,,,1,,,ReturnsNotAccepted,,,,,,,,,,,,,,Yes,No,,,,
Revise,BB-Corbin_-07-03-26_$145-00005-488888,261328,0,2026 Bowman SHOHEI OHTANI #BST-6 STERLING Chrome Dodgers,,,4000,No,,,,,,,,,,,,,Excellent,,,,,,,,,,,,,,,,,,,,,,,,,,FixedPriceItem,GTC,13.99,,1,,,ImmediatePayRequired,,United States,,Flat,USPSFirstClass,1,0.0,,,,1,,,ReturnsNotAccepted,,,,,,,,,,,,,,Yes,No,,,,
Revise,BB-070326-0001-00001-93182,261328,0,2025 Panini Donruss Optic JAXSON DART #273 Rated Rookie Purple SHOCK Prizm,,,4000,No,,,,,,,,,,,,,Excellent,,,,,,,,,,,,,,,,,,,,,,,,,,FixedPriceItem,GTC,14.99,,1,,,ImmediatePayRequired,,United States,,Flat,USPSFirstClass,1,0.0,,,,1,,,ReturnsNotAccepted,,,,,,,,,,,,,,Yes,No,,,,
Revise,BB-070326-0002,261328,0,2020 Topps Chrome Update SHOHEI OHTANI #DNC-18 DECADE'S NEXT Angels,,,4000,No,,,,,,,,,,,,,Excellent,,,,,,,,,,,,,,,,,,,,,,,,,,FixedPriceItem,GTC,24.99,,1,,,ImmediatePayRequired,,United States,,Flat,USPSFirstClass,1,0.0,,,,1,,,ReturnsNotAccepted,,,,,,,,,,,,,,Yes,No,,,,
Revise,BB-070326-0004,261328,0,2025-26 Bowman VICTOR WEMBANYAMA #BCV-143 Chrome MOJO Refractor SPURS,,,4000,No,,,,,,,,,,,,,Excellent,,,,,,,,,,,,,,,,,,,,,,,,,,FixedPriceItem,GTC,23.99,,1,,,ImmediatePayRequired,,United States,,Flat,USPSFirstClass,1,0.0,,,,1,,,ReturnsNotAccepted,,,,,,,,,,,,,,Yes,No,,,,
Revise,BB-070326-0001,261328,0,2024-25 Panini Prizm STEPHEN CURRY #134 Silver Warriors,,,4000,No,,,,,,,,,,,,,Excellent,,,,,,,,,,,,,,,,,,,,,,,,,,FixedPriceItem,GTC,8.99,,1,,,ImmediatePayRequired,,United States,,Flat,USPSFirstClass,1,0.0,,,,1,,,ReturnsNotAccepted,,,,,,,,,,,,,,Yes,No,,,,
Revise,BB-070326-0003,261328,0,2024-25 Topps Chrome VICTOR WEMBANYAMA #193 Pink Refractor SPURS,,,4000,No,,,,,,,,,,,,,Excellent,,,,,,,,,,,,,,,,,,,,,,,,,,FixedPriceItem,GTC,35.99,,1,,,ImmediatePayRequired,,United States,,Flat,USPSFirstClass,1,0.0,,,,1,,,ReturnsNotAccepted,,,,,,,,,,,,,,Yes,No,,,,
Revise,FB-070326-00003-48163,261328,0,2025 Panini PHOENIX JAXSON DART #200 Silver Hyper Prizm RC Giants,,,4000,No,,,,,,,,,,,,,Excellent,,,,,,,,,,,,,,,,,,,,,,,,,,FixedPriceItem,GTC,15.99,,1,,,ImmediatePayRequired,,United States,,Flat,USPSFirstClass,1,0.0,,,,1,,,ReturnsNotAccepted,,,,,,,,,,,,,,Yes,No,,,,
Revise,FB-070326-00005-03642,261328,0,2024 Panini TOTALLY Certified DRAKE MAYE #16 FRANCHISE FOUNDATIONS MIRROR,,,4000,No,,,,,,,,,,,,,Excellent,,,,,,,,,,,,,,,,,,,,,,,,,,FixedPriceItem,GTC,6.99,,1,,,ImmediatePayRequired,,United States,,Flat,USPSFirstClass,1,0.0,,,,1,,,ReturnsNotAccepted,,,,,,,,,,,,,,Yes,No,,,,
Revise,FB-070326-00002-59833,261328,0,2025 Panini Prizm CAM SKATTEBO #363 Green Wave,,,4000,No,,,,,,,,,,,,,Excellent,,,,,,,,,,,,,,,,,,,,,,,,,,FixedPriceItem,GTC,9.99,,1,,,ImmediatePayRequired,,United States,,Flat,USPSFirstClass,1,0.0,,,,1,,,ReturnsNotAccepted,,,,,,,,,,,,,,Yes,No,,,,
Revise,FB-070326-00001-18494,261328,0,2002 Upper Deck HONOR ROLL TOM BRADY #34 Patriots,,,4000,No,,,,,,,,,,,,,Excellent,,,,,,,,,,,,,,,,,,,,,,,,,,FixedPriceItem,GTC,6.99,,1,,,ImmediatePayRequired,,United States,,Flat,USPSFirstClass,1,0.0,,,,1,,,ReturnsNotAccepted,,,,,,,,,,,,,,Yes,No,,,,
Revise,,261328,0,2023 Panini Prizm - ANDY DALTON #38 Pink Prizm,,,4000,No,,,,,,,,,,,,,Excellent,,,,,,,,,,,,,,,,,,,,,,,,,,FixedPriceItem,GTC,1.99,,1,,,ImmediatePayRequired,,United States,,Flat,USPSFirstClass,1,0.0,,,,1,,,ReturnsNotAccepted,,,,,,,,,,,,,,Yes,No,,,,
Revise,Multi-07-07-26-00001-87419,261328,0,2025-26 Bowman COOPER FLAGG #1 RC MAVERICKS,,,4000,No,,,,,,,,,,,,,Excellent,,,,,,,,,,,,,,,,,,,,,,,,,,FixedPriceItem,GTC,4.50,,1,,,ImmediatePayRequired,,United States,,Flat,USPSFirstClass,1,0.0,,,,1,,,ReturnsNotAccepted,,,,,,,,,,,,,,Yes,No,,,,
Revise,Multi-07-07-26-00002-49971,261328,0,2025-26 Topps Flagship #201 COOPER FLAGG RAINBOW Holo Foil Rookie RC,,,4000,No,,,,,,,,,,,,,Excellent,,,,,,,,,,,,,,,,,,,,,,,,,,FixedPriceItem,GTC,75.00,,1,,,ImmediatePayRequired,,United States,,Flat,USPSFirstClass,1,0.0,,,,1,,,ReturnsNotAccepted,,,,,,,,,,,,,,Yes,No,,,,
Revise,Multi-07-07-26-00011-52394,261328,0,2025 Topps Chrome JAHMYR GIBBS #FS-10 Future Stars Refractor SP Lions,,,4000,No,,,,,,,,,,,,,Excellent,,,,,,,,,,,,,,,,,,,,,,,,,,FixedPriceItem,GTC,2.99,,1,,,ImmediatePayRequired,,United States,,Flat,USPSFirstClass,1,0.0,,,,1,,,ReturnsNotAccepted,,,,,,,,,,,,,,Yes,No,,,,
Revise,Multi-07-07-26-00010-04023,261328,0,2026 BOWMAN GAGE JUMP #BCP-15 REPTILIAN GREEN REFRACTOR /99 1ST PROSPECT,,,4000,No,,,,,,,,,,,,,Excellent,,,,,,,,,,,,,,,,,,,,,,,,,,FixedPriceItem,GTC,29.99,,1,,,ImmediatePayRequired,,United States,,Flat,USPSFirstClass,1,0.0,,,,1,,,ReturnsNotAccepted,,,,,,,,,,,,,,Yes,No,,,,
Revise,Multi-07-07-26-00012-78127,261328,0,2025 Topps Chrome TYLER WARREN #346 Rookie Refractor RC Colts,,,4000,No,,,,,,,,,,,,,Excellent,,,,,,,,,,,,,,,,,,,,,,,,,,FixedPriceItem,GTC,2.49,,1,,,ImmediatePayRequired,,United States,,Flat,USPSFirstClass,1,0.0,,,,1,,,ReturnsNotAccepted,,,,,,,,,,,,,,Yes,No,,,,
Revise,Multi-07-07-26-00007-89495,261328,0,2025 TOPPS CHROME DERIK QUEEN #NS-DQ REFRACTOR RC AUTO,,,4000,No,,,,,,,,,,,,,Excellent,,,,,,,,,,,,,,,,,,,,,,,,,,FixedPriceItem,GTC,31.99,,1,,,ImmediatePayRequired,,United States,,Flat,USPSFirstClass,1,0.0,,,,1,,,ReturnsNotAccepted,,,,,,,,,,,,,,Yes,No,,,,
Revise,Multi-07-07-26-00006-36495,261328,0,2025 Topps Cosmic Chrome SHOHEI OHTANI #LS-15 Dodgers,,,4000,No,,,,,,,,,,,,,Excellent,,,,,,,,,,,,,,,,,,,,,,,,,,FixedPriceItem,GTC,44.99,,1,,,ImmediatePayRequired,,United States,,Flat,USPSFirstClass,1,0.0,,,,1,,,ReturnsNotAccepted,,,,,,,,,,,,,,Yes,No,,,,
Revise,Multi-07-07-26-00005-77979,261328,0,2025 BOWMAN COOPER FLAGG #GL-1 REFRACTOR RC,,,4000,No,,,,,,,,,,,,,Excellent,,,,,,,,,,,,,,,,,,,,,,,,,,FixedPriceItem,GTC,23.99,,1,,,ImmediatePayRequired,,United States,,Flat,USPSFirstClass,1,0.0,,,,1,,,ReturnsNotAccepted,,,,,,,,,,,,,,Yes,No,,,,
Revise,Multi-07-07-26-00004-21202,261328,0,2025 Topps Chrome COOPER FLAGG #IP-18 RAYWAVE Refractor RC MAVERICKS,,,4000,No,,,,,,,,,,,,,Excellent,,,,,,,,,,,,,,,,,,,,,,,,,,FixedPriceItem,GTC,21.00,,1,,,ImmediatePayRequired,,United States,,Flat,USPSFirstClass,1,0.0,,,,1,,,ReturnsNotAccepted,,,,,,,,,,,,,,Yes,No,,,,
Revise,WBNA-070826-00019-87085,261328,0,2025 Topps Chrome MCDONALD'S ALL-AMERICAN KEL'EL WARE #96,,,4000,No,,,,,,,,,,,,,Excellent,,,,,,,,,,,,,,,,,,,,,,,,,,FixedPriceItem,GTC,1.00,,1,,,ImmediatePayRequired,,United States,,Flat,USPSFirstClass,1,0.0,,,,1,,,ReturnsNotAccepted,,,,,,,,,,,,,,Yes,No,,,,
Revise,WBNA-070826-00017-46104,261328,0,2025 Topps Chrome MCDONALD'S ALL-AMERICAN JALEN HARALSON #4 RAYWAVE Refractor,,,4000,No,,,,,,,,,,,,,Excellent,,,,,,,,,,,,,,,,,,,,,,,,,,FixedPriceItem,GTC,1.99,,1,,,ImmediatePayRequired,,United States,,Flat,USPSFirstClass,1,0.0,,,,1,,,ReturnsNotAccepted,,,,,,,,,,,,,,Yes,No,,,,
Revise,WBNA-070826-00008-25492,261328,0,2025 Topps Chrome MCDONALD'S ALL-AMERICAN CHRIS CENAC JR. #49,,,4000,No,,,,,,,,,,,,,Excellent,,,,,,,,,,,,,,,,,,,,,,,,,,FixedPriceItem,GTC,1.00,,1,,,ImmediatePayRequired,,United States,,Flat,USPSFirstClass,1,0.0,,,,1,,,ReturnsNotAccepted,,,,,,,,,,,,,,Yes,No,,,,
Revise,WBNA-070826-00007-69189,261328,0,2025 Topps Chrome MCDONALD'S ALL-AMERICAN AL HARRINGTON #79,,,4000,No,,,,,,,,,,,,,Excellent,,,,,,,,,,,,,,,,,,,,,,,,,,FixedPriceItem,GTC,2.99,,1,,,ImmediatePayRequired,,United States,,Flat,USPSFirstClass,1,0.0,,,,1,,,ReturnsNotAccepted,,,,,,,,,,,,,,Yes,No,,,,
Revise,WBNA-070826-00021-53978,261328,0,2025 Topps Chrome MCDONALD'S ALL-AMERICAN TOUNDE YESSOUFOU #15 RAYWAVE Refractor,,,4000,No,,,,,,,,,,,,,Excellent,,,,,,,,,,,,,,,,,,,,,,,,,,FixedPriceItem,GTC,2.99,,1,,,ImmediatePayRequired,,United States,,Flat,USPSFirstClass,1,0.0,,,,1,,,ReturnsNotAccepted,,,,,,,,,,,,,,Yes,No,,,,
Revise,WBNA-070826-00009-75711,261328,0,2025 Topps Chrome MCDONALD'S ALL-AMERICAN JALEN HARALSON #4,,,4000,No,,,,,,,,,,,,,Excellent,,,,,,,,,,,,,,,,,,,,,,,,,,FixedPriceItem,GTC,1.00,,1,,,ImmediatePayRequired,,United States,,Flat,USPSFirstClass,1,0.0,,,,1,,,ReturnsNotAccepted,,,,,,,,,,,,,,Yes,No,,,,
Revise,WBNA-070826-00012-62593,261328,0,2025 Topps Chrome MCDONALD'S ALL-AMERICAN AYLA MCDOWELL #70,,,4000,No,,,,,,,,,,,,,Excellent,,,,,,,,,,,,,,,,,,,,,,,,,,FixedPriceItem,GTC,1.00,,1,,,ImmediatePayRequired,,United States,,Flat,USPSFirstClass,1,0.0,,,,1,,,ReturnsNotAccepted,,,,,,,,,,,,,,Yes,No,,,,
Revise,WBNA-070826-00003-14747,261328,0,2025 Panini WNBA Prizm SOPHIE CUNNINGHAM #63 White SEISMIC FEVER,,,4000,No,,,,,,,,,,,,,Excellent,,,,,,,,,,,,,,,,,,,,,,,,,,FixedPriceItem,GTC,7.00,,1,,,ImmediatePayRequired,,United States,,Flat,USPSFirstClass,1,0.0,,,,1,,,ReturnsNotAccepted,,,,,,,,,,,,,,Yes,No,,,,
Revise,WBNA-070826-00011-01175,261328,0,2025 Topps Chrome MCDONALD'S ALL-AMERICAN HAILEE SWAIN #57 RAYWAVE Refractor,,,4000,No,,,,,,,,,,,,,Excellent,,,,,,,,,,,,,,,,,,,,,,,,,,FixedPriceItem,GTC,1.99,,1,,,ImmediatePayRequired,,United States,,Flat,USPSFirstClass,1,0.0,,,,1,,,ReturnsNotAccepted,,,,,,,,,,,,,,Yes,No,,,,
Revise,WBNA-070826-00006-42909,261328,0,2025 Topps Chrome MCDONALD'S ALL-AMERICAN RON HOLLAND II #88,,,4000,No,,,,,,,,,,,,,Excellent,,,,,,,,,,,,,,,,,,,,,,,,,,FixedPriceItem,GTC,1.99,,1,,,ImmediatePayRequired,,United States,,Flat,USPSFirstClass,1,0.0,,,,1,,,ReturnsNotAccepted,,,,,,,,,,,,,,Yes,No,,,,
Revise,WBNA-070826-00010-86555,261328,0,2025 Topps Chrome MCDONALD'S ALL-AMERICAN ALIYAHNA MORRIS #69,,,4000,No,,,,,,,,,,,,,Excellent,,,,,,,,,,,,,,,,,,,,,,,,,,FixedPriceItem,GTC,1.50,,1,,,ImmediatePayRequired,,United States,,Flat,USPSFirstClass,1,0.0,,,,1,,,ReturnsNotAccepted,,,,,,,,,,,,,,Yes,No,,,,
Revise,WBNA-070826-00018-78061,261328,0,2025 Topps Chrome MCDONALD'S ALL-AMERICAN ALIYAHNA MORRIS #69 RAYWAVE Refractor,,,4000,No,,,,,,,,,,,,,Excellent,,,,,,,,,,,,,,,,,,,,,,,,,,FixedPriceItem,GTC,1.99,,1,,,ImmediatePayRequired,,United States,,Flat,USPSFirstClass,1,0.0,,,,1,,,ReturnsNotAccepted,,,,,,,,,,,,,,Yes,No,,,,
Revise,WBNA-070826-00014-95772,261328,0,2025 Topps Chrome MCDONALD'S ALL-AMERICAN TYRESE MAXEY #80 RAYWAVE Refractor,,,4000,No,,,,,,,,,,,,,Excellent,,,,,,,,,,,,,,,,,,,,,,,,,,FixedPriceItem,GTC,1.50,,1,,,ImmediatePayRequired,,United States,,Flat,USPSFirstClass,1,0.0,,,,1,,,ReturnsNotAccepted,,,,,,,,,,,,,,Yes,No,,,,
Revise,WBNA-070826-00005-92253,261328,0,2025 Topps Chrome MCDONALD'S ALL-AMERICAN QUENTIN GRIMES #90,,,4000,No,,,,,,,,,,,,,Excellent,,,,,,,,,,,,,,,,,,,,,,,,,,FixedPriceItem,GTC,1.49,,2,,,ImmediatePayRequired,,United States,,Flat,USPSFirstClass,1,0.0,,,,1,,,ReturnsNotAccepted,,,,,,,,,,,,,,Yes,No,,,,
Revise,WBNA-070826-00016-23044,261328,0,2025 TOPPS MCDONALD'S ALL-AMERICAN MIA PAULDO #HR-25 BLUE RAYWAVE REFRACTOR,,,4000,No,,,,,,,,,,,,,Excellent,,,,,,,,,,,,,,,,,,,,,,,,,,FixedPriceItem,GTC,2.99,,1,,,ImmediatePayRequired,,United States,,Flat,USPSFirstClass,1,0.0,,,,1,,,ReturnsNotAccepted,,,,,,,,,,,,,,Yes,No,,,,
Revise,WBNA-070826-00020-16160,261328,0,2025 Topps Chrome MCDONALD'S ALL-AMERICAN JALIYA DAVIS #59,,,4000,No,,,,,,,,,,,,,Excellent,,,,,,,,,,,,,,,,,,,,,,,,,,FixedPriceItem,GTC,1.50,,1,,,ImmediatePayRequired,,United States,,Flat,USPSFirstClass,1,0.0,,,,1,,,ReturnsNotAccepted,,,,,,,,,,,,,,Yes,No,,,,
Revise,WBNA-070826-00013-76906,261328,0,2025 TOPPS MCDONALD'S ALL-AMERICAN SHON ABAEV #39 GOLD RAYWAVE REFRACTOR /50,,,4000,No,,,,,,,,,,,,,Excellent,,,,,,,,,,,,,,,,,,,,,,,,,,FixedPriceItem,GTC,9.99,,1,,,ImmediatePayRequired,,United States,,Flat,USPSFirstClass,1,0.0,,,,1,,,ReturnsNotAccepted,,,,,,,,,,,,,,Yes,No,,,,
Revise,WBNA-070826-00001-89215,261328,0,2025 Panini Donruss WNBA SARAH ASHLEE BARKER #100 Rated Rookie RC SPARKS,,,4000,No,,,,,,,,,,,,,Excellent,,,,,,,,,,,,,,,,,,,,,,,,,,FixedPriceItem,GTC,1.50,,2,,,ImmediatePayRequired,,United States,,Flat,USPSFirstClass,1,0.0,,,,1,,,ReturnsNotAccepted,,,,,,,,,,,,,,Yes,No,,,,
Revise,WBNA-070826-00015-54012,261328,0,2025 TOPPS MCDONALD'S ALL-AMERICAN MIKEL BROWN JR. #47 BLUE RAYWAVE REFRACTOR,,,4000,No,,,,,,,,,,,,,Excellent,,,,,,,,,,,,,,,,,,,,,,,,,,FixedPriceItem,GTC,2.99,,1,,,ImmediatePayRequired,,United States,,Flat,USPSFirstClass,1,0.0,,,,1,,,ReturnsNotAccepted,,,,,,,,,,,,,,Yes,No,,,,
Revise,MISC-070826-00004-30890,261328,0,2026 Bowman GAGE JUMP #BP-15 LOGO PATTERN 1st Prospect Athletics,,,4000,No,,,,,,,,,,,,,Excellent,,,,,,,,,,,,,,,,,,,,,,,,,,FixedPriceItem,GTC,29.00,,1,,,ImmediatePayRequired,,United States,,Flat,USPSFirstClass,1,0.0,,,,1,,,ReturnsNotAccepted,,,,,,,,,,,,,,Yes,No,,,,
Revise,MISC-070826-00003-15164,261328,0,2024-25 Panini Select DE'AARON FOX #150 PREMIER LIGHT Blue Prizm /299 SPURS,,,4000,No,,,,,,,,,,,,,Excellent,,,,,,,,,,,,,,,,,,,,,,,,,,FixedPriceItem,GTC,3.99,,1,,,ImmediatePayRequired,,United States,,Flat,USPSFirstClass,1,0.0,,,,1,,,ReturnsNotAccepted,,,,,,,,,,,,,,Yes,No,,,,
Revise,MISC-070826-00001-96668,261328,0,1996-97 Fleer MICHAEL JORDAN #282 Bulls,,,4000,No,,,,,,,,,,,,,Excellent,,,,,,,,,,,,,,,,,,,,,,,,,,FixedPriceItem,GTC,7.50,,1,,,ImmediatePayRequired,,United States,,Flat,USPSFirstClass,1,0.0,,,,1,,,ReturnsNotAccepted,,,,,,,,,,,,,,Yes,No,,,,
Revise,RBBB5-0001-00115-29834,261328,0,2025 BOWMAN'S BEST NICK KURTZ #42 RC Athletics Rookie,,,4000,No,,,,,,,,,,,,,Excellent,,,,,,,,,,,,,,,,,,,,,,,,,,FixedPriceItem,GTC,2.99,,5,,,ImmediatePayRequired,,United States,,Flat,USPSFirstClass,1,0.0,,,,1,,,ReturnsNotAccepted,,,,,,,,,,,,,,Yes,No,,,,
Revise,RBBB5-0001-00059-49897,261328,0,2025 Bowman Draft Sapphire JT QUINN #BDC-85 Chrome 1st Prospect Orioles,,,4000,No,,,,,,,,,,,,,Excellent,,,,,,,,,,,,,,,,,,,,,,,,,,FixedPriceItem,GTC,4.99,,1,,,ImmediatePayRequired,,United States,,Flat,USPSFirstClass,1,0.0,,,,1,,,ReturnsNotAccepted,,,,,,,,,,,,,,Yes,No,,,,
Revise,POOKIEWHT-0001-00005-89326,261328,0,2025 Bowman Draft Sapphire COLIN YEAMAN #BDC-47 Chrome 1st Prospect Orioles,,,4000,No,,,,,,,,,,,,,Excellent,,,,,,,,,,,,,,,,,,,,,,,,,,FixedPriceItem,GTC,2.99,,1,,,ImmediatePayRequired,,United States,,Flat,USPSFirstClass,1,0.0,,,,1,,,ReturnsNotAccepted,,,,,,,,,,,,,,Yes,No,,,,
Revise,MISC-070926-00003-85731,261328,0,2025 Topps SPENCER BIVENS #537 Gold Holo Foil /50 RC Giants,,,4000,No,,,,,,,,,,,,,Excellent,,,,,,,,,,,,,,,,,,,,,,,,,,FixedPriceItem,GTC,12.99,,1,,,ImmediatePayRequired,,United States,,Flat,USPSFirstClass,1,0.0,,,,1,,,ReturnsNotAccepted,,,,,,,,,,,,,,Yes,No,,,,
Revise,BB-071126-00017-05690,261328,0,2025 Bowman Draft JOJO PARKER #BDC-8 Refractor 1st Prospect Blue Jays,,,4000,No,,,,,,,,,,,,,Excellent,,,,,,,,,,,,,,,,,,,,,,,,,,FixedPriceItem,GTC,4.99,,1,,,ImmediatePayRequired,,United States,,Flat,USPSFirstClass,1,0.0,,,,1,,,ReturnsNotAccepted,,,,,,,,,,,,,,Yes,No,,,,
Revise,BB-071126-00013-96877,261328,0,2025 Bowman Draft CHARLES DAVALAN #BDC-96 Refractor 1st Prospect Dodgers,,,4000,No,,,,,,,,,,,,,Excellent,,,,,,,,,,,,,,,,,,,,,,,,,,FixedPriceItem,GTC,2.99,,1,,,ImmediatePayRequired,,United States,,Flat,USPSFirstClass,1,0.0,,,,1,,,ReturnsNotAccepted,,,,,,,,,,,,,,Yes,No,,,,
Revise,BB-071126-00043-77958,261328,0,2025 Bowman Draft JACOB REIMER #BDC-188 Mets,,,4000,No,,,,,,,,,,,,,Excellent,,,,,,,,,,,,,,,,,,,,,,,,,,FixedPriceItem,GTC,1.00,,1,,,ImmediatePayRequired,,United States,,Flat,USPSFirstClass,1,0.0,,,,1,,,ReturnsNotAccepted,,,,,,,,,,,,,,Yes,No,,,,
Revise,BB-071126-00011-34322,261328,0,2025 Bowman Chrome CAM SMITH #AD-18 RC Astros,,,4000,No,,,,,,,,,,,,,Excellent,,,,,,,,,,,,,,,,,,,,,,,,,,FixedPriceItem,GTC,1.99,,1,,,ImmediatePayRequired,,United States,,Flat,USPSFirstClass,1,0.0,,,,1,,,ReturnsNotAccepted,,,,,,,,,,,,,,Yes,No,,,,
Revise,BB-071126-00049-62577,261328,0,2026 Bowman WEI-EN LIN #BCP-125 1st Prospect Athletics,,,4000,No,,,,,,,,,,,,,Excellent,,,,,,,,,,,,,,,,,,,,,,,,,,FixedPriceItem,GTC,1.00,,1,,,ImmediatePayRequired,,United States,,Flat,USPSFirstClass,1,0.0,,,,1,,,ReturnsNotAccepted,,,,,,,,,,,,,,Yes,No,,,,
Revise,BB-071126-00045-41068,261328,0,2026 Bowman DAVID HAGAMAN #BCP-84 1st Prospect Diamondbacks,,,4000,No,,,,,,,,,,,,,Excellent,,,,,,,,,,,,,,,,,,,,,,,,,,FixedPriceItem,GTC,1.99,,1,,,ImmediatePayRequired,,United States,,Flat,USPSFirstClass,1,0.0,,,,1,,,ReturnsNotAccepted,,,,,,,,,,,,,,Yes,No,,,,
Revise,BB-071126-00037-38064,261328,0,2026 Bowman CARLOS VIRAHONDA #BCP-28 1st Prospect Diamondbacks,,,4000,No,,,,,,,,,,,,,Excellent,,,,,,,,,,,,,,,,,,,,,,,,,,FixedPriceItem,GTC,1.50,,1,,,ImmediatePayRequired,,United States,,Flat,USPSFirstClass,1,0.0,,,,1,,,ReturnsNotAccepted,,,,,,,,,,,,,,Yes,No,,,,
Revise,BB-071126-00044-83559,261328,0,2026 Bowman GAGE JUMP #BCP-15 1st Prospect Athletics,,,4000,No,,,,,,,,,,,,,Excellent,,,,,,,,,,,,,,,,,,,,,,,,,,FixedPriceItem,GTC,1.99,,1,,,ImmediatePayRequired,,United States,,Flat,USPSFirstClass,1,0.0,,,,1,,,ReturnsNotAccepted,,,,,,,,,,,,,,Yes,No,,,,
Revise,BB-071126-00001-56500,261328,0,2025 Bowman Draft SPENCER JONES #BDC-9 Yankees,,,4000,No,,,,,,,,,,,,,Excellent,,,,,,,,,,,,,,,,,,,,,,,,,,FixedPriceItem,GTC,2.49,,1,,,ImmediatePayRequired,,United States,,Flat,USPSFirstClass,1,0.0,,,,1,,,ReturnsNotAccepted,,,,,,,,,,,,,,Yes,No,,,,
Revise,BB-071126-00046-63874,261328,0,2026 Bowman BLAKE MITCHELL #BCP-13 Royals,,,4000,No,,,,,,,,,,,,,Excellent,,,,,,,,,,,,,,,,,,,,,,,,,,FixedPriceItem,GTC,1.59,,1,,,ImmediatePayRequired,,United States,,Flat,USPSFirstClass,1,0.0,,,,1,,,ReturnsNotAccepted,,,,,,,,,,,,,,Yes,No,,,,
Revise,BB-071126-00032-67850,261328,0,2026 Bowman RAINIEL RODRIGUEZ #BCP-54 Cardinals,,,4000,No,,,,,,,,,,,,,Excellent,,,,,,,,,,,,,,,,,,,,,,,,,,FixedPriceItem,GTC,1.99,,1,,,ImmediatePayRequired,,United States,,Flat,USPSFirstClass,1,0.0,,,,1,,,ReturnsNotAccepted,,,,,,,,,,,,,,Yes,No,,,,
Revise,BB-071126-00003-08472,261328,0,2025 Bowman Chrome ELIAN DE LA CRUZ #BCP-249 1st Prospect Diamondbacks,,,4000,No,,,,,,,,,,,,,Excellent,,,,,,,,,,,,,,,,,,,,,,,,,,FixedPriceItem,GTC,1.99,,1,,,ImmediatePayRequired,,United States,,Flat,USPSFirstClass,1,0.0,,,,1,,,ReturnsNotAccepted,,,,,,,,,,,,,,Yes,No,,,,
Revise,BB-071126-00031-90269,261328,0,2026 Bowman EDGAR MONTERO #BCP-139 1st Prospect Athletics,,,4000,No,,,,,,,,,,,,,Excellent,,,,,,,,,,,,,,,,,,,,,,,,,,FixedPriceItem,GTC,1.00,,1,,,ImmediatePayRequired,,United States,,Flat,USPSFirstClass,1,0.0,,,,1,,,ReturnsNotAccepted,,,,,,,,,,,,,,Yes,No,,,,
Revise,BB-071126-00026-07979,261328,0,2026 Bowman JASE MITCHELL #BCP-12 1st Prospect Astros,,,4000,No,,,,,,,,,,,,,Excellent,,,,,,,,,,,,,,,,,,,,,,,,,,FixedPriceItem,GTC,1.59,,1,,,ImmediatePayRequired,,United States,,Flat,USPSFirstClass,1,0.0,,,,1,,,ReturnsNotAccepted,,,,,,,,,,,,,,Yes,No,,,,
Revise,BB-071126-00047-94560,261328,0,2026 Bowman KENLY HUNTER #BCP-130 1st Prospect Cardinals,,,4000,No,,,,,,,,,,,,,Excellent,,,,,,,,,,,,,,,,,,,,,,,,,,FixedPriceItem,GTC,1.50,,1,,,ImmediatePayRequired,,United States,,Flat,USPSFirstClass,1,0.0,,,,1,,,ReturnsNotAccepted,,,,,,,,,,,,,,Yes,No,,,,
Revise,BB-071126-00019-15318,261328,0,2025 Bowman Draft ELIAN PENA #BDC-115 Mets,,,4000,No,,,,,,,,,,,,,Excellent,,,,,,,,,,,,,,,,,,,,,,,,,,FixedPriceItem,GTC,1.99,,1,,,ImmediatePayRequired,,United States,,Flat,USPSFirstClass,1,0.0,,,,1,,,ReturnsNotAccepted,,,,,,,,,,,,,,Yes,No,,,,
Revise,BB-071126-00022-47458,261328,0,2026 Bowman ELLY DE LA CRUZ #ES-9 Reds,,,4000,No,,,,,,,,,,,,,Excellent,,,,,,,,,,,,,,,,,,,,,,,,,,FixedPriceItem,GTC,1.99,,1,,,ImmediatePayRequired,,United States,,Flat,USPSFirstClass,1,0.0,,,,1,,,ReturnsNotAccepted,,,,,,,,,,,,,,Yes,No,,,,
Revise,BB-071126-00023-16567,261328,0,2026 Bowman CHASE BURNS #BST-10 RC Reds,,,4000,No,,,,,,,,,,,,,Excellent,,,,,,,,,,,,,,,,,,,,,,,,,,FixedPriceItem,GTC,1.99,,1,,,ImmediatePayRequired,,United States,,Flat,USPSFirstClass,1,0.0,,,,1,,,ReturnsNotAccepted,,,,,,,,,,,,,,Yes,No,,,,
Revise,BB-071126-00012-77966,261328,0,2025 Bowman Draft BRADY EBEL #BDC-194 Refractor 1st Prospect Brewers,,,4000,No,,,,,,,,,,,,,Excellent,,,,,,,,,,,,,,,,,,,,,,,,,,FixedPriceItem,GTC,1.99,,1,,,ImmediatePayRequired,,United States,,Flat,USPSFirstClass,1,0.0,,,,1,,,ReturnsNotAccepted,,,,,,,,,,,,,,Yes,No,,,,
Revise,BB-071126-00020-71864,261328,0,2026 Bowman DANIEL DICKINSON #BCP-50 MINI-DIAMOND Refractor 1st Prospect Brewers,,,4000,No,,,,,,,,,,,,,Excellent,,,,,,,,,,,,,,,,,,,,,,,,,,FixedPriceItem,GTC,2.29,,1,,,ImmediatePayRequired,,United States,,Flat,USPSFirstClass,1,0.0,,,,1,,,ReturnsNotAccepted,,,,,,,,,,,,,,Yes,No,,,,
Revise,BB-071126-00027-63465,261328,0,2026 Bowman ALIMBER SANTA #BCP-30 1st Prospect Astros,,,4000,No,,,,,,,,,,,,,Excellent,,,,,,,,,,,,,,,,,,,,,,,,,,FixedPriceItem,GTC,1.00,,1,,,ImmediatePayRequired,,United States,,Flat,USPSFirstClass,1,0.0,,,,1,,,ReturnsNotAccepted,,,,,,,,,,,,,,Yes,No,,,,
Revise,BB-071126-00002-47431,261328,0,2026 TOPPS COLLECTOR'S KIT EXCLUSIVE RONALD ACUNA JR. RAINBOW FOIL,,,4000,No,,,,,,,,,,,,,Excellent,,,,,,,,,,,,,,,,,,,,,,,,,,FixedPriceItem,GTC,1.99,,1,,,ImmediatePayRequired,,United States,,Flat,USPSFirstClass,1,0.0,,,,1,,,ReturnsNotAccepted,,,,,,,,,,,,,,Yes,No,,,,
Revise,BB-071126-00010-45540,261328,0,2025 Bowman Chrome CAM SMITH #IT-9 RC Astros,,,4000,No,,,,,,,,,,,,,Excellent,,,,,,,,,,,,,,,,,,,,,,,,,,FixedPriceItem,GTC,1.99,,1,,,ImmediatePayRequired,,United States,,Flat,USPSFirstClass,1,0.0,,,,1,,,ReturnsNotAccepted,,,,,,,,,,,,,,Yes,No,,,,
Revise,BB-071126-00042-53219,261328,0,2026 Bowman BRADEN NETT #BCP-137 Athletics,,,4000,No,,,,,,,,,,,,,Excellent,,,,,,,,,,,,,,,,,,,,,,,,,,FixedPriceItem,GTC,1.50,,1,,,ImmediatePayRequired,,United States,,Flat,USPSFirstClass,1,0.0,,,,1,,,ReturnsNotAccepted,,,,,,,,,,,,,,Yes,No,,,,
Revise,BB-071126-00041-55774,261328,0,2025 Bowman Draft CHING-HSIEN KO #BDC-165 Refractor Dodgers,,,4000,No,,,,,,,,,,,,,Excellent,,,,,,,,,,,,,,,,,,,,,,,,,,FixedPriceItem,GTC,1.50,,1,,,ImmediatePayRequired,,United States,,Flat,USPSFirstClass,1,0.0,,,,1,,,ReturnsNotAccepted,,,,,,,,,,,,,,Yes,No,,,,
Revise,BB-071126-00007-90388,261328,0,2025 Topps STADIUM CLUB GUNNAR HENDERSON #96 Orioles,,,4000,No,,,,,,,,,,,,,Excellent,,,,,,,,,,,,,,,,,,,,,,,,,,FixedPriceItem,GTC,1.00,,1,,,ImmediatePayRequired,,United States,,Flat,USPSFirstClass,1,0.0,,,,1,,,ReturnsNotAccepted,,,,,,,,,,,,,,Yes,No,,,,
Revise,BB-071126-00038-90103,261328,0,2026 Bowman JJ WETHERHOLT #BCP-115 Cardinals,,,4000,No,,,,,,,,,,,,,Excellent,,,,,,,,,,,,,,,,,,,,,,,,,,FixedPriceItem,GTC,1.99,,1,,,ImmediatePayRequired,,United States,,Flat,USPSFirstClass,1,0.0,,,,1,,,ReturnsNotAccepted,,,,,,,,,,,,,,Yes,No,,,,
Revise,BB-071126-00024-25503,261328,0,2026 Bowman LUIS PENA #BTP-14 Brewers,,,4000,No,,,,,,,,,,,,,Excellent,,,,,,,,,,,,,,,,,,,,,,,,,,FixedPriceItem,GTC,1.50,,1,,,ImmediatePayRequired,,United States,,Flat,USPSFirstClass,1,0.0,,,,1,,,ReturnsNotAccepted,,,,,,,,,,,,,,Yes,No,,,,
Revise,BB-071126-00039-14293,261328,0,2026 Bowman BRAILYN ANTUNEZ #BCP-41 1st Prospect Brewers,,,4000,No,,,,,,,,,,,,,Excellent,,,,,,,,,,,,,,,,,,,,,,,,,,FixedPriceItem,GTC,2.00,,1,,,ImmediatePayRequired,,United States,,Flat,USPSFirstClass,1,0.0,,,,1,,,ReturnsNotAccepted,,,,,,,,,,,,,,Yes,No,,,,
Revise,BB-071126-00006-33040,261328,0,2025 Bowman Draft Sapphire GAVIN FIEN #BDC-15 1st Prospect Rangers,,,4000,No,,,,,,,,,,,,,Excellent,,,,,,,,,,,,,,,,,,,,,,,,,,FixedPriceItem,GTC,5.50,,1,,,ImmediatePayRequired,,United States,,Flat,USPSFirstClass,1,0.0,,,,1,,,ReturnsNotAccepted,,,,,,,,,,,,,,Yes,No,,,,
Revise,BB-071126-00028-38201,261328,0,2026 Bowman SHOTARO MORII #BCP-48 Athletics,,,4000,No,,,,,,,,,,,,,Excellent,,,,,,,,,,,,,,,,,,,,,,,,,,FixedPriceItem,GTC,1.99,,1,,,ImmediatePayRequired,,United States,,Flat,USPSFirstClass,1,0.0,,,,1,,,ReturnsNotAccepted,,,,,,,,,,,,,,Yes,No,,,,
Revise,BB-071126-00048-04778,261328,0,2026 Bowman XAVIER NEYENS #BCP-133 Astros,,,4000,No,,,,,,,,,,,,,Excellent,,,,,,,,,,,,,,,,,,,,,,,,,,FixedPriceItem,GTC,1.50,,1,,,ImmediatePayRequired,,United States,,Flat,USPSFirstClass,1,0.0,,,,1,,,ReturnsNotAccepted,,,,,,,,,,,,,,Yes,No,,,,
Revise,BB-071126-00005-41724,261328,0,2025 Bowman Draft GEORGE LOMBARD JR. #BDC-43 MOJO Refractor Yankees,,,4000,No,,,,,,,,,,,,,Excellent,,,,,,,,,,,,,,,,,,,,,,,,,,FixedPriceItem,GTC,2.29,,1,,,ImmediatePayRequired,,United States,,Flat,USPSFirstClass,1,0.0,,,,1,,,ReturnsNotAccepted,,,,,,,,,,,,,,Yes,No,,,,
Revise,BB-071126-00040-79409,261328,0,2025 Bowman Chrome ELIAN PENA #BCP-155 1st Prospect Mets,,,4000,No,,,,,,,,,,,,,Excellent,,,,,,,,,,,,,,,,,,,,,,,,,,FixedPriceItem,GTC,1.99,,1,,,ImmediatePayRequired,,United States,,Flat,USPSFirstClass,1,0.0,,,,1,,,ReturnsNotAccepted,,,,,,,,,,,,,,Yes,No,,,,
Revise,BB-071126-00036-28955,261328,0,2026 Bowman YOJANCEL CABRERA #BCP-3 1st Prospect Angels,,,4000,No,,,,,,,,,,,,,Excellent,,,,,,,,,,,,,,,,,,,,,,,,,,FixedPriceItem,GTC,1.00,,1,,,ImmediatePayRequired,,United States,,Flat,USPSFirstClass,1,0.0,,,,1,,,ReturnsNotAccepted,,,,,,,,,,,,,,Yes,No,,,,
Revise,BB-071126-00033-60827,261328,0,2026 Bowman KENDRY CHOURIO #BCP-7 1st Prospect Royals,,,4000,No,,,,,,,,,,,,,Excellent,,,,,,,,,,,,,,,,,,,,,,,,,,FixedPriceItem,GTC,1.99,,1,,,ImmediatePayRequired,,United States,,Flat,USPSFirstClass,1,0.0,,,,1,,,ReturnsNotAccepted,,,,,,,,,,,,,,Yes,No,,,,
Revise,BB-071126-00021-25653,261328,0,2026 Bowman SAL STEWART #UR-11 RC Reds,,,4000,No,,,,,,,,,,,,,Excellent,,,,,,,,,,,,,,,,,,,,,,,,,,FixedPriceItem,GTC,1.99,,1,,,ImmediatePayRequired,,United States,,Flat,USPSFirstClass,1,0.0,,,,1,,,ReturnsNotAccepted,,,,,,,,,,,,,,Yes,No,,,,
Revise,BB-071126-00008-00126,261328,0,2025 Topps STADIUM CLUB DEREK JETER #172 Yankees,,,4000,No,,,,,,,,,,,,,Excellent,,,,,,,,,,,,,,,,,,,,,,,,,,FixedPriceItem,GTC,1.99,,1,,,ImmediatePayRequired,,United States,,Flat,USPSFirstClass,1,0.0,,,,1,,,ReturnsNotAccepted,,,,,,,,,,,,,,Yes,No,,,,
Revise,BB-071126-00009-59661,261328,0,2025 Bowman Draft TANNER FRANKLIN #BDC-90 Refractor 1st Prospect Cardinals,,,4000,No,,,,,,,,,,,,,Excellent,,,,,,,,,,,,,,,,,,,,,,,,,,FixedPriceItem,GTC,1.99,,1,,,ImmediatePayRequired,,United States,,Flat,USPSFirstClass,1,0.0,,,,1,,,ReturnsNotAccepted,,,,,,,,,,,,,,Yes,No,,,,
Revise,BB-071126-00025-81538,261328,0,2026 Bowman EDWARD FLORENTINO #UR-9 Pirates,,,4000,No,,,,,,,,,,,,,Excellent,,,,,,,,,,,,,,,,,,,,,,,,,,FixedPriceItem,GTC,2.29,,1,,,ImmediatePayRequired,,United States,,Flat,USPSFirstClass,1,0.0,,,,1,,,ReturnsNotAccepted,,,,,,,,,,,,,,Yes,No,,,,
Revise,BB-071126-00016-68350,261328,0,2026 Bowman BREYSON GUEDEZ #BCP-32 1st Prospect Athletics,,,4000,No,,,,,,,,,,,,,Excellent,,,,,,,,,,,,,,,,,,,,,,,,,,FixedPriceItem,GTC,1.50,,1,,,ImmediatePayRequired,,United States,,Flat,USPSFirstClass,1,0.0,,,,1,,,ReturnsNotAccepted,,,,,,,,,,,,,,Yes,No,,,,
Revise,BB-071126-00029-00565,261328,0,2026 Bowman LEO DE VRIES #BCP-63 Athletics,,,4000,No,,,,,,,,,,,,,Excellent,,,,,,,,,,,,,,,,,,,,,,,,,,FixedPriceItem,GTC,1.99,,1,,,ImmediatePayRequired,,United States,,Flat,USPSFirstClass,1,0.0,,,,1,,,ReturnsNotAccepted,,,,,,,,,,,,,,Yes,No,,,,
Revise,BB-071126-00030-82354,261328,0,2026 Bowman BREYSON GUEDEZ #BCP-32 1st Prospect Athletics,,,4000,No,,,,,,,,,,,,,Excellent,,,,,,,,,,,,,,,,,,,,,,,,,,FixedPriceItem,GTC,1.50,,1,,,ImmediatePayRequired,,United States,,Flat,USPSFirstClass,1,0.0,,,,1,,,ReturnsNotAccepted,,,,,,,,,,,,,,Yes,No,,,,
Revise,BB-071126-00050-31033,261328,0,2025 Bowman Draft ELIAN PENA #BDC-115 Mets,,,4000,No,,,,,,,,,,,,,Excellent,,,,,,,,,,,,,,,,,,,,,,,,,,FixedPriceItem,GTC,1.00,,1,,,ImmediatePayRequired,,United States,,Flat,USPSFirstClass,1,0.0,,,,1,,,ReturnsNotAccepted,,,,,,,,,,,,,,Yes,No,,,,
Revise,BB-071126-00034-60097,261328,0,2024 Panini Prospect EDITION CARSON BENGE #6 Mets,,,4000,No,,,,,,,,,,,,,Excellent,,,,,,,,,,,,,,,,,,,,,,,,,,FixedPriceItem,GTC,1.99,,1,,,ImmediatePayRequired,,United States,,Flat,USPSFirstClass,1,0.0,,,,1,,,ReturnsNotAccepted,,,,,,,,,,,,,,Yes,No,,,,
Revise,BB-071126-00018-40806,261328,0,2025 BOWMAN'S BEST MAX CLARK #TP-1 Refractor Tigers,,,4000,No,,,,,,,,,,,,,Excellent,,,,,,,,,,,,,,,,,,,,,,,,,,FixedPriceItem,GTC,2.50,,1,,,ImmediatePayRequired,,United States,,Flat,USPSFirstClass,1,0.0,,,,1,,,ReturnsNotAccepted,,,,,,,,,,,,,,Yes,No,,,,
Revise,BB-071126-00015-18649,261328,0,2025 Bowman Draft MASON MORRIS #BDC-66 1st Prospect Reds,,,4000,No,,,,,,,,,,,,,Excellent,,,,,,,,,,,,,,,,,,,,,,,,,,FixedPriceItem,GTC,1.00,,1,,,ImmediatePayRequired,,United States,,Flat,USPSFirstClass,1,0.0,,,,1,,,ReturnsNotAccepted,,,,,,,,,,,,,,Yes,No,,,,
Revise,BB-071126-00004-09019,261328,0,2025 Bowman Draft KAEDEN KENT #BDC-65 Refractor 1st Prospect Yankees,,,4000,No,,,,,,,,,,,,,Excellent,,,,,,,,,,,,,,,,,,,,,,,,,,FixedPriceItem,GTC,2.99,,1,,,ImmediatePayRequired,,United States,,Flat,USPSFirstClass,1,0.0,,,,1,,,ReturnsNotAccepted,,,,,,,,,,,,,,Yes,No,,,,
Revise,BB-071126-00035-77801,261328,0,2026 Bowman DENIEL ORTIZ #BCP-22 1st Prospect Cardinals,,,4000,No,,,,,,,,,,,,,Excellent,,,,,,,,,,,,,,,,,,,,,,,,,,FixedPriceItem,GTC,1.99,,1,,,ImmediatePayRequired,,United States,,Flat,USPSFirstClass,1,0.0,,,,1,,,ReturnsNotAccepted,,,,,,,,,,,,,,Yes,No,,,,
Revise,,261328,0,2020-21 Topps Chrome UEFA CHAMPIONS LEAGUE Sapphire EDITION - IMAGE Variation...,,,3000,Yes,,,,,,,,9,,Professional Sports Authenticator (PSA),,,,,,,,,,,,,,,,,,,,,,,,,,,,,FixedPriceItem,GTC,50.00,,1,,,ImmediatePayRequired,,United States,,Flat,USPSFirstClass,1,0.0,,,,1,,,ReturnsNotAccepted,,,,,,,,,,,,,,Yes,No,,,,
Revise,Girkswhtnot-071226-00003-84049,261328,0,2025 BOWMAN'S BEST TARIK SKUBAL #12 LAZER Refractor /350 Tigers,,,4000,No,,,,,,,,,,,,,Excellent,,,,,,,,,,,,,,,,,,,,,,,,,,FixedPriceItem,GTC,4.50,,1,,,ImmediatePayRequired,,United States,,Flat,USPSFirstClass,1,0.0,,,,1,,,ReturnsNotAccepted,,,,,,,,,,,,,,Yes,No,,,,
Revise,Girkswhtnot-071226-00001-87719,261328,0,2026 Bowman THOMAS WHITE #BCP-80 Aqua X-FRACTOR /125 Marlins,,,4000,No,,,,,,,,,,,,,Excellent,,,,,,,,,,,,,,,,,,,,,,,,,,FixedPriceItem,GTC,6.99,,1,,,ImmediatePayRequired,,United States,,Flat,USPSFirstClass,1,0.0,,,,1,,,ReturnsNotAccepted,,,,,,,,,,,,,,Yes,No,,,,
Revise,Girkswhtnot-071226-00004-18231,261328,0,2026 Panini Donruss BO JACKSON #82 Red /99 Royals,,,4000,No,,,,,,,,,,,,,Excellent,,,,,,,,,,,,,,,,,,,,,,,,,,FixedPriceItem,GTC,8.99,,1,,,ImmediatePayRequired,,United States,,Flat,USPSFirstClass,1,0.0,,,,1,,,ReturnsNotAccepted,,,,,,,,,,,,,,Yes,No,,,,
Revise,Girkswhtnot-071226-00002-20003,261328,0,2026 Topps Series 2 NOLAN MCLEAN #91C2-26 MOJO Refractor RC Mets,,,4000,No,,,,,,,,,,,,,Excellent,,,,,,,,,,,,,,,,,,,,,,,,,,FixedPriceItem,GTC,8.99,,1,,,ImmediatePayRequired,,United States,,Flat,USPSFirstClass,1,0.0,,,,1,,,ReturnsNotAccepted,,,,,,,,,,,,,,Yes,No,,,,
Revise,Misc-071326-00003-68916,261328,0,2025 PANINI NSCC VIP GOLD PACKS KYLIAN MBAPPE,,,4000,No,,,,,,,,,,,,,Excellent,,,,,,,,,,,,,,,,,,,,,,,,,,FixedPriceItem,GTC,3.00,,1,,,ImmediatePayRequired,,United States,,Flat,USPSFirstClass,1,0.0,,,,1,,,ReturnsNotAccepted,,,,,,,,,,,,,,Yes,No,,,,
Revise,Misc-071326-00007-43880,261328,0,2024-25 TOPPS FINEST UEFA CLUB COMPETITIONS JUDE BELLINGHAM REAL MADRID,,,4000,No,,,,,,,,,,,,,Excellent,,,,,,,,,,,,,,,,,,,,,,,,,,FixedPriceItem,GTC,2.00,,1,,,ImmediatePayRequired,,United States,,Flat,USPSFirstClass,1,0.0,,,,1,,,ReturnsNotAccepted,,,,,,,,,,,,,,Yes,No,,,,
Revise,Misc-071326-00005-43472,261328,0,2024 LEAF EXCLUSIVE LEGENDS EDITION LIONEL MESSI ZLATAN IBRAHIMOVIC,,,4000,No,,,,,,,,,,,,,Excellent,,,,,,,,,,,,,,,,,,,,,,,,,,FixedPriceItem,GTC,6.00,,1,,,ImmediatePayRequired,,United States,,Flat,USPSFirstClass,1,0.0,,,,1,,,ReturnsNotAccepted,,,,,,,,,,,,,,Yes,No,,,,
Revise,Misc-071326-00011-24852,261328,0,2019 Topps Chrome LIONEL MESSI Sapphire UEFA CHAMPIONS LEAGUE IMAGE VAR,,,4000,No,,,,,,,,,,,,,Excellent,,,,,,,,,,,,,,,,,,,,,,,,,,FixedPriceItem,GTC,65.00,,1,,,ImmediatePayRequired,,United States,,Flat,USPSFirstClass,1,0.0,,,,1,,,ReturnsNotAccepted,,,,,,,,,,,,,,Yes,No,,,,
Revise,Misc-071326-00001-20823,261328,0,2023-24 PANINI DONRUSS ERLING HAALAND SILVER NORWAY,,,4000,No,,,,,,,,,,,,,Excellent,,,,,,,,,,,,,,,,,,,,,,,,,,FixedPriceItem,GTC,7.00,,1,,,ImmediatePayRequired,,United States,,Flat,USPSFirstClass,1,0.0,,,,1,,,ReturnsNotAccepted,,,,,,,,,,,,,,Yes,No,,,,
Revise,Misc-071326-00010-25062,261328,0,2019 TOPPS CHROME SAPPHIRE CRISTIANO RONALDO UEFA CHAMPIONS LEAGUE IMG VAR,,,4000,No,,,,,,,,,,,,,Excellent,,,,,,,,,,,,,,,,,,,,,,,,,,FixedPriceItem,GTC,60.00,,1,,,ImmediatePayRequired,,United States,,Flat,USPSFirstClass,1,0.0,,,,1,,,ReturnsNotAccepted,,,,,,,,,,,,,,Yes,No,,,,
Revise,Misc-071326-00012-50151,261328,0,2026 BOWMAN DAVID SHIELDS #CPA-DSH HTA CHOICE REFRACTOR /150 1ST PROSPECT AUTO,,,4000,No,,,,,,,,,,,,,Excellent,,,,,,,,,,,,,,,,,,,,,,,,,,FixedPriceItem,GTC,70.00,,1,,,ImmediatePayRequired,,United States,,Flat,USPSFirstClass,1,0.0,,,,1,,,ReturnsNotAccepted,,,,,,,,,,,,,,Yes,No,,,,
Revise,Misc-071326-00002-51370,261328,0,2023-24 PANINI DONRUSS ERLING HAALAND SILVER MAN CITY,,,4000,No,,,,,,,,,,,,,Excellent,,,,,,,,,,,,,,,,,,,,,,,,,,FixedPriceItem,GTC,5.00,,1,,,ImmediatePayRequired,,United States,,Flat,USPSFirstClass,1,0.0,,,,1,,,ReturnsNotAccepted,,,,,,,,,,,,,,Yes,No,,,,
Revise,Misc-071326-00008-94192,261328,0,2025-26 TOPPSLAMINE YAMAL FC BARCELONA TEAM SET Blue RAINBOW Foil /150,,,4000,No,,,,,,,,,,,,,Excellent,,,,,,,,,,,,,,,,,,,,,,,,,,FixedPriceItem,GTC,50.00,,1,,,ImmediatePayRequired,,United States,,Flat,USPSFirstClass,1,0.0,,,,1,,,ReturnsNotAccepted,,,,,,,,,,,,,,Yes,No,,,,
Revise,Whatnot-071426-00007-17739,261328,0,2026 Bowman THOMAS WHITE #BCP-80 SPECKLE Refractor /299 Marlins,,,4000,No,,,,,,,,,,,,,Excellent,,,,,,,,,,,,,,,,,,,,,,,,,,FixedPriceItem,GTC,7.99,,1,,,ImmediatePayRequired,,United States,,Flat,USPSFirstClass,1,0.0,,,,1,,,ReturnsNotAccepted,,,,,,,,,,,,,,Yes,No,,,,
Revise,Whatnot-071426-00008-16066,261328,0,2022 Bowman ELLY DE LA CRUZ #BCP-50 1st Prospect Reds PSA 9,,,3000,Yes,,,,,,,,9,,Professional Sports Authenticator (PSA),,,,,,,,,,,,,,,,,,,,,,,,,,,,,FixedPriceItem,GTC,35.00,,1,,,ImmediatePayRequired,,United States,,Flat,USPSFirstClass,1,0.0,,,,1,,,ReturnsNotAccepted,,,,,,,,,,,,,,Yes,No,,,,
Revise,Whatnot-071426-00004-92045,261328,0,2025 Panini Mosaic JAXSON DART #288 Rookie Variation RC Giants,,,4000,No,,,,,,,,,,,,,Excellent,,,,,,,,,,,,,,,,,,,,,,,,,,FixedPriceItem,GTC,2.49,,1,,,ImmediatePayRequired,,United States,,Flat,USPSFirstClass,1,0.0,,,,1,,,ReturnsNotAccepted,,,,,,,,,,,,,,Yes,No,,,,
Revise,Whatnot-071426-00003-69347,261328,0,2024 Bowman ETHAN SALAS #BCP-102 MINI DIAMOND Refractor Padres,,,4000,No,,,,,,,,,,,,,Excellent,,,,,,,,,,,,,,,,,,,,,,,,,,FixedPriceItem,GTC,4.99,,1,,,ImmediatePayRequired,,United States,,Flat,USPSFirstClass,1,0.0,,,,1,,,ReturnsNotAccepted,,,,,,,,,,,,,,Yes,No,,,,
Revise,Whatnot-071426-00005-74858,261328,0,2025 Panini Prizm TYLER WARREN #417 Rookie VARIATIONS Silver Colts,,,4000,No,,,,,,,,,,,,,Excellent,,,,,,,,,,,,,,,,,,,,,,,,,,FixedPriceItem,GTC,4.99,,1,,,ImmediatePayRequired,,United States,,Flat,USPSFirstClass,1,0.0,,,,1,,,ReturnsNotAccepted,,,,,,,,,,,,,,Yes,No,,,,
Revise,Whatnot-071426-00006-70611,261328,0,2025 Bowman HYUN-SEOK JANG #BCP-51 REPTILIAN Refractor 1st Prospect Dodgers,,,4000,No,,,,,,,,,,,,,Excellent,,,,,,,,,,,,,,,,,,,,,,,,,,FixedPriceItem,GTC,2.99,,1,,,ImmediatePayRequired,,United States,,Flat,USPSFirstClass,1,0.0,,,,1,,,ReturnsNotAccepted,,,,,,,,,,,,,,Yes,No,,,,
Revise,Whatnot-071426-00001-66175,261328,0,2025-26 Topps Chrome TYLER HERRO #188 NEGATIVE Refractor Heat,,,4000,No,,,,,,,,,,,,,Excellent,,,,,,,,,,,,,,,,,,,,,,,,,,FixedPriceItem,GTC,3.99,,1,,,ImmediatePayRequired,,United States,,Flat,USPSFirstClass,1,0.0,,,,1,,,ReturnsNotAccepted,,,,,,,,,,,,,,Yes,No,,,,
Revise,Whatnot-071426-00002-18039,261328,0,2025 Panini Prizm Draft PICKS CAM SKATTEBO #9 Gold Ice RC SUN DEVILS,,,4000,No,,,,,,,,,,,,,Excellent,,,,,,,,,,,,,,,,,,,,,,,,,,FixedPriceItem,GTC,4.99,,1,,,ImmediatePayRequired,,United States,,Flat,USPSFirstClass,1,0.0,,,,1,,,ReturnsNotAccepted,,,,,,,,,,,,,,Yes,No,,,,
Revise,RBM-0002-00051-74105,261328,0,2025 BOWMAN'S BEST NICK KURTZ #42 Refractor RC Athletics Rookie,,,4000,No,,,,,,,,,,,,,Excellent,,,,,,,,,,,,,,,,,,,,,,,,,,FixedPriceItem,GTC,4.50,,3,,,ImmediatePayRequired,,United States,,Flat,USPSFirstClass,1,0.0,,,,1,,,ReturnsNotAccepted,,,,,,,,,,,,,,Yes,No,,,,
Revise,BAS-002326-o0kjs,261328,0,2025 Bowman Chrome - METEORIC RISE JESUS MADE #MR-3 MILWAUKEE Brewers,,,4000,No,,,,,,,,,,,,,Excellent,,,,,,,,,,,,,,,,,,,,,,,,,,FixedPriceItem,GTC,2.99,,1,,,ImmediatePayRequired,,United States,,Flat,USPSFirstClass,1,0.0,,,,1,,,ReturnsNotAccepted,,,,,,,,,,,,,,Yes,No,,,,
Revise,Misc-071726-00004-16432,261328,0,2025 Topps FINEST CONNOR NORBY #RAJR-CN /299 MEM RC Auto Marlins,,,4000,No,,,,,,,,,,,,,Excellent,,,,,,,,,,,,,,,,,,,,,,,,,,FixedPriceItem,GTC,9.99,,1,,,ImmediatePayRequired,,United States,,Flat,USPSFirstClass,1,0.0,,,,1,,,ReturnsNotAccepted,,,,,,,,,,,,,,Yes,No,,,,
Revise,Misc-071726-00002-91937,261328,0,2021 PANINI NATIONAL TREASURES CADE CUNNINGHAM #RMR-CCM MATERIALS /99 MEM RC,,,4000,No,,,,,,,,,,,,,Excellent,,,,,,,,,,,,,,,,,,,,,,,,,,FixedPriceItem,GTC,110.00,,1,,,ImmediatePayRequired,,United States,,Flat,USPSFirstClass,1,0.0,,,,1,,,ReturnsNotAccepted,,,,,,,,,,,,,,Yes,No,,,,
Revise,Misc-071726-00003-48557,261328,0,2025 Bowman Draft ELI WILLITS #BDC-1 Refractor 1st Prospect Nationals,,,4000,No,,,,,,,,,,,,,Excellent,,,,,,,,,,,,,,,,,,,,,,,,,,FixedPriceItem,GTC,15.50,,1,,,ImmediatePayRequired,,United States,,Flat,USPSFirstClass,1,0.0,,,,1,,,ReturnsNotAccepted,,,,,,,,,,,,,,Yes,No,,,,
Revise,Misc-071726-00002-95708,261328,0,2025-26 Topps COOPER FLAGG #201 RC MAVERICKS ROY,,,4000,No,,,,,,,,,,,,,Excellent,,,,,,,,,,,,,,,,,,,,,,,,,,FixedPriceItem,GTC,6.99,,1,,,ImmediatePayRequired,,United States,,Flat,USPSFirstClass,1,0.0,,,,1,,,ReturnsNotAccepted,,,,,,,,,,,,,,Yes,No,,,,
Revise,Misc-071726-00001-44008,261328,0,2022 Panini Prizm SAQUON BARKLEY #218 Purple /125 Giants,,,4000,No,,,,,,,,,,,,,Excellent,,,,,,,,,,,,,,,,,,,,,,,,,,FixedPriceItem,GTC,8.00,,1,,,ImmediatePayRequired,,United States,,Flat,USPSFirstClass,1,0.0,,,,1,,,ReturnsNotAccepted,,,,,,,,,,,,,,Yes,No,,,,
Revise,Misc-071726-00006-19302,261328,0,2026 Topps PERENNIAL ALL-STARS SHOHEI OHTANI PAS-9 LOS ANGELES Dodgers,,,4000,No,,,,,,,,,,,,,Excellent,,,,,,,,,,,,,,,,,,,,,,,,,,FixedPriceItem,GTC,2.69,,1,,,ImmediatePayRequired,,United States,,Flat,USPSFirstClass,1,0.0,,,,1,,,ReturnsNotAccepted,,,,,,,,,,,,,,Yes,No,,,,
Revise,Misc-071726-00004-28301,261328,0,2023 Bowman Draft JACOB WILSON #CDA-JWI 1st Prospect Auto Athletics,,,4000,No,,,,,,,,,,,,,Excellent,,,,,,,,,,,,,,,,,,,,,,,,,,FixedPriceItem,GTC,115.00,,1,,,ImmediatePayRequired,,United States,,Flat,USPSFirstClass,1,0.0,,,,1,,,ReturnsNotAccepted,,,,,,,,,,,,,,Yes,No,,,,
Revise,Misc-071726-00005-14855,261328,0,2026 Topps Series 1 SHOHEI OHTANI 8-Bit BALLERS #8B-7 Dodgers,,,4000,No,,,,,,,,,,,,,Excellent,,,,,,,,,,,,,,,,,,,,,,,,,,FixedPriceItem,GTC,7.50,,1,,,ImmediatePayRequired,,United States,,Flat,USPSFirstClass,1,0.0,,,,1,,,ReturnsNotAccepted,,,,,,,,,,,,,,Yes,No,,,,
Revise,BBB-000098-trw87,261328,0,2025 Bowman Chrome BLAKE SNELL #31 PULSAR LOS ANGELES Dodgers #/399,,,4000,No,,,,,,,,,,,,,Near mint or better,,,,,,,,,,,,,,,,,,,,,,,,,,FixedPriceItem,GTC,4.49,,1,,,ImmediatePayRequired,,United States,,Flat,USPSFirstClass,1,0.0,,,,1,,,ReturnsNotAccepted,,,,,,,,,,,,,,Yes,No,,,,
Revise,Whatnot_06_-_06-18-26-00023-068127,261328,0,2023 Topps Chrome MERLIN UEFA CLUB LAMINE YAMAL #MC-1 MERLIN'S CHOSEN ONE RC,,,4000,No,,,,,,,,,,,,,Excellent,,,,,,,,,,,,,,,,,,,,,,,,,,FixedPriceItem,GTC,39.99,,1,,,ImmediatePayRequired,,United States,,Flat,USPSFirstClass,1,0.0,,,,1,,,ReturnsNotAccepted,,,,,,,,,,,,,,Yes,No,,,,
Revise,,261328,0,Leaf EXCLUSIVE LEGENDS DOUBLE LAMINE YAMAL LIONEL MESSI SERIAL #7/20 SSP Soccer,,,3000,Yes,,,,,,,,10,,Other,,,,,,,,,,,,,,,,,,,,,,,,,,,,,FixedPriceItem,GTC,126.59,,1,,,ImmediatePayRequired,,United States,,Flat,USPSFirstClass,1,0.0,,,,1,,,ReturnsNotAccepted,,,,,,,,,,,,,,Yes,No,,,,
Revise,Misc-071326-00004-30495,261328,0,2026 PANINI LAMINE YAMAL PRIZM WORLD CUP NEW ERA WAVE SPAIN,,,4000,No,,,,,,,,,,,,,Excellent,,,,,,,,,,,,,,,,,,,,,,,,,,FixedPriceItem,GTC,35.00,,1,,,ImmediatePayRequired,,United States,,Flat,USPSFirstClass,1,0.0,,,,1,,,ReturnsNotAccepted,,,,,,,,,,,,,,Yes,No,,,,
