Batch,Item number,SKU,Title,Current price,TCP price,Change $,Change %,Direction,Confidence,Reason held,Matched to
batch01,227429830617,Misc-071326-00003-68916,2025 PANINI NSCC VIP GOLD PACKS KYLIAN MBAPPE,4.49,4.79,+0.30,+6.7%,UP,70%,Conf 70%<85%,
batch01,227429830661,Misc-071326-00007-43880,2024-25 TOPPS FINEST UEFA CLUB COMPETITIONS JUDE BELLINGHAM REAL MADRID,2.00,2.09,+0.09,+4.5%,UP,66%,Conf 66%<85%,
batch01,227429830702,Misc-071326-00005-43472,2024 LEAF EXCLUSIVE LEGENDS EDITION LIONEL MESSI ZLATAN IBRAHIMOVIC,6.00,6.19,+0.19,+3.2%,UP,84%,Conf 84%<85%,
batch01,227431508947,Whatnot-071426-00004-92045,2025 Panini Mosaic JAXSON DART #288 Rookie Variation RC Giants,2.49,1.99,-0.50,-20.1%,DOWN,87%,Chg -20.1%>20%,
batch01,227431508954,Whatnot-071426-00003-69347,2024 Bowman ETHAN SALAS #BCP-102 Mini Diamond Refractor Padres,2.79,2.69,-0.10,-3.6%,DOWN,69%,Conf 69%<85%,
batch01,227431509044,Whatnot-071426-00001-66175,2025-26 Topps Chrome TYLER HERRO #188 Negative Refractor Heat,3.99,5.29,+1.30,+32.6%,UP,100%,Chg +32.6%>20%,
batch01,227440131015,FB-1472-i7a6q,2024 Donruss Optic JALEN CARTER #163 One Hundred 💯 Emoji Eagles Football,34.19,42.09,+7.90,+23.1%,UP,100%,Chg +23.1%>20%,
batch01,227440132593,CDP-32D2EDB,2022-23 Panini Obsidian GAVI Atomic Red Electric Etch Patch Swatch /44 Barcelona,38.19,45.99,+7.80,+20.4%,UP,100%,Chg +20.4%>20%,
batch01,227448634921,EBAY-0002-00008-94704,2025 Bowman's Best NICK KURTZ #BS-2 Showpieces RC Athletics Rookie,6.59,6.89,+0.30,+4.6%,UP,72%,Conf 72%<85%,
batch01,227448957748,FEARWHT-072626-00003-79806,2026 Bowman Sapphire BRADEN MONTGOMERY #BCP-53 White Sox,2.99,3.69,+0.70,+23.4%,UP,85%,Chg +23.4%>20%,
batch01,227448957770,FEARWHT-072626-00002-41881,2026 Bowman Sapphire BLAKE MITCHELL #BCP-13 Royals,2.99,2.39,-0.60,-20.1%,DOWN,85%,Chg -20.1%>20%,
batch01,227448957788,FEARWHT-072626-00006-22538,2026 Bowman Sapphire CRISTOPHER POLANCO #BCP-34 Blue Jays,1.99,2.89,+0.90,+45.2%,UP,100%,Chg +45.2%>20%,
batch01,227448957791,FEARWHT-072626-00005-24561,2023 Bowman Draft Sapphire DREW GILBERT #BCP-16 1st Prospect Astros,3.99,4.79,+0.80,+20.1%,UP,100%,Chg +20.1%>20%,
batch01,227448957794,FEARWHT-072626-00001-50625,2026 Bowman Sapphire JOSH OWENS #BCP-62 Rangers,7.99,2.89,-5.10,-63.8%,DOWN,72%,Conf 72%<85% | Chg -63.8%>20%,
batch01,227449022869,KKCWHT-072526-00004-23393,2025 Panini Prizm Draft Picks ARCH MANNING #166 Green Rated Prospect Longhorns,30.19,38.19,+8.00,+26.5%,UP,100%,Chg +26.5%>20%,
batch01,227449170124,KKCWHT-072626-00006-71402,2025 Panini Donruss Optic OMARION HAMPTON #212 Rated Rookie Chargers,1.59,1.99,+0.40,+25.2%,UP,89%,Chg +25.2%>20%,
batch01,227449170125,KKCWHT-072626-00002-64119,2025 Panini Donruss Optic CHRISTIAN MCCAFFREY #20 Play Action 49ers,2.49,1.99,-0.50,-20.1%,DOWN,86%,Chg -20.1%>20%,
batch01,227449170128,KKCWHT-072626-00009-16446,2025 Panini Donruss Optic QUINSHON JUDKINS #252 Rated Rookie Browns,1.50,1.99,+0.49,+32.7%,UP,85%,Chg +32.7%>20%,
batch01,227449170130,KKCWHT-072626-00003-11411,2025 Panini Donruss Optic JACK SAWYER #220 Rated Rookie Steelers,2.49,1.99,-0.50,-20.1%,DOWN,85%,Chg -20.1%>20%,
batch01,227449170131,KKCWHT-072626-00005-05359,2025 Panini Donruss Optic JALEN MILROE #253 Rated Rookie Seahawks,1.59,1.99,+0.40,+25.2%,UP,64%,Conf 64%<85% | Chg +25.2%>20%,
batch01,227449170132,KKCWHT-072626-00008-59423,2025 Panini Donruss Optic COLSTON LOVELAND #204 Rated Rookie Bears,2.49,1.99,-0.50,-20.1%,DOWN,87%,Chg -20.1%>20%,
batch01,227449170133,KKCWHT-072626-00007-77081,2025 Panini Donruss Optic ABDUL CARTER #300 Rated Rookie Giants,2.49,1.99,-0.50,-20.1%,DOWN,85%,Chg -20.1%>20%,
batch01,227449170157,KKCWHT-072626-00001-84891,2025 Panini Donruss Optic MALIK NABERS #2 Chain Reaction Giants,1.50,1.99,+0.49,+32.7%,UP,68%,Conf 68%<85% | Chg +32.7%>20%,
batch01,227455465139,RBLOT-073026-00008-22021,2026 Bowman Mega Box SAL STEWART #6 Mojo Refractor RC Reds,3.49,1.99,-1.50,-43.0%,DOWN,80%,Conf 80%<85% | Chg -43.0%>20%,
batch01,227455465223,RBLOT-073026-00010-30202,2025 Topps Inception CARLOS NARVAEZ #77 Green RC Red Sox,3.39,2.69,-0.70,-20.6%,DOWN,86%,Chg -20.6%>20%,
batch01,227455465228,RBLOT-073026-00022-46528,2026 Bowman Mega Box MUNETAKA MURAKAMI #9 Mojo Refractor RC White Sox,10.99,8.69,-2.30,-20.9%,DOWN,90%,Chg -20.9%>20%,
batch01,227455465304,RBLOT-073026-00014-70192,2026 Bowman Mega Box CHASE BURNS #3 Mojo Refractor RC Reds,3.99,1.99,-2.00,-50.1%,DOWN,86%,Chg -50.1%>20%,
batch01,227455465381,RBLOT-073026-00020-99749,2026 Bowman ERIC HARTMAN #BCP-102 X-Fractor 1st Prospect Braves,13.99,11.59,-2.40,-17.2%,DOWN,68%,Conf 68%<85%,
batch01,227455465472,RBLOT-073026-00001-15056,2026 Bowman JACOB MISIOROWSKI #BST-13 RC Brewers,4.79,4.19,-0.60,-12.5%,DOWN,84%,Conf 84%<85%,
batch01,227455465500,RBLOT-073026-00012-96963,2026 Bowman Mega Box ROMAN ANTHONY #BST-12 Mojo Refractor Red Sox,2.49,3.19,+0.70,+28.1%,UP,64%,Conf 64%<85% | Chg +28.1%>20%,
batch01,227455465588,RBLOT-073026-00003-62471,2025 Topps Inception MICK ABEL #75 RC Twins,2.49,1.99,-0.50,-20.1%,DOWN,87%,Chg -20.1%>20%,
batch01,227455465601,RBLOT-073026-00018-78598,2026 Bowman Mega Box JACOB MISIOROWSKI #35 Mojo Refractor RC Brewers,9.99,6.59,-3.40,-34.0%,DOWN,89%,Chg -34.0%>20%,
batch01,227455465619,RBLOT-073026-00011-25725,2026 Bowman Mega Box CHASE BURNS #BST-10 Mojo Refractor Reds,2.49,2.19,-0.30,-12.0%,DOWN,68%,Conf 68%<85%,
batch01,227455465805,RBLOT-073026-00015-33913,2026 Bowman DANIEL PIERCE #BP-77 Sky Blue Border /499 1st Prospect Rays,10.99,6.19,-4.80,-43.7%,DOWN,88%,Chg -43.7%>20%,
batch01,227455465869,RBLOT-073026-00013-69829,2026 Bowman Mega Box KEVIN MCGONIGLE #BCP-145 Mojo Refractor Tigers,2.89,3.29,+0.40,+13.8%,UP,68%,Conf 68%<85%,
batch01,227455555845,SocBox-073026-00024-94572,2026 PANINI PRIZM WORLD CUP KHOZHIAKBAR ALIZHONOV WAVE UZBEKISTAN NT,2.49,3.39,+0.90,+36.1%,UP,100%,Chg +36.1%>20%,
batch01,227455555946,SocBox-073026-00025-65195,2026 PANINI PRIZM WORLD CUP MALICK FOFANA FLUORESCENT BLUE WAVE /225 BELGIUM,2.49,3.39,+0.90,+36.1%,UP,100%,Chg +36.1%>20%,
batch01,227455555950,SocBox-073026-00020-09020,2026 PANINI PRIZM WORLD CUP TAJON BUCHANAN WAVE CANADA,2.49,1.99,-0.50,-20.1%,DOWN,72%,Conf 72%<85% | Chg -20.1%>20%,
batch01,227455556021,SocBox-073026-00027-46462,2026 PANINI PRIZM WORLD CUP AYOUB EL KAABI WAVE RC MOROCCO,2.49,1.99,-0.50,-20.1%,DOWN,83%,Conf 83%<85% | Chg -20.1%>20%,
batch01,227455556079,SocBox-073026-00004-53822,2026 PANINI PRIZM WORLD CUP MARCUS RASHFORD SCORERS CLUB ENGLAND,2.49,1.99,-0.50,-20.1%,DOWN,79%,Conf 79%<85% | Chg -20.1%>20%,
batch01,227455556088,SocBox-073026-00005-72185,2026 PANINI PRIZM WORLD CUP LUKA VUSKOVIC WAVE RC CROATIA,2.49,2.69,+0.20,+8.0%,UP,84%,Conf 84%<85%,
batch01,227455556117,SocBox-073026-00014-00661,2026 PANINI PRIZM WORLD CUP KEVIN PINA WAVE CPV,2.49,3.39,+0.90,+36.1%,UP,100%,Chg +36.1%>20%,
batch01,227455556172,SocBox-073026-00011-66305,2026 PANINI PRIZM WORLD CUP PAU CUBARSI NEW ERA SPAIN,2.49,1.99,-0.50,-20.1%,DOWN,87%,Chg -20.1%>20%,
batch01,227455556218,SocBox-073026-00021-70734,2026 PANINI PRIZM WORLD CUP KYLIAN MBAPPE WAVE FRANCE,9.99,3.19,-6.80,-68.1%,DOWN,68%,Conf 68%<85% | Chg -68.1%>20%,
batch01,227455556231,SocBox-073026-00016-26893,2026 PANINI PRIZM WORLD CUP PELE BRAZIL,2.49,1.99,-0.50,-20.1%,DOWN,63%,Conf 63%<85% | Chg -20.1%>20%,
batch01,227455556238,SocBox-073026-00009-98120,2026 PANINI PRIZM WORLD CUP MUSAB AL-JUWAYR WAVE SAUDI ARABIA NT,2.49,3.39,+0.90,+36.1%,UP,100%,Chg +36.1%>20%,
batch01,227455556320,SocBox-073026-00010-44772,2026 PANINI PRIZM WORLD CUP GABRIEL MARTINELLI PHENOMENON SILVER BRAZIL,2.49,1.99,-0.50,-20.1%,DOWN,87%,Chg -20.1%>20%,
batch01,227455556366,SocBox-073026-00008-01825,2026 PANINI PRIZM WORLD CUP MATHEW RYAN TROPHY HUNTING WAVE AUSTRALIA,2.49,1.99,-0.50,-20.1%,DOWN,77%,Conf 77%<85% | Chg -20.1%>20%,
batch01,227455556373,SocBox-073026-00022-91273,2026 PANINI PRIZM WORLD CUP DEAN HUIJSEN WAVE SPAIN,2.49,1.99,-0.50,-20.1%,DOWN,67%,Conf 67%<85% | Chg -20.1%>20%,
batch01,227455556388,SocBox-073026-00026-28557,2026 PANINI PRIZM WORLD CUP VIRGIL VAN DIJK TROPHY HUNTING SILVER NETHERLANDS,2.49,1.99,-0.50,-20.1%,DOWN,86%,Chg -20.1%>20%,
batch01,227455556401,SocBox-073026-00015-91870,2026 PANINI PRIZM WORLD CUP ALESSANDRO CIRCATI WAVE AUSTRALIA,3.99,1.99,-2.00,-50.1%,DOWN,85%,Chg -50.1%>20%,
batch01,227455556404,SocBox-073026-00023-87042,2026 PANINI PRIZM WORLD CUP EMMANUEL EMEGHA NEW ERA NETHERLANDS,4.00,1.99,-2.01,-50.2%,DOWN,86%,Chg -50.2%>20%,
batch01,227455556420,SocBox-073026-00018-31509,2026 PANINI PRIZM WORLD CUP IBRAHIM MAZA NEW ERA WAVE ALGERIA,5.99,2.69,-3.30,-55.1%,DOWN,67%,Conf 67%<85% | Chg -55.1%>20%,
batch01,227455556439,SocBox-073026-00003-17039,2026 PANINI PRIZM WORLD CUP LIBERATO CACACE WAVE NZL NT,2.49,3.39,+0.90,+36.1%,UP,100%,Chg +36.1%>20%,
batch01,227455556446,SocBox-073026-00028-09529,2026 PANINI PRIZM WORLD CUP HICHAM BOUDAOUI ALGERIA,2.99,1.99,-1.00,-33.4%,DOWN,64%,Conf 64%<85% | Chg -33.4%>20%,
batch01,227455556499,SocBox-073026-00001-81252,2026 PANINI PRIZM WORLD CUP HIROKI SEKINE WAVE RC JAPAN,2.49,1.99,-0.50,-20.1%,DOWN,70%,Conf 70%<85% | Chg -20.1%>20%,
batch01,227455556520,SocBox-073026-00012-33059,2026 PANINI PRIZM WORLD CUP SAEID EZATOLAHI WAVE IRAN,2.49,1.99,-0.50,-20.1%,DOWN,85%,Chg -20.1%>20%,
batch01,227459491346,RBLOT-073026-00058-85556,2026 PANINI PRIZM FIFA WORLD CUP DAYOT UPAMECANO SCREAMERS WAVE Prizm FRANCE,3.99,1.99,-2.00,-50.1%,DOWN,87%,Chg -50.1%>20%,
batch01,227459491427,RBLOT-073026-00034-82367,2025-26 Topps Hoops THOMAS SORBER #HRS-TS Rookie Signatures RC Auto Thunder,9.99,7.09,-2.90,-29.0%,DOWN,88%,Chg -29.0%>20%,
batch01,227459491560,RBLOT-073026-00049-99543,2026 PANINI PRIZM FIFA WORLD CUP ALI MAJRASHI OLD GLORY /94 SAUDI ARABIA NT,3.49,4.39,+0.90,+25.8%,UP,100%,Chg +25.8%>20%,
batch01,227459491585,RBLOT-073026-00056-45187,2026 PANINI PRIZM FIFA WORLD CUP HARRY KANE SCORERS CLUB Silver Prizm ENGLAND,3.99,3.19,-0.80,-20.1%,DOWN,83%,Conf 83%<85% | Chg -20.1%>20%,
batch01,227459491672,RBLOT-073026-00046-53194,2025 TOPPS CHROME UEFA CLUB COMPETITIONS JUDE BELLINGHAM #64 REFRACTOR Soccer,2.99,2.39,-0.60,-20.1%,DOWN,87%,Chg -20.1%>20%,
batch01,227459491690,RBLOT-073026-00059-99388,2026 PANINI PRIZM FIFA WORLD CUP LUKA VUSKOVIC NEW ERA WAVE Prizm CROATIA Soccer,2.69,1.99,-0.70,-26.0%,DOWN,86%,Chg -26.0%>20%,
batch01,227459491765,RBLOT-073026-00051-12162,2026 PANINI PRIZM FIFA WORLD CUP NICO WILLIAMS UNAI SIMON CONNECTIONS WAVE SPAIN,4.99,2.89,-2.10,-42.1%,DOWN,86%,Chg -42.1%>20%,
batch01,227459491820,RBLOT_-_07-30-26-11623,2026 Bowman CARLOS VIRAHONDA #BCP-28 Purple Geo Refractor /250 1st Prospect RC,3.99,4.79,+0.80,+20.1%,UP,100%,Chg +20.1%>20%,
batch01,227459491969,RBLOT-073026-00026-48583,2025-26 Bowman JAYLON TYSON #BCV-173 Chrome Reptilian Refractor Cavaliers,2.49,1.99,-0.50,-20.1%,DOWN,100%,Chg -20.1%>20%,
batch01,227459491977,RBLOT-073026-00035-52808,2025-26 Topps Hoops JEREMIAH FEARS #BH-22 Bounce House RC Pelicans,3.99,4.59,+0.60,+15.0%,UP,81%,Conf 81%<85%,
batch01,227459591585,VINCEFB-072026-00002-96316,2026 Bowman Cam Schlittler #53 SP Rookie Red Chrome Variation RC Yankees Pitcher,21.99,30.19,+8.20,+37.3%,UP,100%,Chg +37.3%>20%,
batch01,227459724348,CARDSHQBK-0001-00005-01729,2026 Bowman MAX CLARK #BST-5 Sterling Chrome Tigers,2.49,1.99,-0.50,-20.1%,DOWN,87%,Chg -20.1%>20%,
batch01,227461084456,RBLOT-073026-00092-99502,2025-26 Topps Hoops YVES MISSI #HS-YM Signs Auto Pelicans,3.25,4.09,+0.84,+25.8%,UP,85%,Chg +25.8%>20%,
batch01,227461084436,RBLOT-073026-00085-96467,2026 Panini Prizm World Cup JOAQUIN PANICHELLI Wave Argentina,4.99,1.99,-3.00,-60.1%,DOWN,82%,Conf 82%<85% | Chg -60.1%>20%,
batch01,227461084441,RBLOT-073026-00084-40941,2026 Panini Prizm World Cup ANTONIO SILVA Fluorescent Blue Wave /225 Portugal,5.39,2.39,-3.00,-55.7%,DOWN,100%,Chg -55.7%>20%,
batch01,227461084457,RBLOT-073026-00090-82693,2026 BOWMAN MEGA BOX EDGAR MONTERO #BCP-139 MOJO REFRACTOR 1ST PROSPECT,2.49,1.99,-0.50,-20.1%,DOWN,83%,Conf 83%<85% | Chg -20.1%>20%,
batch01,227461084428,RBLOT-073026-00066-34542,2026 Panini Prizm FIFA World Cup MIKEL OYARZABAL Silver Prizm Spain Soccer,2.79,1.99,-0.80,-28.7%,DOWN,83%,Conf 83%<85% | Chg -28.7%>20%,
batch01,227461084429,RBLOT-073026-00087-21293,2026 Panini Prizm FIFA World Cup DANI OLMO Wave Prizm Spain Soccer,2.49,1.99,-0.50,-20.1%,DOWN,85%,Chg -20.1%>20%,
batch01,227461084430,RBLOT-073026-00073-54307,2026 Panini Prizm FIFA World Cup KARIM ADEYEMI Orange Wave Prizm /125 Germany,2.79,3.69,+0.90,+32.3%,UP,100%,Chg +32.3%>20%,
batch01,227461084431,RBLOT-073026-00069-14496,2026 Panini Prizm FIFA World Cup NICO WILLIAMS Wave Prizm Spain Soccer,2.49,1.99,-0.50,-20.1%,DOWN,83%,Conf 83%<85% | Chg -20.1%>20%,
batch01,227461084432,RBLOT-073026-00080-67561,2026 Panini Prizm World Cup CHANCEL MBEMBA Fluorescent Blue Wave Prizm /225 COD,2.49,3.39,+0.90,+36.1%,UP,100%,Chg +36.1%>20%,
batch01,227461084435,RBLOT-073026-00088-53105,2026 Panini Prizm FIFA World Cup GIANLUCA PRESTIANNI Wave Prizm Argentina Soccer,2.49,1.99,-0.50,-20.1%,DOWN,87%,Chg -20.1%>20%,
batch01,227461084436,RBLOT-073026-00085-96467,2026 Panini Prizm FIFA World Cup JOAQUIN PANICHELLI Wave Prizm Argentina Soccer,4.99,1.99,-3.00,-60.1%,DOWN,85%,Chg -60.1%>20%,
batch01,227461084437,RBLOT-073026-00062-29623,2026 Panini Prizm World Cup JULIAN ALVAREZ Scorers Club Silver Prizm Argentina,3.29,3.19,-0.10,-3.0%,DOWN,68%,Conf 68%<85%,
batch01,227461084440,RBLOT-073026-00072-69966,2026 Panini Prizm FIFA World Cup PEDRI Aces Wave Prizm Spain Soccer,2.79,2.69,-0.10,-3.6%,DOWN,83%,Conf 83%<85%,
batch01,227461084441,RBLOT-073026-00084-40941,2026 Panini Prizm World Cup ANTONIO SILVA Fluorescent Blue Wave /225 Portugal,5.39,2.39,-3.00,-55.7%,DOWN,100%,Chg -55.7%>20%,
batch01,227461084442,RBLOT-073026-00068-87650,2026 Panini Prizm FIFA World Cup JESUS RODRIGUEZ Wave Prizm RC Spain Soccer,2.49,2.39,-0.10,-4.0%,DOWN,84%,Conf 84%<85%,
batch01,227461084447,RBLOT-073026-00071-10967,2026 Panini Prizm FIFA World Cup PEDRI Aces Silver Prizm Spain Soccer,2.99,2.69,-0.30,-10.0%,DOWN,83%,Conf 83%<85%,
batch01,227461084449,RBLOT-073026-00089-31625,2026 Bowman Chrome JORGE QUINTANA #BCP-93 Reptilian Refractor 1st Prospect RC,2.49,3.39,+0.90,+36.1%,UP,100%,Chg +36.1%>20%,
batch01,227461084450,RBLOT-073026-00067-48539,2026 Panini Prizm FIFA World Cup YEREMY PINO Wave Prizm Spain Soccer,2.49,1.99,-0.50,-20.1%,DOWN,85%,Chg -20.1%>20%,
batch01,227461084451,RBLOT-073026-00086-68461,2026 Panini Prizm FIFA World Cup PAU CUBARSI Wave Prizm Spain Soccer,2.49,1.99,-0.50,-20.1%,DOWN,74%,Conf 74%<85% | Chg -20.1%>20%,
batch01,227461084452,RBLOT-073026-00077-94329,2026 Panini Prizm World Cup LEON GORETZKA Fluorescent Blue Wave /225 Germany,2.49,3.39,+0.90,+36.1%,UP,100%,Chg +36.1%>20%,
batch01,227461084454,RBLOT-073026-00074-10050,2026 Panini Prizm World Cup TREZEGUET Fluorescent Blue Wave Prizm /225 Egypt,8.29,4.49,-3.80,-45.8%,DOWN,86%,Chg -45.8%>20%,
batch01,227461084456,RBLOT-073026-00092-99502,2025-26 Topps Hoops YVES MISSI #HS-YM Hoops Signs Auto RC New Orleans Pelicans,3.25,4.09,+0.84,+25.8%,UP,100%,Chg +25.8%>20%,
batch01,227461084457,RBLOT-073026-00090-82693,2026 Bowman Mega Box EDGAR MONTERO #BCP-139 Mojo Refractor 1st Prospect RC A's,2.49,3.39,+0.90,+36.1%,UP,100%,Chg +36.1%>20%,
batch01,227461084458,RBLOT-073026-00081-09874,2026 Panini Prizm World Cup JOSHUA KIMMICH Fluorescent Blue Wave /225 Germany,2.99,3.89,+0.90,+30.1%,UP,100%,Chg +30.1%>20%,
batch01,227462336906,FBrelist-080426-0001,LUKE MCCAFFREY 2024 Panini Absolute Star Gazing #SG-LMY RC Rookie Football,2.49,1.99,-0.50,-20.1%,DOWN,86%,Chg -20.1%>20%,
batch01,227462336911,FBrelist-080426-0002,MICHAEL PENIX JR. 2024 Panini Illusions #4 RC Falcons Rookie Football,2.99,1.99,-1.00,-33.4%,DOWN,85%,Chg -33.4%>20%,
batch01,227462336918,FBrelist-080426-0005,XAVIER WORTHY 2024 Topps Chrome Rookies #208 RC KC Chiefs Football,2.99,1.99,-1.00,-33.4%,DOWN,76%,Conf 76%<85% | Chg -33.4%>20%,
batch01,227462336921,FBrelist-080426-0006,2024 Topps Chrome MARVIN HARRISON JR. FINESSE RC Rookie #F-5 Cardinals Football,3.49,1.99,-1.50,-43.0%,DOWN,88%,Chg -43.0%>20%,
batch01,227462336925,FBrelist-080426-0007,ROME ODUNZE 2024 Panini Absolute Star Gazing #SG-ROE RC Bears Rookie Football,2.99,1.99,-1.00,-33.4%,DOWN,79%,Conf 79%<85% | Chg -33.4%>20%,
batch01,227462336930,FBrelist-080426-0011,ANTHONY RICHARDSON PREMIER LEVEL 2023 Panini Select #117 RC Colts Rookie,3.99,1.99,-2.00,-50.1%,DOWN,79%,Conf 79%<85% | Chg -50.1%>20%,
batch01,227462336931,FBrelist-080426-0004,ROME ODUNZE 2024 Panini Illusions #14 RC Bears Rookie Football,2.99,1.99,-1.00,-33.4%,DOWN,74%,Conf 74%<85% | Chg -33.4%>20%,
batch01,227462336932,FBrelist-080426-0013,2023 Panini MOSAIC Football Ja'Marr Chase card #43 Cincinnati Bengals,2.99,1.99,-1.00,-33.4%,DOWN,60%,Conf 60%<85% | Chg -33.4%>20%,
batch01,227462336933,FBrelist-080426-0003,KEON COLEMAN 2024 Panini Absolute #BS-KCN RC Bills By Storm Rookie Football,2.99,1.99,-1.00,-33.4%,DOWN,89%,Chg -33.4%>20%,
batch01,227462336937,FBrelist-080426-0014,JALEN HURTS 2023 Panini Absolute #28 Philadelphia Eagles Football,2.99,1.99,-1.00,-33.4%,DOWN,66%,Conf 66%<85% | Chg -33.4%>20%,
batch01,227462336938,FBrelist-080426-0017,JOE BURROW 2023 Panini Donruss #57 Bengals Football,3.49,1.99,-1.50,-43.0%,DOWN,60%,Conf 60%<85% | Chg -43.0%>20%,
batch01,227462336939,FBrelist-080426-0009,PATRICK MAHOMES II 2024 Panini Absolute #50 Football,2.99,1.99,-1.00,-33.4%,DOWN,87%,Chg -33.4%>20%,
batch01,227462336944,FBrelist-080426-0010,2024 Prizm CADE STOVER Football Orange Cracked Ice Prizm Rookie RC Texans #318,4.99,2.29,-2.70,-54.1%,DOWN,85%,Chg -54.1%>20%,
batch01,227462336969,FBrelist-080426-0012,2024 Donruss Optic TREY BENSON Rated Rookie #293 Cardinals RC Football,2.99,1.99,-1.00,-33.4%,DOWN,88%,Chg -33.4%>20%,
batch01,227462336985,FBrelist-080426-0015,2021 Select #31 Deebo Samuel 49ers RC Rookie Football,1.49,1.99,+0.50,+33.6%,UP,63%,Conf 63%<85% | Chg +33.6%>20%,
batch01,227462337005,FBrelist-080426-0023,2024 Topps Finest KEON COLEMAN Rookie Card Buffalo Bills #92 RC Football,2.99,1.99,-1.00,-33.4%,DOWN,72%,Conf 72%<85% | Chg -33.4%>20%,
batch01,227462337014,FBrelist-080426-0025,CONCOURSE TREVOR LAWRENCE 2024 Panini Select Silver #98 Silver Prizm Jaguars,3.99,1.99,-2.00,-50.1%,DOWN,76%,Conf 76%<85% | Chg -50.1%>20%,
batch01,227462337016,FBrelist-080426-0008,2024 Bowman Chrome U University Football PICK COMPLETE YOUR SET Pink Lava,3.49,1.99,-1.50,-43.0%,DOWN,81%,Conf 81%<85% | Chg -43.0%>20%,
batch01,227462337075,FBrelist-080426-0020,MOSIAC JORDAN LOVE PACKERS 2023 Panini #83 Football,3.49,2.69,-0.80,-22.9%,DOWN,68%,Conf 68%<85% | Chg -22.9%>20%,
batch01,227462337089,FBrelist-080426-0031,2023 Panini MOSAIC - Lamar Jackson #13 Ravens Football,3.49,1.99,-1.50,-43.0%,DOWN,87%,Chg -43.0%>20%,
batch01,227462337090,FBrelist-080426-0024,2024 Donruss Optic Rated Rookie DALLAS TURNER NEGATIVE Auto /325 #224 Vikings RC,31.09,39.09,+8.00,+25.7%,UP,100%,Chg +25.7%>20%,
batch01,227462337098,FBrelist-080426-0030,2023 Panini MOSAIC - Keyshawn Johnson #81 Green Mosaic Prizm Jets Football,2.99,1.99,-1.00,-33.4%,DOWN,63%,Conf 63%<85% | Chg -33.4%>20%,
batch01,227462337101,FBrelist-080426-0026,2023 Panini Select Draft PICKS - Concourse Josh Allen #27 Blue Bills Football,1.49,1.99,+0.50,+33.6%,UP,86%,Chg +33.6%>20%,
batch01,227462337104,FBrelist-080426-0022,2024 Panini Donruss - RETRO 1994 Brock Bowers #29 RC Raiders Rookie Football,2.99,1.99,-1.00,-33.4%,DOWN,74%,Conf 74%<85% | Chg -33.4%>20%,
batch01,227462337113,FBrelist-080426-0032,ASHTON JEANTY 2024 Bowman University Chrome #17 RC Raiders Boise State Football,5.99,4.19,-1.80,-30.1%,DOWN,78%,Conf 78%<85% | Chg -30.1%>20%,
batch01,227462337115,FBrelist-080426-0035,2023 Panini MOSAIC - Amari Cooper #50 Browns Football,2.99,1.99,-1.00,-33.4%,DOWN,66%,Conf 66%<85% | Chg -33.4%>20%,
batch01,227462337121,FBrelist-080426-0029,2024 Panini MOSAIC - Bijan Robinson #9 Falcons Football,2.99,1.99,-1.00,-33.4%,DOWN,66%,Conf 66%<85% | Chg -33.4%>20%,
batch01,227462337126,FBrelist-080426-0027,2023 Panini MOSAIC - National Pride Lamar Jackson #260 Ravens Football,2.99,1.99,-1.00,-33.4%,DOWN,86%,Chg -33.4%>20%,
batch01,227462337133,FBrelist-080426-0040,FRANK GORE JR. 2024 Topps Finest Common #81 RC Bills Rookie Football,2.99,1.99,-1.00,-33.4%,DOWN,77%,Conf 77%<85% | Chg -33.4%>20%,
batch01,227462337157,FBrelist-080426-0039,LADD MCCONKEY 2024 Panini Absolute Rookies #134 RC Chargers Football,2.99,1.99,-1.00,-33.4%,DOWN,68%,Conf 68%<85% | Chg -33.4%>20%,
batch01,227462337169,FBrelist-080426-0047,CHRISTIAN KIRK 2024 Panini Prizm Green Cracked Ice #131 Jaguars Football,2.99,3.89,+0.90,+30.1%,UP,100%,Chg +30.1%>20%,
batch01,227462337172,FBrelist-080426-0044,DAVID MONTGOMERY 2024 Panini Prizm #94 Lazer Prizm Lions Football,3.49,1.99,-1.50,-43.0%,DOWN,67%,Conf 67%<85% | Chg -43.0%>20%,
batch01,227462337178,FBrelist-080426-0048,LAIATU LATU FOOTBALL 2024 Panini Prizm #5 PRIZMATIC GREEN ICE COLTS RC ROOKIE,3.49,1.99,-1.50,-43.0%,DOWN,76%,Conf 76%<85% | Chg -43.0%>20%,
batch01,227462337179,FBrelist-080426-0052,ROBBY RAY 2025 Topps Series 2 #459 Gold Parallel #0651/2025 Giants Football,3.99,4.79,+0.80,+20.1%,UP,100%,Chg +20.1%>20%,
batch01,227462337180,FBrelist-080426-0049,MAXX CROSBY 2024 Panini Contenders Season Ticket Las Vegas Raiders NFL #52,2.99,1.99,-1.00,-33.4%,DOWN,80%,Conf 80%<85% | Chg -33.4%>20%,
batch01,227462337191,FBrelist-080426-0045,CHRIS OLAVE 2024 Panini Prizm #206 Black & White Checker Prizm Saints Football,4.99,1.99,-3.00,-60.1%,DOWN,71%,Conf 71%<85% | Chg -60.1%>20%,
batch01,227462337207,FBrelist-080426-0057,2025 Bowman #BP-53 Jacob Bresnahan Prospects Giants Baseball,1.49,1.99,+0.50,+33.6%,UP,60%,Conf 60%<85% | Chg +33.6%>20%,
batch01,227462337215,FBrelist-080426-0050,DEVONTEZ WALKER 2024 Panini Prizm Rookies #328 RC Ravens Football,2.99,1.99,-1.00,-33.4%,DOWN,60%,Conf 60%<85% | Chg -33.4%>20%,
batch01,227462337221,FBrelist-080426-0060,2023 Donruss Optic #CR-TT Tua Tagovailoa Chain Reaction Dolphins Football,2.99,1.99,-1.00,-33.4%,DOWN,86%,Chg -33.4%>20%,
batch01,227462337234,FBrelist-080426-0062,LADD MCCONKEY 2024 Panini Donruss Rated Rookie #328 RC chargers Football,3.49,1.99,-1.50,-43.0%,DOWN,68%,Conf 68%<85% | Chg -43.0%>20%,
batch01,227462337235,FBrelist-080426-0063,2024 Topps Bowman U Chrome Football CAM WARD Base #38 Miami Hurricanes,4.99,2.49,-2.50,-50.1%,DOWN,85%,Chg -50.1%>20%,
batch01,227462337241,FBrelist-080426-0054,2024 Topps Finest #288 Audric Estime Broncos Football,1.99,2.19,+0.20,+10.1%,UP,62%,Conf 62%<85%,
batch01,227462337251,FBrelist-080426-0058,2024 Donruss Optic #268 Luke McCaffrey Commanders RC Rookie Football,2.99,1.99,-1.00,-33.4%,DOWN,66%,Conf 66%<85% | Chg -33.4%>20%,
batch01,227462337252,FBrelist-080426-0065,2024 Panini CLEARLY Donruss Xavier Legette #16 Base The Rookies Panthers RC,2.99,3.89,+0.90,+30.1%,UP,100%,Chg +30.1%>20%,
batch01,227462337267,FBrelist-080426-0069,BLAKE CORUM 2024 Panini Select #9 Rams Football,2.99,1.99,-1.00,-33.4%,DOWN,68%,Conf 68%<85% | Chg -33.4%>20%,
batch01,227462337268,FBrelist-080426-0070,JAYDEN DANIELS 2024 Panini Select #4 Commanders Football,3.99,1.99,-2.00,-50.1%,DOWN,63%,Conf 63%<85% | Chg -50.1%>20%,
batch02,227462337269,FBrelist-080426-0071,LUKE MCCAFFREY 2024 Donruss Optic #302 Optic Pink Commanders Football,2.99,1.99,-1.00,-33.4%,DOWN,66%,Conf 66%<85% | Chg -33.4%>20%,
batch02,227462337279,FBrelist-080426-0072,ROME ODUNZE 2024 Panini Select #3 Chicago Bears Football,2.99,1.99,-1.00,-33.4%,DOWN,65%,Conf 65%<85% | Chg -33.4%>20%,
batch02,227462337282,FBrelist-080426-0064,PATRICK MAHOMES II 2024 Panini Contenders #50 Game Ticket Football,3.49,1.99,-1.50,-43.0%,DOWN,73%,Conf 73%<85% | Chg -43.0%>20%,
batch02,227462337293,FBrelist-080426-0074,2024 Donruss Optic JALEN MCMILLAN Purple Shock Tampa Bay Buccaneers #239,3.49,1.99,-1.50,-43.0%,DOWN,83%,Conf 83%<85% | Chg -43.0%>20%,
batch02,227462337294,FBrelist-080426-0075,LAMAR JACKSON 2024 Panini Contenders #7 Baltimore Ravens Football,2.99,1.99,-1.00,-33.4%,DOWN,73%,Conf 73%<85% | Chg -33.4%>20%,
batch02,227462337301,FBrelist-080426-0077,RICKY PEARSALL 2024 Donruss #TR-16 San Francisco 49ers Football,3.49,1.99,-1.50,-43.0%,DOWN,70%,Conf 70%<85% | Chg -43.0%>20%,
batch02,227462337304,FBrelist-080426-0067,BRIAN THOMAS JR. 2024 Panini Select #17 Silver Prizm Jaguars Football,6.49,6.19,-0.30,-4.6%,DOWN,73%,Conf 73%<85%,
batch02,227462337311,FBrelist-080426-0078,MARVIN HARRISON JR. 2024 Panini Contenders #4 Arizona Cardinals Football,3.49,1.99,-1.50,-43.0%,DOWN,75%,Conf 75%<85% | Chg -43.0%>20%,
batch02,227462337313,FBrelist-080426-0079,MARVIN HARRISON JR. 2024 Panini Contenders #5 Arizona Cardinals Football,3.49,1.99,-1.50,-43.0%,DOWN,72%,Conf 72%<85% | Chg -43.0%>20%,
batch02,227462337318,FBrelist-080426-0081,SPENCER RATTLER 2024 Panini Contenders #11 New Orleans Saints Football,2.99,1.99,-1.00,-33.4%,DOWN,77%,Conf 77%<85% | Chg -33.4%>20%,
batch02,227462337324,FBrelist-080426-0082,2024 Panini TOTALLY Certified - Rookies Brenden Rice #107 Mirror RC Chargers,3.99,1.99,-2.00,-50.1%,DOWN,88%,Chg -50.1%>20%,
batch02,227462337325,FBrelist-080426-0084,NAJEE HARRIS 2024 Panini Select #85 Pittsburgh Steelers Football,3.49,1.99,-1.50,-43.0%,DOWN,64%,Conf 64%<85% | Chg -43.0%>20%,
batch02,227462337336,FBrelist-080426-0085,BRYAN ANGER 2024 Panini Select #141 Dallas Cowboys Football,3.49,1.99,-1.50,-43.0%,DOWN,60%,Conf 60%<85% | Chg -43.0%>20%,
batch02,227462337338,FBrelist-080426-0076,2024 Panini Select Rookie BRIAN THOMAS JR. Premier Silver Prizm #143 RC Jaguars,7.50,1.99,-5.51,-73.5%,DOWN,74%,Conf 74%<85% | Chg -73.5%>20%,
batch02,227462337349,FBrelist-080426-0089,BROCK BOWERS 2024 Panini Select #118 Las Vegas Raiders Football,3.49,1.99,-1.50,-43.0%,DOWN,68%,Conf 68%<85% | Chg -43.0%>20%,
batch02,227462337351,FBrelist-080426-0080,BLAKE CORUM 2024 Panini Contenders #21 Los Angeles Rams Football,2.99,1.99,-1.00,-33.4%,DOWN,74%,Conf 74%<85% | Chg -33.4%>20%,
batch02,227462337354,FBrelist-080426-0090,C.J. STROUD 2024 Panini Select #42 Houston Texans Football,3.49,1.99,-1.50,-43.0%,DOWN,60%,Conf 60%<85% | Chg -43.0%>20%,
batch02,227462337357,FBrelist-080426-0083,2024 Panini TOTALLY Certified Rookies Kool-Aid McKinstry #153 Mirror RC Saints,3.49,1.99,-1.50,-43.0%,DOWN,87%,Chg -43.0%>20%,
batch02,227462337375,FBrelist-080426-0093,TUA TAGOVAILOA 2024 Panini Select #99 Miami Dolphins Football,3.49,1.99,-1.50,-43.0%,DOWN,61%,Conf 61%<85% | Chg -43.0%>20%,
batch02,227462337382,FBrelist-080426-0094,BLAKE CORUM 2024 Panini Select #9 Los Angeles Rams Football,3.49,1.99,-1.50,-43.0%,DOWN,63%,Conf 63%<85% | Chg -43.0%>20%,
batch02,227462337384,FBrelist-080426-0086,BRAELON ALLEN 2024 Panini Select #10 New York Jets Football,2.49,1.99,-0.50,-20.1%,DOWN,63%,Conf 63%<85% | Chg -20.1%>20%,
batch02,227462337388,FBrelist-080426-0087,TYRONE TRACY JR. 2024 Panini Select #61 New York Giants Football,3.49,1.99,-1.50,-43.0%,DOWN,61%,Conf 61%<85% | Chg -43.0%>20%,
batch02,227462337389,FBrelist-080426-0088,RICKY PEARSALL 2024 Panini Select #21 San Francisco 49ers Football,3.49,1.99,-1.50,-43.0%,DOWN,68%,Conf 68%<85% | Chg -43.0%>20%,
batch02,227462337398,FBrelist-080426-0099,DAK PRESCOTT 2024 Panini Select #14 Dallas Cowboys FB-1458 Football,3.49,4.39,+0.90,+25.8%,UP,100%,Chg +25.8%>20%,
batch02,227462337409,FBrelist-080426-0100,JARED VERSE 2024 Panini Select #132 Los Angeles Rams Football,3.49,1.99,-1.50,-43.0%,DOWN,60%,Conf 60%<85% | Chg -43.0%>20%,
batch02,227462337410,FBrelist-080426-0103,JOE BURROW 2022 Panini Chronicles Draft Picks #6 Football LSU/ BENGALS XR,3.49,1.99,-1.50,-43.0%,DOWN,73%,Conf 73%<85% | Chg -43.0%>20%,
batch02,227462337417,FBrelist-080426-0102,2023 Panini ROOKIES & Stars Jordan Addison #DC-12 Minnesota Vikings RC Football,3.49,1.99,-1.50,-43.0%,DOWN,86%,Chg -43.0%>20%,
batch02,227462337421,FBrelist-080426-0095,JAYLEN WADDLE 2024 Panini Select #21 Miami Dolphins Football,3.49,1.99,-1.50,-43.0%,DOWN,65%,Conf 65%<85% | Chg -43.0%>20%,
batch02,227462337433,FBrelist-080426-0108,AMON-RA ST. BROWN 2023 Panini Prizm #H-9 Detroit Lions Football,3.49,1.99,-1.50,-43.0%,DOWN,62%,Conf 62%<85% | Chg -43.0%>20%,
batch02,227462337435,FBrelist-080426-0106,2023 Panini Absolute SAM LAPORTA Rookie RC #115 Detroit Lions Silver Base,3.99,4.79,+0.80,+20.1%,UP,100%,Chg +20.1%>20%,
batch02,227462337439,FBrelist-080426-0107,BRYCE YOUNG 2023 Panini Select Draft Picks #FUT-2 Crimson Tide/panthers Football,3.49,4.39,+0.90,+25.8%,UP,100%,Chg +25.8%>20%,
batch02,227462337442,FBrelist-080426-0098,DANIEL CARLSON 2024 Panini Select #43 Las Vegas Raiders Football,3.49,1.99,-1.50,-43.0%,DOWN,61%,Conf 61%<85% | Chg -43.0%>20%,
batch02,227462337445,FBrelist-080426-0109,2023 Prizm Football - TREVOR LAWRENCE - Jacksonville Jaguars - Portals - #PO-4,3.99,1.99,-2.00,-50.1%,DOWN,63%,Conf 63%<85% | Chg -50.1%>20%,
batch02,227462337446,FBrelist-080426-0110,PATRICK MAHOMES II 2023 Panini Mosaic #109 Chiefs Football,3.99,1.99,-2.00,-50.1%,DOWN,75%,Conf 75%<85% | Chg -50.1%>20%,
batch02,227462337451,FBrelist-080426-0111,2023 Panini ILLUSIONS - Drake London #5 Falcons Football,2.49,1.99,-0.50,-20.1%,DOWN,66%,Conf 66%<85% | Chg -20.1%>20%,
batch02,227462337454,FBrelist-080426-0097,TREY BENSON 2024 Panini Select #198 Arizona Cardinals FB-1455 Football,3.49,4.39,+0.90,+25.8%,UP,100%,Chg +25.8%>20%,
batch02,227462337463,FBrelist-080426-0104,2022 Panini ILLUSIONS Football #17 Joe Burrow Cincinnati Bengals,2.49,1.99,-0.50,-20.1%,DOWN,69%,Conf 69%<85% | Chg -20.1%>20%,
batch02,227462337464,FBrelist-080426-0112,PATRICK MAHOMES II 2022 Panini Absolute #38 chiefs Football,3.49,1.99,-1.50,-43.0%,DOWN,85%,Chg -43.0%>20%,
batch02,227462337471,FBrelist-080426-0115,PATRICK MAHOMES II 2021 Panini Contenders #47 Chiefs Football,5.35,1.99,-3.36,-62.8%,DOWN,71%,Conf 71%<85% | Chg -62.8%>20%,
batch02,227462337485,FBrelist-080426-0119,2022 Panini JA'MARR CHASE Base Set #82 Bengals RC Rookie Football,3.49,4.39,+0.90,+25.8%,UP,100%,Chg +25.8%>20%,
batch02,227462337486,FBrelist-080426-0118,2023 Panini PHOENIX - Bryce Young #RIS-1 Rookie Rising RC Football,5.49,2.69,-2.80,-51.0%,DOWN,86%,Chg -51.0%>20%,
batch02,227462337497,FBrelist-080426-0114,2022 Panini Select Draft PICKS #38 Justin Herbert Red Lazer Prizm Chargers,2.59,3.49,+0.90,+34.7%,UP,100%,Chg +34.7%>20%,
batch02,227462337502,FBrelist-080426-0116,BLAKE CORUM 2024 Topps Chrome 1974 Topps Football #74TF-14 Lazer Refractor,3.99,1.99,-2.00,-50.1%,DOWN,81%,Conf 81%<85% | Chg -50.1%>20%,
batch02,227462337506,FBrelist-080426-0117,BRYCE YOUNG 2024 Topps Chrome 1974 Topps Football #74TF-23,3.99,1.99,-2.00,-50.1%,DOWN,61%,Conf 61%<85% | Chg -50.1%>20%,
batch02,227462337509,FBrelist-080426-0128,2023 Panini MOSAIC - National Pride Joe Burrow #254 Bengals Football,3.99,1.99,-2.00,-50.1%,DOWN,86%,Chg -50.1%>20%,
batch02,227462337514,FBrelist-080426-0120,CONCOURSE TUA TAGOVAILOA 2021 Panini Select #22 Dolphins Football,3.49,1.99,-1.50,-43.0%,DOWN,73%,Conf 73%<85% | Chg -43.0%>20%,
batch02,227462337515,FBrelist-080426-0130,2021 Panini MOSAIC JAYLEN WADDLE MIAMI DOLPHINS NFL Debut Rookie Card RC #248,3.99,1.99,-2.00,-50.1%,DOWN,100%,Chg -50.1%>20%,
batch02,227462337520,FBrelist-080426-0123,2022 Panini ILLUSIONS - Patrick Mahomes II #44 Chiefs Football,2.49,2.19,-0.30,-12.0%,DOWN,66%,Conf 66%<85%,
batch02,227462337522,FBrelist-080426-0132,JOE BURROW 2022 Panini Select Draft Picks Blue #45 LSU Tigers - Bengals Football,3.99,1.99,-2.00,-50.1%,DOWN,86%,Chg -50.1%>20%,
batch02,227462337524,FBrelist-080426-0124,2022 Panini MOSAIC - Patrick Mahomes II #94 chiefs Football,4.49,1.99,-2.50,-55.7%,DOWN,84%,Conf 84%<85% | Chg -55.7%>20%,
batch02,227462337528,FBrelist-080426-0126,BIJAN ROBINSON 2023 Panini Certified Certified Stars #CS-17 RC Falcons Football,4.49,2.19,-2.30,-51.2%,DOWN,86%,Chg -51.2%>20%,
batch02,227462337529,FBrelist-080426-0125,2021 Donruss Football #116 - Patrick Mahomes II - Kansas City Chiefs,4.49,1.99,-2.50,-55.7%,DOWN,63%,Conf 63%<85% | Chg -55.7%>20%,
batch02,227462337532,FBrelist-080426-0127,2021 Panini Select #2 Patrick Mahomes II Kansas City Chiefs Football,2.99,1.99,-1.00,-33.4%,DOWN,63%,Conf 63%<85% | Chg -33.4%>20%,
batch02,227462337533,FBrelist-080426-0134,2021 Panini MOSAIC - Rookies Jaylen Waddle #308 RC Dolphins Football,3.99,1.99,-2.00,-50.1%,DOWN,85%,Chg -50.1%>20%,
batch02,227462337535,FBrelist-080426-0135,DREW ALLAR 2024 Bowman University Chrome #4 Penn State Nittany Lions Football,4.99,1.99,-3.00,-60.1%,DOWN,69%,Conf 69%<85% | Chg -60.1%>20%,
batch02,227462337538,FBrelist-080426-0129,JA'MARR CHASE #264 2023 PANINI MOSAIC BENGALS NATIONAL PRIDE Football,3.99,1.99,-2.00,-50.1%,DOWN,61%,Conf 61%<85% | Chg -50.1%>20%,
batch02,227462337539,FBrelist-080426-0138,SPENCER RATTLER 2024 Panini Prizm #388 New Orleans Saints Football,3.49,1.99,-1.50,-43.0%,DOWN,61%,Conf 61%<85% | Chg -43.0%>20%,
batch02,227462337540,FBrelist-080426-0136,CHANDLER ROGERS 2024 Bowman University Chrome #41 California Golden Bears,3.49,1.99,-1.50,-43.0%,DOWN,73%,Conf 73%<85% | Chg -43.0%>20%,
batch02,227462337541,FBrelist-080426-0133,LEVEL JAYLEN WADDLE 2021 Panini Select Club #248 RC Dolphins Rookie Football,3.99,1.99,-2.00,-50.1%,DOWN,76%,Conf 76%<85% | Chg -50.1%>20%,
batch02,227462337542,FBrelist-080426-0139,JONATHON BROOKS 2024 Donruss #WH6 Carolina Panthers Football,3.49,1.99,-1.50,-43.0%,DOWN,71%,Conf 71%<85% | Chg -43.0%>20%,
batch02,227462337543,FBrelist-080426-0131,2023 Panini MOSAIC - Tua Tagovailoa #143 Dolphins Football,3.99,1.99,-2.00,-50.1%,DOWN,86%,Chg -50.1%>20%,
batch02,227462337548,FBrelist-080426-0141,JAYLEN WRIGHT 2024 Panini Absolute #I-JWT Miami Dolphins Football,3.49,1.99,-1.50,-43.0%,DOWN,65%,Conf 65%<85% | Chg -43.0%>20%,
batch02,227462337556,FBrelist-080426-0140,JAYLEN WRIGHT 2024 Donruss #TR-30 Miami Dolphins Football,3.49,1.99,-1.50,-43.0%,DOWN,61%,Conf 61%<85% | Chg -43.0%>20%,
batch02,227462337557,FBrelist-080426-0143,ROMAN WILSON 2024 Donruss #23 Pittsburgh Steelers Football,3.49,1.99,-1.50,-43.0%,DOWN,62%,Conf 62%<85% | Chg -43.0%>20%,
batch02,227462337558,FBrelist-080426-0145,TREY BENSON 2024 Panini Absolute #I-TBN Arizona Cardinals Football,3.49,1.99,-1.50,-43.0%,DOWN,68%,Conf 68%<85% | Chg -43.0%>20%,
batch02,227462337559,FBrelist-080426-0144,BUCKY IRVING 2024 Donruss #6 Tampa Bay Buccaneers Football,3.49,1.99,-1.50,-43.0%,DOWN,63%,Conf 63%<85% | Chg -43.0%>20%,
batch02,227462337562,FBrelist-080426-0137,MICHAEL PENIX JR. 2024 Panini Absolute #I-MPJ Atlanta Falcons Football,3.49,1.99,-1.50,-43.0%,DOWN,73%,Conf 73%<85% | Chg -43.0%>20%,
batch02,227462337566,FBrelist-080426-0147,2025 SAGE HIGH Series Football All Rookie Team Purple Cam Ward #163 Miami RC,3.99,4.79,+0.80,+20.1%,UP,74%,Conf 74%<85% | Chg +20.1%>20%,
batch02,227462337572,FBrelist-080426-0150,LUKE MCCAFFREY 2024 Topps Chrome #244 Washington Commanders Football,3.49,1.99,-1.50,-43.0%,DOWN,64%,Conf 64%<85% | Chg -43.0%>20%,
batch02,227462337574,FBrelist-080426-0151,JA'TAVION SANDERS 2024 Donruss Optic #244 Carolina Panthers Football,3.49,1.99,-1.50,-43.0%,DOWN,62%,Conf 62%<85% | Chg -43.0%>20%,
batch02,227462337577,FBrelist-080426-0149,JALEN MCMILLAN 2024 Panini Absolute #I-JMN Tampa Bay Buccaneers Football,3.49,1.99,-1.50,-43.0%,DOWN,72%,Conf 72%<85% | Chg -43.0%>20%,
batch02,227462337582,FBrelist-080426-0142,LADD MCCONKEY 2024 Topps Chrome #212 Los Angeles Chargers Football,3.49,1.99,-1.50,-43.0%,DOWN,70%,Conf 70%<85% | Chg -43.0%>20%,
batch02,227462337584,FBrelist-080426-0152,JA'TAVION SANDERS 2024 Donruss #317 Carolina Panthers Football,3.49,1.99,-1.50,-43.0%,DOWN,75%,Conf 75%<85% | Chg -43.0%>20%,
batch02,227462337586,FBrelist-080426-0153,DJ LAGWAY 2024 Bowman University Chrome #63 Florida Gators Football,5.49,1.99,-3.50,-63.8%,DOWN,70%,Conf 70%<85% | Chg -63.8%>20%,
batch02,227462337587,FBrelist-080426-0154,ASHTON JEANTY 2024 Bowman University Chrome #17 Boise State Broncos Football,5.99,1.99,-4.00,-66.8%,DOWN,71%,Conf 71%<85% | Chg -66.8%>20%,
batch02,227462337592,FBrelist-080426-0155,XAVIER WORTHY 2024 Donruss Optic #300 Kansas City Chiefs Football,3.49,1.99,-1.50,-43.0%,DOWN,67%,Conf 67%<85% | Chg -43.0%>20%,
batch02,227462337594,FBrelist-080426-0157,PATRICK MAHOMES II 2024 Panini Illusions #42 Kansas City Chiefs Football,3.49,1.99,-1.50,-43.0%,DOWN,64%,Conf 64%<85% | Chg -43.0%>20%,
batch02,227462337596,FBrelist-080426-0148,JA'MARR CHASE 2024 Donruss Optic #40 Cincinnati Bengals Football,3.49,1.99,-1.50,-43.0%,DOWN,60%,Conf 60%<85% | Chg -43.0%>20%,
batch02,227462337597,FBrelist-080426-0158,KEON COLEMAN 2024 Panini Absolute #BS-KCN Buffalo Bills Football,3.49,1.99,-1.50,-43.0%,DOWN,72%,Conf 72%<85% | Chg -43.0%>20%,
batch02,227462337598,FBrelist-080426-0159,RESURGENCE MALACHI CORLEY 2024 Topps #V-16 New York Jets Football,3.49,1.99,-1.50,-43.0%,DOWN,80%,Conf 80%<85% | Chg -43.0%>20%,
batch02,227462337608,FBrelist-080426-0164,RESURGENCE RICKY PEARSALL 2024 Topps #CB-4 San Francisco 49ers Football,3.49,1.99,-1.50,-43.0%,DOWN,73%,Conf 73%<85% | Chg -43.0%>20%,
batch02,227462337610,FBrelist-080426-0156,JOE MIXON 2024 Donruss Optic #77 Houston Texans Football,3.49,1.99,-1.50,-43.0%,DOWN,78%,Conf 78%<85% | Chg -43.0%>20%,
batch02,227462337616,FBrelist-080426-0167,MICHAEL PENIX JR. 2024 Donruss Optic #279 Atlanta Falcons Football,4.49,1.99,-2.50,-55.7%,DOWN,62%,Conf 62%<85% | Chg -55.7%>20%,
batch02,227462337618,FBrelist-080426-0168,RESURGENCE MARSHAWN LLOYD 2024 Topps #V-20 Green Bay Packers Football,3.49,1.99,-1.50,-43.0%,DOWN,80%,Conf 80%<85% | Chg -43.0%>20%,
batch02,227462337619,FBrelist-080426-0169,TREY BENSON 2024 Donruss Optic #293 Arizona Cardinals Football,3.49,1.99,-1.50,-43.0%,DOWN,75%,Conf 75%<85% | Chg -43.0%>20%,
batch02,227462337624,FBrelist-080426-0160,MICHAEL PRATT 2024 Donruss Optic #280 Tampa Bay Buccaneers Football,3.49,1.99,-1.50,-43.0%,DOWN,62%,Conf 62%<85% | Chg -43.0%>20%,
batch02,227462337626,FBrelist-080426-0173,ADISA ISAAC 2024 Donruss Optic #202 Baltimore Ravens Football,3.49,1.99,-1.50,-43.0%,DOWN,66%,Conf 66%<85% | Chg -43.0%>20%,
batch02,227462337627,FBrelist-080426-0161,QUINYON MITCHELL 2024 Donruss #361 Philadelphia Eagles Football,3.49,1.99,-1.50,-43.0%,DOWN,68%,Conf 68%<85% | Chg -43.0%>20%,
batch02,227462337628,FBrelist-080426-0162,JALEN MCMILLAN 2024 Donruss #388 Tampa Bay Buccaneers Football,3.49,1.99,-1.50,-43.0%,DOWN,62%,Conf 62%<85% | Chg -43.0%>20%,
batch02,227462337629,FBrelist-080426-0163,RESURGENCE BLAKE CORUM 2024 Topps #V-18 Los Angeles Rams Football,3.49,1.99,-1.50,-43.0%,DOWN,69%,Conf 69%<85% | Chg -43.0%>20%,
batch02,227462337630,FBrelist-080426-0171,DEVIN CULP 2024 Donruss Optic #226 Tampa Bay Buccaneers Football,3.49,1.99,-1.50,-43.0%,DOWN,65%,Conf 65%<85% | Chg -43.0%>20%,
batch02,227462337633,FBrelist-080426-0165,ROME ODUNZE 2024 Panini Illusions #14 Chicago Bears Football,3.49,1.99,-1.50,-43.0%,DOWN,64%,Conf 64%<85% | Chg -43.0%>20%,
batch02,227462337636,FBrelist-080426-0175,MICHAEL PENIX JR. 2024 Panini Prizm Draft Picks #101 Washington Huskies Football,3.99,1.99,-2.00,-50.1%,DOWN,76%,Conf 76%<85% | Chg -50.1%>20%,
batch02,227462337637,FBrelist-080426-0177,RESURGENCE LADD MCCONKEY 2024 Topps #CB-7 Los Angeles Chargers Football,3.49,1.99,-1.50,-43.0%,DOWN,69%,Conf 69%<85% | Chg -43.0%>20%,
batch02,227462337638,FBrelist-080426-0166,LUKE MCCAFFREY 2024 Panini Absolute #SG-LMY Washington Commanders Football,3.49,1.99,-1.50,-43.0%,DOWN,74%,Conf 74%<85% | Chg -43.0%>20%,
batch02,227462337641,FBrelist-080426-0178,SAGE HIT ASHTON JEANTY 2025 #111 Boise State Broncos Football,3.49,1.99,-1.50,-43.0%,DOWN,78%,Conf 78%<85% | Chg -43.0%>20%,
batch02,227462337644,FBrelist-080426-0170,JALEN MCMILLAN 2024 Panini Prizm #338 Tampa Bay Buccaneers Football,3.49,1.99,-1.50,-43.0%,DOWN,63%,Conf 63%<85% | Chg -43.0%>20%,
batch02,227462337645,FBrelist-080426-0172,JOE MILTON III 2024 Panini Absolute #197 New England Patriots Football,3.49,1.99,-1.50,-43.0%,DOWN,60%,Conf 60%<85% | Chg -43.0%>20%,
batch02,227462337648,FBrelist-080426-0176,PATRICK MAHOMES II 2024 Panini Prizm Draft Picks #61 Texas Tech Red Raiders,5.49,1.99,-3.50,-63.8%,DOWN,71%,Conf 71%<85% | Chg -63.8%>20%,
batch02,227462337652,FBrelist-080426-0183,JERMAINE BURTON 2024 Donruss Optic #251 Cincinnati Bengals Football,3.49,1.99,-1.50,-43.0%,DOWN,65%,Conf 65%<85% | Chg -43.0%>20%,
batch02,227462337653,FBrelist-080426-0182,RESURGENCE BARRY SANDERS 2024 Topps #GG-10 Detroit Lions Football,3.49,1.99,-1.50,-43.0%,DOWN,72%,Conf 72%<85% | Chg -43.0%>20%,
batch02,227462337655,FBrelist-080426-0174,NICK SINGLETON 2024 Bowman University Chrome #188 Penn State Nittany Lions,3.99,1.99,-2.00,-50.1%,DOWN,61%,Conf 61%<85% | Chg -50.1%>20%,
batch02,227462337656,FBrelist-080426-0184,BROCK BOWERS 2024 Donruss Optic #215 Las Vegas Raiders Football,3.49,1.99,-1.50,-43.0%,DOWN,67%,Conf 67%<85% | Chg -43.0%>20%,
batch02,227462337658,FBrelist-080426-0185,TREY BENSON 2024 Donruss Optic #15 Arizona Cardinals Football,3.49,1.99,-1.50,-43.0%,DOWN,68%,Conf 68%<85% | Chg -43.0%>20%,
batch02,227462337666,FBrelist-080426-0188,KYLER MURRAY 2024 Donruss Optic #1 Arizona Cardinals Football,3.49,1.99,-1.50,-43.0%,DOWN,61%,Conf 61%<85% | Chg -43.0%>20%,
batch02,227462337667,FBrelist-080426-0179,RESURGENCE TOM BRADY 2024 Topps #67 New England Patriots Football,3.49,1.99,-1.50,-43.0%,DOWN,65%,Conf 65%<85% | Chg -43.0%>20%,
batch02,227462337668,FBrelist-080426-0187,BROCK BOWERS 2024 Panini Absolute #113 Las Vegas Raiders Football,3.49,1.99,-1.50,-43.0%,DOWN,70%,Conf 70%<85% | Chg -43.0%>20%,
batch02,227462337669,FBrelist-080426-0180,MALIK WASHINGTON 2024 Donruss Optic #272 Miami Dolphins Football,3.49,1.99,-1.50,-43.0%,DOWN,68%,Conf 68%<85% | Chg -43.0%>20%,
batch02,227462337670,FBrelist-080426-0189,SAGE HIT ASHTON JEANTY 2025 #162 Boise State Broncos Football,3.99,1.99,-2.00,-50.1%,DOWN,78%,Conf 78%<85% | Chg -50.1%>20%,
batch02,227462337671,FBrelist-080426-0181,KOOL-AID MCKINSTRY 2024 Donruss Optic #264 New Orleans Saints Football,3.49,1.99,-1.50,-43.0%,DOWN,64%,Conf 64%<85% | Chg -43.0%>20%,
batch02,227462337674,FBrelist-080426-0192,JA'TAVION SANDERS 2024 Donruss Optic #9 Carolina Panthers Football,3.49,1.99,-1.50,-43.0%,DOWN,66%,Conf 66%<85% | Chg -43.0%>20%,
batch02,227462337683,FBrelist-080426-0193,ENNIS RAKESTRAW JR. 2024 Donruss Optic #232 Detroit Lions Football,3.49,1.99,-1.50,-43.0%,DOWN,72%,Conf 72%<85% | Chg -43.0%>20%,
batch02,227462337687,FBrelist-080426-0197,HIDDEN POTENTIAL NATE WIGGINS 2024 Panini Donruss Optic #20 RC Ravens Rookie,3.99,1.99,-2.00,-50.1%,DOWN,62%,Conf 62%<85% | Chg -50.1%>20%,
batch02,227462337690,FBrelist-080426-0186,RESURGENCE TOM BRADY 2024 Topps #C-11 Tampa Bay Buccaneers Football,3.49,1.99,-1.50,-43.0%,DOWN,73%,Conf 73%<85% | Chg -43.0%>20%,
batch02,227462337691,FBrelist-080426-0198,2024 Panini Donruss Optic #266 Ladd McConkey Rated Rookie RC Chargers Football,4.49,1.99,-2.50,-55.7%,DOWN,84%,Conf 84%<85% | Chg -55.7%>20%,
batch02,227462337696,FBrelist-080426-0191,RESURGENCE JALEN MCMILLAN 2024 Topps #CB-17 Tampa Bay Buccaneers Football,3.49,1.99,-1.50,-43.0%,DOWN,71%,Conf 71%<85% | Chg -43.0%>20%,
batch02,227462337697,FBrelist-080426-0199,2024 Donruss Optic ADONAI MITCHELL Rookie #203 Colts RC Football,3.49,1.99,-1.50,-43.0%,DOWN,67%,Conf 67%<85% | Chg -43.0%>20%,
batch02,227462337698,FBrelist-080426-0190,JACOB COWING 2024 Topps Chrome #285 San Francisco 49ers Football,3.49,1.99,-1.50,-43.0%,DOWN,61%,Conf 61%<85% | Chg -43.0%>20%,
batch02,227462337707,FBrelist-080426-0194,BRIAN THOMAS JR. 2024 Donruss Optic #19 Jacksonville Jaguars Football,3.49,1.99,-1.50,-43.0%,DOWN,71%,Conf 71%<85% | Chg -43.0%>20%,
batch02,227462337710,FBrelist-080426-0201,TOM BRADY 2024 Topps Chrome Football #120 Base - New England Patriots,3.99,1.99,-2.00,-50.1%,DOWN,66%,Conf 66%<85% | Chg -50.1%>20%,
batch02,227462337716,FBrelist-080426-0211,PATRICK MAHOMES II 2024 Panini Select #33 Kansas City Chiefs Football,4.49,1.99,-2.50,-55.7%,DOWN,73%,Conf 73%<85% | Chg -55.7%>20%,
batch02,227462337717,FBrelist-080426-0212,PATRICK MAHOMES II 2024 Donruss Optic #94 Kansas City Chiefs Football,4.49,1.99,-2.50,-55.7%,DOWN,70%,Conf 70%<85% | Chg -55.7%>20%,
batch02,227462337720,FBrelist-080426-0213,CJ STROUD 2024 Panini Select #128 PREMIER LEVEL SILVER DIE CUT PRIZM TEXANS,4.49,1.99,-2.50,-55.7%,DOWN,78%,Conf 78%<85% | Chg -55.7%>20%,
batch02,227462337723,FBrelist-080426-0205,JUSTIN HERBERT 2024 Donruss #GOS-JHE Galaxy of Stars Los Angeles Chargers,3.99,2.19,-1.80,-45.1%,DOWN,72%,Conf 72%<85% | Chg -45.1%>20%,
batch02,227462337725,FBrelist-080426-0204,DRAKE LONDON 2022 Panini Chronicles #GK-6 Gridiron Kings Atlanta Falcons,4.49,1.99,-2.50,-55.7%,DOWN,66%,Conf 66%<85% | Chg -55.7%>20%,
batch02,227462337728,FBrelist-080426-0206,CHRIS OLAVE 2024 Donruss Optic #141 Stars New Orleans Saints Football,4.49,1.99,-2.50,-55.7%,DOWN,61%,Conf 61%<85% | Chg -55.7%>20%,
batch02,227462337730,FBrelist-080426-0215,C.J. STROUD 2023 Panini Absolute #102 Houston Texans Football,4.49,1.99,-2.50,-55.7%,DOWN,71%,Conf 71%<85% | Chg -55.7%>20%,
batch02,227462337732,FBrelist-080426-0208,ALLEN LAZARD 2024 Donruss Optic #155 Flex /149 New York Jets Football,5.69,2.39,-3.30,-58.0%,DOWN,73%,Conf 73%<85% | Chg -58.0%>20%,
batch02,227462337734,FBrelist-080426-0209,JAYDN OTT 2024 Bowman U Chrome #95 Blue Mini-Diamond Ref Golden Bears Football,3.99,4.79,+0.80,+20.1%,UP,100%,Chg +20.1%>20%,
batch02,227462337736,FBrelist-080426-0217,LAMAR JACKSON 2024 Panini Select #35 Red & Blue Prizm Shock Baltimore Ravens,4.99,1.99,-3.00,-60.1%,DOWN,76%,Conf 76%<85% | Chg -60.1%>20%,
batch02,227462337739,FBrelist-080426-0220,BROCK BOWERS 2024 Panini Absolute #113 Red and Blue Las Vegas Raiders Football,4.99,1.99,-3.00,-60.1%,DOWN,72%,Conf 72%<85% | Chg -60.1%>20%,
batch02,227462337742,FBrelist-080426-0222,LAMAR JACKSON 2024 Panini Prizm #19 Green Wave Baltimore Ravens Football,3.99,1.99,-2.00,-50.1%,DOWN,63%,Conf 63%<85% | Chg -50.1%>20%,
batch02,227462337744,FBrelist-080426-0221,2024 Donruss Optic Devontez Walker #228 Blue Glitter Baltimore Ravens Football,5.45,2.69,-2.76,-50.6%,DOWN,83%,Conf 83%<85% | Chg -50.6%>20%,
batch02,227462337745,FBrelist-080426-0226,JERMAINE BURTON 2024 Panini Prizm #350 Purple Wave Cincinnati Bengals Football,15.99,2.89,-13.10,-81.9%,DOWN,63%,Conf 63%<85% | Chg -81.9%>20%,
batch02,227462337746,FBrelist-080426-0214,BROCK BOWERS 2024 Donruss #TR-36 The Rookies Las Vegas Raiders RC Football,3.99,1.99,-2.00,-50.1%,DOWN,71%,Conf 71%<85% | Chg -50.1%>20%,
batch02,227462337750,FBrelist-080426-0225,DRAKE LONDON 2022 Panini Chronicles #PB-11 Prizm Black Atlanta Falcons Football,5.99,1.99,-4.00,-66.8%,DOWN,80%,Conf 80%<85% | Chg -66.8%>20%,
batch02,227462337753,FBrelist-080426-0227,JERMAINE BURTON 2024 Donruss #368 Optic Rated Rookies Preview Blue Scope Bengals,4.49,1.99,-2.50,-55.7%,DOWN,70%,Conf 70%<85% | Chg -55.7%>20%,
batch02,227462337755,FBrelist-080426-0218,2024 Panini TOTALLY Certified Xavier Worthy #7 Portraits Kansas City Chiefs,4.49,1.99,-2.50,-55.7%,DOWN,84%,Conf 84%<85% | Chg -55.7%>20%,
batch02,227462337756,FBrelist-080426-0228,TYLER SCOTT 2023 Panini Prizm #315 Lazer Chicago Bears Football,4.49,1.99,-2.50,-55.7%,DOWN,71%,Conf 71%<85% | Chg -55.7%>20%,
batch02,227462337759,FBrelist-080426-0229,2024 Panini Select JAYDEN DANIELS RC Turbocharged #12 Washington Commanders,3.49,1.99,-1.50,-43.0%,DOWN,83%,Conf 83%<85% | Chg -43.0%>20%,
batch02,227462337760,FBrelist-080426-0230,LADD MCCONKEY 2024 Panini Prizm #365 Los Angeles Chargers Football,3.99,1.99,-2.00,-50.1%,DOWN,68%,Conf 68%<85% | Chg -50.1%>20%,
batch02,227462337763,FBrelist-080426-0232,MICHAEL PRATT 2024 Donruss Optic #280 Stars Tampa Bay Buccaneers Football,3.99,1.99,-2.00,-50.1%,DOWN,68%,Conf 68%<85% | Chg -50.1%>20%,
batch02,227462337766,FBrelist-080426-0223,JAYDEN DANIELS 2024 Panini Donruss Rated Rookie #389 RC Washington Commanders,5.49,1.99,-3.50,-63.8%,DOWN,73%,Conf 73%<85% | Chg -63.8%>20%,
batch02,227462337767,FBrelist-080426-0233,ERICK ALL JR. 2024 Donruss Optic #233 Stars Cincinnati Bengals Football,3.99,1.99,-2.00,-50.1%,DOWN,70%,Conf 70%<85% | Chg -50.1%>20%,
batch02,227462337768,FBrelist-080426-0234,TERRION ARNOLD 2024 Donruss Optic #290 Stars Detroit Lions Football,4.49,1.99,-2.50,-55.7%,DOWN,72%,Conf 72%<85% | Chg -55.7%>20%,
batch02,227462337770,FBrelist-080426-0224,BIJAN ROBINSON 2023 Panini Prizm #F-24 Fireworks Atlanta Falcons Football,3.99,1.99,-2.00,-50.1%,DOWN,87%,Chg -50.1%>20%,
batch02,227462337773,FBrelist-080426-0236,ELITE LUKE MCCAFFREY 2024 Donruss #188 Pink Washington Commanders Football,4.49,1.99,-2.50,-55.7%,DOWN,67%,Conf 67%<85% | Chg -55.7%>20%,
batch02,227462337778,FBrelist-080426-0237,TRAVIS KELCE 2022 Panini Mosaic #97 Mosaic Reactive Orange Kansas City Chiefs,4.49,2.29,-2.20,-49.0%,DOWN,83%,Conf 83%<85% | Chg -49.0%>20%,
batch02,227462337781,FBrelist-080426-0238,PATRICK MAHOMES II 2022 Panini Select #20 Kansas City Chiefs Football,4.49,1.99,-2.50,-55.7%,DOWN,63%,Conf 63%<85% | Chg -55.7%>20%,
batch02,227462337787,FBrelist-080426-0216,JARED VERSE 2024 Panini Prizm #341 Orange Disco Prizm Los Angeles Rams Football,4.49,1.99,-2.50,-55.7%,DOWN,76%,Conf 76%<85% | Chg -55.7%>20%,
batch02,227462337792,FBrelist-080426-0241,2024 Prizm MARVIN HARRISON JR. PRIZMATIC RC Green Rookie #12 Cardinals Football,4.99,1.99,-3.00,-60.1%,DOWN,85%,Chg -60.1%>20%,
batch02,227462337793,FBrelist-080426-0240,KYLER MURRAY 2021 Panini Prizm #76 Light Blue Arizona Cardinals Football,6.99,2.99,-4.00,-57.2%,DOWN,77%,Conf 77%<85% | Chg -57.2%>20%,
batch02,227462337796,FBrelist-080426-0235,TERRY MCLAURIN 2023 Panini Select #99 Silver Prizms Die Cuts Commanders Football,3.99,1.99,-2.00,-50.1%,DOWN,69%,Conf 69%<85% | Chg -50.1%>20%,
batch02,227462337797,FBrelist-080426-0243,2024 Donruss Optic Jayden Daniels #248 Purple Shock Washington Commanders,26.00,3.29,-22.71,-87.3%,DOWN,69%,Conf 69%<85% | Chg -87.3%>20%,
batch02,227462337799,FBrelist-080426-0246,JUSTIN HERBERT 2023 Panini Contenders #59 MOJO Chargers Football,4.49,2.29,-2.20,-49.0%,DOWN,76%,Conf 76%<85% | Chg -49.0%>20%,
batch02,227462337807,FBrelist-080426-0250,JARED GOFF 2020 Panini Prizm Draft Picks #48 Prizms Silver Golden Bears Football,10.99,2.19,-8.80,-80.1%,DOWN,85%,Chg -80.1%>20%,
batch02,227462337808,FBrelist-080426-0251,AMARI COOPER 2021 Panini Select #111 Tri-Color Prizm Cowboys Football,4.49,3.89,-0.60,-13.4%,DOWN,70%,Conf 70%<85%,
batch02,227462337814,FBrelist-080426-0253,KYLE TUCKER 2024 Topps #551 Rainbow Foil Houston Astros Baseball,3.99,1.99,-2.00,-50.1%,DOWN,64%,Conf 64%<85% | Chg -50.1%>20%,
batch02,227462337818,FBrelist-080426-0245,MICHAEL PITTMAN JR. 2024 Panini Prizm #123 Neon Green Pulsar Colts Football,4.49,1.99,-2.50,-55.7%,DOWN,63%,Conf 63%<85% | Chg -55.7%>20%,
batch02,227462337822,FBrelist-080426-0247,BROCK PURDY 2023 Panini Contenders #86 Season Ticket MOJO 49ers Football,9.99,3.59,-6.40,-64.1%,DOWN,72%,Conf 72%<85% | Chg -64.1%>20%,
batch02,227462337823,FBrelist-080426-0255,TORY HORTON 2024 Bowman University Chrome #174 Colorado State Rams Football,3.49,1.99,-1.50,-43.0%,DOWN,61%,Conf 61%<85% | Chg -43.0%>20%,
batch02,227462337824,FBrelist-080426-0256,TERRION ARNOLD 2024 Finest #52 Blue Checkerboard Ref Detroit Lions #/99 Football,3.99,4.79,+0.80,+20.1%,UP,100%,Chg +20.1%>20%,
batch02,227462337828,FBrelist-080426-0249,JARED GOFF 2022 Panini Mosaic #64 Mosaic Camo Pink Lions Football,3.99,1.99,-2.00,-50.1%,DOWN,85%,Chg -50.1%>20%,
batch02,227462337829,FBrelist-080426-0257,CHOP ROBINSON 2024 Finest #D-20 Debut Miami Dolphins Football,3.49,1.99,-1.50,-43.0%,DOWN,69%,Conf 69%<85% | Chg -43.0%>20%,
batch02,227462337832,FBrelist-080426-0248,MALIK WASHINGTON 2024 Donruss Optic #272 Holo Miami Dolphins Football,3.99,1.99,-2.00,-50.1%,DOWN,72%,Conf 72%<85% | Chg -50.1%>20%,
batch02,227462337833,FBrelist-080426-0258,JAYLEN WRIGHT 2024 Finest #296 Miami Dolphins Football,3.99,1.99,-2.00,-50.1%,DOWN,64%,Conf 64%<85% | Chg -50.1%>20%,
batch02,227462337834,FBrelist-080426-0259,COOPER DEJEAN 2024 Finest #D-30 Debut Philadelphia Eagles Football,3.99,1.99,-2.00,-50.1%,DOWN,74%,Conf 74%<85% | Chg -50.1%>20%,
batch02,227462337838,FBrelist-080426-0261,BLAKE CORUM 2024 Topps Chrome #219 Los Angeles Rams Football,3.49,1.99,-1.50,-43.0%,DOWN,63%,Conf 63%<85% | Chg -43.0%>20%,
batch02,227462337841,FBrelist-080426-0263,JIM EVERETT 2024 Topps Inception #77 Purple Los Angeles Rams #/125 Football,3.99,3.29,-0.70,-17.5%,DOWN,79%,Conf 79%<85%,
batch02,227462337843,FBrelist-080426-0265,DEEBO SAMUEL 2024 Donruss #4 The Elite Series San Francisco 49ers Football,3.49,1.99,-1.50,-43.0%,DOWN,70%,Conf 70%<85% | Chg -43.0%>20%,
batch02,227462337844,FBrelist-080426-0254,MONARAY BALDWIN 2024 Bowman University Chrome #163 Baylor Bears Football,3.49,1.99,-1.50,-43.0%,DOWN,63%,Conf 63%<85% | Chg -43.0%>20%,
batch02,227462337847,FBrelist-080426-0266,XAVIER LEGETTE 2024 Panini Illusions #12 Carolina Panthers Football,3.49,1.99,-1.50,-43.0%,DOWN,64%,Conf 64%<85% | Chg -43.0%>20%,
batch02,227462337851,FBrelist-080426-0267,2024 Panini Donruss Optic Football - JA'LYNN POLK Card 240 Rookie RC,3.49,1.99,-1.50,-43.0%,DOWN,73%,Conf 73%<85% | Chg -43.0%>20%,
batch02,227462337852,FBrelist-080426-0268,RICKY PEARSALL 2024 Panini Contenders #15 Draft Class Contenders 49ers Football,3.99,1.99,-2.00,-50.1%,DOWN,80%,Conf 80%<85% | Chg -50.1%>20%,
batch02,227462337854,FBrelist-080426-0270,DALTON KINCAID 2024 Panini Contenders #12 Buffalo Bills Football,3.99,1.99,-2.00,-50.1%,DOWN,62%,Conf 62%<85% | Chg -50.1%>20%,
batch02,227462337855,FBrelist-080426-0269,XAVIER LEGETTE 2024 Panini Contenders #16 Rookie Stallions Carolina Panthers RC,3.99,1.99,-2.00,-50.1%,DOWN,72%,Conf 72%<85% | Chg -50.1%>20%,
batch02,227462337859,FBrelist-080426-0260,MARSHAWN LLOYD 2024 Topps Chrome #251 Green Bay Packers Football,3.49,1.99,-1.50,-43.0%,DOWN,63%,Conf 63%<85% | Chg -43.0%>20%,
batch02,227462337860,FBrelist-080426-0262,ROMAN WILSON 2024 Finest #194 Refractor Pittsburgh Steelers Football,3.49,1.99,-1.50,-43.0%,DOWN,69%,Conf 69%<85% | Chg -43.0%>20%,
batch02,227462337861,FBrelist-080426-0273,AARON RODGERS 2024 Panini Contenders #78 New York Jets Football,3.99,1.99,-2.00,-50.1%,DOWN,66%,Conf 66%<85% | Chg -50.1%>20%,
batch02,227462337864,FBrelist-080426-0274,RACHAAD WHITE 2024 Panini Contenders #94 Season Ticket Buccaneers Football,3.99,1.99,-2.00,-50.1%,DOWN,69%,Conf 69%<85% | Chg -50.1%>20%,
batch02,227462337865,FBrelist-080426-0275,KENDRICK BOURNE 2024 Panini Contenders #69 Season Ticket Patriots Football,3.99,1.99,-2.00,-50.1%,DOWN,69%,Conf 69%<85% | Chg -50.1%>20%,
batch02,227462337870,FBrelist-080426-0277,MICAH PARSONS 2024 Panini Contenders #27 Cowboys Football,3.99,1.99,-2.00,-50.1%,DOWN,71%,Conf 71%<85% | Chg -50.1%>20%,
batch02,227462337872,FBrelist-080426-0278,TUA TAGOVAILOA 2024 Panini Contenders #61 Dolphins Football,3.99,1.99,-2.00,-50.1%,DOWN,84%,Conf 84%<85% | Chg -50.1%>20%,
batch02,227462337874,FBrelist-080426-0279,JOSH JACOBS 2024 Panini Contenders #35 Green Bay Packers Football,3.99,1.99,-2.00,-50.1%,DOWN,69%,Conf 69%<85% | Chg -50.1%>20%,
batch02,227462337879,FBrelist-080426-0280,MIKE EVANS 2024 Panini Contenders #93 Season Ticket Retail Tampa Bay Buccaneers,3.99,1.99,-2.00,-50.1%,DOWN,66%,Conf 66%<85% | Chg -50.1%>20%,
batch02,227462337881,FBrelist-080426-0271,CHRIS OLAVE 2024 Panini Contenders #70 New Orleans Saints Football,3.99,1.99,-2.00,-50.1%,DOWN,72%,Conf 72%<85% | Chg -50.1%>20%,
batch02,227462337882,FBrelist-080426-0272,JOE BURROW 2024 Panini Contenders #20 Cincinnati Bengals Football,3.99,1.99,-2.00,-50.1%,DOWN,69%,Conf 69%<85% | Chg -50.1%>20%,
batch02,227462337884,FBrelist-080426-0282,TREY HENDRICKSON 2024 Panini Contenders #19 Season Ticket Bengals Football,3.99,1.99,-2.00,-50.1%,DOWN,71%,Conf 71%<85% | Chg -50.1%>20%,
batch02,227462337886,FBrelist-080426-0283,GEORGE KARLAFTIS 2024 Panini Contenders #51 Chiefs Football,3.99,1.99,-2.00,-50.1%,DOWN,65%,Conf 65%<85% | Chg -50.1%>20%,
batch02,227462337887,FBrelist-080426-0286,AIDAN HUTCHINSON 2024 Panini Contenders #34 Season Ticket Mojo Detroit Lions,3.99,1.99,-2.00,-50.1%,DOWN,72%,Conf 72%<85% | Chg -50.1%>20%,
batch02,227462337889,FBrelist-080426-0284,BAKER MAYFIELD 2024 Panini Contenders #92 Mojo Tampa Bay Buccaneers Football,3.99,1.99,-2.00,-50.1%,DOWN,70%,Conf 70%<85% | Chg -50.1%>20%,
batch02,227462337890,FBrelist-080426-0285,BREECE HALL 2024 Panini Contenders #76 Mojo Jets Football,3.99,1.99,-2.00,-50.1%,DOWN,71%,Conf 71%<85% | Chg -50.1%>20%,
batch02,227462337891,FBrelist-080426-0288,DJ MOORE 2024 Panini Contenders #18 Chicago Bears Football,3.99,1.99,-2.00,-50.1%,DOWN,63%,Conf 63%<85% | Chg -50.1%>20%,
batch02,227462337896,FBrelist-080426-0289,KYLE TUCKER 2025 Topps Heritage #227 Dark Blue Chicago Cubs Baseball,3.49,1.99,-1.50,-43.0%,DOWN,73%,Conf 73%<85% | Chg -43.0%>20%,
batch02,227462337900,FBrelist-080426-0281,JAMES COOK 2024 Panini Contenders #10 Buffalo Bills Football,3.99,1.99,-2.00,-50.1%,DOWN,60%,Conf 60%<85% | Chg -50.1%>20%,
batch02,227462337901,FBrelist-080426-0292,BRIAN THOMAS JR. 2024 Donruss #313 Jacksonville Jaguars Football,3.49,1.99,-1.50,-43.0%,DOWN,67%,Conf 67%<85% | Chg -43.0%>20%,
batch02,227462337906,FBrelist-080426-0294,DEVIN CULP 2024 Panini Prizm #326 Tampa Bay Buccaneers Football,3.49,1.99,-1.50,-43.0%,DOWN,67%,Conf 67%<85% | Chg -43.0%>20%,
batch02,227462337907,FBrelist-080426-0295,WILL SHIPLEY 2024 Panini Prizm #397 Philadelphia Eagles Football,3.49,1.99,-1.50,-43.0%,DOWN,64%,Conf 64%<85% | Chg -43.0%>20%,
batch02,227462337913,FBrelist-080426-0297,CJ STROUD 2024 Topps Chrome #83 Houston Texans Football,2.99,1.99,-1.00,-33.4%,DOWN,61%,Conf 61%<85% | Chg -33.4%>20%,
batch02,227462337914,FBrelist-080426-0287,KYLER MURRAY 2024 Panini Contenders #3 Mojo Cardinals Football,3.99,1.99,-2.00,-50.1%,DOWN,65%,Conf 65%<85% | Chg -50.1%>20%,
batch02,227462337918,FBrelist-080426-0299,TONY BOSELLI 2024 Topps Chrome #92 Sepia Refractor Jacksonville Jaguars Football,3.49,1.99,-1.50,-43.0%,DOWN,71%,Conf 71%<85% | Chg -43.0%>20%,
batch02,227462337919,FBrelist-080426-0290,ROMAN WILSON 2024 Donruss Optic #285 Pittsburgh Steelers Football,5.49,1.99,-3.50,-63.8%,DOWN,64%,Conf 64%<85% | Chg -63.8%>20%,
batch02,227462337921,FBrelist-080426-0300,LADD MCCONKEY 2024 Donruss #328 Los Angeles Chargers Football,3.49,1.99,-1.50,-43.0%,DOWN,67%,Conf 67%<85% | Chg -43.0%>20%,
batch02,227462337922,FBrelist-080426-0302,2024 Panini Select Jaylen Wright #JRS-JWT Jumbo Swatch Prizm Dolphins /149,2.09,2.99,+0.90,+43.1%,UP,100%,Chg +43.1%>20%,
batch02,227462337924,FBrelist-080426-0293,BRENDEN RICE 2024 Panini Prizm #313 Los Angeles Chargers Football,3.49,1.99,-1.50,-43.0%,DOWN,60%,Conf 60%<85% | Chg -43.0%>20%,
batch02,227462337929,FBrelist-080426-0304,2024 Panini Phoenix Luke McCaffrey #218 Lazer Washington Commanders Football,2.00,1.99,-0.01,-0.5%,DOWN,71%,Conf 71%<85%,
batch02,227462337930,FBrelist-080426-0305,DALLAS TURNER 2024 Donruss #331 Optic Rated Rookies Preview Pink Vikings RC,3.99,2.79,-1.20,-30.1%,DOWN,78%,Conf 78%<85% | Chg -30.1%>20%,
batch02,227462337932,FBrelist-080426-0306,XAVIER WORTHY 2024 Donruss Optic #7 Rookie Primary Colors Kansas City Chiefs RC,3.99,1.99,-2.00,-50.1%,DOWN,61%,Conf 61%<85% | Chg -50.1%>20%,
batch02,227462337935,FBrelist-080426-0298,LADD MCCONKEY 2024 Donruss #39 Retro 1994 Los Angeles Chargers Football,3.49,1.99,-1.50,-43.0%,DOWN,74%,Conf 74%<85% | Chg -43.0%>20%,
batch02,227462337936,FBrelist-080426-0307,ROME ODUNZE 2024 Panini Prizm #9 Prizmatic Chicago Bears Football,3.99,1.99,-2.00,-50.1%,DOWN,79%,Conf 79%<85% | Chg -50.1%>20%,
batch02,227462337937,FBrelist-080426-0308,JOE MILTON III 2024 Donruss Optic #13 Rookie Primary Colors New England Patriots,3.49,1.99,-1.50,-43.0%,DOWN,72%,Conf 72%<85% | Chg -43.0%>20%,
batch02,227462337939,FBrelist-080426-0309,2024 Donruss Optic Brian Thomas Jr. #214 Green Hyper Jacksonville Jaguars,4.45,3.19,-1.26,-28.3%,DOWN,84%,Conf 84%<85% | Chg -28.3%>20%,
batch02,227462337943,FBrelist-080426-0310,BROCK BOWERS 2024 Panini Phoenix #CON-BBS Contours Las Vegas Raiders Football,5.49,2.49,-3.00,-54.6%,DOWN,71%,Conf 71%<85% | Chg -54.6%>20%,
batch02,227462337946,FBrelist-080426-0311,MICHAEL PRATT 2024 Donruss #339 Optic Rated Rookies Preview Blue Scope Packers,3.99,1.99,-2.00,-50.1%,DOWN,71%,Conf 71%<85% | Chg -50.1%>20%,
batch02,227462337948,FBrelist-080426-0313,RESURGENCE XAVIER LEGETTE 2024 Topps #114 Carolina Panthers Football,3.49,1.99,-1.50,-43.0%,DOWN,70%,Conf 70%<85% | Chg -43.0%>20%,
batch02,227462337949,FBrelist-080426-0312,BRIAN THOMAS JR. 2024 Panini Select #11 Phenomenon Prizm Jacksonville Jaguars,5.49,4.19,-1.30,-23.7%,DOWN,74%,Conf 74%<85% | Chg -23.7%>20%,
batch02,227462337950,FBrelist-080426-0303,2024 Donruss Optic J.J. McCarthy #235 Minnesota Vikings Football,2.09,1.99,-0.10,-4.8%,DOWN,61%,Conf 61%<85%,
batch02,227462337951,FBrelist-080426-0315,RESURGENCE JAYLEN WRIGHT 2024 Topps #158 Miami Dolphins Football,3.49,1.99,-1.50,-43.0%,DOWN,68%,Conf 68%<85% | Chg -43.0%>20%,
batch02,227462337956,FBrelist-080426-0318,SAGE HIT DREW ALLAR 2025 #147 Purple Penn State Nittany Lions Football,2.49,1.99,-0.50,-20.1%,DOWN,64%,Conf 64%<85% | Chg -20.1%>20%,
batch02,227462337959,FBrelist-080426-0319,RESURGENCE BUB MEANS 2024 Topps #167 White Surge New Orleans Saints #/125,3.99,2.19,-1.80,-45.1%,DOWN,73%,Conf 73%<85% | Chg -45.1%>20%,
batch02,227462337961,FBrelist-080426-0320,RESURGENCE SPENCER RATTLER 2024 Topps #166 New Orleans Saints Football,2.99,1.99,-1.00,-33.4%,DOWN,71%,Conf 71%<85% | Chg -33.4%>20%,
batch02,227462337969,FBrelist-080426-0325,SPENCER RATTLER 2024 Finest #64 New Orleans Saints Football,3.49,1.99,-1.50,-43.0%,DOWN,67%,Conf 67%<85% | Chg -43.0%>20%,
batch02,227462337973,FBrelist-080426-0326,DWAYNE BOWE 2024 Topps Inception #70 Kansas City Chiefs Football,2.99,2.39,-0.60,-20.1%,DOWN,66%,Conf 66%<85% | Chg -20.1%>20%,
batch02,227462337974,FBrelist-080426-0327,RESURGENCE JA'LYNN POLK 2024 Topps #165 New England Patriots Football,3.49,1.99,-1.50,-43.0%,DOWN,63%,Conf 63%<85% | Chg -43.0%>20%,
batch02,227462337976,FBrelist-080426-0328,RESURGENCE JAYLEN WRIGHT 2024 Topps #CB-20 Circuit Breakers Miami Dolphins,3.49,1.99,-1.50,-43.0%,DOWN,83%,Conf 83%<85% | Chg -43.0%>20%,
batch02,227462337981,FBrelist-080426-0329,RESURGENCE TERRELL DAVIS 2024 Topps #33 Yellow Surge Denver Broncos #/225,3.49,2.79,-0.70,-20.1%,DOWN,76%,Conf 76%<85% | Chg -20.1%>20%,
batch02,227462337982,FBrelist-080426-0330,RESURGENCE TYLER NUBIN 2024 Topps #173 Navy Surge New York Giants #/275 Football,3.99,2.69,-1.30,-32.6%,DOWN,74%,Conf 74%<85% | Chg -32.6%>20%,
batch02,227462337984,FBrelist-080426-0331,COOPER DEJEAN 2024 Finest #54 Philadelphia Eagles Football,3.49,1.99,-1.50,-43.0%,DOWN,62%,Conf 62%<85% | Chg -43.0%>20%,
batch02,227462337986,FBrelist-080426-0322,RESURGENCE BRENDEN RICE 2024 Topps #155 Los Angeles Chargers Football,3.49,1.99,-1.50,-43.0%,DOWN,79%,Conf 79%<85% | Chg -43.0%>20%,
batch02,227462337991,FBrelist-080426-0323,LADD MCCONKEY 2024 Finest #86 Los Angeles Chargers Football,3.49,1.99,-1.50,-43.0%,DOWN,66%,Conf 66%<85% | Chg -43.0%>20%,
batch03,227462337992,FBrelist-080426-0333,AMARI COOPER 2024 Panini Prizm #66 Lazer Cleveland Browns Football,3.99,1.99,-2.00,-50.1%,DOWN,74%,Conf 74%<85% | Chg -50.1%>20%,
batch03,227462337993,FBrelist-080426-0334,NICK SINGLETON 2022 Bowman University Chrome #87 Penn State Nittany Lions,3.99,1.99,-2.00,-50.1%,DOWN,64%,Conf 64%<85% | Chg -50.1%>20%,
batch03,227462338000,FBrelist-080426-0338,J.J. MCCARTHY 2024 Panini Absolute #110 Red and Blue Minnesota Vikings Football,6.49,2.09,-4.40,-67.8%,DOWN,76%,Conf 76%<85% | Chg -67.8%>20%,
batch03,227462338007,FBrelist-080426-0342,MALIK NABERS 2024 Donruss #383 New York Giants Football,2.49,1.99,-0.50,-20.1%,DOWN,64%,Conf 64%<85% | Chg -20.1%>20%,
batch03,227462338009,FBrelist-080426-0344,2024 Panini TOTALLY Certified Jaheim Bell #130 New England Patriots Football,3.49,1.99,-1.50,-43.0%,DOWN,61%,Conf 61%<85% | Chg -43.0%>20%,
batch03,227462338011,FBrelist-080426-0336,MICHAEL PENIX JR. 2024 Panini Mosaic #308 Atlanta Falcons Football,4.99,1.99,-3.00,-60.1%,DOWN,66%,Conf 66%<85% | Chg -60.1%>20%,
batch03,227462338012,FBrelist-080426-0335,SAQUON BARKLEY 2024 Panini Prizm #232 Philadelphia Eagles Football,3.99,1.99,-2.00,-50.1%,DOWN,78%,Conf 78%<85% | Chg -50.1%>20%,
batch03,227462338013,FBrelist-080426-0346,COOPER KUPP 2024 Donruss #258 Los Angeles Rams Football,3.49,1.99,-1.50,-43.0%,DOWN,60%,Conf 60%<85% | Chg -43.0%>20%,
batch03,227462338014,FBrelist-080426-0345,2024 Panini TOTALLY Certified Joe Burrow #20 Cincinnati Bengals Football,3.49,1.99,-1.50,-43.0%,DOWN,64%,Conf 64%<85% | Chg -43.0%>20%,
batch03,227462338016,FBrelist-080426-0347,2024 Panini TOTALLY Certified Jalen Hurts #72 Eagles Football,3.49,1.99,-1.50,-43.0%,DOWN,83%,Conf 83%<85% | Chg -43.0%>20%,
batch03,227462338017,FBrelist-080426-0339,JOE BURROW 2021 Panini Mosaic #226 Prizm Camo Pink Cincinnati Bengals Football,5.49,2.29,-3.20,-58.3%,DOWN,72%,Conf 72%<85% | Chg -58.3%>20%,
batch03,227462338024,FBrelist-080426-0340,JOE MILTON III 2024 Panini Mosaic #397 Mosaic Green New England Patriots,6.49,2.69,-3.80,-58.6%,DOWN,89%,Chg -58.6%>20%,
batch03,227462338028,FBrelist-080426-0351,2024 Panini TOTALLY Certified Will Shipley #173 Philadelphia Eagles Football,3.49,1.99,-1.50,-43.0%,DOWN,82%,Conf 82%<85% | Chg -43.0%>20%,
batch03,227462338029,FBrelist-080426-0343,2024 Panini TOTALLY Certified Micah Parsons #100 Dallas Cowboys Football,3.49,1.99,-1.50,-43.0%,DOWN,63%,Conf 63%<85% | Chg -43.0%>20%,
batch03,227462338031,FBrelist-080426-0354,BRIAN THOMAS JR. 2024 Donruss Optic #2 Diamond Hands Jaguars Football,3.99,1.99,-2.00,-50.1%,DOWN,75%,Conf 75%<85% | Chg -50.1%>20%,
batch03,227462338033,FBrelist-080426-0355,BRIAN THOMAS JR. 2024 Donruss Optic #12 2014 Retro Series Jacksonville Jaguars,3.99,1.99,-2.00,-50.1%,DOWN,79%,Conf 79%<85% | Chg -50.1%>20%,
batch03,227462338035,FBrelist-080426-0348,2024 Panini TOTALLY Certified Saquon Barkley #73 Philadelphia Eagles Football,3.99,1.99,-2.00,-50.1%,DOWN,78%,Conf 78%<85% | Chg -50.1%>20%,
batch03,227462338037,FBrelist-080426-0357,LAMAR JACKSON 2024 Panini Select #35 Black & Red Prizm Shock Baltimore Ravens,3.99,1.99,-2.00,-50.1%,DOWN,77%,Conf 77%<85% | Chg -50.1%>20%,
batch03,227462338040,FBrelist-080426-0358,RASHOD BATEMAN 2021 Panini Select #155 Green and Yellow Prizm Die Cut Ravens,3.99,4.79,+0.80,+20.1%,UP,100%,Chg +20.1%>20%,
batch03,227462338041,FBrelist-080426-0349,2024 Panini TOTALLY Certified Jordan Love #30 Green Bay Packers Football,3.99,1.99,-2.00,-50.1%,DOWN,70%,Conf 70%<85% | Chg -50.1%>20%,
batch03,227462338046,FBrelist-080426-0352,2024 Panini TOTALLY Certified Jared Verse #134 Rams Football,3.49,1.99,-1.50,-43.0%,DOWN,84%,Conf 84%<85% | Chg -43.0%>20%,
batch03,227462338047,FBrelist-080426-0361,TRE NIXON 2021 Panini Select #199 New England Patriots Football,3.49,1.99,-1.50,-43.0%,DOWN,63%,Conf 63%<85% | Chg -43.0%>20%,
batch03,227462338048,FBrelist-080426-0350,2024 Panini TOTALLY Certified Trey McBride #3 Arizona Cardinals Football,3.49,1.99,-1.50,-43.0%,DOWN,77%,Conf 77%<85% | Chg -43.0%>20%,
batch03,227462338051,FBrelist-080426-0362,RAY LEWIS 2021 Panini Select #239 Green and Yellow Prizm Die Cut Ravens Football,3.49,4.39,+0.90,+25.8%,UP,100%,Chg +25.8%>20%,
batch03,227462338054,FBrelist-080426-0360,TRAVIS KELCE 2021 Panini Select #SN-22 Select Numbers Kansas City Chiefs,3.49,1.99,-1.50,-43.0%,DOWN,63%,Conf 63%<85% | Chg -43.0%>20%,
batch03,227462338055,FBrelist-080426-0363,TAHJ BROOKS 2024 Bowman University Chrome #193 Texas Tech Red Raiders Football,3.49,1.99,-1.50,-43.0%,DOWN,61%,Conf 61%<85% | Chg -43.0%>20%,
batch03,227462338056,FBrelist-080426-0353,2024 Panini TOTALLY Certified Baker Mayfield #87 Tampa Bay Buccaneers Football,3.49,1.99,-1.50,-43.0%,DOWN,79%,Conf 79%<85% | Chg -43.0%>20%,
batch03,227462338060,FBrelist-080426-0364,NICHOLAS VATTIATO 2024 Bowman University Chrome #138 Blue Raiders Football,3.49,1.99,-1.50,-43.0%,DOWN,88%,Chg -43.0%>20%,
batch03,227462338062,FBrelist-080426-0365,JAYDN OTT 2024 Bowman University Chrome #95 California Golden Bears Football,3.49,1.99,-1.50,-43.0%,DOWN,68%,Conf 68%<85% | Chg -43.0%>20%,
batch03,227462338064,FBrelist-080426-0356,BRIAN THOMAS JR. 2024 Panini Phoenix #164 Jags Football,3.99,1.99,-2.00,-50.1%,DOWN,72%,Conf 72%<85% | Chg -50.1%>20%,
batch03,227462338066,FBrelist-080426-0366,CHANDLER ROGERS 2024 Bowman University Chrome #41 California Golden Bears,3.49,1.99,-1.50,-43.0%,DOWN,73%,Conf 73%<85% | Chg -43.0%>20%,
batch03,227462338074,FBrelist-080426-0359,DAVIS MILLS 2021 Panini Select #65 Green and Yellow Prizm Die Cut Houston Texans,3.49,1.99,-1.50,-43.0%,DOWN,77%,Conf 77%<85% | Chg -43.0%>20%,
batch03,227462338079,FBrelist-080426-0372,ALEX ANZALONE 2024 Panini Select #104 Black & Red Prizm Shock Detroit Lions,3.99,1.99,-2.00,-50.1%,DOWN,67%,Conf 67%<85% | Chg -50.1%>20%,
batch03,227462338081,FBrelist-080426-0374,JHA'QUAN JACKSON 2024 Donruss Optic #253 Purple Shock Tennessee Titans Football,3.99,1.99,-2.00,-50.1%,DOWN,79%,Conf 79%<85% | Chg -50.1%>20%,
batch03,227462338083,FBrelist-080426-0376,JAVON BULLARD 2024 Donruss Optic #246 Purple Shock Green Bay Packers Football,3.99,1.99,-2.00,-50.1%,DOWN,78%,Conf 78%<85% | Chg -50.1%>20%,
batch03,227462338087,FBrelist-080426-0368,TERRION ARNOLD 2024 Panini Prizm #389 Lazer Detroit Lions Football,3.99,1.99,-2.00,-50.1%,DOWN,71%,Conf 71%<85% | Chg -50.1%>20%,
batch03,227462338092,FBrelist-080426-0370,DYLAN LAUBE 2024 Donruss Optic #230 Purple Shock Las Vegas Raiders Football,3.99,1.99,-2.00,-50.1%,DOWN,70%,Conf 70%<85% | Chg -50.1%>20%,
batch03,227462338093,FBrelist-080426-0369,JAYLEN WRIGHT 2024 Donruss Optic #249 Pink Miami Dolphins Football,3.99,1.99,-2.00,-50.1%,DOWN,71%,Conf 71%<85% | Chg -50.1%>20%,
batch03,227462338094,FBrelist-080426-0380,T'VONDRE SWEAT 2024 Donruss Optic #295 Tennessee Titans Football,3.49,1.99,-1.50,-43.0%,DOWN,64%,Conf 64%<85% | Chg -43.0%>20%,
batch03,227462338098,FBrelist-080426-0382,ENNIS RAKESTRAW JR. 2024 Donruss Optic #232 Blue Hyper Detroit Lions Football,3.49,1.99,-1.50,-43.0%,DOWN,73%,Conf 73%<85% | Chg -43.0%>20%,
batch03,227462338099,FBrelist-080426-0371,KERBY JOSEPH 2024 Panini Select #177 Black & Red Prizm Shock Detroit Lions,5.99,1.99,-4.00,-66.8%,DOWN,66%,Conf 66%<85% | Chg -66.8%>20%,
batch03,227462338101,FBrelist-080426-0384,JAWHAR JORDAN 2024 Donruss Optic #247 Blue Hyper Houston Texans Football,3.49,1.99,-1.50,-43.0%,DOWN,87%,Chg -43.0%>20%,
batch03,227462338102,FBrelist-080426-0373,JOE ALT 2024 Panini Prizm #353 Green Wave Los Angeles Chargers Football,3.99,1.99,-2.00,-50.1%,DOWN,63%,Conf 63%<85% | Chg -50.1%>20%,
batch03,227462338106,FBrelist-080426-0385,MARIST LIUFAU 2024 Donruss Optic #273 Purple Shock Dallas Cowboys Football,3.49,1.99,-1.50,-43.0%,DOWN,68%,Conf 68%<85% | Chg -43.0%>20%,
batch03,227462338108,FBrelist-080426-0375,MARSHAWN KNEELAND 2024 Donruss Optic #274 Blue Hyper Dallas Cowboys Football,3.99,1.99,-2.00,-50.1%,DOWN,87%,Chg -50.1%>20%,
batch03,227462338109,FBrelist-080426-0377,CHRIS OLAVE 2024 Panini Select #13 Select Numbers New Orleans Saints Football,3.49,1.99,-1.50,-43.0%,DOWN,68%,Conf 68%<85% | Chg -43.0%>20%,
batch03,227462338111,FBrelist-080426-0387,MARSHAWN KNEELAND 2024 Donruss Optic #274 Purple Shock Dallas Cowboys Football,3.49,1.99,-1.50,-43.0%,DOWN,79%,Conf 79%<85% | Chg -43.0%>20%,
batch03,227462338115,FBrelist-080426-0389,JHA'QUAN JACKSON 2024 Donruss Optic #253 Blue Hyper Tennessee Titans Football,3.49,1.99,-1.50,-43.0%,DOWN,62%,Conf 62%<85% | Chg -43.0%>20%,
batch03,227462338116,FBrelist-080426-0378,ERICK ALL JR. 2024 Donruss Optic #233 Purple Shock Cincinnati Bengals Football,3.49,1.99,-1.50,-43.0%,DOWN,71%,Conf 71%<85% | Chg -43.0%>20%,
batch03,227462338119,FBrelist-080426-0391,JAHEIM BELL 2024 Donruss Optic #238 Blue Hyper New England Patriots Football,3.49,1.99,-1.50,-43.0%,DOWN,64%,Conf 64%<85% | Chg -43.0%>20%,
batch03,227462338120,FBrelist-080426-0390,MAASON SMITH 2024 Donruss Optic #269 Purple Shock Jacksonville Jaguars Football,3.49,1.99,-1.50,-43.0%,DOWN,73%,Conf 73%<85% | Chg -43.0%>20%,
batch03,227462338121,FBrelist-080426-0379,CHOP ROBINSON 2024 Donruss Optic #219 Blue Hyper Miami Dolphins Football,3.49,1.99,-1.50,-43.0%,DOWN,72%,Conf 72%<85% | Chg -43.0%>20%,
batch03,227462338122,FBrelist-080426-0381,RYAN FLOURNOY 2024 Donruss Optic #288 Purple Shock Dallas Cowboys Football,3.49,1.99,-1.50,-43.0%,DOWN,84%,Conf 84%<85% | Chg -43.0%>20%,
batch03,227462338125,FBrelist-080426-0392,BROCK BOWERS 2024 Donruss Optic #215 Las Vegas Raiders Football,3.99,1.99,-2.00,-50.1%,DOWN,67%,Conf 67%<85% | Chg -50.1%>20%,
batch03,227462338126,FBrelist-080426-0393,AUDRIC ESTIME 2024 Donruss Optic #12 Rookie Primary Colors Denver Broncos RC,3.49,1.99,-1.50,-43.0%,DOWN,66%,Conf 66%<85% | Chg -43.0%>20%,
batch03,227462338128,FBrelist-080426-0383,MARIST LIUFAU 2024 Donruss Optic #273 Holo Dallas Cowboys Football,3.49,1.99,-1.50,-43.0%,DOWN,65%,Conf 65%<85% | Chg -43.0%>20%,
batch03,227462338131,FBrelist-080426-0386,DEVONTEZ WALKER 2024 Donruss Optic #228 Blue Hyper Baltimore Ravens Football,3.49,1.99,-1.50,-43.0%,DOWN,71%,Conf 71%<85% | Chg -43.0%>20%,
batch03,227462338134,FBrelist-080426-0395,JA'LYNN POLK 2024 Donruss Optic #240 Purple Shock New England Patriots Football,3.99,1.99,-2.00,-50.1%,DOWN,78%,Conf 78%<85% | Chg -50.1%>20%,
batch03,227462338135,FBrelist-080426-0397,ANTHONY GOULD 2024 Panini Select #206 Black & Red Prizm Shock Indianapolis Colts,5.49,1.99,-3.50,-63.8%,DOWN,72%,Conf 72%<85% | Chg -63.8%>20%,
batch03,227462338136,FBrelist-080426-0396,JALEN MCMILLAN 2024 Donruss Optic #239 Purple Shock Tampa Bay Buccaneers,3.99,1.99,-2.00,-50.1%,DOWN,64%,Conf 64%<85% | Chg -50.1%>20%,
batch03,227462338137,FBrelist-080426-0399,JOHNNY WILSON 2024 Donruss Optic #256 Holo Philadelphia Eagles Football,3.49,1.99,-1.50,-43.0%,DOWN,71%,Conf 71%<85% | Chg -43.0%>20%,
batch03,227462338138,FBrelist-080426-0388,AUDRIC ESTIME 2024 Donruss Optic #206 Blue Hyper Denver Broncos Football,3.49,1.99,-1.50,-43.0%,DOWN,71%,Conf 71%<85% | Chg -43.0%>20%,
batch03,227462338142,FBrelist-080426-0401,DEVONTA SMITH 2024 Donruss Optic #161 Holo Philadelphia Eagles Football,3.49,1.99,-1.50,-43.0%,DOWN,74%,Conf 74%<85% | Chg -43.0%>20%,
batch03,227462338143,FBrelist-080426-0402,J.C. LATHAM 2024 Donruss Optic #234 Purple Shock Tennessee Titans Football,3.49,1.99,-1.50,-43.0%,DOWN,79%,Conf 79%<85% | Chg -43.0%>20%,
batch03,227462338148,FBrelist-080426-0394,DYLAN LAUBE 2024 Donruss #372 Optic Rated Rookies Preview Pink Las Vegas Raiders,3.49,1.99,-1.50,-43.0%,DOWN,66%,Conf 66%<85% | Chg -43.0%>20%,
batch03,227462338149,FBrelist-080426-0403,DARON BLAND 2024 Panini Phoenix #35 Dallas Cowboys Football,3.49,1.99,-1.50,-43.0%,DOWN,70%,Conf 70%<85% | Chg -43.0%>20%,
batch03,227462338150,FBrelist-080426-0400,ERICK ALL JR. 2024 Donruss Optic #233 Purple Scope Cincinnati Bengals Football,4.49,1.99,-2.50,-55.7%,DOWN,71%,Conf 71%<85% | Chg -55.7%>20%,
batch03,227462338153,FBrelist-080426-0405,TYLER NUBIN 2024 Donruss Optic #296 Holo New York Giants Football,3.49,1.99,-1.50,-43.0%,DOWN,73%,Conf 73%<85% | Chg -43.0%>20%,
batch03,227462338158,FBrelist-080426-0398,JOHNNY WILSON 2024 Donruss Optic #256 Purple Shock Philadelphia Eagles Football,3.49,1.99,-1.50,-43.0%,DOWN,70%,Conf 70%<85% | Chg -43.0%>20%,
batch03,227462338162,FBrelist-080426-0410,MARVIN HARRISON JR. 2024 Donruss Optic #276 Arizona Cardinals Football,3.99,1.99,-2.00,-50.1%,DOWN,62%,Conf 62%<85% | Chg -50.1%>20%,
batch03,227462338165,FBrelist-080426-0411,KAMARI LASSITER 2024 Donruss Optic #261 Purple Shock Houston Texans Football,3.49,1.99,-1.50,-43.0%,DOWN,73%,Conf 73%<85% | Chg -43.0%>20%,
batch03,227462338167,FBrelist-080426-0412,AJ DILLON 2024 Donruss Optic #71 Holo Green Bay Packers Football,3.49,1.99,-1.50,-43.0%,DOWN,66%,Conf 66%<85% | Chg -43.0%>20%,
batch03,227462338170,FBrelist-080426-0404,BRIAN THOMAS JR. 2024 Panini Select #20 Select Future Prizm Jacksonville Jaguars,3.99,1.99,-2.00,-50.1%,DOWN,75%,Conf 75%<85% | Chg -50.1%>20%,
batch03,227462338173,FBrelist-080426-0414,TARIQ WOOLEN 2024 Panini Select #95 Red & Blue Prizm Shock Seattle Seahawks,3.49,1.99,-1.50,-43.0%,DOWN,75%,Conf 75%<85% | Chg -43.0%>20%,
batch03,227462338174,FBrelist-080426-0406,TUA TAGOVAILOA / Tyreek Hill 2024 Donruss Optic #1 Best Tuddys Miami Dolphins,3.99,1.99,-2.00,-50.1%,DOWN,88%,Chg -50.1%>20%,
batch03,227462338177,FBrelist-080426-0416,MARIST LIUFAU 2024 Donruss Optic #273 Blue Hyper Dallas Cowboys Football,3.49,1.99,-1.50,-43.0%,DOWN,75%,Conf 75%<85% | Chg -43.0%>20%,
batch03,227462338180,FBrelist-080426-0417,T'VONDRE SWEAT 2024 Donruss Optic #295 Blue Hyper Tennessee Titans Football,3.49,1.99,-1.50,-43.0%,DOWN,72%,Conf 72%<85% | Chg -43.0%>20%,
batch03,227462338181,FBrelist-080426-0418,EDGERRIN COOPER 2024 Donruss Optic #231 Blue Hyper Green Bay Packers Football,3.99,1.99,-2.00,-50.1%,DOWN,75%,Conf 75%<85% | Chg -50.1%>20%,
batch03,227462338183,FBrelist-080426-0407,EDGERRIN COOPER 2024 Donruss Optic #231 Purple Shock Green Bay Packers Football,4.49,1.99,-2.50,-55.7%,DOWN,71%,Conf 71%<85% | Chg -55.7%>20%,
batch03,227462338184,FBrelist-080426-0419,DEVAUGHN VELE 2024 Panini Select #150 Red & Blue Prizm Shock Denver Broncos,3.99,1.99,-2.00,-50.1%,DOWN,66%,Conf 66%<85% | Chg -50.1%>20%,
batch03,227462338187,FBrelist-080426-0408,JAVON BULLARD 2024 Donruss Optic #246 Green Hyper Green Bay Packers Football,3.49,1.99,-1.50,-43.0%,DOWN,78%,Conf 78%<85% | Chg -43.0%>20%,
batch03,227462338189,FBrelist-080426-0420,ARIK ARMSTEAD 2024 Panini Select #107 Green & Yellow Prizm Shock Jaguars,4.49,2.69,-1.80,-40.1%,DOWN,74%,Conf 74%<85% | Chg -40.1%>20%,
batch03,227462338188,FBrelist-080426-0409,CHRIS LONG 2024 Panini Select #137 Red & Blue Prizm Shock New England Patriots,3.49,1.99,-1.50,-43.0%,DOWN,67%,Conf 67%<85% | Chg -43.0%>20%,
batch03,227462338196,FBrelist-080426-0413,MALIK WASHINGTON 2024 Donruss Optic #272 Purple Shock Miami Dolphins Football,3.49,1.99,-1.50,-43.0%,DOWN,79%,Conf 79%<85% | Chg -43.0%>20%,
batch03,227462338198,FBrelist-080426-0423,XAVIER WORTHY 2024 Panini Prizm #14 Prizmatic Wave Green Prizm Chiefs Football,3.99,2.19,-1.80,-45.1%,DOWN,65%,Conf 65%<85% | Chg -45.1%>20%,
batch03,227462338200,FBrelist-080426-0415,JIMMY GAROPPOLO 2024 Donruss Optic #29 2014 Retro Series New England Patriots,3.49,1.99,-1.50,-43.0%,DOWN,74%,Conf 74%<85% | Chg -43.0%>20%,
batch03,227462338201,FBrelist-080426-0425,2024 Donruss Optic #7 C.J. Stroud Chain Reaction Houston Texans Football,3.49,1.99,-1.50,-43.0%,DOWN,88%,Chg -43.0%>20%,
batch03,227462338202,FBrelist-080426-0426,HIDDEN POTENTIAL TREY BENSON ARIZONA CARDINALS 2024 Donruss Optic #10 Football,3.49,1.99,-1.50,-43.0%,DOWN,75%,Conf 75%<85% | Chg -43.0%>20%,
batch03,227462338206,FBrelist-080426-0427,PRIMARY COLORS MARSHAWN LLOYD (RC) 2024 Donruss Optic Rookie #14 Packers,3.49,1.99,-1.50,-43.0%,DOWN,77%,Conf 77%<85% | Chg -43.0%>20%,
batch03,227462338211,FBrelist-080426-0428,JUSTIN HERBERT 2024 Donruss Optic #7 Captain In Charge Los Angeles Chargers,3.49,1.99,-1.50,-43.0%,DOWN,64%,Conf 64%<85% | Chg -43.0%>20%,
batch03,227462338214,FBrelist-080426-0429,MYLES GARRETT 2024 Donruss Optic #13 Light It Up Cleveland Browns Football,3.49,1.99,-1.50,-43.0%,DOWN,72%,Conf 72%<85% | Chg -43.0%>20%,
batch03,227462338216,FBrelist-080426-0431,TREY BENSON 2024 Donruss Optic #10 Hidden Potential Arizona Cardinals Football,3.49,1.99,-1.50,-43.0%,DOWN,79%,Conf 79%<85% | Chg -43.0%>20%,
batch03,227462338224,FBrelist-080426-0432,AMARI COOPER / Deshaun Watson 2024 Donruss Optic #15 Best Tuddys Browns Football,3.49,1.99,-1.50,-43.0%,DOWN,80%,Conf 80%<85% | Chg -43.0%>20%,
batch03,227462338226,FBrelist-080426-0433,C.J. MOSLEY 2024 Donruss Optic #9 Captain In Charge New York Jets Football,3.49,1.99,-1.50,-43.0%,DOWN,83%,Conf 83%<85% | Chg -43.0%>20%,
batch03,227462338229,FBrelist-080426-0434,TRAVIS KELCE 2024 Donruss Optic #15 Light It Up Kansas City Chiefs Football,3.49,1.99,-1.50,-43.0%,DOWN,71%,Conf 71%<85% | Chg -43.0%>20%,
batch03,227462338234,FBrelist-080426-0437,MICHAEL PENIX JR. 2024 Donruss Optic #9 2014 Retro Series Atlanta Falcons,4.49,1.99,-2.50,-55.7%,DOWN,65%,Conf 65%<85% | Chg -55.7%>20%,
batch03,227462338237,FBrelist-080426-0438,CHRIS OLAVE / Derek Carr 2024 Donruss Optic #17 Best Tuddys New Orleans Saints,3.49,1.99,-1.50,-43.0%,DOWN,82%,Conf 82%<85% | Chg -43.0%>20%,
batch03,227462338242,FBrelist-080426-0430,KEON COLEMAN 2024 Donruss Optic #5 Play Action Buffalo Bills Football,3.49,1.99,-1.50,-43.0%,DOWN,67%,Conf 67%<85% | Chg -43.0%>20%,
batch03,227462338243,FBrelist-080426-0442,BRENDEN RICE 2024 Donruss Optic #8 Hidden Potential Los Angeles Chargers,3.99,1.99,-2.00,-50.1%,DOWN,67%,Conf 67%<85% | Chg -50.1%>20%,
batch03,227462338248,FBrelist-080426-0443,KOOL-AID MCKINSTRY 2024 Donruss Optic #13 Hidden Potential New Orleans Saints,3.49,1.99,-1.50,-43.0%,DOWN,83%,Conf 83%<85% | Chg -43.0%>20%,
batch03,227462338252,FBrelist-080426-0435,MAXX CROSBY 2024 Donruss Optic #18 Play Action Las Vegas Raiders Football,3.49,1.99,-1.50,-43.0%,DOWN,79%,Conf 79%<85% | Chg -43.0%>20%,
batch03,227462338253,FBrelist-080426-0444,CEEDEE LAMB 2024 Donruss Optic #7 Diamond Hands Dallas Cowboys Football,3.49,1.99,-1.50,-43.0%,DOWN,83%,Conf 83%<85% | Chg -43.0%>20%,
batch03,227462338254,FBrelist-080426-0436,MARSHAWN LLOYD 2024 Donruss Optic #14 Rookie Primary Colors Green Bay Packers RC,3.49,1.99,-1.50,-43.0%,DOWN,80%,Conf 80%<85% | Chg -43.0%>20%,
batch03,227462338257,FBrelist-080426-0446,BRIAN THOMAS JR. 2024 Panini Mosaic #282 Jacksonville Jaguars Football,4.49,1.99,-2.50,-55.7%,DOWN,68%,Conf 68%<85% | Chg -55.7%>20%,
batch03,227462338260,FBrelist-080426-0449,2024 Donruss Optic JUSTIN HERBERT CAPTAIN In Charge #7 Chargers Football,3.49,1.99,-1.50,-43.0%,DOWN,64%,Conf 64%<85% | Chg -43.0%>20%,
batch03,227462338263,FBrelist-080426-0447,A.J. BROWN 2024 Panini Totally Certified #74 Philadelphia Eagles Football,3.99,1.99,-2.00,-50.1%,DOWN,60%,Conf 60%<85% | Chg -50.1%>20%,
batch03,227462338264,FBrelist-080426-0450,MATTHEW STAFFORD 2024 Panini Prizm #166 Rams Football,3.49,1.99,-1.50,-43.0%,DOWN,64%,Conf 64%<85% | Chg -43.0%>20%,
batch03,227462338267,FBrelist-080426-0441,DALLAS TURNER 2024 Donruss Optic #14 2014 Retro Series Minnesota Vikings,3.99,1.99,-2.00,-50.1%,DOWN,88%,Chg -50.1%>20%,
batch03,227462338270,FBrelist-080426-0439,BLAKE CORUM 2024 Donruss Optic #16 Rookie Recruits Los Angeles Rams RC Football,3.99,1.99,-2.00,-50.1%,DOWN,63%,Conf 63%<85% | Chg -50.1%>20%,
batch03,227462338272,FBrelist-080426-0451,DREW SANDERS 2023 Panini Select #30 Denver Broncos Football,3.99,1.99,-2.00,-50.1%,DOWN,60%,Conf 60%<85% | Chg -50.1%>20%,
batch03,227462338274,FBrelist-080426-0452,TERRY MCLAURIN 2023 Panini Select #99 Washington Commanders Football,3.99,1.99,-2.00,-50.1%,DOWN,65%,Conf 65%<85% | Chg -50.1%>20%,
batch03,227462338275,FBrelist-080426-0440,LAIATU LATU 2024 Donruss Optic #20 Rookie Recruits Indianapolis Colts RC,3.49,1.99,-1.50,-43.0%,DOWN,73%,Conf 73%<85% | Chg -43.0%>20%,
batch03,227462338277,FBrelist-080426-0454,LAMAR JACKSON 2023 Panini Select #190 Baltimore Ravens Football,3.99,1.99,-2.00,-50.1%,DOWN,71%,Conf 71%<85% | Chg -50.1%>20%,
batch03,227462338281,FBrelist-080426-0455,TANK DELL 2023 Panini Select #NMB-NTD Select Numbers Houston Texans Football,3.99,1.99,-2.00,-50.1%,DOWN,69%,Conf 69%<85% | Chg -50.1%>20%,
batch03,227462338282,FBrelist-080426-0445,STEFON DIGGS 2024 Donruss Optic #11 Play Action Houston Texans Football,3.49,1.99,-1.50,-43.0%,DOWN,67%,Conf 67%<85% | Chg -43.0%>20%,
batch03,227462338284,FBrelist-080426-0456,KENNETH WALKER III 2023 Panini Select #FUT-KWA Select Future Seattle Seahawks,3.99,1.99,-2.00,-50.1%,DOWN,84%,Conf 84%<85% | Chg -50.1%>20%,
batch03,227462338290,FBrelist-080426-0453,WILL LEVIS 2023 Panini Select #148 Tennessee Titans Football,3.99,1.99,-2.00,-50.1%,DOWN,73%,Conf 73%<85% | Chg -50.1%>20%,
batch03,227462338299,FBrelist-080426-0466,HELIOT RAMOS 2022 Bowman #BCP-35 Chrome Prospects San Francisco Giants Baseball,3.99,1.99,-2.00,-50.1%,DOWN,64%,Conf 64%<85% | Chg -50.1%>20%,
batch03,227462338300,FBrelist-080426-0465,MIKE YASTRZEMSKI 2020 Bowman #92 San Francisco Giants Baseball,3.99,1.99,-2.00,-50.1%,DOWN,62%,Conf 62%<85% | Chg -50.1%>20%,
batch03,227462338301,FBrelist-080426-0457,TREVOR LAWRENCE 2023 Panini Select #TUR-TLA Turbocharged Jacksonville Jaguars,3.99,1.99,-2.00,-50.1%,DOWN,87%,Chg -50.1%>20%,
batch03,227462338306,FBrelist-080426-0461,SEAN TUCKER 2023 Panini Select #220 Tampa Bay Buccaneers Football,3.99,1.99,-2.00,-50.1%,DOWN,63%,Conf 63%<85% | Chg -50.1%>20%,
batch03,227462338309,FBrelist-080426-0458,TYSON BAGENT 2023 Panini Select #CRO-TBA Select Certified Rookies Chicago Bears,3.99,1.99,-2.00,-50.1%,DOWN,60%,Conf 60%<85% | Chg -50.1%>20%,
batch03,227462338312,FBrelist-080426-0470,TUCKER TOMAN 2023 Bowman Inception #12 Blue Foil Toronto Blue Jays #/99 Baseball,5.99,4.79,-1.20,-20.0%,DOWN,74%,Conf 74%<85% | Chg -20.0%>20%,
batch03,227462338313,FBrelist-080426-0471,RAYNER ARIAS 2023 Bowman Inception #82 San Francisco Giants Baseball,3.49,2.59,-0.90,-25.8%,DOWN,69%,Conf 69%<85% | Chg -25.8%>20%,
batch03,227462338314,FBrelist-080426-0460,JUSTIN HERBERT 2023 Panini Select #248 Silver Prizms Die Cuts Chargers Football,4.49,2.29,-2.20,-49.0%,DOWN,76%,Conf 76%<85% | Chg -49.0%>20%,
batch03,227462338316,FBrelist-080426-0473,2024 Panini PHOENIX - Jayden Daniels #198 RC Commanders MINT Rookie Football,3.99,4.79,+0.80,+20.1%,UP,100%,Chg +20.1%>20%,
batch03,227462338334,FBrelist-080426-0479,LOGAN WEBB 2024 Topps Chrome #168 Purple Ref San Francisco Giants #/250 Baseball,3.49,4.39,+0.90,+25.8%,UP,100%,Chg +25.8%>20%,
batch03,227462338337,FBrelist-080426-0480,RICKEY JACKSON 1989 Pro Set #270 New Orleans Saints - VINTAGE Football,2.99,3.89,+0.90,+30.1%,UP,100%,Chg +30.1%>20%,
batch03,227462338339,FBrelist-080426-0481,TIM KRUMRIE 1989 Pro Set #63 Cincinnati Bengals - VINTAGE Football,2.99,3.89,+0.90,+30.1%,UP,100%,Chg +30.1%>20%,
batch03,227462338342,FBrelist-080426-0482,MIKE LANSFORD 1989 Pro Set #204 Los Angeles Rams - VINTAGE Football,2.99,3.89,+0.90,+30.1%,UP,100%,Chg +30.1%>20%,
batch03,227462338343,FBrelist-080426-0484,JAY SCHROEDER 1989 Pro Set #192 Los Angeles Raiders - VINTAGE Football,2.99,3.89,+0.90,+30.1%,UP,100%,Chg +30.1%>20%,
batch03,227462338345,FBrelist-080426-0483,PETE METZELAARS 1989 Pro Set #24 Buffalo Bills - VINTAGE Football,2.99,3.89,+0.90,+30.1%,UP,100%,Chg +30.1%>20%,
batch03,227462338347,FBrelist-080426-0485,PAT RYAN 1989 Pro Set #306 New York Jets - VINTAGE Football,2.99,3.89,+0.90,+30.1%,UP,100%,Chg +30.1%>20%,
batch03,227462338355,FBrelist-080426-0488,EDDIE BROWN 1989 Pro Set #56 Cincinnati Bengals - VINTAGE Football,2.99,3.89,+0.90,+30.1%,UP,100%,Chg +30.1%>20%,
batch03,227462338356,FBrelist-080426-0490,HERSCHEL WALKER 1989 Pro Set #96 Dallas Cowboys - VINTAGE Football,3.49,1.99,-1.50,-43.0%,DOWN,77%,Conf 77%<85% | Chg -43.0%>20%,
batch03,227462338362,FBrelist-080426-0491,MICHAEL COFER 1989 Pro Set #119 Detroit Lions - VINTAGE Football,2.99,3.89,+0.90,+30.1%,UP,100%,Chg +30.1%>20%,
batch03,227462338369,FBrelist-080426-0494,GARY ANDERSON 1989 Pro Set #356 San Diego Chargers - VINTAGE Football,3.49,4.39,+0.90,+25.8%,UP,100%,Chg +25.8%>20%,
batch03,227462338372,FBrelist-080426-0496,DARRYL TALLEY 1989 Pro Set #31 Buffalo Bills - VINTAGE Football,2.99,1.99,-1.00,-33.4%,DOWN,64%,Conf 64%<85% | Chg -33.4%>20%,
batch03,227462338373,FBrelist-080426-0489,STAN BROCK 1989 Pro Set #263 New Orleans Saints - VINTAGE Football,2.99,3.89,+0.90,+30.1%,UP,100%,Chg +30.1%>20%,
batch03,227462338376,FBrelist-080426-0498,JOHNNY HECTOR 1989 Pro Set #298 New York Jets - VINTAGE Football,2.99,3.89,+0.90,+30.1%,UP,100%,Chg +30.1%>20%,
batch03,227462338377,FBrelist-080426-0500,MARK LEE 1989 Pro Set #132 Green Bay Packers - VINTAGE Football,3.49,4.39,+0.90,+25.8%,UP,100%,Chg +25.8%>20%,
batch03,227462338379,FBrelist-080426-0501,LEE WILLIAMS 1989 Pro Set #367 San Diego Chargers - VINTAGE Football,2.99,3.89,+0.90,+30.1%,UP,100%,Chg +30.1%>20%,
batch03,227462338380,FBrelist-080426-0499,MIKE KENN 1989 Pro Set #11 Atlanta Falcons - VINTAGE Football,2.99,3.89,+0.90,+30.1%,UP,100%,Chg +30.1%>20%,
batch03,227462338381,FBrelist-080426-0502,JIM EVERETT 1989 Pro Set #199 Los Angeles Rams - VINTAGE Football,2.99,3.89,+0.90,+30.1%,UP,100%,Chg +30.1%>20%,
batch03,227462338383,FBrelist-080426-0492,FREDDIE JOE NUNN 1989 Pro Set #336 Phoenix Cardinals - VINTAGE Football,3.49,1.99,-1.50,-43.0%,DOWN,66%,Conf 66%<85% | Chg -43.0%>20%,
batch03,227462338388,FBrelist-080426-0505,JAMES GEATHERS 1989 Pro Set #265 New Orleans Saints - VINTAGE Football,2.99,3.89,+0.90,+30.1%,UP,100%,Chg +30.1%>20%,
batch03,227462338389,FBrelist-080426-0504,CORNELIUS BENNETT 1989 Pro Set #17 Buffalo Bills - VINTAGE Football,3.49,4.39,+0.90,+25.8%,UP,100%,Chg +25.8%>20%,
batch03,227462338390,FBrelist-080426-0495,JEROME BROWN 1989 Pro Set #312 Philadelphia Eagles - VINTAGE Football,2.99,3.89,+0.90,+30.1%,UP,100%,Chg +30.1%>20%,
batch03,227462338393,FBrelist-080426-0497,GERALD MCNEIL 1989 Pro Set #81 Cleveland Browns - VINTAGE Football,2.99,3.89,+0.90,+30.1%,UP,100%,Chg +30.1%>20%,
batch03,227462338395,FBrelist-080426-0507,MICHAEL IRVIN 1989 Pro Set #89 Dallas Cowboys - VINTAGE Football,4.99,3.89,-1.10,-22.0%,DOWN,71%,Conf 71%<85% | Chg -22.0%>20%,
batch03,227462338399,FBrelist-080426-0509,JOHN STEPHENS 1989 Pro Set #257 New England Patriots - VINTAGE Football,3.49,4.39,+0.90,+25.8%,UP,100%,Chg +25.8%>20%,
batch03,227462338401,FBrelist-080426-0511,BUBBA Paris 1989 Pro Set #387 San Francisco 49ers - VINTAGE Football,2.99,3.89,+0.90,+30.1%,UP,100%,Chg +30.1%>20%,
batch03,227462338403,FBrelist-080426-0510,EVERSON WALLS 1989 Pro Set #97 Dallas Cowboys - VINTAGE Football,2.99,1.99,-1.00,-33.4%,DOWN,66%,Conf 66%<85% | Chg -33.4%>20%,
batch03,227462338406,FBrelist-080426-0513,JERRY ROBINSON 1989 Pro Set #191 Los Angeles Raiders - VINTAGE Football,3.49,4.39,+0.90,+25.8%,UP,100%,Chg +25.8%>20%,
batch03,227462338407,FBrelist-080426-0512,ALEX GORDON 1989 Pro Set #296 New York Jets - VINTAGE Football,2.99,3.89,+0.90,+30.1%,UP,100%,Chg +30.1%>20%,
batch03,227462338408,FBrelist-080426-0503,EDDIE MURRAY 1989 Pro Set #124 Detroit Lions - VINTAGE Football,2.99,3.89,+0.90,+30.1%,UP,100%,Chg +30.1%>20%,
batch03,227462338410,FBrelist-080426-0515,BILL PARCELLS 1989 Pro Set #293 New York Giants - VINTAGE Football,3.99,2.89,-1.10,-27.6%,DOWN,71%,Conf 71%<85% | Chg -27.6%>20%,
batch03,227462338412,FBrelist-080426-0506,STUMP MITCHELL 1989 Pro Set #333 Phoenix Cardinals - VINTAGE Football,3.49,1.99,-1.50,-43.0%,DOWN,66%,Conf 66%<85% | Chg -43.0%>20%,
batch03,227462338413,FBrelist-080426-0514,FRANK MINNIFIELD 1989 Pro Set #82 Cleveland Browns - VINTAGE Football,3.49,4.39,+0.90,+25.8%,UP,100%,Chg +25.8%>20%,
batch03,227462338414,FBrelist-080426-0517,J.T. SMITH 1989 Pro Set #339 Phoenix Cardinals - VINTAGE Football,3.49,1.99,-1.50,-43.0%,DOWN,65%,Conf 65%<85% | Chg -43.0%>20%,
batch03,227462338415,FBrelist-080426-0516,JIM MCMAHON 1989 Pro Set #44 Chicago Bears - VINTAGE Football,2.99,3.89,+0.90,+30.1%,UP,100%,Chg +30.1%>20%,
batch03,227462338418,FBrelist-080426-0508,JACKIE SLATER 1989 Pro Set #207 Los Angeles Rams - VINTAGE Football,2.99,3.89,+0.90,+30.1%,UP,100%,Chg +30.1%>20%,
batch03,227462338420,FBrelist-080426-0521,ERIK MCMILLAN 1989 Pro Set #303 New York Jets - VINTAGE Football,2.99,3.89,+0.90,+30.1%,UP,100%,Chg +30.1%>20%,
batch03,227462338423,FBrelist-080426-0523,GENE STALLINGS 1989 Pro Set #341 Phoenix Cardinals - VINTAGE Football,3.99,2.69,-1.30,-32.6%,DOWN,67%,Conf 67%<85% | Chg -32.6%>20%,
batch03,227462338424,FBrelist-080426-0522,STEVE YOUNG 1989 Pro Set #388 San Francisco 49ers - VINTAGE Football,2.99,1.99,-1.00,-33.4%,DOWN,76%,Conf 76%<85% | Chg -33.4%>20%,
batch03,227462338425,FBrelist-080426-0524,WAYNE FONTES 1989 Pro Set #127 Detroit Lions - VINTAGE Football,2.99,3.89,+0.90,+30.1%,UP,100%,Chg +30.1%>20%,
batch03,227462338428,FBrelist-080426-0527,HOWIE LONG 1989 Pro Set #186 Los Angeles Raiders - VINTAGE Football,4.49,3.59,-0.90,-20.0%,DOWN,73%,Conf 73%<85% | Chg -20.0%>20%,
batch03,227462338429,FBrelist-080426-0525,MARK CANNON 1989 Pro Set #130 Green Bay Packers - VINTAGE Football,3.49,4.39,+0.90,+25.8%,UP,100%,Chg +25.8%>20%,
batch03,227462338431,FBrelist-080426-0531,RICKY REYNOLDS 1989 Pro Set #416 Tampa Bay Buccaneers - VINTAGE Football,3.49,1.99,-1.50,-43.0%,DOWN,68%,Conf 68%<85% | Chg -43.0%>20%,
batch03,227462338432,FBrelist-080426-0530,ROLAND JAMES 1989 Pro Set #251 New England Patriots - VINTAGE Football,2.99,3.89,+0.90,+30.1%,UP,100%,Chg +30.1%>20%,
batch03,227462338435,FBrelist-080426-0534,GILL BYRD 1989 Pro Set #358 San Diego Chargers - VINTAGE Football,2.99,3.89,+0.90,+30.1%,UP,100%,Chg +30.1%>20%,
batch03,227462338437,FBrelist-080426-0537,VAI SIKAHEMA 1989 Pro Set #338 Phoenix Cardinals - VINTAGE Football,3.49,4.39,+0.90,+25.8%,UP,100%,Chg +25.8%>20%,
batch03,227462338438,FBrelist-080426-0535,LESLIE O'NEAL 1989 Pro Set #365 San Diego Chargers - VINTAGE Football,3.49,4.39,+0.90,+25.8%,UP,100%,Chg +25.8%>20%,
batch03,227462338439,FBrelist-080426-0538,SEAN LANDETA 1989 Pro Set #286 New York Giants - VINTAGE Football,2.99,3.89,+0.90,+30.1%,UP,100%,Chg +30.1%>20%,
batch03,227462338440,FBrelist-080426-0529,SCOTT NORWOOD 1989 Pro Set #25 Buffalo Bills - VINTAGE Football,2.99,1.99,-1.00,-33.4%,DOWN,66%,Conf 66%<85% | Chg -33.4%>20%,
batch03,227462338442,FBrelist-080426-0528,CHUCK LONG 1989 Pro Set #122 Detroit Lions - VINTAGE Football,2.99,3.89,+0.90,+30.1%,UP,100%,Chg +30.1%>20%,
batch03,227462338446,FBrelist-080426-0544,JAYLEN WADDLE 2021 Donruss Optic #208 Miami Dolphins Football,3.49,1.99,-1.50,-43.0%,DOWN,70%,Conf 70%<85% | Chg -43.0%>20%,
batch03,227462338447,FBrelist-080426-0533,AARON COX 1989 Pro Set #197 Los Angeles Rams - VINTAGE Football,2.99,3.89,+0.90,+30.1%,UP,100%,Chg +30.1%>20%,
batch03,227462338448,FBrelist-080426-0546,DEANDRE HOPKINS 2024 Panini Mosaic #214 Silver Tennessee Titans Football,3.99,1.99,-2.00,-50.1%,DOWN,62%,Conf 62%<85% | Chg -50.1%>20%,
batch03,227462338449,FBrelist-080426-0536,DAVE RIMINGTON 1989 Pro Set #321 Philadelphia Eagles - VINTAGE Football,2.99,3.89,+0.90,+30.1%,UP,100%,Chg +30.1%>20%,
batch03,227462338451,FBrelist-080426-0547,WILL LEVIS 2024 Clearly Donruss #49 Pink Tennessee Titans Football,4.49,1.99,-2.50,-55.7%,DOWN,70%,Conf 70%<85% | Chg -55.7%>20%,
batch03,227462338452,FBrelist-080426-0539,BOBBY HOYING 1998 Bowman's Best #71 Philadelphia Eagles Football,3.49,1.99,-1.50,-43.0%,DOWN,69%,Conf 69%<85% | Chg -43.0%>20%,
batch03,227462338453,FBrelist-080426-0548,J.C. LATHAM 2024 Panini Select #11 Green & Yellow Prizm Shock Tennessee Titans,3.99,1.99,-2.00,-50.1%,DOWN,75%,Conf 75%<85% | Chg -50.1%>20%,
batch03,227462338455,FBrelist-080426-0549,JOE ALT 2024 Panini Select #159 Silver Prizm Die Cut Los Angeles Chargers,3.99,1.99,-2.00,-50.1%,DOWN,74%,Conf 74%<85% | Chg -50.1%>20%,
batch03,227462338457,FBrelist-080426-0541,TANK BIGSBY 2023 Panini Select #47 Jacksonville Jaguars Football,3.49,1.99,-1.50,-43.0%,DOWN,63%,Conf 63%<85% | Chg -43.0%>20%,
batch03,227462338464,FBrelist-080426-0557,MICHAEL PITTMAN JR. 2024 Panini Select #83 Silver Prizm Indianapolis Colts,3.49,1.99,-1.50,-43.0%,DOWN,64%,Conf 64%<85% | Chg -43.0%>20%,
batch03,227462338465,FBrelist-080426-0560,T'VONDRE SWEAT 2024 Panini Phoenix #245 Hyper Tennessee Titans Football,3.99,1.99,-2.00,-50.1%,DOWN,60%,Conf 60%<85% | Chg -50.1%>20%,
batch03,227462338467,FBrelist-080426-0551,T'VONDRE SWEAT 2024 Topps Chrome #266 X-Fractor Tennessee Titans Football,3.99,1.99,-2.00,-50.1%,DOWN,61%,Conf 61%<85% | Chg -50.1%>20%,
batch03,227462338469,FBrelist-080426-0562,KYLER MURRAY 2023 Panini Select #243 Silver Prizms Arizona Cardinals Football,4.49,1.99,-2.50,-55.7%,DOWN,63%,Conf 63%<85% | Chg -55.7%>20%,
batch03,227462338470,FBrelist-080426-0552,JOE ALT 2024 Panini Select #82 Red & Blue Prizm Shock Los Angeles Chargers,3.99,1.99,-2.00,-50.1%,DOWN,75%,Conf 75%<85% | Chg -50.1%>20%,
batch03,227462338473,FBrelist-080426-0554,JARED GOFF 2024 Donruss #3 Action All-Pros Detroit Lions Football,3.99,1.99,-2.00,-50.1%,DOWN,78%,Conf 78%<85% | Chg -50.1%>20%,
batch03,227462338474,FBrelist-080426-0556,MAX MELTON 2024 Panini Mosaic #343 Mosaic Arizona Cardinals Football,2.09,1.99,-0.10,-4.8%,DOWN,62%,Conf 62%<85%,
batch03,227462338475,FBrelist-080426-0566,WILL LEVIS 2023 Panini Contenders #20 Winning Ticket Silver Tennessee Titans,4.49,2.99,-1.50,-33.4%,DOWN,71%,Conf 71%<85% | Chg -33.4%>20%,
batch03,227462338476,FBrelist-080426-0567,MALACHI CORLEY 2024 Panini Illusions #20 Mystique Emerald New York Jets Football,3.49,2.09,-1.40,-40.1%,DOWN,73%,Conf 73%<85% | Chg -40.1%>20%,
batch03,227462338479,FBrelist-080426-0558,TROY FRANKLIN 2024 Donruss #18 Rookie Gridiron Kings Denver Broncos RC Football,3.49,1.99,-1.50,-43.0%,DOWN,71%,Conf 71%<85% | Chg -43.0%>20%,
batch03,227462338483,FBrelist-080426-0559,BRYCE YOUNG 2023 Panini Phoenix #FF-2 Fire Forged Carolina Panthers Football,5.49,3.29,-2.20,-40.1%,DOWN,71%,Conf 71%<85% | Chg -40.1%>20%,
batch03,227462338485,FBrelist-080426-0571,BRETT FAVRE 1991 Upper Deck #647 Atlanta Falcons Football,2.99,2.69,-0.30,-10.0%,DOWN,63%,Conf 63%<85%,
batch03,227462338488,FBrelist-080426-0570,MICHAEL LEWIS 2002 Topps Chrome #179 Philadelphia Eagles Football,3.49,2.39,-1.10,-31.5%,DOWN,78%,Conf 78%<85% | Chg -31.5%>20%,
batch03,227462338491,FBrelist-080426-0572,CORNELIUS JOHNSON 2024 Donruss #377 Optic Red Pandora Chargers Football,3.99,1.99,-2.00,-50.1%,DOWN,77%,Conf 77%<85% | Chg -50.1%>20%,
batch03,227462338496,FBrelist-080426-0564,WILL LEVIS 2024 Topps Signature Class #SC-4 Star Cast Tennessee Titans Football,4.49,1.99,-2.50,-55.7%,DOWN,80%,Conf 80%<85% | Chg -55.7%>20%,
batch03,227462338497,FBrelist-080426-0573,JAYDEN DANIELS 2024 Topps Chrome #FS-2 Future Stars Washington Commanders,6.99,2.07,-4.92,-70.4%,DOWN,73%,Conf 73%<85% | Chg -70.4%>20%,
batch03,227462338500,FBrelist-080426-0565,JAVONTE WILLIAMS 2023 Panini Mosaic #68 Green Mosaic Denver Broncos Football,4.49,1.99,-2.50,-55.7%,DOWN,67%,Conf 67%<85% | Chg -55.7%>20%,
batch03,227462338508,FBrelist-080426-0577,TREVOR LAWRENCE 2021 Donruss Optic #TR-1 The Rookies Jacksonville Jaguars RC,3.49,2.19,-1.30,-37.2%,DOWN,68%,Conf 68%<85% | Chg -37.2%>20%,
batch03,227462338514,FBrelist-080426-0579,ROME ODUNZE 2024 Panini Prizm #11 Emergent Green Wave Prizm Chicago Bears,3.99,1.99,-2.00,-50.1%,DOWN,76%,Conf 76%<85% | Chg -50.1%>20%,
batch03,227462338519,FBrelist-080426-0580,BAKER MAYFIELD 2024 Donruss #34 Dominators Tampa Bay Buccaneers Football,3.99,1.99,-2.00,-50.1%,DOWN,69%,Conf 69%<85% | Chg -50.1%>20%,
batch03,227462338521,FBrelist-080426-0582,JUSTIN HERBERT 2024 Donruss #6 Dominators Los Angeles Chargers Football,3.99,1.99,-2.00,-50.1%,DOWN,79%,Conf 79%<85% | Chg -50.1%>20%,
batch03,227462338523,FBrelist-080426-0584,JUSTIN FIELDS 2021 Panini Illusions #SS-14 Shining Stars Chicago Bears Football,3.49,1.99,-1.50,-43.0%,DOWN,88%,Chg -43.0%>20%,
batch03,227462338525,FBrelist-080426-0583,LAMAR JACKSON 2023 Panini Select #241 Red and Blue Prizms Die Cuts Ravens,3.99,4.79,+0.80,+20.1%,UP,100%,Chg +20.1%>20%,
batch03,227462338532,FBrelist-080426-0587,DERRICK HENRY 2024 Panini Absolute #8 Blue Baltimore Ravens Football,3.49,1.99,-1.50,-43.0%,DOWN,71%,Conf 71%<85% | Chg -43.0%>20%,
batch03,227462338534,FBrelist-080426-0588,MALACHI CORLEY 2024 Panini Prizm #369 Red White and Blue New York Jets Football,3.49,1.99,-1.50,-43.0%,DOWN,69%,Conf 69%<85% | Chg -43.0%>20%,
batch03,227462338536,FBrelist-080426-0586,TEE HIGGINS 2020 Panini Playbook #110 Cincinnati Bengals Football,3.49,1.99,-1.50,-43.0%,DOWN,67%,Conf 67%<85% | Chg -43.0%>20%,
batch03,227462338538,FBrelist-080426-0589,JARED GOFF 2024 Panini Mosaic #71 Mosaic Reactive Yellow Detroit Lions Football,3.49,1.99,-1.50,-43.0%,DOWN,77%,Conf 77%<85% | Chg -43.0%>20%,
batch03,227462338539,FBrelist-080426-0590,PATRICK MAHOMES II 2024 Panini Select #1 Turbocharged Kansas City Chiefs,3.99,1.99,-2.00,-50.1%,DOWN,75%,Conf 75%<85% | Chg -50.1%>20%,
batch03,227462338543,FBrelist-080426-0591,BRIAN BRANCH 2024 Panini Select #129 Silver Prizm Die Cut Detroit Lions Football,3.49,1.99,-1.50,-43.0%,DOWN,64%,Conf 64%<85% | Chg -43.0%>20%,
batch03,227462338545,FBrelist-080426-0593,KYLE TUCKER 2019 Topps Fire #70 Houston Astros Baseball,3.49,1.99,-1.50,-43.0%,DOWN,66%,Conf 66%<85% | Chg -43.0%>20%,
batch03,227462338546,FBrelist-080426-0594,KYLER MURRAY 2021 Panini Mosaic #WW-3 Will to Win Arizona Cardinals Football,3.49,1.99,-1.50,-43.0%,DOWN,88%,Chg -43.0%>20%,
batch03,227462338547,FBrelist-080426-0592,BRYCE YOUNG 2023 Topps Composite #158 Carolina Panthers Football,3.49,1.99,-1.50,-43.0%,DOWN,76%,Conf 76%<85% | Chg -43.0%>20%,
batch03,227462338553,FBrelist-080426-0596,AARON RODGERS 2022 Panini Select Draft Picks #28 California Golden Bears,3.49,1.99,-1.50,-43.0%,DOWN,78%,Conf 78%<85% | Chg -43.0%>20%,
batch03,227462338555,FBrelist-080426-0598,COREY DAVIS 2017 Panini Illusions #MY-4 Mystique Tennessee Titans Football,3.99,1.99,-2.00,-50.1%,DOWN,72%,Conf 72%<85% | Chg -50.1%>20%,
batch03,227462338561,FBrelist-080426-0601,BUCKY IRVING 2024 Panini Instant Nfl Spotlight Rookies #SR-9 Buccaneers RC,3.99,1.99,-2.00,-50.1%,DOWN,74%,Conf 74%<85% | Chg -50.1%>20%,
batch03,227462338567,FBrelist-080426-0595,PHOTOGENIC BLAKE CORUM 2024 Panini #3 Rookie Pix Los Angeles Rams RC Football,3.49,2.49,-1.00,-28.7%,DOWN,72%,Conf 72%<85% | Chg -28.7%>20%,
batch03,227462338568,FBrelist-080426-0603,MALIK WILLIS 2024 Panini Select #180 Silver Prizm Die Cut Green Bay Packers,3.49,1.99,-1.50,-43.0%,DOWN,75%,Conf 75%<85% | Chg -43.0%>20%,
batch03,227462338570,FBrelist-080426-0604,JAYDEN REED 2024 Panini Select #68 Black & Red Prizm Shock Green Bay Packers,3.49,1.99,-1.50,-43.0%,DOWN,75%,Conf 75%<85% | Chg -43.0%>20%,
batch03,227462338574,FBrelist-080426-0607,CEEDEE LAMB 2024 Panini Phoenix #21 Purple Dallas Cowboys Football,3.99,1.99,-2.00,-50.1%,DOWN,71%,Conf 71%<85% | Chg -50.1%>20%,
batch04,227462338578,FBrelist-080426-0599,JARED GOFF 2024 Panini Mosaic #71 Mosaic Reactive Blue Detroit Lions Football,4.49,1.99,-2.50,-55.7%,DOWN,64%,Conf 64%<85% | Chg -55.7%>20%,
batch04,227462338579,FBrelist-080426-0610,JOSH ALLEN 2024 Panini Mosaic #254 Buffalo Bills Football,2.29,1.99,-0.30,-13.1%,DOWN,70%,Conf 70%<85%,
batch04,227462338580,FBrelist-080426-0609,TEE HIGGINS 2020 Panini Illusions #21 Cincinnati Bengals Football,3.49,1.99,-1.50,-43.0%,DOWN,65%,Conf 65%<85% | Chg -43.0%>20%,
batch04,227462338582,FBrelist-080426-0611,MICAH PARSONS 2022 Panini Select Draft Picks #85 Blue Penn State Nittany Lions,3.49,1.99,-1.50,-43.0%,DOWN,70%,Conf 70%<85% | Chg -43.0%>20%,
batch04,227462338587,FBrelist-080426-0605,BO JACKSON 2021 Panini Mosaic #WW-20 Will to Win Los Angeles Raiders Football,3.49,1.99,-1.50,-43.0%,DOWN,63%,Conf 63%<85% | Chg -43.0%>20%,
batch04,227462338589,FBrelist-080426-0614,TREVOR LAWRENCE 2021 Panini Chronicles #47 Jacksonville Jaguars Football,3.99,1.99,-2.00,-50.1%,DOWN,67%,Conf 67%<85% | Chg -50.1%>20%,
batch04,227462338594,FBrelist-080426-0606,BAKER MAYFIELD 2024 Panini Select #108 Silver Prizm Die Cut Tampa Bay Buccaneers,3.99,1.99,-2.00,-50.1%,DOWN,75%,Conf 75%<85% | Chg -50.1%>20%,
batch04,227462338595,FBrelist-080426-0615,ANTHONY MILLER 2018 Panini Playoff #15 Rookie Wave Chicago Bears RC Football,3.99,1.99,-2.00,-50.1%,DOWN,79%,Conf 79%<85% | Chg -50.1%>20%,
batch04,227462338596,FBrelist-080426-0616,TUA TAGOVAILOA 2020 Panini Chronicles #442 2020 Score Update Rookies Dolphins RC,3.99,2.19,-1.80,-45.1%,DOWN,77%,Conf 77%<85% | Chg -45.1%>20%,
batch04,227462338600,FBrelist-080426-0608,2024 Panini ROOKIES & Stars J.J. McCarthy #RR-JMY Rookie Rush Minnesota Vikings,4.49,1.99,-2.50,-55.7%,DOWN,90%,Chg -55.7%>20%,
batch04,227462338603,FBrelist-080426-0618,MICHAEL PENIX JR. 2024 Donruss #VOR-MPJ Vortex Atlanta Falcons Football,3.99,1.99,-2.00,-50.1%,DOWN,70%,Conf 70%<85% | Chg -50.1%>20%,
batch04,227462338607,FBrelist-080426-0620,CAMERON JORDAN 2024 Panini Select #16 Red & Blue Prizm Shock New Orleans Saints,3.99,1.99,-2.00,-50.1%,DOWN,67%,Conf 67%<85% | Chg -50.1%>20%,
batch04,227462338611,FBrelist-080426-0622,TOM BRADY 2021 Panini Prestige #184 Tampa Bay Buccaneers Football,4.49,1.99,-2.50,-55.7%,DOWN,62%,Conf 62%<85% | Chg -55.7%>20%,
batch04,227462338614,FBrelist-080426-0623,DEION SANDERS 1992 Upper Deck #567 Atlanta Falcons Football,2.99,1.99,-1.00,-33.4%,DOWN,61%,Conf 61%<85% | Chg -33.4%>20%,
batch04,227462338619,FBrelist-080426-0625,BRETT FAVRE 2019 Donruss #AGK-4 All-Time Gridiron Kings Green Bay Packers,3.99,1.99,-2.00,-50.1%,DOWN,83%,Conf 83%<85% | Chg -50.1%>20%,
batch04,227462338622,FBrelist-080426-0617,XAVIER WORTHY 2024 Donruss #VOR-XWO Vortex Kansas City Chiefs Football,3.99,1.99,-2.00,-50.1%,DOWN,71%,Conf 71%<85% | Chg -50.1%>20%,
batch04,227462338625,FBrelist-080426-0628,XAVIER LEGETTE 2024 Donruss Optic #299 Pink Carolina Panthers Football,4.49,1.99,-2.50,-55.7%,DOWN,70%,Conf 70%<85% | Chg -55.7%>20%,
batch04,227462338627,FBrelist-080426-0619,XAVIER LEGETTE 2024 Finest #DYN-12 Dynamos Carolina Panthers Football,3.99,1.99,-2.00,-50.1%,DOWN,70%,Conf 70%<85% | Chg -50.1%>20%,
batch04,227462338631,FBrelist-080426-0621,TREVOR LAWRENCE 2021 Panini Chronicles #STS-TLR Stars and Stripes Jaguars,3.99,1.99,-2.00,-50.1%,DOWN,76%,Conf 76%<85% | Chg -50.1%>20%,
batch04,227462338634,FBrelist-080426-0632,JERRY JEUDY 2022 Panini Mosaic #60 Mosaic Reactive Orange Denver Broncos,3.99,1.99,-2.00,-50.1%,DOWN,67%,Conf 67%<85% | Chg -50.1%>20%,
batch04,227462338635,FBrelist-080426-0633,ZAMIR WHITE 2022 Panini Illusions #M-23 Mystique Emerald Las Vegas Raiders,3.99,1.99,-2.00,-50.1%,DOWN,85%,Chg -50.1%>20%,
batch04,227462338640,FBrelist-080426-0636,KYLE TUCKER 2024 Topps Chrome #112 Purple Ref Houston Astros #/250 Baseball,3.99,4.79,+0.80,+20.1%,UP,100%,Chg +20.1%>20%,
batch04,227462338645,FBrelist-080426-0627,BO JACKSON 1990 Score #1 Los Angeles Raiders Football,2.99,1.99,-1.00,-33.4%,DOWN,71%,Conf 71%<85% | Chg -33.4%>20%,
batch04,227462338646,FBrelist-080426-0637,NOLAN GORMAN 2024 Topps Chrome #97 Blue Raywave Ref Cardinals #/150 Football,3.49,4.39,+0.90,+25.8%,UP,100%,Chg +25.8%>20%,
batch04,227462338651,FBrelist-080426-0629,BUCKY IRVING 2024 Donruss #301 Press Proof Blue Tampa Bay Buccaneers Football,4.49,1.99,-2.50,-55.7%,DOWN,85%,Chg -55.7%>20%,
batch04,227462338655,FBrelist-080426-0639,WILLIE MAYS 2024 Topps Update #AC-6 All Class San Francisco Giants Baseball,3.99,1.99,-2.00,-50.1%,DOWN,77%,Conf 77%<85% | Chg -50.1%>20%,
batch04,227462338656,FBrelist-080426-0631,TRAVIS HUNTER 2025 Score #5 Anniversary Rookies Jacksonville Jaguars RC Football,3.49,1.99,-1.50,-43.0%,DOWN,71%,Conf 71%<85% | Chg -43.0%>20%,
batch04,227462338658,FBrelist-080426-0630,JALEN HURTS 2024 Donruss #21 Best of Panini Instant Philadelphia Eagles Football,4.49,1.99,-2.50,-55.7%,DOWN,71%,Conf 71%<85% | Chg -55.7%>20%,
batch04,227462338664,FBrelist-080426-0635,ENCORE KYREN WILLIAMS 2024 Panini #116 Los Angeles Rams Football,3.99,1.99,-2.00,-50.1%,DOWN,79%,Conf 79%<85% | Chg -50.1%>20%,
batch04,227462338669,FBrelist-080426-0634,2021 CLEARLY Donruss Saquon Barkley #37 New York Giants Football,3.99,1.99,-2.00,-50.1%,DOWN,85%,Chg -50.1%>20%,
batch04,227462338672,FBrelist-080426-0643,KYLE TUCKER 2019 Bowman #94 Houston Astros Baseball,3.99,1.99,-2.00,-50.1%,DOWN,63%,Conf 63%<85% | Chg -50.1%>20%,
batch04,227462338678,FBrelist-080426-0649,MARVIN HARRISON JR. 2024 Panini Prizm #5 Emergent Arizona Cardinals Football,3.49,1.99,-1.50,-43.0%,DOWN,87%,Chg -43.0%>20%,
batch04,227462338679,FBrelist-080426-0650,BRIAN THOMAS JR. 2024 Panini Prizm #314 Jacksonville Jaguars Football,3.49,1.99,-1.50,-43.0%,DOWN,67%,Conf 67%<85% | Chg -43.0%>20%,
batch04,227462338680,FBrelist-080426-0651,TREY BENSON 2024 Donruss #326 Press Proof Blue Arizona Cardinals Football,3.49,1.99,-1.50,-43.0%,DOWN,78%,Conf 78%<85% | Chg -43.0%>20%,
batch04,227462338682,FBrelist-080426-0640,TYLER O'NEILL 2018 Topps Update #US218 St. Louis Cardinals Baseball,3.49,1.99,-1.50,-43.0%,DOWN,67%,Conf 67%<85% | Chg -43.0%>20%,
batch04,227462338683,FBrelist-080426-0652,KYLER MURRAY 2024 Donruss #30 Dominators Arizona Cardinals Football,2.99,1.99,-1.00,-33.4%,DOWN,67%,Conf 67%<85% | Chg -33.4%>20%,
batch04,227462338684,FBrelist-080426-0641,FRANK GORE 2023 Panini Mosaic #TL-FG Thunder Lane Mosaic San Francisco 49ers,3.99,1.99,-2.00,-50.1%,DOWN,71%,Conf 71%<85% | Chg -50.1%>20%,
batch04,227462338687,FBrelist-080426-0642,TRAVIS KELCE 2021 Panini Contenders #49 Kansas City Chiefs Football,3.49,1.99,-1.50,-43.0%,DOWN,61%,Conf 61%<85% | Chg -43.0%>20%,
batch04,227462338688,FBrelist-080426-0653,JOE ALT 2024 Panini Absolute #105 Red and Blue Los Angeles Chargers Football,3.49,1.99,-1.50,-43.0%,DOWN,72%,Conf 72%<85% | Chg -43.0%>20%,
batch04,227462338690,FBrelist-080426-0644,DE'ANTHONY THOMAS 2016 Score #164 Kansas City Chiefs Football,3.49,1.99,-1.50,-43.0%,DOWN,63%,Conf 63%<85% | Chg -43.0%>20%,
batch04,227462338694,FBrelist-080426-0655,MATT RYAN 2020 Panini Mosaic #14 Prizm Camo Pink Atlanta Falcons Football,3.49,1.99,-1.50,-43.0%,DOWN,72%,Conf 72%<85% | Chg -43.0%>20%,
batch04,227462338695,FBrelist-080426-0645,WILL LEVIS 2023 Panini Select #FUT-WLE Future Tennessee Titans Football,3.49,1.99,-1.50,-43.0%,DOWN,71%,Conf 71%<85% | Chg -43.0%>20%,
batch04,227462338699,FBrelist-080426-0654,JOE ALT 2024 Panini Select #82 Red & Blue Prizm Shock Los Angeles Chargers,3.49,1.99,-1.50,-43.0%,DOWN,75%,Conf 75%<85% | Chg -43.0%>20%,
batch04,227462338701,FBrelist-080426-0656,MELVIN GORDON 2015 Topps Chrome #105 San Diego Chargers Football,3.49,1.99,-1.50,-43.0%,DOWN,72%,Conf 72%<85% | Chg -43.0%>20%,
batch04,227462338702,FBrelist-080426-0657,TIP REIMAN 2024 Donruss Optic #292 Pink Arizona Cardinals Football,3.49,1.99,-1.50,-43.0%,DOWN,72%,Conf 72%<85% | Chg -43.0%>20%,
batch04,227462338704,FBrelist-080426-0648,WILL LEVIS 2023 Panini Mosaic #ND-4 Tennessee Titans Football,6.95,1.99,-4.96,-71.4%,DOWN,73%,Conf 73%<85% | Chg -71.4%>20%,
batch04,227462338707,FBrelist-080426-0658,JOSH PALMER 2021 Panini Select #166 Black and Gold Prizm Die Cut Chargers,3.49,4.39,+0.90,+25.8%,UP,100%,Chg +25.8%>20%,
batch04,227462338709,FBrelist-080426-0659,TERRELL DAVIS 2024 Topps Chrome #CAE-TD Chrome All-Etch Refractor Denver Broncos,3.49,1.99,-1.50,-43.0%,DOWN,66%,Conf 66%<85% | Chg -43.0%>20%,
batch04,227462338710,FBrelist-080426-0660,PACIFIC PARAMOUNT TERRELL DAVIS 1998 #9 Personal Bests Denver Broncos Football,3.49,1.99,-1.50,-43.0%,DOWN,79%,Conf 79%<85% | Chg -43.0%>20%,
batch04,227462338713,FBrelist-080426-0661,ALEX SINGLETON 2024 Panini Prizm #5 Lockdown Silver Prizm Denver Broncos,3.49,1.99,-1.50,-43.0%,DOWN,81%,Conf 81%<85% | Chg -43.0%>20%,
batch04,227462338716,FBrelist-080426-0663,2024 Topps SIGNATURE Class MarShawn Lloyd #110 Green Green Bay Packers #/150,2.39,2.89,+0.50,+20.9%,UP,77%,Conf 77%<85% | Chg +20.9%>20%,
batch04,227462338720,FBrelist-080426-0664,JAWHAR JORDAN 2024 Panini Phoenix #197 Green Fade Houston Texans #/199 Football,5.49,2.49,-3.00,-54.6%,DOWN,84%,Conf 84%<85% | Chg -54.6%>20%,
batch04,227462338722,FBrelist-080426-0665,GENO SMITH 2024 Panini Mosaic #197 Mosaic Reactive Blue Seattle Seahawks,3.49,1.99,-1.50,-43.0%,DOWN,61%,Conf 61%<85% | Chg -43.0%>20%,
batch04,227462338728,FBrelist-080426-0668,FOYE OLUOKUN 2023 Panini Prizm #LD-8 Lockdown! Prizms Silver Jaguars Football,3.49,1.99,-1.50,-43.0%,DOWN,74%,Conf 74%<85% | Chg -43.0%>20%,
batch04,227462338730,FBrelist-080426-0670,J.C. LATHAM 2024 Panini Prizm #334 Orange Ice Tennessee Titans Football,3.49,1.99,-1.50,-43.0%,DOWN,72%,Conf 72%<85% | Chg -43.0%>20%,
batch04,227462338733,FBrelist-080426-0671,LADD MCCONKEY 2024 Topps Chrome #Y-20 Youthquake Los Angeles Chargers Football,3.99,1.99,-2.00,-50.1%,DOWN,71%,Conf 71%<85% | Chg -50.1%>20%,
batch04,227462338734,FBrelist-080426-0662,JONAH ELLISS 2024 Panini Prizm #356 Silver Denver Broncos Football,3.49,1.99,-1.50,-43.0%,DOWN,74%,Conf 74%<85% | Chg -43.0%>20%,
batch04,227462338735,FBrelist-080426-0672,J.C. LATHAM 2024 Panini Select #11 Silver Prizm Tennessee Titans Football,3.49,1.99,-1.50,-43.0%,DOWN,83%,Conf 83%<85% | Chg -43.0%>20%,
batch04,227462338743,FBrelist-080426-0673,BUDDA BAKER 2023 Panini Prizm #2 Silver Arizona Cardinals Football,3.49,1.99,-1.50,-43.0%,DOWN,61%,Conf 61%<85% | Chg -43.0%>20%,
batch04,227462338744,FBrelist-080426-0666,MICHAEL PENIX JR. 2024 Panini Prizm #6 Portals Falcons Football,3.99,1.99,-2.00,-50.1%,DOWN,79%,Conf 79%<85% | Chg -50.1%>20%,
batch04,227462338745,FBrelist-080426-0674,AMARI COOPER 2023 Panini Phoenix #HR-5 Hot Routes Cleveland Browns Football,3.49,1.99,-1.50,-43.0%,DOWN,84%,Conf 84%<85% | Chg -43.0%>20%,
batch04,227462338747,FBrelist-080426-0676,MAASON SMITH 2024 Donruss Optic #269 Green Velocity Jacksonville Jaguars,3.49,1.99,-1.50,-43.0%,DOWN,77%,Conf 77%<85% | Chg -43.0%>20%,
batch04,227462338748,FBrelist-080426-0675,JABRILL PEPPERS 2024 Panini Select #262 Red & Yellow Prizm Shock Patriots,3.49,1.99,-1.50,-43.0%,DOWN,67%,Conf 67%<85% | Chg -43.0%>20%,
batch04,227462338753,FBrelist-080426-0680,J.C. LATHAM 2024 Panini Mosaic #307 Mosaic Choice Red and Green Tennessee Titans,3.49,4.39,+0.90,+25.8%,UP,100%,Chg +25.8%>20%,
batch04,227462338754,FBrelist-080426-0679,JEFFERY SIMMONS 2024 Panini Prizm #282 Silver Tennessee Titans Football,3.49,1.99,-1.50,-43.0%,DOWN,70%,Conf 70%<85% | Chg -43.0%>20%,
batch04,227462338756,FBrelist-080426-0669,COMPOSITE BRYCE YOUNG 2023 Topps #1 Carolina Panthers Football,4.49,1.99,-2.50,-55.7%,DOWN,66%,Conf 66%<85% | Chg -55.7%>20%,
batch04,227462338759,FBrelist-080426-0681,JASON KELCE 2024 Donruss #10 Retro 1994 Philadelphia Eagles Football,3.49,1.99,-1.50,-43.0%,DOWN,70%,Conf 70%<85% | Chg -43.0%>20%,
batch04,227462338766,FBrelist-080426-0684,DESMOND RIDDER 2023 Panini Prizm #H-4 Emergent Prizms No Huddle Atlanta Falcons,3.49,2.19,-1.30,-37.2%,DOWN,86%,Chg -37.2%>20%,
batch04,227462338768,FBrelist-080426-0683,PATRICK MAHOMES II 2024 Donruss #2 Retro 1994 Kansas City Chiefs Football,3.99,1.99,-2.00,-50.1%,DOWN,86%,Chg -50.1%>20%,
batch04,227462338778,FBrelist-080426-0677,TOM BRADY 2020 Panini Absolute #42 Green Tampa Bay Buccaneers Football,4.49,1.99,-2.50,-55.7%,DOWN,69%,Conf 69%<85% | Chg -55.7%>20%,
batch04,227462338780,FBrelist-080426-0678,JALEEL MCLAUGHLIN 2023 Panini Select #265 Silver Prizms Denver Broncos Football,3.49,1.99,-1.50,-43.0%,DOWN,74%,Conf 74%<85% | Chg -43.0%>20%,
batch04,227462338781,FBrelist-080426-0687,JALEEL MCLAUGHLIN 2023 Panini Select #32 Black and Red Prizms Die Cuts Broncos,3.49,1.99,-1.50,-43.0%,DOWN,89%,Chg -43.0%>20%,
batch04,227462338799,FBrelist-080426-0682,BO JACKSON 1991 Pro Set Platinum #136 Los Angeles Raiders Football,3.49,1.99,-1.50,-43.0%,DOWN,69%,Conf 69%<85% | Chg -43.0%>20%,
batch04,227462338800,FBrelist-080426-0690,BARRY SANDERS 2023 Panini Mosaic #190 Detroit Lions Football,3.49,1.99,-1.50,-43.0%,DOWN,62%,Conf 62%<85% | Chg -43.0%>20%,
batch04,227462338801,FBrelist-080426-0691,EMMITT SMITH 1995 Topps #PF-1 Profiles Dallas Cowboys Football,3.49,1.99,-1.50,-43.0%,DOWN,70%,Conf 70%<85% | Chg -43.0%>20%,
batch04,227462338804,FBrelist-080426-0692,COOPER KUPP 2020 Panini Prizm Draft Picks #19 Eastern Washington Eagles Football,3.49,1.99,-1.50,-43.0%,DOWN,67%,Conf 67%<85% | Chg -43.0%>20%,
batch04,227462338806,FBrelist-080426-0693,TRAVIS KELCE 2021 Panini Mosaic #GG-21 Got Game? Kansas City Chiefs Football,3.49,1.99,-1.50,-43.0%,DOWN,66%,Conf 66%<85% | Chg -43.0%>20%,
batch04,227462338809,FBrelist-080426-0695,JOEY BOSA 2024 Panini Absolute #59 Retail Los Angeles Chargers Football,3.49,1.99,-1.50,-43.0%,DOWN,65%,Conf 65%<85% | Chg -43.0%>20%,
batch04,227462338812,FBrelist-080426-0686,TREYLON BURKS 2022 Donruss #TR-12 The Rookies Tennessee Titans RC Football,3.49,1.99,-1.50,-43.0%,DOWN,79%,Conf 79%<85% | Chg -43.0%>20%,
batch04,227462338813,FBrelist-080426-0696,NICO COLLINS 2024 Panini Contenders #41 Season Ticket Retail Houston Texans,3.49,1.99,-1.50,-43.0%,DOWN,75%,Conf 75%<85% | Chg -43.0%>20%,
batch04,227462338815,FBrelist-080426-0697,BRYCE YOUNG 2024 Donruss Optic #26 Carolina Panthers Football,3.49,1.99,-1.50,-43.0%,DOWN,83%,Conf 83%<85% | Chg -43.0%>20%,
batch04,227462338820,FBrelist-080426-0689,PLAYBOOK SAM DARNOLD 2020 Panini #39 New York Jets Football,3.49,1.99,-1.50,-43.0%,DOWN,67%,Conf 67%<85% | Chg -43.0%>20%,
batch04,227462338822,FBrelist-080426-0688,AMON-RA ST. BROWN 2023 Panini Prizm #96 Pink Detroit Lions Football,5.49,3.49,-2.00,-36.4%,DOWN,77%,Conf 77%<85% | Chg -36.4%>20%,
batch04,227462338824,FBrelist-080426-0699,MARSHAWN LLOYD 2024 Panini Prizm #374 Green Bay Packers Football,3.49,1.99,-1.50,-43.0%,DOWN,76%,Conf 76%<85% | Chg -43.0%>20%,
batch04,227462338826,FBrelist-080426-0698,DEEBO SAMUEL 2024 Donruss Optic #172 San Francisco 49ers Football,3.49,1.99,-1.50,-43.0%,DOWN,69%,Conf 69%<85% | Chg -43.0%>20%,
batch04,227462338830,FBrelist-080426-0700,ANTHONY RICHARDSON 2024 Panini Contenders #42 Game Ticket Red Indianapolis Colts,3.49,1.99,-1.50,-43.0%,DOWN,83%,Conf 83%<85% | Chg -43.0%>20%,
batch04,227462338836,FBrelist-080426-0702,ZENITH TYREEK HILL 2024 Panini #60 Retail Miami Dolphins Football,3.49,1.99,-1.50,-43.0%,DOWN,63%,Conf 63%<85% | Chg -43.0%>20%,
batch04,227462338838,FBrelist-080426-0703,JARED GOFF 2024 Panini Absolute #35 Retail Detroit Lions Football,3.49,1.99,-1.50,-43.0%,DOWN,75%,Conf 75%<85% | Chg -43.0%>20%,
batch04,227462338841,FBrelist-080426-0704,ZENITH TREVOR LAWRENCE 2024 Panini #44 Retail Jacksonville Jaguars Football,3.49,1.99,-1.50,-43.0%,DOWN,60%,Conf 60%<85% | Chg -43.0%>20%,
batch04,227462338846,FBrelist-080426-0705,STEFON DIGGS 2021 Panini Contenders #11 Buffalo Bills Football,3.49,1.99,-1.50,-43.0%,DOWN,81%,Conf 81%<85% | Chg -43.0%>20%,
batch04,227462338848,FBrelist-080426-0694,MATTHEW STAFFORD 2022 Score #155 Los Angeles Rams Football,2.99,1.99,-1.00,-33.4%,DOWN,74%,Conf 74%<85% | Chg -33.4%>20%,
batch04,227462338851,FBrelist-080426-0706,NICK CHUBB 2021 Panini Contenders #24 Cleveland Browns Football,3.49,1.99,-1.50,-43.0%,DOWN,76%,Conf 76%<85% | Chg -43.0%>20%,
batch04,227462338865,FBrelist-080426-0711,ANTHONY RICHARDSON 2024 Panini Contenders #42 Season Ticket Colts Football,3.49,1.99,-1.50,-43.0%,DOWN,88%,Chg -43.0%>20%,
batch04,227462338866,FBrelist-080426-0712,STEFON DIGGS 2024 Donruss #182 Houston Texans Football,3.49,1.99,-1.50,-43.0%,DOWN,63%,Conf 63%<85% | Chg -43.0%>20%,
batch04,227462338867,FBrelist-080426-0701,BIJAN ROBINSON 2024 Panini Absolute #5 Blue Atlanta Falcons Football,3.49,1.99,-1.50,-43.0%,DOWN,66%,Conf 66%<85% | Chg -43.0%>20%,
batch04,227462338869,FBrelist-080426-0714,AMON-RA ST. BROWN 2024 Panini Contenders #33 Season Ticket Retail Detroit Lions,3.49,1.99,-1.50,-43.0%,DOWN,79%,Conf 79%<85% | Chg -43.0%>20%,
batch04,227462338877,FBrelist-080426-0718,NICK BOSA 2021 Panini Contenders #90 San Francisco 49ers Football,3.49,1.99,-1.50,-43.0%,DOWN,73%,Conf 73%<85% | Chg -43.0%>20%,
batch04,227462338879,FBrelist-080426-0707,TREVOR LAWRENCE 2022 Score #C-TL Celebration Jacksonville Jaguars Football,3.49,1.99,-1.50,-43.0%,DOWN,72%,Conf 72%<85% | Chg -43.0%>20%,
batch04,227462338883,FBrelist-080426-0717,TYREEK HILL 2021 Panini Contenders #48 Kansas City Chiefs Football,3.49,1.99,-1.50,-43.0%,DOWN,71%,Conf 71%<85% | Chg -43.0%>20%,
batch04,227462338886,FBrelist-080426-0721,ZENITH LAMAR JACKSON 2024 Panini #7 Retail Baltimore Ravens Football,3.49,1.99,-1.50,-43.0%,DOWN,60%,Conf 60%<85% | Chg -43.0%>20%,
batch04,227462338888,FBrelist-080426-0713,EDGERRIN COOPER 2024 Panini Prizm #331 Green Bay Packers Football,3.49,1.99,-1.50,-43.0%,DOWN,67%,Conf 67%<85% | Chg -43.0%>20%,
batch04,227462338890,FBrelist-080426-0723,KYLER MURRAY 2024 Panini Illusions #1 Retail Arizona Cardinals Football,3.49,1.99,-1.50,-43.0%,DOWN,67%,Conf 67%<85% | Chg -43.0%>20%,
batch04,227462338900,FBrelist-080426-0727,ZENITH DAVANTE ADAMS 2024 Panini #52 Retail Las Vegas Raiders Football,3.49,1.99,-1.50,-43.0%,DOWN,79%,Conf 79%<85% | Chg -43.0%>20%,
batch04,227462338904,FBrelist-080426-0720,TYREEK HILL 2022 Score #113 Kansas City Chiefs Football,2.99,1.99,-1.00,-33.4%,DOWN,66%,Conf 66%<85% | Chg -33.4%>20%,
batch04,227462338907,FBrelist-080426-0730,BAKER MAYFIELD 2024 Panini Contenders #92 Season Ticket Buccaneers Football,3.49,1.99,-1.50,-43.0%,DOWN,71%,Conf 71%<85% | Chg -43.0%>20%,
batch04,227462338908,FBrelist-080426-0722,NICK CHUBB 2021 Panini Mosaic #53 Cleveland Browns Football,3.49,1.99,-1.50,-43.0%,DOWN,64%,Conf 64%<85% | Chg -43.0%>20%,
batch04,227462338912,FBrelist-080426-0732,AIDAN HUTCHINSON 2024 Panini Contenders #34 Season Ticket Retail Detroit Lions,3.49,1.99,-1.50,-43.0%,DOWN,68%,Conf 68%<85% | Chg -43.0%>20%,
batch04,227462338913,FBrelist-080426-0719,DAVANTE ADAMS 2021 Panini Contenders #35 Green Bay Packers Football,3.49,1.99,-1.50,-43.0%,DOWN,61%,Conf 61%<85% | Chg -43.0%>20%,
batch04,227462338914,FBrelist-080426-0731,DK METCALF 2024 Panini Contenders #91 Season Ticket Retail Seattle Seahawks,3.49,1.99,-1.50,-43.0%,DOWN,76%,Conf 76%<85% | Chg -43.0%>20%,
batch04,227462338915,FBrelist-080426-0733,PUKA NACUA 2024 Panini Contenders #59 Game Ticket Red Los Angeles Rams Football,3.49,1.99,-1.50,-43.0%,DOWN,71%,Conf 71%<85% | Chg -43.0%>20%,
batch04,227462338918,FBrelist-080426-0724,LAMAR JACKSON 2024 Panini Illusions #7 Retail Baltimore Ravens Football,3.49,1.99,-1.50,-43.0%,DOWN,71%,Conf 71%<85% | Chg -43.0%>20%,
batch04,227462338921,FBrelist-080426-0734,JORDAN LOVE 2024 Panini Contenders #37 Game Ticket Green Bay Packers Football,3.49,1.99,-1.50,-43.0%,DOWN,78%,Conf 78%<85% | Chg -43.0%>20%,
batch04,227462338922,FBrelist-080426-0735,JARED GOFF 2020 Donruss Optic #DM-JG Dominators Los Angeles Rams Football,3.49,1.99,-1.50,-43.0%,DOWN,71%,Conf 71%<85% | Chg -43.0%>20%,
batch04,227462338927,FBrelist-080426-0736,YVES MISSI 2024 Panini Prizm Draft Picks #54b Prizms Green Baylor Bears Football,3.49,4.39,+0.90,+25.8%,UP,100%,Chg +25.8%>20%,
batch04,227462338928,FBrelist-080426-0725,COOPER KUPP 2024 Panini Absolute #63 Retail Los Angeles Rams Football,3.49,1.99,-1.50,-43.0%,DOWN,65%,Conf 65%<85% | Chg -43.0%>20%,
batch04,227462338929,FBrelist-080426-0737,MICAH PARSONS 2022 Score #227 Dallas Cowboys Football,2.49,1.99,-0.50,-20.1%,DOWN,73%,Conf 73%<85% | Chg -20.1%>20%,
batch04,227462338930,FBrelist-080426-0729,DERRICK HENRY 2024 Panini Illusions #8 Retail Baltimore Ravens Football,3.49,1.99,-1.50,-43.0%,DOWN,65%,Conf 65%<85% | Chg -43.0%>20%,
batch04,227462338933,FBrelist-080426-0738,JUSTIN HERBERT 2024 Panini Select #131 Los Angeles Chargers Football,3.49,1.99,-1.50,-43.0%,DOWN,68%,Conf 68%<85% | Chg -43.0%>20%,
batch04,227462338944,FBrelist-080426-0740,JORDAN LOVE 2024 Donruss #230 Green Bay Packers Football,2.99,1.99,-1.00,-33.4%,DOWN,62%,Conf 62%<85% | Chg -33.4%>20%,
batch04,227462338946,FBrelist-080426-0741,JUSTIN HERBERT 2024 Donruss Optic #106 Los Angeles Chargers Football,2.99,1.99,-1.00,-33.4%,DOWN,63%,Conf 63%<85% | Chg -33.4%>20%,
batch04,227462338947,FBrelist-080426-0743,BUCKY IRVING 2024 Donruss Optic #216 Tampa Bay Buccaneers Football,2.99,1.99,-1.00,-33.4%,DOWN,65%,Conf 65%<85% | Chg -33.4%>20%,
batch04,227462338955,FBrelist-080426-0745,DRAKE LONDON 2024 Panini Absolute #6 Retail Atlanta Falcons Football,3.49,1.99,-1.50,-43.0%,DOWN,71%,Conf 71%<85% | Chg -43.0%>20%,
batch04,227462338957,FBrelist-080426-0748,ZENITH QUINYON MITCHELL 2024 Panini #182 Retail Philadelphia Eagles Football,2.99,1.99,-1.00,-33.4%,DOWN,73%,Conf 73%<85% | Chg -33.4%>20%,
batch04,227462338962,FBrelist-080426-0751,MARVIN MIMS 2023 Panini Mosaic #ND-13 Denver Broncos Football,2.99,1.99,-1.00,-33.4%,DOWN,65%,Conf 65%<85% | Chg -33.4%>20%,
batch04,227462338966,FBrelist-080426-0753,DRAKE LONDON 2022 Panini Contenders #ROY-DLO ROY Contenders Falcons Football,2.99,1.99,-1.00,-33.4%,DOWN,75%,Conf 75%<85% | Chg -33.4%>20%,
batch04,227462338967,FBrelist-080426-0742,JUSTIN HERBERT 2024 Donruss #250 Los Angeles Chargers Football,2.99,1.99,-1.00,-33.4%,DOWN,61%,Conf 61%<85% | Chg -33.4%>20%,
batch04,227462338970,FBrelist-080426-0744,ZENITH JALEN CARTER 2023 Panini #148 Retail Philadelphia Eagles Football,3.49,1.99,-1.50,-43.0%,DOWN,70%,Conf 70%<85% | Chg -43.0%>20%,
batch04,227462338972,FBrelist-080426-0752,DRAKE LONDON 2023 Panini Prizm #H-9 Emergent Atlanta Falcons Football,3.49,1.99,-1.50,-43.0%,DOWN,62%,Conf 62%<85% | Chg -43.0%>20%,
batch04,227462338973,FBrelist-080426-0754,LEGACY DEANDRE HOPKINS 2021 Panini #81 Arizona Cardinals Football,2.99,1.99,-1.00,-33.4%,DOWN,78%,Conf 78%<85% | Chg -33.4%>20%,
batch04,227462338974,FBrelist-080426-0756,MASTERPIECES JOHNNY UNITAS 2008 Upper Deck #50 Baltimore Colts Football,4.49,1.99,-2.50,-55.7%,DOWN,78%,Conf 78%<85% | Chg -55.7%>20%,
batch04,227462338976,FBrelist-080426-0755,RAY LEWIS 2022 Panini Contenders #GLD-RLE Gladiators Baltimore Ravens Football,2.99,1.99,-1.00,-33.4%,DOWN,75%,Conf 75%<85% | Chg -33.4%>20%,
batch04,227462338979,FBrelist-080426-0747,JONATHON BROOKS 2024 Donruss Optic #258 Carolina Panthers Football,2.99,1.99,-1.00,-33.4%,DOWN,63%,Conf 63%<85% | Chg -33.4%>20%,
batch04,227462338980,FBrelist-080426-0746,KEON COLEMAN 2024 Panini Prizm #362 Buffalo Bills Football,3.49,1.99,-1.50,-43.0%,DOWN,71%,Conf 71%<85% | Chg -43.0%>20%,
batch04,227462338996,FBrelist-080426-0764,DEANDRE HOPKINS 2024 Donruss Optic #192 Tennessee Titans Football,2.99,1.99,-1.00,-33.4%,DOWN,66%,Conf 66%<85% | Chg -33.4%>20%,
batch04,227462338998,FBrelist-080426-0763,WILL LEVIS 2024 Panini Prizm #4 Fireworks Green Ice Prizm Tennessee Titans,3.49,1.99,-1.50,-43.0%,DOWN,70%,Conf 70%<85% | Chg -43.0%>20%,
batch04,227462338999,FBrelist-080426-0757,TREVOR LAWRENCE 2024 Panini Select #98 Silver Prizm Die Cut Jacksonville Jaguars,2.99,1.99,-1.00,-33.4%,DOWN,75%,Conf 75%<85% | Chg -33.4%>20%,
batch04,227462339005,FBrelist-080426-0765,TYJAE SPEARS 2024 Panini Prizm #278 Neon Green Pulsar Tennessee Titans Football,2.99,1.99,-1.00,-33.4%,DOWN,72%,Conf 72%<85% | Chg -33.4%>20%,
batch04,227462339013,FBrelist-080426-0769,NICO COLLINS 2024 Donruss #28 The Elite Series Houston Texans Football,3.49,1.99,-1.50,-43.0%,DOWN,79%,Conf 79%<85% | Chg -43.0%>20%,
batch04,227462339015,FBrelist-080426-0759,WILL LEVIS 2023 Donruss Optic #298 Holo Tennessee Titans Football,3.49,1.99,-1.50,-43.0%,DOWN,64%,Conf 64%<85% | Chg -43.0%>20%,
batch04,227462339017,FBrelist-080426-0768,KENNETH WALKER III 2022 Panini Mosaic #308 Mosaic Reactive Orange Seahawks,3.99,3.89,-0.10,-2.5%,DOWN,80%,Conf 80%<85%,
batch04,227462339018,FBrelist-080426-0771,HARRY DOUGLAS 2014 Topps #13 1000 Yard Club Atlanta Falcons Football,2.99,1.99,-1.00,-33.4%,DOWN,70%,Conf 70%<85% | Chg -33.4%>20%,
batch04,227462339020,FBrelist-080426-0770,BRENDEN RICE 2024 Donruss #382 Optic Preview Red and Green Chargers Football,3.49,1.99,-1.50,-43.0%,DOWN,87%,Chg -43.0%>20%,
batch04,227462339014,FBrelist-080426-0762,NICK FOLK 2023 Panini Prizm #208 Disco Tennessee Titans Football,2.99,1.99,-1.00,-33.4%,DOWN,60%,Conf 60%<85% | Chg -33.4%>20%,
batch04,227462339019,FBrelist-080426-0760,MAX MELTON 2024 Panini Prizm #376 Red White and Blue Arizona Cardinals Football,1.49,1.99,+0.50,+33.6%,UP,62%,Conf 62%<85% | Chg +33.6%>20%,
batch04,227462339022,FBrelist-080426-0772,WILL LEVIS 2023 Panini Contenders #20 Winning Ticket Tennessee Titans Football,3.49,1.99,-1.50,-43.0%,DOWN,69%,Conf 69%<85% | Chg -43.0%>20%,
batch04,227462339024,FBrelist-080426-0761,KYLER MURRAY 2023 Donruss Optic #5 Holo Arizona Cardinals Football,2.99,1.99,-1.00,-33.4%,DOWN,68%,Conf 68%<85% | Chg -33.4%>20%,
batch04,227462339026,FBrelist-080426-0775,DREW SANDERS 2023 Donruss Optic #230 Purple Shock Denver Broncos Football,2.99,1.99,-1.00,-33.4%,DOWN,87%,Chg -33.4%>20%,
batch04,227462339027,FBrelist-080426-0766,QUENTIN JOHNSTON 2024 Panini Mosaic #123 Mosaic Reactive Yellow Chargers,3.49,1.99,-1.50,-43.0%,DOWN,82%,Conf 82%<85% | Chg -43.0%>20%,
batch04,227462339030,FBrelist-080426-0767,LAVISKA SHENAULT JR. 2020 Panini Select #59 Jacksonville Jaguars Football,2.99,1.99,-1.00,-33.4%,DOWN,70%,Conf 70%<85% | Chg -33.4%>20%,
batch04,227462339031,FBrelist-080426-0776,KIMANI VIDAL 2024 Panini Select #15 Silver Prizm Los Angeles Chargers Football,2.99,1.99,-1.00,-33.4%,DOWN,83%,Conf 83%<85% | Chg -33.4%>20%,
batch04,227462339034,FBrelist-080426-0778,WILL LEVIS 2023 Panini Contenders #5 Supernatural Tennessee Titans Football,3.99,2.09,-1.90,-47.6%,DOWN,83%,Conf 83%<85% | Chg -47.6%>20%,
batch04,227462339038,FBrelist-080426-0779,DEANDRE HOPKINS 2024 Donruss #20 Dominators Tennessee Titans Football,2.99,1.99,-1.00,-33.4%,DOWN,68%,Conf 68%<85% | Chg -33.4%>20%,
batch04,227462339040,FBrelist-080426-0780,ZENITH JAMES COOK 2022 #115 Retail Buffalo Bills FB-3032 Football,2.99,3.89,+0.90,+30.1%,UP,100%,Chg +30.1%>20%,
batch04,227462339042,FBrelist-080426-0781,DAK PRESCOTT 2023 Panini Contenders #28 Dallas Cowboys Football,2.99,1.99,-1.00,-33.4%,DOWN,65%,Conf 65%<85% | Chg -33.4%>20%,
batch04,227462339043,FBrelist-080426-0773,MALIK WILLIS 2023 Panini Prizm #289 Lazer Tennessee Titans Football,2.99,1.99,-1.00,-33.4%,DOWN,62%,Conf 62%<85% | Chg -33.4%>20%,
batch04,227462339044,FBrelist-080426-0782,ZENITH BARRY SANDERS 2024 Panini #34 Retail Detroit Lions Football,3.49,1.99,-1.50,-43.0%,DOWN,72%,Conf 72%<85% | Chg -43.0%>20%,
batch04,227462339046,FBrelist-080426-0774,BRIAN THOMAS JR. 2024 Donruss #8 Rookie Gridiron Kings Jacksonville Jaguars RC,3.49,1.99,-1.50,-43.0%,DOWN,69%,Conf 69%<85% | Chg -43.0%>20%,
batch04,227462339051,FBrelist-080426-0787,DAVANTE ADAMS 2021 Panini Select #14 Green Bay Packers Football,3.49,1.99,-1.50,-43.0%,DOWN,60%,Conf 60%<85% | Chg -43.0%>20%,
batch04,227462339054,FBrelist-080426-0788,RUSSELL WILSON 2024 Panini Absolute #88 Blue Pittsburgh Steelers Football,2.99,1.99,-1.00,-33.4%,DOWN,67%,Conf 67%<85% | Chg -33.4%>20%,
batch04,227462339057,FBrelist-080426-0789,KURT WARNER 2024 Panini Prizm Draft Picks #1 Northern Iowa Panthers Football,3.49,1.99,-1.50,-43.0%,DOWN,60%,Conf 60%<85% | Chg -43.0%>20%,
batch04,227462339062,FBrelist-080426-0790,TERRY MCLAURIN 2024 Panini Contenders #99 Season Ticket Retail Commanders,2.99,1.99,-1.00,-33.4%,DOWN,83%,Conf 83%<85% | Chg -33.4%>20%,
batch04,227462339064,FBrelist-080426-0792,SAM HUBBARD 2024 Panini Absolute #21 Retail Cincinnati Bengals Football,3.49,1.99,-1.50,-43.0%,DOWN,67%,Conf 67%<85% | Chg -43.0%>20%,
batch04,227462339066,FBrelist-080426-0783,DANIEL JONES 2021 Panini Select #26 New York Giants Football,3.99,1.99,-2.00,-50.1%,DOWN,63%,Conf 63%<85% | Chg -50.1%>20%,
batch04,227462339067,FBrelist-080426-0794,NBL GRANT ANTICEVICH 2022-23 Topps Chrome #71 S.E. Melbourne Phoenix Basketball,3.49,1.99,-1.50,-43.0%,DOWN,77%,Conf 77%<85% | Chg -43.0%>20%,
batch04,227462339068,FBrelist-080426-0784,KENDRE MILLER 2024 Panini Absolute #78 Retail New Orleans Saints Football,2.99,1.99,-1.00,-33.4%,DOWN,74%,Conf 74%<85% | Chg -33.4%>20%,
batch04,227462339069,FBrelist-080426-0785,JIMMY GAROPPOLO 2023 Panini Contenders #54 Las Vegas Raiders Football,2.49,1.99,-0.50,-20.1%,DOWN,65%,Conf 65%<85% | Chg -20.1%>20%,
batch04,227462339071,FBrelist-080426-0786,COOPER KUPP 2024 Donruss Optic #116 Los Angeles Rams Football,2.49,1.99,-0.50,-20.1%,DOWN,78%,Conf 78%<85% | Chg -20.1%>20%,
batch04,227462339073,FBrelist-080426-0796,NBL GARY BROWNE 2022-23 Topps Chrome #73 S.E. Melbourne Phoenix Basketball,3.49,4.39,+0.90,+25.8%,UP,100%,Chg +25.8%>20%,
batch04,227462339074,FBrelist-080426-0797,COOPER KUPP 2022 Panini Select #SS-21 Snapshots Prizm Los Angeles Rams Football,4.49,2.29,-2.20,-49.0%,DOWN,73%,Conf 73%<85% | Chg -49.0%>20%,
batch04,227462339081,FBrelist-080426-0800,JUSTIN HERBERT 2021 Panini Contenders #SN-JHE Supernatural Los Angeles Chargers,3.49,1.99,-1.50,-43.0%,DOWN,74%,Conf 74%<85% | Chg -43.0%>20%,
batch04,227462339084,FBrelist-080426-0791,DJ MOORE 2024 Panini Contenders #18 Season Ticket Retail Chicago Bears Football,2.99,1.99,-1.00,-33.4%,DOWN,68%,Conf 68%<85% | Chg -33.4%>20%,
batch04,227462339085,FBrelist-080426-0803,ORIGINS JEREMIAH TROTTER JR. 2024 Panini #128 Philadelphia Eagles Football,3.49,1.99,-1.50,-43.0%,DOWN,81%,Conf 81%<85% | Chg -43.0%>20%,
batch04,227462339089,FBrelist-080426-0793,DANIELLE HUNTER 2024 Panini Phoenix #33 Houston Texans Football,2.49,1.99,-0.50,-20.1%,DOWN,64%,Conf 64%<85% | Chg -20.1%>20%,
batch04,227462339092,FBrelist-080426-0795,NBL ZHOU QI 2022-23 Topps Chrome #77 S.E. Melbourne Phoenix Basketball,3.49,4.39,+0.90,+25.8%,UP,100%,Chg +25.8%>20%,
batch04,227462339094,FBrelist-080426-0806,YVES MISSI 2024 Panini Prizm Draft Picks #25 Student Orientation Baylor Bears,4.49,1.99,-2.50,-55.7%,DOWN,78%,Conf 78%<85% | Chg -55.7%>20%,
batch04,227462339096,FBrelist-080426-0807,BUB CARRINGTON 2024 Panini Prizm Draft Picks #9 New Recruits Pittsburgh Panthers,3.49,1.99,-1.50,-43.0%,DOWN,90%,Chg -43.0%>20%,
batch04,227462339098,FBrelist-080426-0808,MALIK NABERS 2024 Topps Chrome #Y-5 Youthquake Pink Ref New York Giants Football,3.99,4.79,+0.80,+20.1%,UP,100%,Chg +20.1%>20%,
batch04,227462339099,FBrelist-080426-0809,HOLOGRFX TONY GONZALEZ 1999 Upper Deck #28 Kansas City Chiefs Football,4.49,1.99,-2.50,-55.7%,DOWN,71%,Conf 71%<85% | Chg -55.7%>20%,
batch04,227462339100,FBrelist-080426-0810,JERRY JEUDY 2020 Panini Chronicles #CV-14 Clear Vision Rookies Denver Broncos RC,3.49,1.99,-1.50,-43.0%,DOWN,84%,Conf 84%<85% | Chg -43.0%>20%,
batch04,227462339103,FBrelist-080426-0802,TUA TAGOVAILOA 2022 Panini Select #161 Silver Prizm Die Cut Miami Dolphins,2.99,1.99,-1.00,-33.4%,DOWN,77%,Conf 77%<85% | Chg -33.4%>20%,
batch04,227462339108,FBrelist-080426-0812,SAQUON BARKLEY 2020 Panini Mosaic #GG9 Got Game? Prizm New York Giants Football,3.49,1.99,-1.50,-43.0%,DOWN,62%,Conf 62%<85% | Chg -43.0%>20%,
batch04,227462339115,FBrelist-080426-0816,TREVOR LAWRENCE 2021 Panini Chronicles #FX-1 Flux Rookies Silver Jaguars RC,3.49,2.39,-1.10,-31.5%,DOWN,80%,Conf 80%<85% | Chg -31.5%>20%,
batch04,227462339122,FBrelist-080426-0819,ROGER STAUBACH 2023 Panini Mosaic #63 Red Mosaic Dallas Cowboys Football,4.49,2.69,-1.80,-40.1%,DOWN,70%,Conf 70%<85% | Chg -40.1%>20%,
batch04,227462339123,FBrelist-080426-0811,JUSTIN HERBERT 2024 Panini Select #41 Green & Yellow Prizm Shock Chargers,4.49,2.39,-2.10,-46.8%,DOWN,65%,Conf 65%<85% | Chg -46.8%>20%,
batch04,227462339125,FBrelist-080426-0820,MALIK WILLIS 2022 Panini Chronicles #SP-305 Score Premium Rookies Titans RC,2.99,1.99,-1.00,-33.4%,DOWN,77%,Conf 77%<85% | Chg -33.4%>20%,
batch04,227462339126,FBrelist-080426-0821,JALEN REAGOR 2021 Donruss Optic #7 Stars Philadelphia Eagles Football,3.49,1.99,-1.50,-43.0%,DOWN,65%,Conf 65%<85% | Chg -43.0%>20%,
batch04,227462339134,FBrelist-080426-0823,DAVID MONTGOMERY 2021 Panini Prizm #160 Green Chicago Bears Football,3.49,1.99,-1.50,-43.0%,DOWN,63%,Conf 63%<85% | Chg -43.0%>20%,
batch04,227462339135,FBrelist-080426-0824,2024 CLEARLY Donruss Will Levis #49 Pink Tennessee Titans Football,2.49,1.99,-0.50,-20.1%,DOWN,82%,Conf 82%<85% | Chg -20.1%>20%,
batch04,227462339138,FBrelist-080426-0825,RICKY PEARSALL 2024 Panini Prizm #383 San Francisco 49ers Football,2.99,1.99,-1.00,-33.4%,DOWN,72%,Conf 72%<85% | Chg -33.4%>20%,
batch04,227462339139,FBrelist-080426-0815,YVES MISSI 2024 Panini Prizm Draft Picks #54 Prizms Orange Ice Baylor Bears,2.99,1.99,-1.00,-33.4%,DOWN,67%,Conf 67%<85% | Chg -33.4%>20%,
batch04,227462339143,FBrelist-080426-0827,2024 Panini Donruss BO NIX - Rated Rookie RC #369 Denver Broncos Football,3.99,1.99,-2.00,-50.1%,DOWN,87%,Chg -50.1%>20%,
batch04,227462339144,FBrelist-080426-0818,ROGER STAUBACH 2020 Panini Mosaic #OS18 Old School Dallas Cowboys Football,2.99,1.99,-1.00,-33.4%,DOWN,66%,Conf 66%<85% | Chg -33.4%>20%,
batch04,227462339153,FBrelist-080426-0822,ZACK MARTIN 2022 Panini Mosaic #233 Mosaic Camo Pink Dallas Cowboys Football,2.99,1.99,-1.00,-33.4%,DOWN,65%,Conf 65%<85% | Chg -33.4%>20%,
batch04,227462339161,FBrelist-080426-0835,MATT CHAPMAN 2024 Topps Update #CSMLB-62 Stars of MLB Chrome Giants Baseball,2.99,1.99,-1.00,-33.4%,DOWN,77%,Conf 77%<85% | Chg -33.4%>20%,
batch04,227462339162,FBrelist-080426-0826,2022 Panini ROOKIES & Stars Kyren Williams #150 Red Los Angeles Rams RC Football,2.99,1.99,-1.00,-33.4%,DOWN,79%,Conf 79%<85% | Chg -33.4%>20%,
batch04,227462339166,FBrelist-080426-0836,KYLE TUCKER 2024 Topps Chrome Logofractor Edition #112 Houston Astros Baseball,5.49,2.19,-3.30,-60.1%,DOWN,76%,Conf 76%<85% | Chg -60.1%>20%,
batch04,227462339172,FBrelist-080426-0839,BO NIX 2024 Panini Illusions #22 Retail Denver Broncos Football,2.99,1.99,-1.00,-33.4%,DOWN,71%,Conf 71%<85% | Chg -33.4%>20%,
batch04,227462339174,FBrelist-080426-0841,CALEB WILLIAMS 2024 Panini Select #25 Chicago Bears Football,2.99,1.99,-1.00,-33.4%,DOWN,61%,Conf 61%<85% | Chg -33.4%>20%,
batch04,227462339177,FBrelist-080426-0843,JAHMYR GIBBS 2024 Donruss Optic #64 Detroit Lions Football,3.49,1.99,-1.50,-43.0%,DOWN,61%,Conf 61%<85% | Chg -43.0%>20%,
batch04,227462339179,FBrelist-080426-0833,CJ ABRAMS 2023 Topps Chrome #319 Blue Mini-Diamond Ref Nationals /199 Baseball,3.99,4.79,+0.80,+20.1%,UP,100%,Chg +20.1%>20%,
batch04,227462339181,FBrelist-080426-0834,JUNG HOO LEE 2024 Topps Update #89US-28 35th Anniversary Giants Baseball,3.49,1.99,-1.50,-43.0%,DOWN,64%,Conf 64%<85% | Chg -43.0%>20%,
batch04,227462339183,FBrelist-080426-0844,PATRICK MAHOMES II 2021 Panini Select #102 Kansas City Chiefs Football,3.99,1.99,-2.00,-50.1%,DOWN,87%,Chg -50.1%>20%,
batch04,227462339184,FBrelist-080426-0845,ROBBIE RAY 2025 Topps #459 Gold San Francisco Giants #/2025 Baseball,2.99,1.99,-1.00,-33.4%,DOWN,60%,Conf 60%<85% | Chg -33.4%>20%,
batch04,227462339186,FBrelist-080426-0838,BO NIX 2024 Panini Select #6 Select Numbers Prizm Denver Broncos Football,5.49,2.19,-3.30,-60.1%,DOWN,67%,Conf 67%<85% | Chg -60.1%>20%,
batch04,227462339188,FBrelist-080426-0848,MICHAEL PENIX JR. 2024 Donruss #2 The Elite Series Rookies Atlanta Falcons RC,2.99,2.79,-0.20,-6.7%,DOWN,80%,Conf 80%<85%,
batch04,227462339189,FBrelist-080426-0840,CALEB WILLIAMS 2024 Panini Illusions #13 Chicago Bears Football,3.49,1.99,-1.50,-43.0%,DOWN,69%,Conf 69%<85% | Chg -43.0%>20%,
batch04,227462339193,FBrelist-080426-0849,CALEB WILLIAMS 2025 Panini Certified #17 Chicago Bears Football,2.49,1.99,-0.50,-20.1%,DOWN,79%,Conf 79%<85% | Chg -20.1%>20%,
batch04,227462339194,FBrelist-080426-0851,MICHAEL PENIX JR. 2025 Panini Certified #FFO-MPJ Franchise Foundations Falcons,2.99,1.99,-1.00,-33.4%,DOWN,78%,Conf 78%<85% | Chg -33.4%>20%,
batch04,227462339195,FBrelist-080426-0850,KEANDRE LAMBERT-SMITH 2025 Panini Certified #186 Los Angeles Chargers #/499,3.99,2.99,-1.00,-25.1%,DOWN,75%,Conf 75%<85% | Chg -25.1%>20%,
batch04,227462339196,FBrelist-080426-0842,JAYDEN DANIELS 2024 Topps Chrome #FS-2 Future Stars Washington Commanders,3.49,2.07,-1.42,-40.7%,DOWN,73%,Conf 73%<85% | Chg -40.7%>20%,
batch04,227462339197,FBrelist-080426-0853,JESSIE BATES III 2024 Panini Phoenix #79 Purple Atlanta Falcons Football,3.99,1.99,-2.00,-50.1%,DOWN,87%,Chg -50.1%>20%,
batch04,227462339199,FBrelist-080426-0855,TINK HENCE 2025 Bowman #BP-101 Prospects Blue St. Louis Cardinals #/150 Baseball,4.99,3.49,-1.50,-30.1%,DOWN,76%,Conf 76%<85% | Chg -30.1%>20%,
batch04,227462339205,FBrelist-080426-0846,JAMES COOK 2024 Panini Phoenix #74 Buffalo Bills Football,3.49,1.99,-1.50,-43.0%,DOWN,62%,Conf 62%<85% | Chg -43.0%>20%,
batch04,227462339208,FBrelist-080426-0847,LADD MCCONKEY 2024 Panini Phoenix #CON-LMY Contours Stars Los Angeles Chargers,4.99,2.19,-2.80,-56.1%,DOWN,75%,Conf 75%<85% | Chg -56.1%>20%,
batch04,227462339211,FBrelist-080426-0857,KYLE TUCKER 2019 Bowman'S Best #43 Houston Astros RC Rookie Baseball,3.49,1.99,-1.50,-43.0%,DOWN,85%,Chg -43.0%>20%,
batch04,227462339216,FBrelist-080426-0852,BRETT FAVRE 1991 Upper Deck #647 Atlanta Falcons Football,3.49,2.69,-0.80,-22.9%,DOWN,63%,Conf 63%<85% | Chg -22.9%>20%,
batch04,227462339217,FBrelist-080426-0860,BO NIX 2025 Panini Phoenix #83 Denver Broncos Football,2.99,1.99,-1.00,-33.4%,DOWN,64%,Conf 64%<85% | Chg -33.4%>20%,
batch04,227462339221,FBrelist-080426-0861,TREVOR LAWRENCE 2025 Panini Phoenix #23 Thunderbirds Jacksonville Jaguars,2.49,1.99,-0.50,-20.1%,DOWN,74%,Conf 74%<85% | Chg -20.1%>20%,
batch04,227462339225,FBrelist-080426-0863,ZAY FLOWERS 2023 Panini Mosaic NFL Debut Reactive Blue Mosaic Rookie #ND-18 RC,5.49,2.39,-3.10,-56.5%,DOWN,78%,Conf 78%<85% | Chg -56.5%>20%,
batch04,227462339227,FBrelist-080426-0862,TRE HARRIS 2025 Panini Phoenix #160 Red Winter Prizm Los Angeles Chargers #/399,2.99,3.89,+0.90,+30.1%,UP,100%,Chg +30.1%>20%,
batch04,227462339233,FBrelist-080426-0864,2015 Bowman Draft #75 Kyle Tucker RC Rookie Astros Cubs Dodgers Baseball,2.99,2.39,-0.60,-20.1%,DOWN,86%,Chg -20.1%>20%,
batch04,227462339236,FBrelist-080426-0865,COURTLAND SUTTON 2024 Panini Mosaic #20 Elevate Denver Broncos Football,3.49,1.99,-1.50,-43.0%,DOWN,63%,Conf 63%<85% | Chg -43.0%>20%,
batch04,227462339240,FBrelist-080426-0867,SAM DARNOLD 2021 Panini Select #7 Silver Prizm Die Cut Panthers (Seahawks),3.49,4.39,+0.90,+25.8%,UP,100%,Chg +25.8%>20%,
batch04,227462339241,FBrelist-080426-0859,JOSH ALLEN 2025 Panini Phoenix #129 Buffalo Bills Football,3.25,1.99,-1.26,-38.8%,DOWN,66%,Conf 66%<85% | Chg -38.8%>20%,
batch04,227462339242,FBrelist-080426-0866,2024 CLEARLY Donruss Courtland Sutton #18 Denver Broncos Football,3.49,1.99,-1.50,-43.0%,DOWN,66%,Conf 66%<85% | Chg -43.0%>20%,
batch05,227462339251,FBrelist-080426-0869,JJ WETHERHOLT 2025 Bowman #GL-17 Greatness Loading St. Louis Cardinals Baseball,2.99,1.99,-1.00,-33.4%,DOWN,71%,Conf 71%<85% | Chg -33.4%>20%,
batch05,227462339253,FBrelist-080426-0872,GRANT MCCRAY 2025 Topps Chrome Cosmic #28 Ref San Francisco Giants Baseball,3.49,4.39,+0.90,+25.8%,UP,100%,Chg +25.8%>20%,
batch05,227462339257,FBrelist-080426-0873,CJ ABRAMS 2025 Topps Chrome Cosmic #177 Refractor Washington Nationals Baseball,4.99,2.29,-2.70,-54.1%,DOWN,66%,Conf 66%<85% | Chg -54.1%>20%,
batch05,227462339261,FBrelist-080426-0874,JUSTIN VERLANDER 2025 Topps Chrome Cosmic #66 Ref San Francisco Giants Baseball,2.99,3.89,+0.90,+30.1%,UP,100%,Chg +30.1%>20%,
batch05,227462339264,FBrelist-080426-0868,ROYELNY STROP 2025 Bowman Chrome #BCP-221 St Louis Cardinals Baseball,2.49,1.99,-0.50,-20.1%,DOWN,66%,Conf 66%<85% | Chg -20.1%>20%,
batch05,227462339269,FBrelist-080426-0877,SAMUEL BASALLO 2026 Topps #TOG-10 Titans of the Game Baltimore Orioles Baseball,2.99,1.99,-1.00,-33.4%,DOWN,62%,Conf 62%<85% | Chg -33.4%>20%,
batch05,227462339270,FBrelist-080426-0870,KYLE TUCKER 2019 Topps #60 Houston Astros Baseball,3.49,1.99,-1.50,-43.0%,DOWN,64%,Conf 64%<85% | Chg -43.0%>20%,
batch05,227462339271,FBrelist-080426-0871,KYLE TUCKER 2019 Bowman #94 Astros RC Rookie Baseball,3.49,1.99,-1.50,-43.0%,DOWN,67%,Conf 67%<85% | Chg -43.0%>20%,
batch05,227462339278,FBrelist-080426-0878,FERNANDO TATIS JR. 2026 Topps #TOG-19 Titans of the Game San Diego Padres,2.99,1.99,-1.00,-33.4%,DOWN,64%,Conf 64%<85% | Chg -33.4%>20%,
batch05,227462339279,FBrelist-080426-0879,ELLY DE LA CRUZ 2026 Topps #TOG-5 Titans of the Game Cincinnati Reds Baseball,2.99,1.99,-1.00,-33.4%,DOWN,65%,Conf 65%<85% | Chg -33.4%>20%,
batch05,227462339284,FBrelist-080426-0880,LIAM DOYLE 2025 Bowman Draft #PP-4 Prized Prospects St. Louis Cardinals Baseball,5.49,1.99,-3.50,-63.8%,DOWN,71%,Conf 71%<85% | Chg -63.8%>20%,
batch05,227462339287,FBrelist-080426-0881,GAVIN KILEN 2025 Bowman Draft #BDC-40 Chrome San Francisco Giants Baseball,2.99,1.99,-1.00,-33.4%,DOWN,70%,Conf 70%<85% | Chg -33.4%>20%,
batch05,227462339295,FBrelist-080426-0885,SAMUEL BASALLO 2026 Topps #TOG-10 Titans Of The Game RC Orioles Rookie Baseball,2.49,1.99,-0.50,-20.1%,DOWN,77%,Conf 77%<85% | Chg -20.1%>20%,
batch05,227462339305,FBrelist-080426-0889,LUIS MATOS 2024 Topps #28 All-Star Game San Francisco Giants Baseball,2.99,1.99,-1.00,-33.4%,DOWN,65%,Conf 65%<85% | Chg -33.4%>20%,
batch05,227462339306,FBrelist-080426-0882,LIAM DOYLE 2025 Bowman Draft #BDC-12 Chrome St. Louis Cardinals Baseball,3.49,1.99,-1.50,-43.0%,DOWN,68%,Conf 68%<85% | Chg -43.0%>20%,
batch05,227462339308,FBrelist-080426-0890,BRENDAN DONOVAN 2024 Topps #7 All-Star Game St. Louis Cardinals Baseball,2.99,1.99,-1.00,-33.4%,DOWN,62%,Conf 62%<85% | Chg -33.4%>20%,
batch05,227462339310,FBrelist-080426-0888,J.D. DAVIS 2024 Topps #64 All-Star Game San Francisco Giants Baseball,2.49,1.99,-0.50,-20.1%,DOWN,61%,Conf 61%<85% | Chg -20.1%>20%,
batch05,227462339313,FBrelist-080426-0892,WILMER FLORES 2024 Topps #234 All Star Game Giants Football,2.99,3.89,+0.90,+30.1%,UP,100%,Chg +30.1%>20%,
batch05,227462339314,FBrelist-080426-0893,TYLER O'NEILL 2024 Topps #169 All Star Game Cardinals Football,2.99,3.89,+0.90,+30.1%,UP,100%,Chg +30.1%>20%,
batch05,227462339319,FBrelist-080426-0887,NOLAN ARENADO 2024 Topps #118 All-Star Game St. Louis Cardinals Baseball,2.99,1.99,-1.00,-33.4%,DOWN,63%,Conf 63%<85% | Chg -33.4%>20%,
batch05,227462339320,FBrelist-080426-0894,BERNIE KOSAR 2022 Panini Prizm #74 Green Browns Football,3.99,2.19,-1.80,-45.1%,DOWN,70%,Conf 70%<85% | Chg -45.1%>20%,
batch05,227462339322,FBrelist-080426-0895,SHAQ THOMPSON 2023 Panini Donruss #45 Press Proof Green Panthers Football,3.49,1.99,-1.50,-43.0%,DOWN,87%,Chg -43.0%>20%,
batch05,227462339326,FBrelist-080426-0897,CORDARRELLE PATTERSON 2023 Panini Prizm #12 Pink Falcons Football,3.49,1.99,-1.50,-43.0%,DOWN,76%,Conf 76%<85% | Chg -43.0%>20%,
batch05,227462339330,FBrelist-080426-0899,DORIAN WILLIAMS 2023 Panini Prizm #309 Pink RC Bills Rookie Football,3.49,1.99,-1.50,-43.0%,DOWN,66%,Conf 66%<85% | Chg -43.0%>20%,
batch05,227462339329,FBrelist-080426-0891,CAMILO DOVAL 2024 Topps #213 All-Star Game San Francisco Giants Baseball,2.99,1.99,-1.00,-33.4%,DOWN,64%,Conf 64%<85% | Chg -33.4%>20%,
batch05,227462339331,FBrelist-080426-0898,JEREMY CHINN 2021 Panini Mosaic #38 Prizm Reactive Orange Panthers Football,3.49,1.99,-1.50,-43.0%,DOWN,68%,Conf 68%<85% | Chg -43.0%>20%,
batch05,227462339333,FBrelist-080426-0900,2024 Panini TOTALLY Certified Cooper Kupp #9 Intriguing Players Rams Football,3.49,1.99,-1.50,-43.0%,DOWN,86%,Chg -43.0%>20%,
batch05,227462339334,FBrelist-080426-0902,HARRY DOUGLAS 2014 Topps #13 1000 Yard Club Falcons Football,3.49,1.99,-1.50,-43.0%,DOWN,68%,Conf 68%<85% | Chg -43.0%>20%,
batch05,227462339336,FBrelist-080426-0896,PLAYBOOK NICK BOSA 2020 Panini #96 49ers Football,2.99,1.99,-1.00,-33.4%,DOWN,73%,Conf 73%<85% | Chg -33.4%>20%,
batch05,227462339337,FBrelist-080426-0904,ELITE JALEN TOLBERT 2022 Panini Donruss #158 Pink RC Cowboys Rookie Football,3.49,4.39,+0.90,+25.8%,UP,100%,Chg +25.8%>20%,
batch05,227462339346,FBrelist-080426-0906,FRED TAYLOR 2022 Panini Mosaic #93 Mosaic Camo Pink Jaguars Football,3.49,1.99,-1.50,-43.0%,DOWN,73%,Conf 73%<85% | Chg -43.0%>20%,
batch05,227462339347,FBrelist-080426-0901,ZENITH DAVID MONTGOMERY 2022 Panini #41 Retail Bears Football,3.49,1.99,-1.50,-43.0%,DOWN,74%,Conf 74%<85% | Chg -43.0%>20%,
batch05,227462339348,FBrelist-080426-0903,ED MCCAFFREY 2024 Panini Prizm #90 Silver Broncos Football,3.49,1.99,-1.50,-43.0%,DOWN,60%,Conf 60%<85% | Chg -43.0%>20%,
batch05,227462339349,FBrelist-080426-0908,FLETCHER COX 2021 Panini Contenders #81 Season Ticket Eagles Football,3.49,1.99,-1.50,-43.0%,DOWN,72%,Conf 72%<85% | Chg -43.0%>20%,
batch05,227462339355,FBrelist-080426-0910,JOE GREENE 2023 Panini Mosaic #210 Mosaic Steelers Football,3.49,1.99,-1.50,-43.0%,DOWN,64%,Conf 64%<85% | Chg -43.0%>20%,
batch05,227462339356,FBrelist-080426-0907,DESMOND RIDDER 2022 Panini Chronicles #PA-4 RC Falcons Rookie Football,3.49,1.99,-1.50,-43.0%,DOWN,74%,Conf 74%<85% | Chg -43.0%>20%,
batch05,227462339360,FBrelist-080426-0909,KIMANI VIDAL 2024 Panini Select #15 Concourse Silver Prizm Die-Cut RC Chargers,3.49,1.99,-1.50,-43.0%,DOWN,77%,Conf 77%<85% | Chg -43.0%>20%,
batch05,227462339361,FBrelist-080426-0914,RASHEE RICE 2024 Panini Donruss Optic #97 Chiefs Football,3.49,1.99,-1.50,-43.0%,DOWN,67%,Conf 67%<85% | Chg -43.0%>20%,
batch05,227462339365,FBrelist-080426-0916,FLETCHER COX 2023 Panini Mosaic #197 Camo Pink Mosaic Eagles Football,3.49,1.99,-1.50,-43.0%,DOWN,62%,Conf 62%<85% | Chg -43.0%>20%,
batch05,227462339374,FBrelist-080426-0917,TONY POLLARD 2023 Panini Prizm #H-11 Hype Cowboys Football,3.49,1.99,-1.50,-43.0%,DOWN,73%,Conf 73%<85% | Chg -43.0%>20%,
batch05,227462339376,FBrelist-080426-0912,ASANTE SAMUEL JR. 2021 Panini Chronicles #GK-38 Gridiron Kings RC Chargers,3.49,1.99,-1.50,-43.0%,DOWN,86%,Chg -43.0%>20%,
batch05,227462339381,FBrelist-080426-0919,BOBBY OKEREKE 2023 Panini Prizm #124 Green Wave Giants Football,3.49,1.99,-1.50,-43.0%,DOWN,61%,Conf 61%<85% | Chg -43.0%>20%,
batch05,227462339383,FBrelist-080426-0918,PACIFIC AURORA DARNAY SCOTT 1999 #34 Bengals Football,3.49,1.99,-1.50,-43.0%,DOWN,61%,Conf 61%<85% | Chg -43.0%>20%,
batch05,227462339389,FBrelist-080426-0920,AJ BARNER 2024 Panini Select #103 Premier Silver Prizm RC Seahawks Rookie,3.49,1.99,-1.50,-43.0%,DOWN,72%,Conf 72%<85% | Chg -43.0%>20%,
batch05,227462339390,FBrelist-080426-0922,ELITE SAMMY WATKINS 2019 Panini Donruss #15 Green Chiefs Football,3.99,2.49,-1.50,-37.6%,DOWN,72%,Conf 72%<85% | Chg -37.6%>20%,
batch05,227462339398,FBrelist-080426-0924,QUINN MATHEWS 2025 Bowman Sapphire Edition #BCP-25 St. Louis Cardinals Baseball,5.99,6.19,+0.20,+3.3%,UP,83%,Conf 83%<85%,
batch05,227462339401,FBrelist-080426-0926,TINK HENCE 2025 Bowman Sapphire Edition #BCP-101 St. Louis Cardinals Baseball,2.99,2.19,-0.80,-26.8%,DOWN,69%,Conf 69%<85% | Chg -26.8%>20%,
batch05,227462339402,FBrelist-080426-0921,KHALIL MACK 2021 Panini Contenders #16 Season Ticket Bears Football,3.49,1.99,-1.50,-43.0%,DOWN,73%,Conf 73%<85% | Chg -43.0%>20%,
batch05,227462339416,FBrelist-080426-0931,JJ WETHERHOLT 2025 Bowman Draft #A-12 Axis Chrome Cardinals Football,3.99,4.79,+0.80,+20.1%,UP,100%,Chg +20.1%>20%,
batch05,227462339417,FBrelist-080426-0932,JOSUAR GONZALEZ 2025 Bowman'S Best #TP-13 Top Prospects Ref Giants Baseball,2.99,3.89,+0.90,+30.1%,UP,100%,Chg +30.1%>20%,
batch05,227462339419,FBrelist-080426-0928,JJ WETHERHOLT 2025 Bowman #GL-17 Greatness Loading Chrome Cardinals Football,3.99,4.79,+0.80,+20.1%,UP,100%,Chg +20.1%>20%,
batch05,227462339420,FBrelist-080426-0925,CHEN-WEI LIN 2025 Bowman Sapphire Edition #BCP-141 St. Louis Cardinals Baseball,5.49,4.69,-0.80,-14.6%,DOWN,70%,Conf 70%<85%,
batch05,227462339421,FBrelist-080426-0929,MASYN WINN 2025 Bowman'S Best #44 Wave Refractor Cardinals Baseball,2.99,1.99,-1.00,-33.4%,DOWN,76%,Conf 76%<85% | Chg -33.4%>20%,
batch05,227462339422,FBrelist-080426-0934,JUNG HOO LEE 2025 Bowman'S Best #7 Refractor Giants Baseball,2.99,1.99,-1.00,-33.4%,DOWN,83%,Conf 83%<85% | Chg -33.4%>20%,
batch05,227462339423,FBrelist-080426-0935,RAFAEL DEVERS 2025 Bowman'S Best #21 Refractor Giants Baseball,3.99,1.99,-2.00,-50.1%,DOWN,83%,Conf 83%<85% | Chg -50.1%>20%,
batch05,227462339428,FBrelist-080426-0936,KYLE TUCKER 2025 Bowman'S Best #2 Refractor Cubs Baseball,2.49,1.99,-0.50,-20.1%,DOWN,77%,Conf 77%<85% | Chg -20.1%>20%,
batch05,227462339430,FBrelist-080426-0930,JJ WETHERHOLT 2025 Bowman'S Best #TP-14 Top Prospects Cardinals Baseball,5.49,3.69,-1.80,-32.8%,DOWN,78%,Conf 78%<85% | Chg -32.8%>20%,
batch05,227462339431,FBrelist-080426-0937,BRYCE ELDRIDGE 2025 Bowman Chrome #MM-15 Melt Mashers Giants Baseball,4.99,2.29,-2.70,-54.1%,DOWN,75%,Conf 75%<85% | Chg -54.1%>20%,
batch05,227462339434,FBrelist-080426-0933,BRYCE ELDRIDGE 2025 Bowman'S Best #TP-15 Top Prospects Refractor Giants Baseball,2.99,2.19,-0.80,-26.8%,DOWN,76%,Conf 76%<85% | Chg -26.8%>20%,
batch05,227462339435,FBrelist-080426-0938,LIAM DOYLE 2025 Bowman'S Best #P-3 Pixel Portraits Cardinals Baseball,4.99,2.29,-2.70,-54.1%,DOWN,87%,Chg -54.1%>20%,
batch05,227462339445,FBrelist-080426-0941,PAUL SKENES 2026 Topps #TOG-14 Titans Of The Game Baseball,3.49,1.99,-1.50,-43.0%,DOWN,64%,Conf 64%<85% | Chg -43.0%>20%,
batch05,227462339448,FBrelist-080426-0942,JAKOB CHRISTIAN 2025 Bowman Chrome #BCP-157 1st Prospect Giants Baseball,2.49,1.99,-0.50,-20.1%,DOWN,64%,Conf 64%<85% | Chg -20.1%>20%,
batch05,227462339467,FBrelist-080426-0948,JEFFERY SIMMONS 2025 Topps Chrome #289 Titans Football,2.49,1.99,-0.50,-20.1%,DOWN,61%,Conf 61%<85% | Chg -20.1%>20%,
batch05,227462339469,FBrelist-080426-0949,TEZ JOHNSON 2025 Topps Chrome #342 Rookie RC Buccaneers Football,2.49,1.99,-0.50,-20.1%,DOWN,81%,Conf 81%<85% | Chg -20.1%>20%,
batch05,227462339470,FBrelist-080426-0943,ROBERT HIPWELL 2025 Bowman Chrome #BCP-238 1st Prospect Giants Baseball,2.49,1.99,-0.50,-20.1%,DOWN,85%,Chg -20.1%>20%,
batch05,227462339471,FBrelist-080426-0950,JEREMY CHINN 2025 Topps Chrome #184 Prism Refractor Raiders Football,2.99,1.99,-1.00,-33.4%,DOWN,86%,Chg -33.4%>20%,
batch05,227462339472,FBrelist-080426-0944,JJ WETHERHOLT 2025 Bowman'S Best #BS-11 Showpieces Cardinals Baseball,14.99,6.19,-8.80,-58.7%,DOWN,87%,Chg -58.7%>20%,
batch05,227462339479,FBrelist-080426-0946,MASYN WINN 2025 Bowman'S Best #44 Refractor Cardinals Baseball,2.99,1.99,-1.00,-33.4%,DOWN,84%,Conf 84%<85% | Chg -33.4%>20%,
batch05,227462339481,FBrelist-080426-0947,KYLE TUCKER 2026 Topps Heritage #187 Chrome Cubs Baseball,3.49,1.99,-1.50,-43.0%,DOWN,84%,Conf 84%<85% | Chg -43.0%>20%,
batch05,227462339482,FBrelist-080426-0953,JONATHAN TAYLOR 2025 Topps Chrome #130 Colts Football,2.49,1.99,-0.50,-20.1%,DOWN,62%,Conf 62%<85% | Chg -20.1%>20%,
batch05,227462339484,FBrelist-080426-0954,BAKER MAYFIELD 2025 Topps Chrome #281 Buccaneers Football,2.49,1.99,-0.50,-20.1%,DOWN,67%,Conf 67%<85% | Chg -20.1%>20%,
batch05,227462339489,FBrelist-080426-0957,TOM BRADY 2025 Topps Chrome #F15-35 Fortune 15 Buccaneers Football,3.99,2.19,-1.80,-45.1%,DOWN,77%,Conf 77%<85% | Chg -45.1%>20%,
batch05,227462339493,FBrelist-080426-0959,MAXX CROSBY 2025 Topps Chrome #180 Raiders Football,2.49,1.99,-0.50,-20.1%,DOWN,69%,Conf 69%<85% | Chg -20.1%>20%,
batch05,227462339494,FBrelist-080426-0958,KOLTON MILLER 2025 Topps Chrome #183 Raiders Football,2.49,1.99,-0.50,-20.1%,DOWN,64%,Conf 64%<85% | Chg -20.1%>20%,
batch05,227462339495,FBrelist-080426-0960,JEREMY CHINN 2025 Topps Chrome #184 Pulsar Refractor Raiders Football,2.99,1.99,-1.00,-33.4%,DOWN,87%,Chg -33.4%>20%,
batch05,227462339497,FBrelist-080426-0961,JAYDEN DANIELS 2025 Topps Chrome #295 Commanders Football,3.99,1.99,-2.00,-50.1%,DOWN,75%,Conf 75%<85% | Chg -50.1%>20%,
batch05,227462339501,FBrelist-080426-0956,BO JACKSON 2025 Topps Chrome #LOG-17 Legends of the Gridiron Raiders Football,2.49,1.99,-0.50,-20.1%,DOWN,78%,Conf 78%<85% | Chg -20.1%>20%,
batch05,227462339502,FBrelist-080426-0962,RHAMONDRE STEVENSON 2025 Topps Chrome #210 Prism Refractor Patriots Football,3.49,4.39,+0.90,+25.8%,UP,100%,Chg +25.8%>20%,
batch05,227462339511,FBrelist-080426-0966,JAYLEN REED 2025 Topps Chrome #374 Rookie RC Texans Football,2.99,1.99,-1.00,-33.4%,DOWN,65%,Conf 65%<85% | Chg -33.4%>20%,
batch05,227462339513,FBrelist-080426-0968,TREVEYON HENDERSON 2025 Topps Chrome #F15-26 Fortune 15 RC Patriots Rookie,5.99,1.99,-4.00,-66.8%,DOWN,77%,Conf 77%<85% | Chg -66.8%>20%,
batch05,227462339518,FBrelist-080426-0969,LANE JOHNSON 2025 Topps Chrome #246 Refractor Eagles Football,2.99,1.99,-1.00,-33.4%,DOWN,86%,Chg -33.4%>20%,
batch05,227462339524,FBrelist-080426-0965,ROB GRONKOWSKI 2025 Topps Chrome #LOG-29 Legends of the Gridiron Patriots,2.49,1.99,-0.50,-20.1%,DOWN,80%,Conf 80%<85% | Chg -20.1%>20%,
batch05,227462339526,FBrelist-080426-0971,SHEMAR STEWART 2025 Topps Chrome #363 Rookie RC Bengals Football,2.99,1.99,-1.00,-33.4%,DOWN,68%,Conf 68%<85% | Chg -33.4%>20%,
batch05,227462339527,FBrelist-080426-0972,CAM SKATTEBO 2025 Topps Chrome #331 Rookie Refractor RC Giants Football,10.99,2.19,-8.80,-80.1%,DOWN,73%,Conf 73%<85% | Chg -80.1%>20%,
batch05,227462339530,FBrelist-080426-0970,JAYDEN DANIELS 2025 Topps Chrome #1975-34 1975 Refractor Commanders Football,4.99,1.99,-3.00,-60.1%,DOWN,81%,Conf 81%<85% | Chg -60.1%>20%,
batch05,227462339531,FBrelist-080426-0974,TOUNDE YESSOUFOU 2025-26 Bowman #BCP-11 Chrome 1st Prospect Bears Football,2.99,3.89,+0.90,+30.1%,UP,100%,Chg +30.1%>20%,
batch05,227462339534,FBrelist-080426-0975,JAMES TIBBS III 2024 Bowman Draft #PP-6 Plasma Power Giants Baseball,3.49,1.99,-1.50,-43.0%,DOWN,86%,Chg -43.0%>20%,
batch05,227462339538,FBrelist-080426-0978,ARCHIVES SNAPSHOTS KYLE TUCKER 2019 Topps #AS-KT RC Astros Rookie Baseball,4.99,3.89,-1.10,-22.0%,DOWN,76%,Conf 76%<85% | Chg -22.0%>20%,
batch05,227462339540,FBrelist-080426-0973,HOLIDAY KYLE TUCKER 2025 Topps #HC26 Chrome Purple Ref 60/299 Cubs Baseball,3.99,4.79,+0.80,+20.1%,UP,100%,Chg +20.1%>20%,
batch05,227462339543,FBrelist-080426-0979,ALBERT PUJOLS 2015 Topps Update #RS-21 Rookie Sensations Cardinals RC Football,3.49,4.39,+0.90,+25.8%,UP,100%,Chg +25.8%>20%,
batch05,227462339549,FBrelist-080426-0981,ALLURE SERGEI BOBROVSKY 2024-25 Upper Deck #PI-7 Protectors of the Ice Panthers,3.49,3.09,-0.40,-11.5%,DOWN,79%,Conf 79%<85%,
batch05,227462339551,FBrelist-080426-0980,KYLE TUCKER 2019 Bowman #94 RC Astros Rookie Baseball,3.49,1.99,-1.50,-43.0%,DOWN,67%,Conf 67%<85% | Chg -43.0%>20%,
batch05,227462339555,FBrelist-080426-0982,TREY AMOS 2025 Panini Prizm #400 Orange 169/249 RC Commanders Rookie Football,3.99,4.79,+0.80,+20.1%,UP,100%,Chg +20.1%>20%,
batch05,227462339556,FBrelist-080426-0976,JOSUAR GONZALEZ 2025 Bowman Draft #BDC-182 Chrome Mojo Refractor Giants Baseball,2.99,1.99,-1.00,-33.4%,DOWN,79%,Conf 79%<85% | Chg -33.4%>20%,
batch05,227462339559,FBrelist-080426-0983,DILLON GABRIEL 2025 Topps Chrome #317 Rookie RayWave Ref RC Browns Football,3.49,4.39,+0.90,+25.8%,UP,100%,Chg +25.8%>20%,
batch05,227462339560,FBrelist-080426-0984,CAM WARD 2025 Topps Chrome #314 Rookie RC Titans Football,3.99,2.29,-1.70,-42.6%,DOWN,71%,Conf 71%<85% | Chg -42.6%>20%,
batch05,227462339566,FBrelist-080426-0985,TYRONE TRACY JR. 2025 Topps Chrome #228 Refractor Giants Football,2.99,1.99,-1.00,-33.4%,DOWN,64%,Conf 64%<85% | Chg -33.4%>20%,
batch05,227462339568,FBrelist-080426-0987,GUNNAR HELM 2025 Topps Chrome #305 Rookie Football Leather Refractor RC Titans,3.49,1.99,-1.50,-43.0%,DOWN,83%,Conf 83%<85% | Chg -43.0%>20%,
batch05,227462339582,FBrelist-080426-0986,EMEKA EGBUKA 2025 Topps Chrome #312 Rookie RC Buccaneers Football,3.99,1.99,-2.00,-50.1%,DOWN,78%,Conf 78%<85% | Chg -50.1%>20%,
batch05,227462339583,FBrelist-080426-0993,TUTU ATWELL 2025 Topps Chrome #167 Pink Refractor 164/250 Rams Football,2.99,3.89,+0.90,+30.1%,UP,100%,Chg +30.1%>20%,
batch05,227462339590,FBrelist-080426-0988,JACORY CROSKEY-MERRITT 2025 Topps Chrome #F15-29 Fortune 15 RC Commanders Rookie,5.99,1.99,-4.00,-66.8%,DOWN,90%,Chg -66.8%>20%,
batch05,227462339591,FBrelist-080426-0989,TEZ JOHNSON 2025 Topps Chrome #342 Rookie Refractor RC Buccaneers Football,3.49,1.99,-1.50,-43.0%,DOWN,80%,Conf 80%<85% | Chg -43.0%>20%,
batch05,227462339596,FBrelist-080426-0996,QUINCY RILEY 2025 Topps Chrome #369 Rookie Refractor RC Saints Football,2.49,1.99,-0.50,-20.1%,DOWN,69%,Conf 69%<85% | Chg -20.1%>20%,
batch05,227462339599,FBrelist-080426-0991,DARIEN PORTER 2025 Topps Chrome #367 Rookie Refractor RC Raiders Football,2.99,1.99,-1.00,-33.4%,DOWN,76%,Conf 76%<85% | Chg -33.4%>20%,
batch05,227462339602,FBrelist-080426-0995,LAMAR JACKSON 2025 Topps Chrome #24 RayWave Refractor Ravens Football,5.99,2.19,-3.80,-63.4%,DOWN,87%,Chg -63.4%>20%,
batch05,227462339603,FBrelist-080426-0997,BRYCE YOUNG 2025 Topps Chrome #40 Refractor Panthers Football,2.49,1.99,-0.50,-20.1%,DOWN,68%,Conf 68%<85% | Chg -20.1%>20%,
batch05,227462339604,FBrelist-080426-0992,BRYCE YOUNG 2025 Topps Chrome #FS-17 Future Stars Refractor SP Panthers Football,2.99,3.89,+0.90,+30.1%,UP,100%,Chg +30.1%>20%,
batch05,227462339605,FBrelist-080426-0990,DONOVAN EDWARDS 2025 Topps Chrome #392 Rookie Football Leather Refractor RC Jets,4.99,1.99,-3.00,-60.1%,DOWN,83%,Conf 83%<85% | Chg -60.1%>20%,
batch05,227462339608,FBrelist-080426-0998,CAM WARD 2025 Topps Chrome #314 Rookie Refractor RC Titans Football,25.00,3.29,-21.71,-86.8%,DOWN,73%,Conf 73%<85% | Chg -86.8%>20%,
batch05,227462339610,FBrelist-080426-0999,MAASON SMITH 2025 Topps Chrome #140 Refractor Jaguars Football,2.99,1.99,-1.00,-33.4%,DOWN,77%,Conf 77%<85% | Chg -33.4%>20%,
batch05,227462339613,FBrelist-080426-1000,KALEB JOHNSON 2025 Topps Chrome #323 Rookie RC Steelers Football,2.99,1.99,-1.00,-33.4%,DOWN,79%,Conf 79%<85% | Chg -33.4%>20%,
batch05,227462339611,FBrelist-080426-0994,TREY AMOS 2025 Topps Chrome #371 Rookie Refractor RC Commanders Football,3.99,1.99,-2.00,-50.1%,DOWN,65%,Conf 65%<85% | Chg -50.1%>20%,
batch05,227462339618,FBrelist-080426-1003,JOSH SIMMONS 2025 Topps Chrome #304 Rookie RC Chiefs Football,2.49,1.99,-0.50,-20.1%,DOWN,87%,Chg -20.1%>20%,
batch05,227462339619,FBrelist-080426-1004,GAVIN KILEN 2025 Bowman Draft #PP-14 Chrome Prized Prospects Giants Baseball,2.49,1.99,-0.50,-20.1%,DOWN,72%,Conf 72%<85% | Chg -20.1%>20%,
batch05,227462339626,FBrelist-080426-1006,RAINIEL RODRIGUEZ 2025 Bowman Draft #BDC-72 Chrome Refractor Cardinals Football,3.99,4.79,+0.80,+20.1%,UP,100%,Chg +20.1%>20%,
batch05,227462339632,FBrelist-080426-1001,SAQUON BARKLEY 2025 Topps Chrome #F15-3 Fortune 15 Refractor Eagles Football,2.49,1.99,-0.50,-20.1%,DOWN,79%,Conf 79%<85% | Chg -20.1%>20%,
batch05,227462339635,FBrelist-080426-1008,JHONNY LEVEL 2025 Bowman Draft #BDC-55 Chrome Refractor Giants Baseball,2.00,1.99,-0.01,-0.5%,DOWN,65%,Conf 65%<85%,
batch05,227462339638,FBrelist-080426-1009,BRYCE ELDRIDGE 2025 Bowman Chrome #BCP-180 Prospects Shimmer Ref Giants Baseball,3.99,4.79,+0.80,+20.1%,UP,100%,Chg +20.1%>20%,
batch05,227462339641,FBrelist-080426-1010,DAKOTA JORDAN 2025 Bowman Draft #BDC-139 Chrome Refractor Giants Baseball,2.49,1.99,-0.50,-20.1%,DOWN,65%,Conf 65%<85% | Chg -20.1%>20%,
batch05,227462339649,FBrelist-080426-1007,HAYDEN BIRDSONG 2025 Bowman Chrome #63 Red RC Variation Giants Rookie Baseball,4.49,1.99,-2.50,-55.7%,DOWN,69%,Conf 69%<85% | Chg -55.7%>20%,
batch05,227462345838,FBrelist-080426-0051,AMARI COOPER 2024 Panini Prizm #66 Browns Football,3.49,1.99,-1.50,-43.0%,DOWN,64%,Conf 64%<85% | Chg -43.0%>20%,
batch05,227462345839,FBrelist-080426-0518,RAYMOND BERRY 1989 Pro Set #260a New England Patriots - VINTAGE Football,3.49,4.39,+0.90,+25.8%,UP,100%,Chg +25.8%>20%,
batch05,227462345840,FBrelist-080426-0317,LUKE MCCAFFREY 2024 Panini Absolute #176 Blue Washington Commanders Football,3.49,1.99,-1.50,-43.0%,DOWN,70%,Conf 70%<85% | Chg -43.0%>20%,
batch05,227462345841,FBrelist-080426-0519,GEORGE SEIFERT 1989 Pro Set #389 San Francisco 49ers - VINTAGE Football,2.99,3.89,+0.90,+30.1%,UP,100%,Chg +30.1%>20%,
batch05,227462345842,FBrelist-080426-0493,VESTEE JACKSON 1989 Pro Set #49 Chicago Bears - VINTAGE Football,2.99,3.89,+0.90,+30.1%,UP,100%,Chg +30.1%>20%,
batch05,227462345843,FBrelist-080426-0486,STEVE DEBERG 1989 Pro Set #172 Kansas City Chiefs - VINTAGE Football,2.99,3.89,+0.90,+30.1%,UP,100%,Chg +30.1%>20%,
batch05,227462345844,FBrelist-080426-0543,JAVON BAKER 2024 Donruss Optic #245 New England Patriots Football,3.49,1.99,-1.50,-43.0%,DOWN,64%,Conf 64%<85% | Chg -43.0%>20%,
batch05,227462345845,FBrelist-080426-0207,TERRY MCLAURIN 2024 Donruss Optic #196 Stars Washington Commanders Football,5.99,2.29,-3.70,-61.8%,DOWN,70%,Conf 70%<85% | Chg -61.8%>20%,
batch05,227462345846,FBrelist-080426-0264,LAIATU LATU 2024 Panini Contenders #25 Rookie Stallions Indianapolis Colts RC,3.99,1.99,-2.00,-50.1%,DOWN,73%,Conf 73%<85% | Chg -50.1%>20%,
batch05,227462345847,FBrelist-080426-0252,CHRISTIAN MCCAFFREY 2023 Panini Contenders #87 MOJO 49ers Football,6.49,2.79,-3.70,-57.0%,DOWN,76%,Conf 76%<85% | Chg -57.0%>20%,
batch05,227462345848,FBrelist-080426-0568,XAVIER WORTHY 2024 Topps Chrome #CAE-XW Chrome All-Etch Ref Chiefs Football,3.49,4.39,+0.90,+25.8%,UP,100%,Chg +25.8%>20%,
batch05,227462345849,FBrelist-080426-0321,RESURGENCE MARSHAWN LLOYD 2024 Topps #132 Green Bay Packers Football,3.49,1.99,-1.50,-43.0%,DOWN,65%,Conf 65%<85% | Chg -43.0%>20%,
batch05,227462345850,FBrelist-080426-0798,ROMAN WILSON 2024 Donruss Optic #285 Blue Hyper Pittsburgh Steelers Football,2.99,1.99,-1.00,-33.4%,DOWN,66%,Conf 66%<85% | Chg -33.4%>20%,
batch05,227462345851,FBrelist-080426-1011,GAVIN KILEN 2025 Bowman Draft #BDC-40 Chrome Ref 1st Prospect Giants Baseball,3.49,4.39,+0.90,+25.8%,UP,100%,Chg +25.8%>20%,
batch05,227462345852,FBrelist-080426-0940,DJEAN MACARES 2025 Bowman Chrome #BCP-237 1st Prospect Giants Baseball,2.99,1.99,-1.00,-33.4%,DOWN,65%,Conf 65%<85% | Chg -33.4%>20%,
batch05,227462345854,FBrelist-080426-0332,BRADEN FISKE 2024 Panini Prizm #310 Los Angeles Rams Football,3.49,1.99,-1.50,-43.0%,DOWN,60%,Conf 60%<85% | Chg -43.0%>20%,
batch05,227462345855,FBrelist-080426-0801,2024 Panini ROOKIES & Stars Spencer Rattler #A-SRR Airborne Silver Saints RC,3.49,2.69,-0.80,-22.9%,DOWN,88%,Chg -22.9%>20%,
batch05,227462345857,FBrelist-080426-0576,TREVOR LAWRENCE 2024 Panini Mosaic #M-7 Montage Mosaic Jacksonville Jaguars,3.49,1.99,-1.50,-43.0%,DOWN,74%,Conf 74%<85% | Chg -43.0%>20%,
batch05,227462345858,FBrelist-080426-0291,JA'LYNN POLK 2024 Donruss #373 New England Patriots Football,3.49,1.99,-1.50,-43.0%,DOWN,67%,Conf 67%<85% | Chg -43.0%>20%,
batch05,227462345859,FBrelist-080426-0472,TUCKER TOMAN 2023 Bowman Inception #12 Toronto Blue Jays Baseball,3.99,2.29,-1.70,-42.6%,DOWN,76%,Conf 76%<85% | Chg -42.6%>20%,
batch05,227462345861,FBrelist-080426-0276,GARDNER MINSHEW II 2024 Panini Contenders #53 Season Ticket Raiders Football,3.99,1.99,-2.00,-50.1%,DOWN,85%,Chg -50.1%>20%,
batch05,227462345862,FBrelist-080426-0804,JUSTIN HERBERT 2024 Panini Select #131 Black & Red Prizm Shock Chargers Football,3.49,1.99,-1.50,-43.0%,DOWN,84%,Conf 84%<85% | Chg -43.0%>20%,
batch05,227462345863,FBrelist-080426-0951,BROCK BOWERS 2025 Topps Chrome #ACT-10 All Team Refractor Raiders Football,5.99,1.99,-4.00,-66.8%,DOWN,84%,Conf 84%<85% | Chg -66.8%>20%,
batch05,227462345864,FBrelist-080426-0459,JAKE HAENER 2023 Panini Select #186 Red and Yellow Prizms Die Cuts Saints,3.99,1.99,-2.00,-50.1%,DOWN,65%,Conf 65%<85% | Chg -50.1%>20%,
batch05,227462345865,FBrelist-080426-0487,DERMONTTI DAWSON 1989 Pro Set #344 Pittsburgh Steelers - VINTAGE Football,4.49,2.89,-1.60,-35.6%,DOWN,70%,Conf 70%<85% | Chg -35.6%>20%,
batch05,227462345866,FBrelist-080426-0856,JUNG HOO LEE 2025 Bowman #90 Yellow San Francisco Giants #/75 Baseball,21.49,9.49,-12.00,-55.8%,DOWN,77%,Conf 77%<85% | Chg -55.8%>20%,
batch05,227462345867,FBrelist-080426-0581,BO JACKSON 1990 Score #591 Los Angeles Raiders Football,2.99,1.99,-1.00,-33.4%,DOWN,74%,Conf 74%<85% | Chg -33.4%>20%,
batch05,227462345868,FBrelist-080426-0545,MIKE EVANS 2023 Panini Select #TUR-MEV Turbocharged Tampa Bay Buccaneers,3.99,1.99,-2.00,-50.1%,DOWN,67%,Conf 67%<85% | Chg -50.1%>20%,
batch05,227462345869,FBrelist-080426-0600,XAVIER WORTHY 2024 Panini Mosaic #328 Silver Kansas City Chiefs Football,4.49,1.99,-2.50,-55.7%,DOWN,65%,Conf 65%<85% | Chg -55.7%>20%,
batch05,227462345870,FBrelist-080426-0532,JIMMY JOHNSON 1989 Pro Set #98 Dallas Cowboys - VINTAGE Football,3.99,2.69,-1.30,-32.6%,DOWN,65%,Conf 65%<85% | Chg -32.6%>20%,
batch05,227462345871,FBrelist-080426-0574,MICHAEL PITTMAN JR. 2024 Panini Select #83 Black & Red Prizm Shock Colts,3.49,1.99,-1.50,-43.0%,DOWN,82%,Conf 82%<85% | Chg -43.0%>20%,
batch05,227462345873,FBrelist-080426-0585,GEORGE KITTLE 2021 Panini Select #HT-17 Hidden Talents San Francisco 49ers,3.49,1.99,-1.50,-43.0%,DOWN,63%,Conf 63%<85% | Chg -43.0%>20%,
batch05,227462345876,FBrelist-080426-0967,COOPER DEJEAN 2025 Topps Chrome #252 Pulsar Refractor Eagles Football,4.49,1.99,-2.50,-55.7%,DOWN,75%,Conf 75%<85% | Chg -55.7%>20%,
batch05,227462345877,FBrelist-080426-0038,RICKY PEARSALL 2024 Panini Donruss Rated Rookie #318 RC 49ERS Football,3.99,1.99,-2.00,-50.1%,DOWN,67%,Conf 67%<85% | Chg -50.1%>20%,
batch05,227462345878,FBrelist-080426-0952,CHRIS GODWIN 2025 Topps Chrome #283 Buccaneers Football,2.49,1.99,-0.50,-20.1%,DOWN,64%,Conf 64%<85% | Chg -20.1%>20%,
batch05,227462345879,FBrelist-080426-0886,MIKE YASTRZEMSKI 2024 Topps #124 All-Star Game San Francisco Giants Baseball,3.49,1.99,-1.50,-43.0%,DOWN,65%,Conf 65%<85% | Chg -43.0%>20%,
batch05,227462345880,FBrelist-080426-0955,TYLER WARREN 2025 Topps Chrome #PP-35 Power Players RC Colts Rookie Football,2.99,1.99,-1.00,-33.4%,DOWN,78%,Conf 78%<85% | Chg -33.4%>20%,
batch05,227462345881,FBrelist-080426-0569,DK METCALF 2023 Panini Select #170 Black and Red Prizms Die Cuts Seahawks,3.49,1.99,-1.50,-43.0%,DOWN,77%,Conf 77%<85% | Chg -43.0%>20%,
batch05,227462345882,FBrelist-080426-0832,METRO BOOMIN 2024 Topps Update #FP-9 First Pitch St. Louis Cardinals Baseball,3.49,1.99,-1.50,-43.0%,DOWN,71%,Conf 71%<85% | Chg -43.0%>20%,
batch05,227462345883,FBrelist-080426-0799,J.J. MCCARTHY 2024 Donruss #4 The Elite Series Rookies Minnesota Vikings RC,4.49,2.19,-2.30,-51.2%,DOWN,83%,Conf 83%<85% | Chg -51.2%>20%,
batch05,227462345884,FBrelist-080426-0316,RESURGENCE JONATHON BROOKS 2024 Topps #V-14 Voltaic Carolina Panthers Football,3.49,1.99,-1.50,-43.0%,DOWN,72%,Conf 72%<85% | Chg -43.0%>20%,
batch05,227462345885,FBrelist-080426-0324,WILL ANDERSON JR. 2024 Panini Prizm #116 Orange Disco Prizm Houston Texans,2.99,1.99,-1.00,-33.4%,DOWN,65%,Conf 65%<85% | Chg -33.4%>20%,
batch05,227462345886,FBrelist-080426-0626,LAMAR JACKSON 2024 Donruss #1 Retro 2004 Baltimore Ravens Football,3.99,1.99,-2.00,-50.1%,DOWN,79%,Conf 79%<85% | Chg -50.1%>20%,
batch05,227462345887,FBrelist-080426-0520,LOUIS LIPPS 1989 Pro Set #351 Pittsburgh Steelers - VINTAGE Football,2.99,3.89,+0.90,+30.1%,UP,100%,Chg +30.1%>20%,
batch05,227462345888,FBrelist-080426-1002,JAHDAE BARRON 2025 Topps Chrome #359 Rookie RC Broncos Football,2.49,1.99,-0.50,-20.1%,DOWN,85%,Chg -20.1%>20%,
batch05,227462345890,FBrelist-080426-0314,RESURGENCE XAVIER LEGETTE 2024 Topps #V-10 Voltaic Carolina Panthers Football,3.49,1.99,-1.50,-43.0%,DOWN,72%,Conf 72%<85% | Chg -43.0%>20%,
batch05,227462345891,FBrelist-080426-0758,SIGNATURE TERRELL SUGGS/RAY LEWIS 2024 Topps #PP-14 Paramount Pairings Ravens,1.49,2.39,+0.90,+60.4%,UP,100%,Chg +60.4%>20%,
batch05,227462345892,FBrelist-080426-0613,BRETT FAVRE 2022 Panini Select Draft Picks #51 Blue Golden Eagles Football,3.49,1.99,-1.50,-43.0%,DOWN,85%,Chg -43.0%>20%,
batch05,227462345893,FBrelist-080426-0540,KELVIN JOSEPH 2021 Donruss Optic #250 Dallas Cowboys Football,3.49,1.99,-1.50,-43.0%,DOWN,61%,Conf 61%<85% | Chg -43.0%>20%,
batch05,227462345894,FBrelist-080426-0219,BIJAN ROBINSON 2023 Panini Absolute #106 Retail Atlanta Falcons Football,2.99,1.99,-1.00,-33.4%,DOWN,72%,Conf 72%<85% | Chg -33.4%>20%,
batch05,227462348732,FBrelist-080426-0805,2023 Donruss Optic ZAY FLOWERS RR Purple Shock Prizm #210 Ravens BGS 9 Mint,28.29,36.39,+8.10,+28.6%,UP,100%,Chg +28.6%>20%,
